Ticker,Date,Open,High,Low,Close,Volume
APH,2001-01-02,1.05,1.05,1.01,1.04,28924800
APH,2001-01-03,1.01,1.1,0.99,1.07,16809600
APH,2001-01-04,1.07,1.13,1.06,1.11,13910400
APH,2001-01-05,1.12,1.13,1.02,1.02,9136000
APH,2001-01-08,1.05,1.07,1.01,1.06,8924800
APH,2001-01-09,1.06,1.06,1.04,1.05,5004800
APH,2001-01-10,1.04,1.12,1.03,1.11,11808000
APH,2001-01-11,1.11,1.2,1.1,1.19,17011200
APH,2001-01-12,1.21,1.25,1.19,1.23,10857600
APH,2001-01-16,1.23,1.26,1.2,1.26,10380800
APH,2001-01-17,1.28,1.33,1.28,1.29,15004800
APH,2001-01-18,1.31,1.33,1.27,1.32,13497600
APH,2001-01-19,1.38,1.38,1.35,1.35,8057600
APH,2001-01-22,1.35,1.35,1.29,1.31,10048000
APH,2001-01-23,1.31,1.32,1.25,1.27,17436800
APH,2001-01-24,1.26,1.33,1.26,1.3,9459200
APH,2001-01-25,1.3,1.3,1.27,1.28,5321600
APH,2001-01-26,1.24,1.28,1.24,1.27,5299200
APH,2001-01-29,1.27,1.29,1.26,1.28,5955200
APH,2001-01-30,1.28,1.32,1.28,1.32,5571200
APH,2001-01-31,1.32,1.34,1.31,1.31,5456000
APH,2001-02-01,1.33,1.33,1.32,1.33,6124800
APH,2001-02-02,1.32,1.33,1.26,1.26,6998400
APH,2001-02-05,1.22,1.22,1.17,1.2,10396800
APH,2001-02-06,1.2,1.25,1.19,1.24,6659200
APH,2001-02-07,1.22,1.23,1.17,1.19,6793600
APH,2001-02-08,1.17,1.18,1.12,1.14,8384000
APH,2001-02-09,1.14,1.14,1.08,1.1,7929600
APH,2001-02-12,1.08,1.09,1.07,1.09,9894400
APH,2001-02-13,1.1,1.12,1.09,1.1,5328000
APH,2001-02-14,1.11,1.12,1.06,1.08,8192000
APH,2001-02-15,1.1,1.22,1.1,1.17,12496000
APH,2001-02-16,1.1,1.13,1.08,1.11,10435200
APH,2001-02-20,1.12,1.13,1.06,1.06,9625600
APH,2001-02-21,1.03,1.08,1.03,1.05,8704000
APH,2001-02-22,1.04,1.08,1.01,1.05,7417600
APH,2001-02-23,1.04,1.04,0.97,1.03,8905600
APH,2001-02-26,1.05,1.15,1.04,1.12,12259200
APH,2001-02-27,1.1,1.1,0.99,1.01,12000000
APH,2001-02-28,1.0,1.0,0.96,0.97,9526400
APH,2001-03-01,0.97,0.97,0.95,0.96,5830400
APH,2001-03-02,0.93,1.05,0.91,0.99,25088000
APH,2001-03-05,0.99,1.02,0.98,0.99,8752000
APH,2001-03-06,1.0,1.06,1.0,1.05,14720000
APH,2001-03-07,1.05,1.06,1.04,1.06,9510400
APH,2001-03-08,1.05,1.07,1.04,1.06,7478400
APH,2001-03-09,1.05,1.05,0.98,1.0,6355200
APH,2001-03-12,0.96,0.96,0.92,0.93,11312000
APH,2001-03-13,0.94,0.95,0.91,0.93,9619200
APH,2001-03-14,0.91,0.94,0.89,0.91,10684800
APH,2001-03-15,0.93,0.93,0.89,0.9,6604800
APH,2001-03-16,0.91,0.91,0.82,0.82,14883200
APH,2001-03-19,0.82,0.88,0.77,0.86,28816000
APH,2001-03-20,0.86,0.86,0.84,0.86,12601600
APH,2001-03-21,0.87,0.87,0.84,0.85,9609600
APH,2001-03-22,0.84,0.85,0.82,0.84,14003200
APH,2001-03-23,0.85,0.93,0.85,0.92,13779200
APH,2001-03-26,0.92,0.93,0.9,0.9,11558400
APH,2001-03-27,0.9,0.91,0.89,0.91,6089600
APH,2001-03-28,0.9,0.91,0.84,0.84,10707200
APH,2001-03-29,0.83,0.85,0.81,0.82,20054400
APH,2001-03-30,0.81,0.86,0.81,0.85,24700800
APH,2001-04-02,0.85,0.85,0.84,0.84,7878400
APH,2001-04-03,0.83,0.83,0.8,0.8,16000000
APH,2001-04-04,0.8,0.83,0.79,0.81,9628800
APH,2001-04-05,0.84,0.87,0.83,0.87,8268800
APH,2001-04-06,0.86,0.86,0.81,0.83,5683200
APH,2001-04-09,0.85,0.89,0.84,0.87,12633600
APH,2001-04-10,0.89,0.96,0.89,0.95,8236800
APH,2001-04-11,0.97,1.04,0.97,1.0,14886400
APH,2001-04-12,0.98,1.05,0.97,1.04,7849600
APH,2001-04-16,1.03,1.03,0.97,1.0,12025600
APH,2001-04-17,0.99,1.01,0.97,1.0,10518400
APH,2001-04-18,1.07,1.1,1.05,1.09,12710400
APH,2001-04-19,1.08,1.19,1.07,1.19,13270400
APH,2001-04-20,1.19,1.19,1.14,1.14,4726400
APH,2001-04-23,1.1,1.11,1.09,1.1,5395200
APH,2001-04-24,1.1,1.1,1.07,1.07,6268800
APH,2001-04-25,1.05,1.11,1.03,1.1,8137600
APH,2001-04-26,1.11,1.15,1.09,1.14,7043200
APH,2001-04-27,1.17,1.18,1.15,1.16,6505600
APH,2001-04-30,1.16,1.17,1.14,1.14,13833600
APH,2001-05-01,1.14,1.17,1.14,1.17,5132800
APH,2001-05-02,1.19,1.28,1.19,1.23,17353600
APH,2001-05-03,1.22,1.26,1.2,1.24,19996800
APH,2001-05-04,1.22,1.28,1.21,1.27,15776000
APH,2001-05-07,1.26,1.27,1.25,1.26,8499200
APH,2001-05-08,1.27,1.27,1.26,1.27,5017600
APH,2001-05-09,1.26,1.32,1.25,1.29,10787200
APH,2001-05-10,1.3,1.3,1.27,1.28,7417600
APH,2001-05-11,1.27,1.29,1.27,1.28,4198400
APH,2001-05-14,1.26,1.28,1.26,1.28,4710400
APH,2001-05-15,1.28,1.28,1.27,1.27,6035200
APH,2001-05-16,1.26,1.28,1.26,1.28,9836800
APH,2001-05-17,1.28,1.41,1.28,1.4,21398400
APH,2001-05-18,1.42,1.43,1.39,1.43,9056000
APH,2001-05-21,1.44,1.53,1.44,1.53,11308800
APH,2001-05-22,1.54,1.57,1.51,1.53,12627200
APH,2001-05-23,1.51,1.51,1.45,1.47,18179200
APH,2001-05-24,1.47,1.47,1.41,1.44,7875200
APH,2001-05-25,1.45,1.45,1.42,1.43,5187200
APH,2001-05-29,1.42,1.43,1.37,1.37,7488000
APH,2001-05-30,1.34,1.37,1.31,1.32,18534400
APH,2001-05-31,1.33,1.38,1.33,1.37,7360000
APH,2001-06-01,1.4,1.4,1.36,1.37,7548800
APH,2001-06-04,1.34,1.35,1.32,1.33,9094400
APH,2001-06-05,1.33,1.38,1.33,1.38,9804800
APH,2001-06-06,1.37,1.39,1.36,1.39,4246400
APH,2001-06-07,1.38,1.4,1.37,1.39,4307200
APH,2001-06-08,1.33,1.33,1.28,1.3,14432000
APH,2001-06-11,1.29,1.3,1.25,1.26,10134400
APH,2001-06-12,1.24,1.24,1.21,1.22,10633600
APH,2001-06-13,1.22,1.23,1.2,1.21,8803200
APH,2001-06-14,1.2,1.2,1.14,1.15,10489600
APH,2001-06-15,1.13,1.16,1.07,1.09,15305600
APH,2001-06-18,1.09,1.09,1.04,1.05,9056000
APH,2001-06-19,1.05,1.06,0.96,0.99,20633600
APH,2001-06-20,0.97,0.97,0.93,0.96,16739200
APH,2001-06-21,0.97,1.01,0.95,1.01,19900800
APH,2001-06-22,1.01,1.02,0.99,1.01,10412800
APH,2001-06-25,1.01,1.04,1.01,1.02,15510400
APH,2001-06-26,1.01,1.02,0.98,1.01,8688000
APH,2001-06-27,1.01,1.02,1.0,1.01,5616000
APH,2001-06-28,1.02,1.07,1.02,1.06,11808000
APH,2001-06-29,1.06,1.11,1.06,1.09,10396800
APH,2001-07-02,1.09,1.09,1.08,1.08,5251200
APH,2001-07-03,1.08,1.09,1.08,1.09,3152000
APH,2001-07-05,1.08,1.09,1.07,1.08,5737600
APH,2001-07-06,1.06,1.06,1.03,1.04,7440000
APH,2001-07-09,1.04,1.09,1.04,1.07,8579200
APH,2001-07-10,1.09,1.12,1.08,1.09,19286400
APH,2001-07-11,1.08,1.1,1.06,1.09,14288000
APH,2001-07-12,1.1,1.13,1.09,1.1,15766400
APH,2001-07-13,1.11,1.12,1.1,1.1,5558400
APH,2001-07-16,1.11,1.11,1.1,1.11,3958400
APH,2001-07-17,1.11,1.12,1.09,1.12,5337600
APH,2001-07-18,1.11,1.17,1.11,1.12,9443200
APH,2001-07-19,1.13,1.17,1.13,1.16,5894400
APH,2001-07-20,1.14,1.15,1.13,1.14,5091200
APH,2001-07-23,1.14,1.16,1.14,1.15,5155200
APH,2001-07-24,1.16,1.17,1.15,1.15,8553600
APH,2001-07-25,1.15,1.16,1.13,1.14,13270400
APH,2001-07-26,1.14,1.14,1.11,1.12,9123200
APH,2001-07-27,1.12,1.12,1.1,1.11,10566400
APH,2001-07-30,1.11,1.15,1.11,1.13,8995200
APH,2001-07-31,1.13,1.14,1.12,1.12,4656000
APH,2001-08-01,1.12,1.15,1.12,1.14,14169600
APH,2001-08-02,1.18,1.24,1.18,1.23,12384000
APH,2001-08-03,1.23,1.25,1.22,1.23,7955200
APH,2001-08-06,1.23,1.23,1.21,1.22,6236800
APH,2001-08-07,1.21,1.22,1.19,1.2,4579200
APH,2001-08-08,1.19,1.2,1.18,1.19,6553600
APH,2001-08-09,1.19,1.19,1.17,1.19,6588800
APH,2001-08-10,1.19,1.21,1.17,1.2,3366400
APH,2001-08-13,1.2,1.2,1.17,1.18,3308800
APH,2001-08-14,1.17,1.18,1.17,1.17,4732800
APH,2001-08-15,1.17,1.17,1.13,1.14,5484800
APH,2001-08-16,1.09,1.14,1.05,1.13,10662400
APH,2001-08-17,1.11,1.13,1.08,1.11,7004800
APH,2001-08-20,1.11,1.12,1.08,1.12,7059200
APH,2001-08-21,1.12,1.12,1.07,1.07,8048000
APH,2001-08-22,1.07,1.08,1.04,1.07,8236800
APH,2001-08-23,1.08,1.09,1.05,1.05,2755200
APH,2001-08-24,1.07,1.13,1.06,1.13,4944000
APH,2001-08-27,1.12,1.13,1.09,1.12,4182400
APH,2001-08-28,1.12,1.12,1.08,1.1,3264000
APH,2001-08-29,1.1,1.11,1.08,1.1,3222400
APH,2001-08-30,1.09,1.09,1.05,1.06,6844800
APH,2001-08-31,1.06,1.1,1.06,1.1,4147200
APH,2001-09-04,1.1,1.1,1.05,1.05,6268800
APH,2001-09-05,1.03,1.03,0.96,0.96,22105600
APH,2001-09-06,0.95,0.96,0.93,0.96,14323200
APH,2001-09-07,0.96,0.97,0.94,0.97,9043200
APH,2001-09-10,0.98,0.98,0.95,0.96,5763200
APH,2001-09-17,0.95,0.96,0.93,0.93,9302400
APH,2001-09-18,0.94,0.96,0.91,0.91,6080000
APH,2001-09-19,0.91,0.92,0.87,0.92,7651200
APH,2001-09-20,0.92,0.98,0.91,0.93,15376000
APH,2001-09-21,0.92,0.97,0.89,0.95,13955200
APH,2001-09-24,0.98,1.02,0.96,1.0,8707200
APH,2001-09-25,1.01,1.03,0.99,0.99,6105600
APH,2001-09-26,0.99,0.99,0.96,0.96,10854400
APH,2001-09-27,0.96,0.96,0.91,0.93,13280000
APH,2001-09-28,0.94,0.97,0.93,0.94,8041600
APH,2001-10-01,0.94,0.95,0.92,0.93,5862400
APH,2001-10-02,0.92,0.93,0.89,0.9,10761600
APH,2001-10-03,0.88,0.95,0.88,0.95,15907200
APH,2001-10-04,0.96,1.0,0.95,0.98,22172800
APH,2001-10-05,0.98,0.98,0.96,0.98,4998400
APH,2001-10-08,0.98,1.03,0.97,1.03,9328000
APH,2001-10-09,1.03,1.04,1.01,1.02,7680000
APH,2001-10-10,1.02,1.07,1.02,1.06,5651200
APH,2001-10-11,1.09,1.13,1.08,1.1,10640000
APH,2001-10-12,1.09,1.11,1.08,1.11,6387200
APH,2001-10-15,1.09,1.1,1.07,1.09,3840000
APH,2001-10-16,1.09,1.12,1.09,1.12,5673600
APH,2001-10-17,1.14,1.15,1.12,1.13,10985600
APH,2001-10-18,1.12,1.14,1.12,1.12,7718400
APH,2001-10-19,1.12,1.15,1.12,1.14,6870400
APH,2001-10-22,1.14,1.15,1.11,1.14,4995200
APH,2001-10-23,1.15,1.15,1.13,1.14,3516800
APH,2001-10-24,1.14,1.14,1.12,1.14,3875200
APH,2001-10-25,1.13,1.17,1.13,1.15,13539200
APH,2001-10-26,1.16,1.2,1.16,1.2,14121600
APH,2001-10-29,1.22,1.24,1.15,1.17,14144000
APH,2001-10-30,1.15,1.16,1.14,1.16,8924800
APH,2001-10-31,1.17,1.21,1.17,1.21,9267200
APH,2001-11-01,1.21,1.26,1.21,1.26,12652800
APH,2001-11-02,1.26,1.3,1.24,1.28,6803200
APH,2001-11-05,1.29,1.31,1.29,1.29,6544000
APH,2001-11-06,1.29,1.29,1.24,1.27,8598400
APH,2001-11-07,1.27,1.31,1.27,1.3,6662400
APH,2001-11-08,1.31,1.33,1.29,1.3,6105600
APH,2001-11-09,1.3,1.3,1.26,1.28,3856000
APH,2001-11-12,1.3,1.31,1.28,1.3,5747200
APH,2001-11-13,1.33,1.33,1.29,1.31,6524800
APH,2001-11-14,1.33,1.34,1.31,1.32,6060800
APH,2001-11-15,1.32,1.34,1.31,1.32,5942400
APH,2001-11-16,1.31,1.33,1.31,1.31,8291200
APH,2001-11-19,1.32,1.32,1.28,1.29,4764800
APH,2001-11-20,1.29,1.29,1.25,1.26,6809600
APH,2001-11-21,1.25,1.25,1.23,1.25,4240000
APH,2001-11-23,1.24,1.28,1.24,1.27,1846400
APH,2001-11-26,1.27,1.29,1.25,1.28,6521600
APH,2001-11-27,1.28,1.31,1.27,1.28,7718400
APH,2001-11-28,1.28,1.3,1.27,1.27,6854400
APH,2001-11-29,1.27,1.29,1.27,1.29,2790400
APH,2001-11-30,1.29,1.3,1.27,1.28,4732800
APH,2001-12-03,1.28,1.29,1.27,1.27,4188800
APH,2001-12-04,1.29,1.31,1.28,1.31,7760000
APH,2001-12-05,1.31,1.38,1.31,1.38,13523200
APH,2001-12-06,1.38,1.43,1.37,1.4,8172800
APH,2001-12-07,1.4,1.42,1.38,1.39,6985600
APH,2001-12-10,1.38,1.39,1.36,1.36,5068800
APH,2001-12-11,1.36,1.4,1.36,1.38,2579200
APH,2001-12-12,1.39,1.39,1.35,1.38,4243200
APH,2001-12-13,1.37,1.37,1.29,1.31,10028800
APH,2001-12-14,1.31,1.33,1.3,1.33,4259200
APH,2001-12-17,1.33,1.36,1.32,1.35,4236800
APH,2001-12-18,1.35,1.37,1.35,1.36,4672000
APH,2001-12-19,1.35,1.35,1.33,1.34,10326400
APH,2001-12-20,1.33,1.34,1.29,1.3,10083200
APH,2001-12-21,1.3,1.31,1.27,1.3,5132800
APH,2001-12-24,1.29,1.31,1.29,1.29,921600
APH,2001-12-26,1.29,1.31,1.28,1.29,4236800
APH,2001-12-27,1.3,1.3,1.29,1.3,6374400
APH,2001-12-28,1.3,1.32,1.29,1.31,4521600
APH,2001-12-31,1.32,1.32,1.29,1.3,10729600
APH,2002-01-02,1.31,1.31,1.28,1.3,4092800
APH,2002-01-03,1.3,1.36,1.3,1.36,6704000
APH,2002-01-04,1.36,1.37,1.34,1.36,6854400
APH,2002-01-07,1.37,1.4,1.35,1.35,7376000
APH,2002-01-08,1.35,1.37,1.34,1.37,5558400
APH,2002-01-09,1.38,1.4,1.38,1.38,6105600
APH,2002-01-10,1.38,1.38,1.3,1.32,9369600
APH,2002-01-11,1.32,1.34,1.32,1.33,14291200
APH,2002-01-14,1.33,1.33,1.29,1.3,12041600
APH,2002-01-15,1.27,1.27,1.2,1.22,20944000
APH,2002-01-16,1.21,1.24,1.19,1.21,12777600
APH,2002-01-17,1.22,1.23,1.21,1.22,7843200
APH,2002-01-18,1.22,1.23,1.21,1.22,4604800
APH,2002-01-22,1.23,1.25,1.22,1.23,8537600
APH,2002-01-23,1.23,1.25,1.23,1.23,4320000
APH,2002-01-24,1.23,1.26,1.22,1.22,6163200
APH,2002-01-25,1.22,1.24,1.2,1.23,3273600
APH,2002-01-28,1.23,1.25,1.23,1.24,1676800
APH,2002-01-29,1.24,1.24,1.21,1.22,2892800
APH,2002-01-30,1.22,1.22,1.18,1.22,3865600
APH,2002-01-31,1.22,1.25,1.21,1.25,2422400
APH,2002-02-01,1.24,1.25,1.22,1.24,2739200
APH,2002-02-04,1.23,1.23,1.2,1.21,5043200
APH,2002-02-05,1.21,1.21,1.16,1.18,6620800
APH,2002-02-06,1.18,1.19,1.14,1.15,4972800
APH,2002-02-07,1.13,1.16,1.12,1.14,4358400
APH,2002-02-08,1.14,1.16,1.13,1.16,2793600
APH,2002-02-11,1.16,1.19,1.16,1.18,4870400
APH,2002-02-12,1.18,1.18,1.14,1.17,4348800
APH,2002-02-13,1.16,1.17,1.16,1.16,2809600
APH,2002-02-14,1.17,1.18,1.16,1.17,3737600
APH,2002-02-15,1.16,1.16,1.15,1.15,2393600
APH,2002-02-19,1.15,1.15,1.14,1.14,3616000
APH,2002-02-20,1.15,1.15,1.11,1.13,6931200
APH,2002-02-21,1.12,1.13,1.1,1.11,4768000
APH,2002-02-22,1.1,1.12,1.09,1.1,4976000
APH,2002-02-25,1.1,1.12,1.1,1.12,3929600
APH,2002-02-26,1.12,1.16,1.12,1.14,2345600
APH,2002-02-27,1.15,1.16,1.15,1.15,2371200
APH,2002-02-28,1.16,1.16,1.12,1.14,4662400
APH,2002-03-01,1.14,1.19,1.14,1.18,6265600
APH,2002-03-04,1.19,1.25,1.18,1.24,9212800
APH,2002-03-05,1.24,1.28,1.24,1.28,5171200
APH,2002-03-06,1.27,1.3,1.26,1.29,4028800
APH,2002-03-07,1.29,1.3,1.28,1.29,2678400
APH,2002-03-08,1.29,1.31,1.28,1.31,4870400
APH,2002-03-11,1.32,1.32,1.28,1.3,2272000
APH,2002-03-12,1.28,1.31,1.27,1.3,4681600
APH,2002-03-13,1.3,1.3,1.28,1.28,3622400
APH,2002-03-14,1.28,1.28,1.25,1.26,5849600
APH,2002-03-15,1.26,1.27,1.25,1.27,5987200
APH,2002-03-18,1.27,1.3,1.27,1.27,4812800
APH,2002-03-19,1.27,1.29,1.26,1.27,4672000
APH,2002-03-20,1.26,1.28,1.26,1.27,3065600
APH,2002-03-21,1.27,1.28,1.26,1.27,1952000
APH,2002-03-22,1.27,1.27,1.27,1.27,2432000
APH,2002-03-25,1.27,1.27,1.26,1.26,1923200
APH,2002-03-26,1.26,1.26,1.26,1.26,2316800
APH,2002-03-27,1.26,1.27,1.25,1.25,2227200
APH,2002-03-28,1.25,1.29,1.25,1.27,3084800
APH,2002-04-01,1.27,1.27,1.24,1.26,2524800
APH,2002-04-02,1.26,1.26,1.25,1.25,1196800
APH,2002-04-03,1.25,1.25,1.22,1.23,1923200
APH,2002-04-04,1.23,1.24,1.22,1.23,2195200
APH,2002-04-05,1.23,1.23,1.22,1.22,2899200
APH,2002-04-08,1.19,1.24,1.19,1.23,6080000
APH,2002-04-09,1.23,1.23,1.21,1.21,3187200
APH,2002-04-10,1.22,1.23,1.22,1.23,2944000
APH,2002-04-11,1.22,1.22,1.18,1.18,4176000
APH,2002-04-12,1.19,1.2,1.17,1.17,6281600
APH,2002-04-15,1.17,1.17,1.16,1.17,3129600
APH,2002-04-16,1.19,1.22,1.19,1.21,10195200
APH,2002-04-17,1.22,1.28,1.21,1.27,12585600
APH,2002-04-18,1.27,1.29,1.26,1.28,13148800
APH,2002-04-19,1.28,1.3,1.27,1.27,6784000
APH,2002-04-22,1.27,1.27,1.23,1.24,3516800
APH,2002-04-23,1.24,1.25,1.24,1.24,2332800
APH,2002-04-24,1.24,1.25,1.23,1.24,4899200
APH,2002-04-25,1.23,1.23,1.21,1.23,3024000
APH,2002-04-26,1.23,1.23,1.22,1.22,7852800
APH,2002-04-29,1.22,1.23,1.18,1.18,4339200
APH,2002-04-30,1.19,1.2,1.18,1.19,9222400
APH,2002-05-01,1.19,1.2,1.18,1.19,6422400
APH,2002-05-02,1.19,1.21,1.18,1.19,2300800
APH,2002-05-03,1.19,1.19,1.18,1.18,2038400
APH,2002-05-06,1.18,1.19,1.16,1.17,2953600
APH,2002-05-07,1.17,1.17,1.15,1.15,2060800
APH,2002-05-08,1.17,1.23,1.17,1.22,4198400
APH,2002-05-09,1.22,1.24,1.21,1.22,2435200
APH,2002-05-10,1.22,1.22,1.18,1.18,3584000
APH,2002-05-13,1.18,1.24,1.18,1.24,2790400
APH,2002-05-14,1.27,1.3,1.27,1.29,5676800
APH,2002-05-15,1.29,1.33,1.28,1.31,3334400
APH,2002-05-16,1.31,1.33,1.29,1.3,2588800
APH,2002-05-17,1.31,1.33,1.3,1.3,3270400
APH,2002-05-20,1.3,1.3,1.26,1.27,3996800
APH,2002-05-21,1.27,1.28,1.25,1.25,4144000
APH,2002-05-22,1.25,1.26,1.24,1.24,1984000
APH,2002-05-23,1.25,1.25,1.21,1.24,4019200
APH,2002-05-24,1.24,1.24,1.23,1.23,1158400
APH,2002-05-28,1.23,1.24,1.22,1.24,1766400
APH,2002-05-29,1.23,1.24,1.22,1.22,1772800
APH,2002-05-30,1.22,1.23,1.21,1.22,2083200
APH,2002-05-31,1.22,1.23,1.22,1.22,1123200
APH,2002-06-03,1.22,1.22,1.19,1.19,2435200
APH,2002-06-04,1.19,1.19,1.17,1.18,2880000
APH,2002-06-05,1.19,1.21,1.18,1.21,3308800
APH,2002-06-06,1.2,1.2,1.19,1.19,3536000
APH,2002-06-07,1.17,1.22,1.16,1.2,4409600
APH,2002-06-10,1.2,1.21,1.19,1.2,2105600
APH,2002-06-11,1.2,1.2,1.14,1.16,8012800
APH,2002-06-12,1.16,1.16,1.12,1.14,6480000
APH,2002-06-13,1.14,1.16,1.11,1.12,2956800
APH,2002-06-14,1.1,1.1,1.08,1.09,4326400
APH,2002-06-17,1.1,1.16,1.1,1.14,8416000
APH,2002-06-18,1.14,1.17,1.14,1.15,6697600
APH,2002-06-19,1.14,1.15,1.13,1.13,3568000
APH,2002-06-20,1.13,1.14,1.12,1.12,2646400
APH,2002-06-21,1.12,1.12,1.08,1.09,3587200
APH,2002-06-24,1.08,1.09,1.05,1.08,6326400
APH,2002-06-25,1.09,1.09,0.98,0.99,11491200
APH,2002-06-26,0.97,0.99,0.96,0.98,7628800
APH,2002-06-27,0.99,1.02,0.99,1.02,4288000
APH,2002-06-28,1.02,1.03,0.98,0.98,14025600
APH,2002-07-01,0.98,0.99,0.94,0.94,6089600
APH,2002-07-02,0.94,0.94,0.91,0.91,4748800
APH,2002-07-03,0.9,0.92,0.88,0.91,6294400
APH,2002-07-05,0.92,0.96,0.92,0.95,2358400
APH,2002-07-08,0.96,0.97,0.93,0.94,3884800
APH,2002-07-09,0.94,0.94,0.92,0.92,4304000
APH,2002-07-10,0.93,0.94,0.89,0.89,3577600
APH,2002-07-11,0.89,0.9,0.88,0.89,8752000
APH,2002-07-12,0.89,0.94,0.89,0.93,8579200
APH,2002-07-15,0.93,0.93,0.9,0.92,4192000
APH,2002-07-16,0.92,0.95,0.91,0.93,5824000
APH,2002-07-17,0.95,1.03,0.95,1.03,19440000
APH,2002-07-18,1.03,1.05,1.02,1.02,8796800
APH,2002-07-19,1.02,1.05,1.01,1.05,6649600
APH,2002-07-22,1.05,1.05,1.0,1.01,9472000
APH,2002-07-23,1.0,1.01,0.99,0.99,18076800
APH,2002-07-24,0.98,0.99,0.95,0.98,7520000
APH,2002-07-25,0.98,1.02,0.97,0.99,11139200
APH,2002-07-26,1.0,1.02,0.97,0.97,6073600
APH,2002-07-29,0.98,1.05,0.98,1.04,7139200
APH,2002-07-30,1.04,1.09,1.04,1.08,5206400
APH,2002-07-31,1.07,1.08,1.02,1.02,6563200
APH,2002-08-01,1.02,1.03,1.01,1.03,4364800
APH,2002-08-02,1.03,1.03,0.98,0.99,3849600
APH,2002-08-05,1.0,1.02,0.96,0.96,4979200
APH,2002-08-06,0.98,1.03,0.98,1.02,9068800
APH,2002-08-07,1.04,1.05,0.97,1.02,5654400
APH,2002-08-08,1.02,1.08,1.01,1.06,8883200
APH,2002-08-09,1.06,1.08,1.05,1.08,3302400
APH,2002-08-12,1.08,1.08,1.06,1.07,4051200
APH,2002-08-13,1.07,1.09,1.04,1.04,3401600
APH,2002-08-14,1.04,1.04,1.01,1.04,5612800
APH,2002-08-15,1.04,1.09,1.04,1.09,4198400
APH,2002-08-16,1.08,1.14,1.07,1.13,6985600
APH,2002-08-19,1.13,1.13,1.11,1.12,5328000
APH,2002-08-20,1.12,1.12,1.07,1.07,5596800
APH,2002-08-21,1.08,1.14,1.08,1.13,4451200
APH,2002-08-22,1.13,1.15,1.12,1.15,3219200
APH,2002-08-23,1.15,1.15,1.12,1.12,2643200
APH,2002-08-26,1.12,1.13,1.09,1.09,4352000
APH,2002-08-27,1.09,1.1,1.06,1.06,4582400
APH,2002-08-28,1.05,1.07,1.03,1.04,2656000
APH,2002-08-29,1.04,1.06,1.02,1.03,3110400
APH,2002-08-30,1.03,1.06,1.02,1.05,4262400
APH,2002-09-03,1.05,1.05,0.99,1.0,6339200
APH,2002-09-04,1.0,1.02,1.0,1.01,6550400
APH,2002-09-05,1.0,1.02,0.99,1.01,9878400
APH,2002-09-06,1.03,1.05,1.02,1.04,5676800
APH,2002-09-09,1.04,1.07,1.03,1.06,7580800
APH,2002-09-10,1.06,1.1,1.06,1.08,4848000
APH,2002-09-11,1.09,1.11,1.08,1.09,4211200
APH,2002-09-12,1.08,1.08,1.04,1.05,7491200
APH,2002-09-13,1.04,1.05,1.02,1.02,3830400
APH,2002-09-16,1.02,1.03,1.0,1.01,2822400
APH,2002-09-17,1.02,1.02,0.97,0.98,3721600
APH,2002-09-18,0.97,0.97,0.94,0.95,7472000
APH,2002-09-19,0.94,0.95,0.91,0.93,8483200
APH,2002-09-20,0.94,0.94,0.89,0.89,8185600
APH,2002-09-23,0.89,0.9,0.85,0.86,9945600
APH,2002-09-24,0.85,0.87,0.83,0.84,10870400
APH,2002-09-25,0.85,0.87,0.84,0.87,7840000
APH,2002-09-26,0.87,0.88,0.84,0.86,7136000
APH,2002-09-27,0.86,0.87,0.84,0.85,3574400
APH,2002-09-30,0.85,0.86,0.82,0.84,6515200
APH,2002-10-01,0.84,0.86,0.82,0.86,5548800
APH,2002-10-02,0.86,0.9,0.85,0.85,7417600
APH,2002-10-03,0.84,0.87,0.82,0.82,4176000
APH,2002-10-04,0.82,0.83,0.78,0.79,7696000
APH,2002-10-07,0.79,0.8,0.77,0.78,6083200
APH,2002-10-08,0.79,0.79,0.76,0.77,3891200
APH,2002-10-09,0.76,0.78,0.75,0.75,3171200
APH,2002-10-10,0.75,0.79,0.74,0.77,2790400
APH,2002-10-11,0.79,0.82,0.79,0.8,13299200
APH,2002-10-14,0.8,0.81,0.78,0.81,19052800
APH,2002-10-15,0.82,0.83,0.82,0.82,25564800
APH,2002-10-16,0.79,0.91,0.79,0.89,21427200
APH,2002-10-17,0.91,0.96,0.91,0.95,16854400
APH,2002-10-18,0.95,0.99,0.92,0.97,9462400
APH,2002-10-21,0.96,1.02,0.95,1.02,6275200
APH,2002-10-22,1.0,1.01,0.95,0.95,14867200
APH,2002-10-23,0.95,1.0,0.95,1.0,4566400
APH,2002-10-24,1.0,1.04,0.98,1.02,7129600
APH,2002-10-25,1.02,1.02,0.98,0.98,4816000
APH,2002-10-28,0.99,1.03,0.99,1.02,7817600
APH,2002-10-29,1.01,1.02,0.98,1.0,3952000
APH,2002-10-30,1.0,1.03,1.0,1.03,4400000
APH,2002-10-31,1.03,1.05,1.03,1.04,6864000
APH,2002-11-01,1.04,1.07,1.02,1.07,4700800
APH,2002-11-04,1.08,1.11,1.08,1.11,14323200
APH,2002-11-05,1.11,1.11,1.08,1.1,9801600
APH,2002-11-06,1.1,1.13,1.1,1.12,5315200
APH,2002-11-07,1.11,1.11,1.09,1.1,6064000
APH,2002-11-08,1.1,1.11,1.09,1.1,6860800
APH,2002-11-11,1.1,1.1,1.04,1.05,6108800
APH,2002-11-12,1.05,1.09,1.05,1.09,4784000
APH,2002-11-13,1.09,1.1,1.07,1.09,3612800
APH,2002-11-14,1.1,1.13,1.1,1.13,3763200
APH,2002-11-15,1.13,1.16,1.12,1.15,6188800
APH,2002-11-18,1.16,1.18,1.16,1.16,4886400
APH,2002-11-19,1.16,1.16,1.13,1.14,7612800
APH,2002-11-20,1.14,1.14,1.12,1.13,9769600
APH,2002-11-21,1.14,1.2,1.14,1.19,11152000
APH,2002-11-22,1.19,1.22,1.18,1.21,9129600
APH,2002-11-25,1.2,1.24,1.2,1.23,8288000
APH,2002-11-26,1.23,1.23,1.17,1.17,10268800
APH,2002-11-27,1.17,1.19,1.17,1.18,7977600
APH,2002-11-29,1.19,1.21,1.19,1.2,1264000
APH,2002-12-02,1.21,1.22,1.2,1.21,6972800
APH,2002-12-03,1.21,1.21,1.19,1.19,7129600
APH,2002-12-04,1.18,1.2,1.14,1.16,11939200
APH,2002-12-05,1.16,1.18,1.16,1.16,5417600
APH,2002-12-06,1.16,1.19,1.15,1.18,3728000
APH,2002-12-09,1.18,1.18,1.12,1.13,5536000
APH,2002-12-10,1.13,1.13,1.11,1.12,6928000
APH,2002-12-11,1.11,1.13,1.1,1.11,7580800
APH,2002-12-12,1.11,1.12,1.1,1.12,4470400
APH,2002-12-13,1.11,1.11,1.08,1.09,2752000
APH,2002-12-16,1.09,1.11,1.08,1.09,5456000
APH,2002-12-17,1.08,1.1,1.07,1.07,9193600
APH,2002-12-18,1.06,1.09,1.06,1.08,4339200
APH,2002-12-19,1.08,1.09,1.08,1.08,4707200
APH,2002-12-20,1.08,1.09,1.08,1.08,4176000
APH,2002-12-23,1.08,1.08,1.06,1.07,4976000
APH,2002-12-24,1.07,1.07,1.06,1.06,1235200
APH,2002-12-26,1.06,1.07,1.05,1.06,3689600
APH,2002-12-27,1.06,1.06,1.04,1.04,1920000
APH,2002-12-30,1.04,1.04,1.01,1.01,11308800
APH,2002-12-31,1.02,1.04,1.02,1.03,9334400
APH,2003-01-02,1.03,1.09,1.02,1.09,6838400
APH,2003-01-03,1.08,1.11,1.08,1.08,5123200
APH,2003-01-06,1.08,1.1,1.08,1.09,7216000
APH,2003-01-07,1.1,1.13,1.1,1.12,3705600
APH,2003-01-08,1.12,1.12,1.09,1.1,6128000
APH,2003-01-09,1.11,1.13,1.11,1.12,5088000
APH,2003-01-10,1.11,1.17,1.11,1.15,9296000
APH,2003-01-13,1.16,1.16,1.14,1.15,6083200
APH,2003-01-14,1.15,1.15,1.15,1.15,6592000
APH,2003-01-15,1.17,1.18,1.16,1.17,9971200
APH,2003-01-16,1.17,1.19,1.17,1.18,7155200
APH,2003-01-17,1.17,1.17,1.16,1.16,8329600
APH,2003-01-21,1.16,1.16,1.15,1.16,4064000
APH,2003-01-22,1.15,1.16,1.14,1.15,5584000
APH,2003-01-23,1.15,1.16,1.12,1.15,3852800
APH,2003-01-24,1.15,1.15,1.12,1.12,5094400
APH,2003-01-27,1.12,1.12,1.1,1.11,5132800
APH,2003-01-28,1.11,1.13,1.11,1.13,3584000
APH,2003-01-29,1.12,1.16,1.12,1.15,5078400
APH,2003-01-30,1.15,1.15,1.12,1.12,7526400
APH,2003-01-31,1.11,1.12,1.1,1.1,11075200
APH,2003-02-03,1.1,1.11,1.09,1.1,6966400
APH,2003-02-04,1.09,1.1,1.08,1.09,3804800
APH,2003-02-05,1.1,1.11,1.09,1.1,3779200
APH,2003-02-06,1.1,1.1,1.09,1.09,4131200
APH,2003-02-07,1.09,1.09,1.06,1.06,2358400
APH,2003-02-10,1.06,1.09,1.05,1.08,4364800
APH,2003-02-11,1.08,1.08,1.06,1.07,2185600
APH,2003-02-12,1.07,1.07,1.05,1.05,1904000
APH,2003-02-13,1.05,1.05,1.02,1.03,3702400
APH,2003-02-14,1.03,1.04,1.03,1.04,5792000
APH,2003-02-18,1.04,1.08,1.04,1.07,5664000
APH,2003-02-19,1.07,1.07,1.06,1.07,3852800
APH,2003-02-20,1.07,1.11,1.07,1.1,3548800
APH,2003-02-21,1.11,1.13,1.1,1.11,4691200
APH,2003-02-24,1.11,1.11,1.08,1.08,1670400
APH,2003-02-25,1.07,1.08,1.05,1.07,2153600
APH,2003-02-26,1.07,1.08,1.06,1.06,1897600
APH,2003-02-27,1.06,1.1,1.06,1.09,2342400
APH,2003-02-28,1.09,1.12,1.09,1.11,2080000
APH,2003-03-03,1.11,1.11,1.08,1.08,1728000
APH,2003-03-04,1.08,1.11,1.08,1.1,3088000
APH,2003-03-05,1.1,1.12,1.1,1.12,3680000
APH,2003-03-06,1.11,1.12,1.11,1.12,3238400
APH,2003-03-07,1.11,1.12,1.1,1.11,1939200
APH,2003-03-10,1.1,1.11,1.09,1.09,1196800
APH,2003-03-11,1.09,1.09,1.07,1.07,1852800
APH,2003-03-12,1.07,1.07,1.0,1.04,8553600
APH,2003-03-13,1.05,1.09,1.05,1.09,3593600
APH,2003-03-14,1.09,1.09,1.06,1.07,3110400
APH,2003-03-17,1.07,1.12,1.06,1.12,5545600
APH,2003-03-18,1.11,1.12,1.1,1.11,3212800
APH,2003-03-19,1.1,1.11,1.09,1.1,4016000
APH,2003-03-20,1.1,1.1,1.08,1.09,4838400
APH,2003-03-21,1.1,1.14,1.09,1.14,5478400
APH,2003-03-24,1.13,1.13,1.1,1.11,4102400
APH,2003-03-25,1.11,1.13,1.11,1.13,4643200
APH,2003-03-26,1.13,1.13,1.11,1.11,2185600
APH,2003-03-27,1.09,1.12,1.09,1.11,2825600
APH,2003-03-28,1.11,1.13,1.1,1.11,1987200
APH,2003-03-31,1.1,1.11,1.1,1.1,2025600
APH,2003-04-01,1.11,1.12,1.1,1.11,4521600
APH,2003-04-02,1.12,1.14,1.12,1.13,1811200
APH,2003-04-03,1.14,1.15,1.13,1.15,3753600
APH,2003-04-04,1.15,1.15,1.1,1.1,6515200
APH,2003-04-07,1.12,1.12,1.11,1.11,4803200
APH,2003-04-08,1.11,1.11,1.08,1.08,3977600
APH,2003-04-09,1.08,1.08,1.06,1.06,3670400
APH,2003-04-10,1.06,1.08,1.06,1.07,1484800
APH,2003-04-11,1.08,1.09,1.05,1.06,2489600
APH,2003-04-14,1.06,1.09,1.06,1.09,1651200
APH,2003-04-15,1.09,1.09,1.08,1.09,3555200
APH,2003-04-16,1.14,1.16,1.14,1.16,9468800
APH,2003-04-17,1.16,1.19,1.15,1.18,6620800
APH,2003-04-21,1.18,1.2,1.17,1.19,3049600
APH,2003-04-22,1.19,1.22,1.18,1.22,4595200
APH,2003-04-23,1.21,1.25,1.21,1.25,6371200
APH,2003-04-24,1.24,1.25,1.22,1.22,4268800
APH,2003-04-25,1.22,1.22,1.19,1.2,3481600
APH,2003-04-28,1.2,1.24,1.18,1.23,5561600
APH,2003-04-29,1.23,1.23,1.18,1.19,7808000
APH,2003-04-30,1.19,1.21,1.18,1.2,5552000
APH,2003-05-01,1.2,1.2,1.17,1.17,7366400
APH,2003-05-02,1.17,1.24,1.17,1.22,10608000
APH,2003-05-05,1.22,1.24,1.21,1.23,5344000
APH,2003-05-06,1.23,1.25,1.22,1.24,2316800
APH,2003-05-07,1.23,1.25,1.2,1.21,3961600
APH,2003-05-08,1.2,1.23,1.2,1.22,3417600
APH,2003-05-09,1.22,1.23,1.22,1.23,6892800
APH,2003-05-12,1.23,1.25,1.22,1.25,3952000
APH,2003-05-13,1.25,1.25,1.23,1.25,3212800
APH,2003-05-14,1.25,1.26,1.24,1.25,6172800
APH,2003-05-15,1.25,1.27,1.25,1.26,6720000
APH,2003-05-16,1.26,1.3,1.24,1.3,7379200
APH,2003-05-19,1.28,1.28,1.23,1.23,9955200
APH,2003-05-20,1.23,1.25,1.22,1.22,3577600
APH,2003-05-21,1.22,1.23,1.21,1.23,3590400
APH,2003-05-22,1.23,1.25,1.23,1.25,2944000
APH,2003-05-23,1.25,1.25,1.23,1.24,1203200
APH,2003-05-27,1.23,1.27,1.23,1.27,3648000
APH,2003-05-28,1.27,1.3,1.27,1.28,2396800
APH,2003-05-29,1.28,1.28,1.27,1.27,2576000
APH,2003-05-30,1.27,1.29,1.27,1.28,7731200
APH,2003-06-02,1.31,1.31,1.27,1.27,5190400
APH,2003-06-03,1.27,1.28,1.26,1.27,4617600
APH,2003-06-04,1.27,1.31,1.27,1.31,3139200
APH,2003-06-05,1.3,1.31,1.28,1.31,2912000
APH,2003-06-06,1.32,1.34,1.3,1.3,5148800
APH,2003-06-09,1.29,1.3,1.28,1.3,3200000
APH,2003-06-10,1.3,1.3,1.28,1.28,2208000
APH,2003-06-11,1.29,1.3,1.27,1.29,1840000
APH,2003-06-12,1.3,1.33,1.3,1.32,2272000
APH,2003-06-13,1.32,1.32,1.26,1.27,4291200
APH,2003-06-16,1.27,1.28,1.24,1.26,11430400
APH,2003-06-17,1.28,1.29,1.27,1.28,4313600
APH,2003-06-18,1.28,1.3,1.27,1.29,5497600
APH,2003-06-19,1.3,1.33,1.28,1.28,2329600
APH,2003-06-20,1.27,1.27,1.26,1.27,4771200
APH,2003-06-23,1.27,1.27,1.22,1.23,3446400
APH,2003-06-24,1.23,1.24,1.2,1.21,5238400
APH,2003-06-25,1.22,1.25,1.22,1.23,4944000
APH,2003-06-26,1.23,1.26,1.23,1.26,4304000
APH,2003-06-27,1.26,1.28,1.26,1.27,5507200
APH,2003-06-30,1.28,1.29,1.25,1.27,6953600
APH,2003-07-01,1.27,1.28,1.25,1.28,4316800
APH,2003-07-02,1.28,1.29,1.27,1.28,6800000
APH,2003-07-03,1.28,1.28,1.27,1.28,1865600
APH,2003-07-07,1.29,1.32,1.29,1.31,6742400
APH,2003-07-08,1.35,1.41,1.35,1.41,14428800
APH,2003-07-09,1.41,1.42,1.39,1.42,4595200
APH,2003-07-10,1.41,1.41,1.4,1.4,6816000
APH,2003-07-11,1.43,1.45,1.42,1.44,6790400
APH,2003-07-14,1.45,1.46,1.45,1.46,4371200
APH,2003-07-15,1.46,1.48,1.45,1.45,7190400
APH,2003-07-16,1.52,1.54,1.5,1.51,30086400
APH,2003-07-17,1.5,1.5,1.46,1.47,14748800
APH,2003-07-18,1.47,1.49,1.46,1.48,10432000
APH,2003-07-21,1.48,1.5,1.47,1.47,9004800
APH,2003-07-22,1.5,1.56,1.5,1.55,10787200
APH,2003-07-23,1.55,1.55,1.52,1.53,6892800
APH,2003-07-24,1.54,1.55,1.52,1.52,4025600
APH,2003-07-25,1.51,1.52,1.48,1.49,8275200
APH,2003-07-28,1.5,1.53,1.5,1.51,3219200
APH,2003-07-29,1.52,1.52,1.51,1.51,3996800
APH,2003-07-30,1.51,1.51,1.47,1.49,5968000
APH,2003-07-31,1.49,1.49,1.46,1.46,5814400
APH,2003-08-01,1.47,1.5,1.47,1.49,4604800
APH,2003-08-04,1.48,1.48,1.44,1.46,3792000
APH,2003-08-05,1.46,1.46,1.41,1.42,9555200
APH,2003-08-06,1.4,1.42,1.39,1.41,13369600
APH,2003-08-07,1.41,1.41,1.37,1.39,8512000
APH,2003-08-08,1.39,1.39,1.36,1.38,7123200
APH,2003-08-11,1.37,1.4,1.35,1.4,9628800
APH,2003-08-12,1.4,1.44,1.38,1.43,14953600
APH,2003-08-13,1.43,1.46,1.42,1.44,14025600
APH,2003-08-14,1.43,1.43,1.38,1.39,48313600
APH,2003-08-15,1.37,1.41,1.36,1.39,120032000
APH,2003-08-18,1.39,1.46,1.39,1.45,60489600
APH,2003-08-19,1.45,1.47,1.43,1.46,30614400
APH,2003-08-20,1.46,1.47,1.45,1.46,16035200
APH,2003-08-21,1.47,1.48,1.46,1.48,16985600
APH,2003-08-22,1.49,1.5,1.46,1.47,26457600
APH,2003-08-25,1.46,1.46,1.43,1.43,11193600
APH,2003-08-26,1.42,1.44,1.4,1.44,8883200
APH,2003-08-27,1.43,1.46,1.43,1.46,5315200
APH,2003-08-28,1.47,1.47,1.42,1.46,9036800
APH,2003-08-29,1.46,1.49,1.46,1.48,4896000
APH,2003-09-02,1.5,1.52,1.49,1.51,10844800
APH,2003-09-03,1.54,1.54,1.51,1.52,11788800
APH,2003-09-04,1.51,1.51,1.48,1.51,7673600
APH,2003-09-05,1.5,1.51,1.48,1.49,3952000
APH,2003-09-08,1.49,1.5,1.48,1.48,8588800
APH,2003-09-09,1.49,1.49,1.47,1.48,6150400
APH,2003-09-10,1.47,1.47,1.43,1.44,10537600
APH,2003-09-11,1.44,1.46,1.42,1.46,7856000
APH,2003-09-12,1.44,1.45,1.4,1.43,7907200
APH,2003-09-15,1.43,1.44,1.43,1.43,4259200
APH,2003-09-16,1.43,1.46,1.43,1.46,4745600
APH,2003-09-17,1.46,1.48,1.46,1.48,6121600
APH,2003-09-18,1.48,1.53,1.48,1.52,12854400
APH,2003-09-19,1.52,1.52,1.5,1.51,5532800
APH,2003-09-22,1.5,1.5,1.48,1.48,3708800
APH,2003-09-23,1.47,1.49,1.46,1.49,7523200
APH,2003-09-24,1.49,1.49,1.44,1.45,6099200
APH,2003-09-25,1.44,1.45,1.42,1.43,6118400
APH,2003-09-26,1.43,1.43,1.39,1.4,5961600
APH,2003-09-29,1.4,1.43,1.4,1.42,4448000
APH,2003-09-30,1.41,1.42,1.4,1.41,7872000
APH,2003-10-01,1.41,1.42,1.41,1.41,5452800
APH,2003-10-02,1.41,1.44,1.41,1.44,4294400
APH,2003-10-03,1.45,1.48,1.45,1.46,5299200
APH,2003-10-06,1.48,1.51,1.48,1.5,4915200
APH,2003-10-07,1.49,1.51,1.48,1.51,4134400
APH,2003-10-08,1.52,1.52,1.49,1.49,4540800
APH,2003-10-09,1.5,1.51,1.48,1.49,3168000
APH,2003-10-10,1.5,1.5,1.48,1.48,4476800
APH,2003-10-13,1.48,1.49,1.46,1.46,6448000
APH,2003-10-14,1.45,1.49,1.45,1.49,4163200
APH,2003-10-15,1.56,1.61,1.55,1.59,30204800
APH,2003-10-16,1.59,1.61,1.55,1.6,20860800
APH,2003-10-17,1.59,1.6,1.58,1.59,7932800
APH,2003-10-20,1.59,1.59,1.57,1.58,6675200
APH,2003-10-21,1.59,1.61,1.59,1.6,8841600
APH,2003-10-22,1.59,1.61,1.59,1.61,9417600
APH,2003-10-23,1.6,1.6,1.58,1.58,10803200
APH,2003-10-24,1.57,1.58,1.56,1.57,6892800
APH,2003-10-27,1.57,1.6,1.57,1.59,4169600
APH,2003-10-28,1.61,1.61,1.59,1.59,10220800
APH,2003-10-29,1.59,1.6,1.58,1.6,6723200
APH,2003-10-30,1.6,1.61,1.57,1.6,5641600
APH,2003-10-31,1.6,1.61,1.59,1.59,6121600
APH,2003-11-03,1.59,1.64,1.59,1.64,7196800
APH,2003-11-04,1.64,1.64,1.62,1.63,5811200
APH,2003-11-05,1.63,1.65,1.62,1.64,7094400
APH,2003-11-06,1.64,1.66,1.64,1.66,4704000
APH,2003-11-07,1.66,1.67,1.65,1.66,3532800
APH,2003-11-10,1.66,1.66,1.63,1.63,3158400
APH,2003-11-11,1.63,1.63,1.62,1.63,3888000
APH,2003-11-12,1.64,1.66,1.63,1.66,3833600
APH,2003-11-13,1.65,1.65,1.63,1.64,2316800
APH,2003-11-14,1.63,1.64,1.61,1.62,2902400
APH,2003-11-17,1.62,1.62,1.59,1.61,3561600
APH,2003-11-18,1.61,1.63,1.6,1.61,4224000
APH,2003-11-19,1.61,1.61,1.59,1.6,3478400
APH,2003-11-20,1.59,1.61,1.59,1.6,2153600
APH,2003-11-21,1.61,1.61,1.59,1.6,1273600
APH,2003-11-24,1.6,1.63,1.6,1.63,2403200
APH,2003-11-25,1.63,1.64,1.62,1.62,2809600
APH,2003-11-26,1.62,1.66,1.62,1.65,3299200
APH,2003-11-28,1.65,1.65,1.64,1.64,1382400
APH,2003-12-01,1.65,1.69,1.65,1.68,4643200
APH,2003-12-02,1.68,1.69,1.68,1.69,3091200
APH,2003-12-03,1.69,1.72,1.69,1.71,6281600
APH,2003-12-04,1.7,1.7,1.65,1.68,6300800
APH,2003-12-05,1.67,1.67,1.66,1.66,2620800
APH,2003-12-08,1.65,1.67,1.65,1.67,6780800
APH,2003-12-09,1.67,1.67,1.65,1.66,3929600
APH,2003-12-10,1.66,1.66,1.62,1.63,3964800
APH,2003-12-11,1.63,1.67,1.63,1.67,5417600
APH,2003-12-12,1.68,1.68,1.65,1.66,5164800
APH,2003-12-15,1.67,1.69,1.66,1.66,13283200
APH,2003-12-16,1.67,1.67,1.65,1.67,7145600
APH,2003-12-17,1.66,1.66,1.64,1.65,3974400
APH,2003-12-18,1.64,1.71,1.64,1.71,9190400
APH,2003-12-19,1.7,1.71,1.69,1.71,4281600
APH,2003-12-22,1.7,1.72,1.7,1.71,9334400
APH,2003-12-23,1.71,1.72,1.7,1.72,4441600
APH,2003-12-24,1.72,1.72,1.72,1.72,777600
APH,2003-12-26,1.72,1.72,1.71,1.72,828800
APH,2003-12-29,1.72,1.74,1.72,1.73,4249600
APH,2003-12-30,1.73,1.73,1.72,1.73,2256000
APH,2003-12-31,1.73,1.73,1.72,1.73,2995200
APH,2004-01-02,1.71,1.71,1.68,1.69,9507200
APH,2004-01-05,1.68,1.73,1.68,1.73,6707200
APH,2004-01-06,1.72,1.73,1.7,1.72,6486400
APH,2004-01-07,1.73,1.73,1.72,1.73,7052800
APH,2004-01-08,1.74,1.75,1.73,1.73,5984000
APH,2004-01-09,1.72,1.73,1.71,1.71,6214400
APH,2004-01-12,1.71,1.75,1.71,1.75,4985600
APH,2004-01-13,1.75,1.77,1.74,1.75,5542400
APH,2004-01-14,1.75,1.75,1.74,1.75,5072000
APH,2004-01-15,1.75,1.76,1.74,1.76,7145600
APH,2004-01-16,1.78,1.82,1.78,1.82,7632000
APH,2004-01-20,1.83,1.83,1.78,1.79,7942400
APH,2004-01-21,1.84,1.87,1.81,1.87,21670400
APH,2004-01-22,1.87,1.88,1.81,1.83,7926400
APH,2004-01-23,1.83,1.85,1.83,1.85,8694400
APH,2004-01-26,1.85,1.88,1.85,1.87,10579200
APH,2004-01-27,1.87,1.88,1.85,1.85,9315200
APH,2004-01-28,1.85,1.86,1.8,1.8,3817600
APH,2004-01-29,1.8,1.8,1.76,1.77,3766400
APH,2004-01-30,1.77,1.8,1.77,1.79,5593600
APH,2004-02-02,1.79,1.82,1.79,1.8,4611200
APH,2004-02-03,1.78,1.79,1.76,1.76,4537600
APH,2004-02-04,1.76,1.76,1.73,1.74,5731200
APH,2004-02-05,1.74,1.76,1.73,1.75,3209600
APH,2004-02-06,1.75,1.79,1.74,1.79,4499200
APH,2004-02-09,1.79,1.81,1.79,1.8,3808000
APH,2004-02-10,1.8,1.83,1.8,1.82,4099200
APH,2004-02-11,1.8,1.82,1.8,1.81,4332800
APH,2004-02-12,1.81,1.82,1.81,1.81,2579200
APH,2004-02-13,1.82,1.83,1.76,1.78,5798400
APH,2004-02-17,1.78,1.78,1.76,1.77,5705600
APH,2004-02-18,1.77,1.78,1.76,1.77,2867200
APH,2004-02-19,1.77,1.78,1.76,1.76,2950400
APH,2004-02-20,1.76,1.76,1.68,1.7,16476800
APH,2004-02-23,1.7,1.7,1.64,1.64,20236800
APH,2004-02-24,1.63,1.63,1.61,1.61,121347200
APH,2004-02-25,1.61,1.63,1.61,1.63,30332800
APH,2004-02-26,1.63,1.63,1.61,1.63,18803200
APH,2004-02-27,1.63,1.68,1.63,1.68,44313600
APH,2004-03-01,1.67,1.73,1.67,1.72,24444800
APH,2004-03-02,1.71,1.72,1.68,1.69,8288000
APH,2004-03-03,1.68,1.68,1.66,1.67,8358400
APH,2004-03-04,1.68,1.7,1.68,1.69,9232000
APH,2004-03-05,1.68,1.72,1.67,1.7,9459200
APH,2004-03-08,1.69,1.71,1.64,1.64,8483200
APH,2004-03-09,1.65,1.65,1.62,1.63,9766400
APH,2004-03-10,1.65,1.66,1.63,1.64,13724800
APH,2004-03-11,1.62,1.63,1.59,1.6,12595200
APH,2004-03-12,1.61,1.63,1.61,1.63,9328000
APH,2004-03-15,1.64,1.64,1.58,1.58,7360000
APH,2004-03-16,1.6,1.61,1.56,1.59,9974400
APH,2004-03-17,1.59,1.62,1.59,1.61,9164800
APH,2004-03-18,1.61,1.61,1.58,1.6,5385600
APH,2004-03-19,1.59,1.61,1.59,1.6,8540800
APH,2004-03-22,1.59,1.59,1.52,1.54,16710400
APH,2004-03-23,1.56,1.58,1.54,1.55,17619200
APH,2004-03-24,1.55,1.56,1.54,1.54,11267200
APH,2004-03-25,1.55,1.6,1.55,1.59,24662400
APH,2004-03-26,1.59,1.59,1.57,1.58,9097600
APH,2004-03-29,1.59,1.63,1.59,1.62,6972800
APH,2004-03-30,1.61,1.63,1.61,1.62,4035200
APH,2004-03-31,1.63,1.65,1.6,1.61,5769600
APH,2004-04-01,1.62,1.65,1.62,1.63,7960000
APH,2004-04-02,1.67,1.68,1.65,1.68,7057600
APH,2004-04-05,1.65,1.73,1.65,1.73,11998400
APH,2004-04-06,1.71,1.72,1.69,1.72,11708800
APH,2004-04-07,1.71,1.72,1.7,1.72,7179200
APH,2004-04-08,1.73,1.74,1.72,1.72,8064000
APH,2004-04-12,1.72,1.74,1.71,1.72,5257600
APH,2004-04-13,1.72,1.73,1.68,1.69,7859200
APH,2004-04-14,1.67,1.69,1.66,1.67,5216000
APH,2004-04-15,1.68,1.68,1.61,1.64,8862400
APH,2004-04-16,1.65,1.66,1.62,1.63,12334400
APH,2004-04-19,1.63,1.66,1.63,1.66,8956800
APH,2004-04-20,1.73,1.73,1.69,1.7,14918400
APH,2004-04-21,1.75,1.85,1.72,1.84,33803200
APH,2004-04-22,1.83,1.86,1.81,1.85,20257600
APH,2004-04-23,1.85,1.87,1.83,1.84,20761600
APH,2004-04-26,1.85,1.85,1.8,1.83,10225600
APH,2004-04-27,1.83,1.84,1.79,1.81,7966400
APH,2004-04-28,1.8,1.8,1.76,1.78,9569600
APH,2004-04-29,1.76,1.8,1.73,1.74,9270400
APH,2004-04-30,1.75,1.75,1.71,1.71,10228800
APH,2004-05-03,1.72,1.78,1.71,1.73,7352000
APH,2004-05-04,1.73,1.8,1.73,1.78,8124800
APH,2004-05-05,1.79,1.83,1.79,1.82,9508800
APH,2004-05-06,1.82,1.82,1.75,1.78,7152000
APH,2004-05-07,1.77,1.79,1.74,1.74,9297600
APH,2004-05-10,1.74,1.74,1.7,1.72,7787200
APH,2004-05-11,1.74,1.78,1.73,1.74,6932800
APH,2004-05-12,1.74,1.75,1.71,1.74,10766400
APH,2004-05-13,1.74,1.8,1.74,1.76,9587200
APH,2004-05-14,1.77,1.77,1.73,1.75,4774400
APH,2004-05-17,1.75,1.75,1.69,1.7,7774400
APH,2004-05-18,1.71,1.72,1.71,1.72,6891200
APH,2004-05-19,1.72,1.78,1.72,1.73,4894400
APH,2004-05-20,1.72,1.73,1.7,1.72,5750400
APH,2004-05-21,1.72,1.72,1.68,1.69,8134400
APH,2004-05-24,1.7,1.72,1.69,1.69,7014400
APH,2004-05-25,1.69,1.75,1.66,1.75,10665600
APH,2004-05-26,1.75,1.78,1.74,1.76,3772800
APH,2004-05-27,1.77,1.78,1.74,1.75,3508800
APH,2004-05-28,1.75,1.78,1.75,1.77,3099200
APH,2004-06-01,1.76,1.77,1.73,1.75,4771200
APH,2004-06-02,1.76,1.77,1.72,1.74,6347200
APH,2004-06-03,1.73,1.74,1.7,1.7,3662400
APH,2004-06-04,1.71,1.73,1.71,1.73,5209600
APH,2004-06-07,1.73,1.76,1.73,1.76,4812800
APH,2004-06-08,1.76,1.77,1.75,1.76,5936000
APH,2004-06-09,1.76,1.76,1.74,1.74,3553600
APH,2004-06-10,1.74,1.77,1.74,1.75,2468800
APH,2004-06-14,1.75,1.75,1.73,1.74,6520000
APH,2004-06-15,1.74,1.77,1.74,1.76,5265600
APH,2004-06-16,1.75,1.75,1.72,1.74,4390400
APH,2004-06-17,1.72,1.72,1.69,1.7,6427200
APH,2004-06-18,1.7,1.74,1.69,1.7,7025600
APH,2004-06-21,1.7,1.71,1.69,1.7,4224000
APH,2004-06-22,1.69,1.7,1.66,1.67,10926400
APH,2004-06-23,1.68,1.68,1.61,1.68,24222400
APH,2004-06-24,1.69,1.71,1.68,1.71,9604800
APH,2004-06-25,1.72,1.76,1.71,1.76,16988800
APH,2004-06-28,1.77,1.78,1.74,1.75,5851200
APH,2004-06-29,1.75,1.8,1.75,1.8,8494400
APH,2004-06-30,1.8,1.81,1.78,1.81,7433600
APH,2004-07-01,1.79,1.8,1.73,1.76,9048000
APH,2004-07-02,1.76,1.76,1.74,1.75,6990400
APH,2004-07-06,1.75,1.75,1.65,1.67,7912000
APH,2004-07-07,1.67,1.7,1.66,1.66,5323200
APH,2004-07-08,1.66,1.67,1.63,1.64,7374400
APH,2004-07-09,1.64,1.67,1.64,1.65,4476800
APH,2004-07-12,1.64,1.64,1.59,1.59,9225600
APH,2004-07-13,1.6,1.62,1.58,1.59,7104000
APH,2004-07-14,1.59,1.59,1.56,1.57,8748800
APH,2004-07-15,1.58,1.58,1.56,1.56,8331200
APH,2004-07-16,1.56,1.57,1.52,1.52,33515200
APH,2004-07-19,1.53,1.54,1.52,1.52,14033600
APH,2004-07-20,1.53,1.63,1.51,1.63,24899200
APH,2004-07-21,1.68,1.75,1.6,1.61,21841600
APH,2004-07-22,1.61,1.64,1.58,1.61,16755200
APH,2004-07-23,1.61,1.61,1.58,1.59,11448000
APH,2004-07-26,1.62,1.63,1.56,1.57,8406400
APH,2004-07-27,1.6,1.63,1.59,1.62,17446400
APH,2004-07-28,1.62,1.63,1.58,1.62,9358400
APH,2004-07-29,1.63,1.7,1.63,1.69,11792000
APH,2004-07-30,1.69,1.71,1.66,1.7,8619200
APH,2004-08-02,1.69,1.73,1.69,1.72,8044800
APH,2004-08-03,1.73,1.73,1.69,1.69,7633600
APH,2004-08-04,1.69,1.7,1.67,1.69,5486400
APH,2004-08-05,1.68,1.7,1.65,1.67,7166400
APH,2004-08-06,1.65,1.65,1.61,1.62,10552000
APH,2004-08-09,1.61,1.62,1.59,1.61,5662400
APH,2004-08-10,1.63,1.7,1.62,1.68,10398400
APH,2004-08-11,1.66,1.66,1.6,1.61,16574400
APH,2004-08-12,1.57,1.6,1.55,1.55,13545600
APH,2004-08-13,1.55,1.57,1.53,1.53,9270400
APH,2004-08-16,1.54,1.59,1.54,1.57,8819200
APH,2004-08-17,1.6,1.61,1.58,1.58,5243200
APH,2004-08-18,1.58,1.61,1.58,1.6,6945600
APH,2004-08-19,1.6,1.64,1.59,1.61,7179200
APH,2004-08-20,1.61,1.64,1.61,1.63,7086400
APH,2004-08-23,1.62,1.64,1.61,1.63,5030400
APH,2004-08-24,1.63,1.64,1.6,1.6,7921600
APH,2004-08-25,1.61,1.63,1.59,1.62,3996800
APH,2004-08-26,1.62,1.63,1.59,1.59,7286400
APH,2004-08-27,1.61,1.65,1.6,1.65,5561600
APH,2004-08-30,1.64,1.65,1.62,1.64,3937600
APH,2004-08-31,1.61,1.63,1.6,1.63,6084800
APH,2004-09-01,1.63,1.68,1.63,1.68,9340800
APH,2004-09-02,1.67,1.68,1.65,1.66,6606400
APH,2004-09-03,1.65,1.66,1.61,1.63,4294400
APH,2004-09-07,1.61,1.65,1.61,1.62,5827200
APH,2004-09-08,1.62,1.64,1.61,1.62,9470400
APH,2004-09-09,1.6,1.61,1.59,1.61,23131200
APH,2004-09-10,1.64,1.65,1.61,1.63,25872000
APH,2004-09-13,1.65,1.68,1.65,1.68,11720000
APH,2004-09-14,1.68,1.72,1.66,1.71,9228800
APH,2004-09-15,1.71,1.71,1.66,1.68,7960000
APH,2004-09-16,1.67,1.71,1.67,1.69,5742400
APH,2004-09-17,1.69,1.74,1.68,1.74,10164800
APH,2004-09-20,1.73,1.76,1.71,1.74,21996800
APH,2004-09-21,1.76,1.8,1.76,1.78,9857600
APH,2004-09-22,1.78,1.78,1.75,1.77,9905600
APH,2004-09-23,1.77,1.77,1.72,1.73,9552000
APH,2004-09-24,1.73,1.74,1.7,1.72,6243200
APH,2004-09-27,1.72,1.74,1.71,1.72,8022400
APH,2004-09-28,1.79,1.8,1.75,1.79,24057600
APH,2004-09-29,1.79,1.8,1.78,1.8,11833600
APH,2004-09-30,1.8,1.86,1.8,1.86,117792000
APH,2004-10-01,1.86,1.89,1.85,1.89,17139200
APH,2004-10-04,1.89,1.9,1.86,1.87,26236800
APH,2004-10-05,1.88,1.88,1.83,1.84,23348800
APH,2004-10-06,1.84,1.89,1.82,1.89,11043200
APH,2004-10-07,1.89,1.9,1.86,1.88,7649600
APH,2004-10-08,1.88,1.88,1.84,1.85,8062400
APH,2004-10-11,1.85,1.85,1.83,1.85,5465600
APH,2004-10-12,1.82,1.82,1.75,1.77,28708800
APH,2004-10-13,1.79,1.8,1.76,1.78,11113600
APH,2004-10-14,1.77,1.78,1.75,1.76,8177600
APH,2004-10-15,1.76,1.79,1.75,1.78,15361600
APH,2004-10-18,1.78,1.8,1.76,1.79,14864000
APH,2004-10-19,1.8,1.84,1.8,1.82,19201600
APH,2004-10-20,1.82,1.87,1.81,1.84,18580800
APH,2004-10-21,1.83,1.9,1.77,1.88,18240000
APH,2004-10-22,1.89,1.89,1.84,1.86,12928000
APH,2004-10-25,1.86,1.9,1.86,1.88,13913600
APH,2004-10-26,1.87,1.87,1.8,1.84,13326400
APH,2004-10-27,1.84,1.88,1.83,1.87,20664000
APH,2004-10-28,1.87,1.87,1.84,1.86,8934400
APH,2004-10-29,1.87,1.89,1.82,1.86,8448000
APH,2004-11-01,1.87,1.89,1.86,1.89,7009600
APH,2004-11-02,1.89,1.94,1.88,1.9,9145600
APH,2004-11-03,1.92,1.93,1.87,1.89,11419200
APH,2004-11-04,1.89,1.89,1.85,1.88,12270400
APH,2004-11-05,1.89,1.92,1.89,1.9,8851200
APH,2004-11-08,1.9,1.9,1.88,1.89,7654400
APH,2004-11-09,1.9,1.91,1.88,1.9,6025600
APH,2004-11-10,1.92,1.93,1.89,1.9,5990400
APH,2004-11-11,1.9,1.91,1.88,1.91,4960000
APH,2004-11-12,1.91,1.95,1.89,1.95,7150400
APH,2004-11-15,1.94,1.97,1.93,1.97,7854400
APH,2004-11-16,1.96,1.96,1.95,1.96,6604800
APH,2004-11-17,1.97,2.03,1.97,2.01,10734400
APH,2004-11-18,2.01,2.01,2.0,2.0,12550400
APH,2004-11-19,1.99,1.99,1.94,1.96,8217600
APH,2004-11-22,1.97,1.99,1.96,1.96,11064000
APH,2004-11-23,1.96,1.96,1.91,1.95,5004800
APH,2004-11-24,1.95,1.99,1.95,1.98,5044800
APH,2004-11-26,1.98,1.98,1.97,1.97,1592000
APH,2004-11-29,1.97,1.98,1.94,1.94,9099200
APH,2004-11-30,1.93,1.94,1.89,1.9,14985600
APH,2004-12-01,1.91,1.95,1.91,1.95,8654400
APH,2004-12-02,1.93,1.95,1.93,1.93,7384000
APH,2004-12-03,1.95,1.97,1.93,1.95,8531200
APH,2004-12-06,1.97,1.99,1.92,1.92,9585600
APH,2004-12-07,1.93,1.94,1.89,1.89,5534400
APH,2004-12-08,1.89,1.93,1.89,1.91,9995200
APH,2004-12-09,1.9,1.94,1.89,1.91,6628800
APH,2004-12-10,1.91,1.92,1.9,1.9,3324800
APH,2004-12-13,1.92,1.93,1.9,1.93,3894400
APH,2004-12-14,1.94,1.97,1.93,1.97,6712000
APH,2004-12-15,1.98,1.98,1.94,1.95,5921600
APH,2004-12-16,1.98,1.99,1.95,1.97,5068800
APH,2004-12-17,1.95,1.97,1.93,1.94,12068800
APH,2004-12-20,1.94,1.94,1.9,1.9,10297600
APH,2004-12-21,1.9,1.92,1.86,1.92,7136000
APH,2004-12-22,1.92,1.95,1.92,1.94,11315200
APH,2004-12-23,1.96,1.98,1.94,1.94,4468800
APH,2004-12-27,1.96,1.97,1.94,1.96,5572800
APH,2004-12-28,1.98,1.99,1.96,1.99,4697600
APH,2004-12-29,1.99,1.99,1.97,1.98,3382400
APH,2004-12-30,1.98,1.99,1.98,1.99,2673600
APH,2004-12-31,1.99,2.01,1.98,1.99,3137600
APH,2005-01-03,1.99,2.02,1.97,1.97,6256000
APH,2005-01-04,1.98,2.0,1.91,1.91,7089600
APH,2005-01-05,1.91,1.95,1.86,1.87,8131200
APH,2005-01-06,1.88,1.89,1.8,1.84,11867200
APH,2005-01-07,1.85,1.86,1.83,1.84,5724800
APH,2005-01-10,1.87,1.9,1.85,1.88,7092800
APH,2005-01-11,1.87,1.88,1.85,1.85,7824000
APH,2005-01-12,1.86,1.89,1.85,1.88,5537600
APH,2005-01-13,1.88,1.88,1.85,1.85,4811200
APH,2005-01-14,1.86,1.88,1.85,1.88,6468800
APH,2005-01-18,1.88,1.91,1.88,1.9,5849600
APH,2005-01-19,1.96,2.04,1.95,2.0,27136000
APH,2005-01-20,2.0,2.03,2.0,2.01,13604800
APH,2005-01-21,2.02,2.07,2.01,2.04,17932800
APH,2005-01-24,2.02,2.03,2.0,2.0,22380800
APH,2005-01-25,2.01,2.04,2.0,2.04,18668800
APH,2005-01-26,2.04,2.06,2.03,2.05,13550400
APH,2005-01-27,2.06,2.09,2.02,2.08,11524800
APH,2005-01-28,2.09,2.1,2.06,2.09,6564800
APH,2005-01-31,2.1,2.14,2.1,2.13,7256000
APH,2005-02-01,2.16,2.17,2.15,2.16,8448000
APH,2005-02-02,2.17,2.18,2.15,2.16,11363200
APH,2005-02-03,2.16,2.17,2.15,2.15,5654400
APH,2005-02-04,2.15,2.2,2.15,2.19,8100800
APH,2005-02-07,2.19,2.22,2.18,2.19,6652800
APH,2005-02-08,2.2,2.25,2.2,2.24,14768000
APH,2005-02-09,2.25,2.27,2.22,2.23,12270400
APH,2005-02-10,2.23,2.24,2.17,2.19,7961600
APH,2005-02-11,2.2,2.25,2.18,2.24,5324800
APH,2005-02-14,2.24,2.25,2.2,2.22,9963200
APH,2005-02-15,2.22,2.22,2.18,2.21,9321600
APH,2005-02-16,2.19,2.22,2.19,2.21,6059200
APH,2005-02-17,2.19,2.21,2.16,2.2,11390400
APH,2005-02-18,2.2,2.21,2.17,2.21,5316800
APH,2005-02-22,2.2,2.21,2.16,2.16,6094400
APH,2005-02-23,2.16,2.17,2.12,2.15,5872000
APH,2005-02-24,2.15,2.18,2.13,2.18,7344000
APH,2005-02-25,2.17,2.19,2.17,2.19,3924800
APH,2005-02-28,2.19,2.2,2.15,2.16,5113600
APH,2005-03-01,2.18,2.22,2.18,2.22,4830400
APH,2005-03-02,2.19,2.22,2.16,2.2,9953600
APH,2005-03-03,2.22,2.22,2.16,2.18,5529600
APH,2005-03-04,2.19,2.2,2.13,2.16,10272000
APH,2005-03-07,2.17,2.22,2.16,2.2,6105600
APH,2005-03-08,2.19,2.22,2.19,2.21,4342400
APH,2005-03-09,2.2,2.21,2.18,2.18,4060800
APH,2005-03-10,2.18,2.19,2.14,2.18,5113600
APH,2005-03-11,2.18,2.2,2.16,2.18,5435200
APH,2005-03-14,2.2,2.24,2.18,2.23,8459200
APH,2005-03-15,2.23,2.26,2.22,2.25,7683200
APH,2005-03-16,2.25,2.26,2.2,2.21,4860800
APH,2005-03-17,2.21,2.21,2.18,2.19,6684800
APH,2005-03-18,2.19,2.19,2.14,2.16,9044800
APH,2005-03-21,2.19,2.21,2.15,2.19,9928000
APH,2005-03-22,2.18,2.19,2.05,2.08,27168000
APH,2005-03-23,2.12,2.12,2.07,2.09,11416000
APH,2005-03-24,2.09,2.11,2.07,2.07,6696000
APH,2005-03-28,2.08,2.09,2.05,2.06,6340800
APH,2005-03-29,2.07,2.07,1.99,1.99,8971200
APH,2005-03-30,2.0,2.02,1.98,2.01,9673600
APH,2005-03-31,2.0,2.03,1.99,2.01,6425600
APH,2005-04-01,2.01,2.05,2.0,2.02,6060800
APH,2005-04-04,2.02,2.02,1.94,1.97,9684800
APH,2005-04-05,2.0,2.01,1.98,1.99,5364800
APH,2005-04-06,1.99,2.03,1.99,2.02,7444800
APH,2005-04-07,2.03,2.05,2.03,2.05,7513600
APH,2005-04-08,2.06,2.06,2.02,2.02,4644800
APH,2005-04-11,2.03,2.03,1.99,2.0,3184000
APH,2005-04-12,2.0,2.01,1.95,2.0,7740800
APH,2005-04-13,1.98,2.01,1.98,1.99,9584000
APH,2005-04-14,2.0,2.02,1.98,2.0,17958400
APH,2005-04-15,1.99,2.0,1.95,1.96,16188800
APH,2005-04-18,1.96,2.0,1.95,1.97,7091200
APH,2005-04-19,1.98,1.99,1.97,1.99,8748800
APH,2005-04-20,2.1,2.15,2.07,2.07,37033600
APH,2005-04-21,2.11,2.14,2.09,2.13,19390400
APH,2005-04-22,2.13,2.18,2.1,2.16,8928000
APH,2005-04-25,2.16,2.18,2.14,2.17,7417600
APH,2005-04-26,2.17,2.21,2.15,2.16,6112000
APH,2005-04-27,2.16,2.17,2.14,2.16,8072000
APH,2005-04-28,2.16,2.17,2.12,2.13,6827200
APH,2005-04-29,2.15,2.15,2.1,2.14,7561600
APH,2005-05-02,2.14,2.17,2.12,2.16,7020800
APH,2005-05-03,2.15,2.18,2.12,2.15,11726400
APH,2005-05-04,2.14,2.16,2.12,2.14,10392000
APH,2005-05-05,2.13,2.14,2.11,2.12,9475200
APH,2005-05-06,2.13,2.15,2.11,2.14,2964800
APH,2005-05-09,2.15,2.15,2.13,2.14,4734400
APH,2005-05-10,2.13,2.14,2.12,2.13,10643200
APH,2005-05-11,2.13,2.14,2.12,2.13,6926400
APH,2005-05-12,2.13,2.15,2.12,2.13,7710400
APH,2005-05-13,2.14,2.16,2.11,2.13,11176000
APH,2005-05-16,2.13,2.15,2.11,2.12,9240000
APH,2005-05-17,2.12,2.24,2.12,2.23,20094400
APH,2005-05-18,2.25,2.28,2.21,2.26,12819200
APH,2005-05-19,2.26,2.27,2.23,2.24,9913600
APH,2005-05-20,2.23,2.25,2.2,2.24,9435200
APH,2005-05-23,2.28,2.29,2.26,2.27,6436800
APH,2005-05-24,2.27,2.27,2.23,2.25,9251200
APH,2005-05-25,2.26,2.26,2.21,2.25,6297600
APH,2005-05-26,2.26,2.27,2.25,2.27,6976000
APH,2005-05-27,2.28,2.3,2.26,2.28,8459200
APH,2005-05-31,2.28,2.31,2.27,2.3,18198400
APH,2005-06-01,2.29,2.31,2.27,2.29,4084800
APH,2005-06-02,2.29,2.33,2.28,2.33,5054400
APH,2005-06-03,2.32,2.33,2.31,2.33,7372800
APH,2005-06-06,2.32,2.33,2.32,2.33,7112000
APH,2005-06-07,2.32,2.34,2.31,2.32,6456000
APH,2005-06-08,2.33,2.33,2.31,2.32,4705600
APH,2005-06-09,2.29,2.3,2.25,2.3,6708800
APH,2005-06-10,2.31,2.32,2.28,2.31,3894400
APH,2005-06-13,2.3,2.33,2.28,2.32,4886400
APH,2005-06-14,2.32,2.33,2.3,2.32,4529600
APH,2005-06-15,2.31,2.32,2.27,2.3,8342400
APH,2005-06-16,2.29,2.32,2.28,2.31,3694400
APH,2005-06-17,2.31,2.32,2.28,2.3,8209600
APH,2005-06-20,2.29,2.3,2.27,2.29,7059200
APH,2005-06-21,2.28,2.3,2.28,2.3,5028800
APH,2005-06-22,2.31,2.32,2.29,2.31,6219200
APH,2005-06-23,2.31,2.33,2.28,2.28,5265600
APH,2005-06-24,2.28,2.29,2.21,2.21,15528000
APH,2005-06-27,2.22,2.23,2.19,2.21,4486400
APH,2005-06-28,2.21,2.24,2.21,2.23,5696000
APH,2005-06-29,2.23,2.23,2.19,2.19,6926400
APH,2005-06-30,2.21,2.22,2.17,2.18,9099200
APH,2005-07-01,2.19,2.22,2.17,2.21,5265600
APH,2005-07-05,2.21,2.31,2.21,2.31,9387200
APH,2005-07-06,2.31,2.35,2.31,2.34,9017600
APH,2005-07-07,2.3,2.37,2.28,2.37,8080000
APH,2005-07-08,2.37,2.42,2.36,2.41,15494400
APH,2005-07-11,2.42,2.46,2.41,2.44,10046400
APH,2005-07-12,2.45,2.45,2.42,2.44,5454400
APH,2005-07-13,2.44,2.44,2.4,2.42,5017600
APH,2005-07-14,2.42,2.43,2.39,2.4,8523200
APH,2005-07-15,2.38,2.4,2.35,2.38,8344000
APH,2005-07-18,2.38,2.38,2.34,2.35,6076800
APH,2005-07-19,2.36,2.4,2.35,2.4,6852800
APH,2005-07-20,2.41,2.51,2.41,2.47,9497600
APH,2005-07-21,2.47,2.5,2.43,2.47,7384000
APH,2005-07-22,2.48,2.48,2.44,2.46,8049600
APH,2005-07-25,2.46,2.47,2.43,2.43,6238400
APH,2005-07-26,2.44,2.47,2.42,2.43,7235200
APH,2005-07-27,2.43,2.43,2.39,2.41,7284800
APH,2005-07-28,2.41,2.44,2.4,2.42,6214400
APH,2005-07-29,2.42,2.45,2.4,2.42,7070400
APH,2005-08-01,2.42,2.43,2.38,2.38,9395200
APH,2005-08-02,2.39,2.4,2.36,2.39,10465600
APH,2005-08-03,2.39,2.4,2.38,2.38,4998400
APH,2005-08-04,2.38,2.39,2.37,2.38,12409600
APH,2005-08-05,2.37,2.39,2.36,2.37,6619200
APH,2005-08-08,2.38,2.41,2.36,2.37,3390400
APH,2005-08-09,2.36,2.4,2.36,2.39,4640000
APH,2005-08-10,2.4,2.41,2.35,2.36,5536000
APH,2005-08-11,2.37,2.41,2.37,2.4,6691200
APH,2005-08-12,2.39,2.41,2.37,2.39,9064000
APH,2005-08-15,2.38,2.42,2.38,2.4,4164800
APH,2005-08-16,2.4,2.41,2.38,2.39,5425600
APH,2005-08-17,2.39,2.41,2.39,2.4,4195200
APH,2005-08-18,2.38,2.38,2.33,2.34,4067200
APH,2005-08-19,2.35,2.36,2.33,2.34,6078400
APH,2005-08-22,2.35,2.36,2.32,2.34,5649600
APH,2005-08-23,2.34,2.34,2.3,2.31,9790400
APH,2005-08-24,2.31,2.32,2.28,2.29,7313600
APH,2005-08-25,2.3,2.32,2.3,2.31,4336000
APH,2005-08-26,2.31,2.31,2.26,2.29,6692800
APH,2005-08-29,2.28,2.31,2.27,2.28,7166400
APH,2005-08-30,2.28,2.28,2.24,2.27,4548800
APH,2005-08-31,2.27,2.3,2.25,2.3,6947200
APH,2005-09-01,2.3,2.31,2.26,2.28,7820800
APH,2005-09-02,2.28,2.29,2.27,2.29,4897600
APH,2005-09-06,2.3,2.32,2.3,2.32,6369600
APH,2005-09-07,2.32,2.33,2.31,2.32,6012800
APH,2005-09-08,2.31,2.32,2.29,2.3,5848000
APH,2005-09-09,2.3,2.32,2.28,2.29,10203200
APH,2005-09-12,2.29,2.3,2.26,2.27,10888000
APH,2005-09-13,2.28,2.28,2.23,2.24,8256000
APH,2005-09-14,2.24,2.25,2.21,2.22,7174400
APH,2005-09-15,2.22,2.23,2.16,2.18,8979200
APH,2005-09-16,2.19,2.22,2.18,2.2,9604800
APH,2005-09-19,2.12,2.16,1.99,2.11,31097600
APH,2005-09-20,2.11,2.15,2.11,2.13,21702400
APH,2005-09-21,2.11,2.13,2.08,2.09,10496000
APH,2005-09-22,2.07,2.09,2.02,2.08,13827200
APH,2005-09-23,2.07,2.09,2.05,2.08,6537600
APH,2005-09-26,2.23,2.25,2.16,2.17,15980800
APH,2005-09-27,2.16,2.17,2.14,2.16,7070400
APH,2005-09-28,2.17,2.17,2.12,2.15,5272000
APH,2005-09-29,2.15,2.2,2.15,2.19,10035200
APH,2005-09-30,2.19,2.2,2.18,2.19,7027200
APH,2005-10-03,2.19,2.2,2.17,2.19,6836800
APH,2005-10-04,2.19,2.19,2.15,2.16,8382400
APH,2005-10-05,2.15,2.15,2.1,2.11,10760000
APH,2005-10-06,2.11,2.14,2.09,2.12,6134400
APH,2005-10-07,2.12,2.12,2.08,2.11,8912000
APH,2005-10-10,2.11,2.16,2.11,2.16,13849600
APH,2005-10-11,2.17,2.18,2.13,2.14,10942400
APH,2005-10-12,2.13,2.16,2.13,2.14,10702400
APH,2005-10-13,2.14,2.17,2.13,2.15,14030400
APH,2005-10-14,2.15,2.23,2.14,2.22,14924800
APH,2005-10-17,2.21,2.24,2.2,2.24,11000000
APH,2005-10-18,2.24,2.24,2.21,2.23,9763200
APH,2005-10-19,2.17,2.24,2.16,2.23,22633600
APH,2005-10-20,2.13,2.22,2.13,2.17,23654400
APH,2005-10-21,2.17,2.2,2.16,2.17,17222400
APH,2005-10-24,2.17,2.2,2.16,2.2,20510400
APH,2005-10-25,2.19,2.2,2.17,2.19,14224000
APH,2005-10-26,2.18,2.19,2.16,2.17,20297600
APH,2005-10-27,2.17,2.18,2.12,2.13,11153600
APH,2005-10-28,2.13,2.14,2.1,2.14,11329600
APH,2005-10-31,2.13,2.18,2.13,2.17,9979200
APH,2005-11-01,2.16,2.17,2.13,2.15,13523200
APH,2005-11-02,2.15,2.18,2.15,2.17,10851200
APH,2005-11-03,2.17,2.18,2.16,2.17,7545600
APH,2005-11-04,2.17,2.18,2.14,2.16,6739200
APH,2005-11-07,2.16,2.17,2.14,2.16,7451200
APH,2005-11-08,2.16,2.16,2.1,2.12,9827200
APH,2005-11-09,2.12,2.14,2.09,2.13,8593600
APH,2005-11-10,2.13,2.15,2.11,2.14,10444800
APH,2005-11-11,2.14,2.15,2.13,2.15,7259200
APH,2005-11-14,2.15,2.17,2.14,2.16,7529600
APH,2005-11-15,2.16,2.18,2.14,2.15,7624000
APH,2005-11-16,2.15,2.17,2.13,2.14,8107200
APH,2005-11-17,2.15,2.18,2.14,2.18,6390400
APH,2005-11-18,2.18,2.18,2.16,2.18,4224000
APH,2005-11-21,2.18,2.21,2.17,2.21,6729600
APH,2005-11-22,2.25,2.28,2.22,2.28,17640000
APH,2005-11-23,2.28,2.3,2.28,2.28,14548800
APH,2005-11-25,2.28,2.28,2.27,2.28,1758400
APH,2005-11-28,2.27,2.28,2.24,2.25,7232000
APH,2005-11-29,2.25,2.27,2.24,2.25,5214400
APH,2005-11-30,2.25,2.27,2.24,2.27,8958400
APH,2005-12-01,2.28,2.3,2.27,2.29,10585600
APH,2005-12-02,2.29,2.33,2.28,2.33,10625600
APH,2005-12-05,2.33,2.33,2.25,2.26,20139200
APH,2005-12-06,2.28,2.32,2.28,2.31,9147200
APH,2005-12-07,2.3,2.33,2.3,2.32,7798400
APH,2005-12-08,2.31,2.33,2.28,2.3,6384000
APH,2005-12-09,2.31,2.35,2.31,2.35,6334400
APH,2005-12-12,2.37,2.41,2.36,2.41,11084800
APH,2005-12-13,2.4,2.42,2.38,2.4,9033600
APH,2005-12-14,2.4,2.44,2.39,2.43,9273600
APH,2005-12-15,2.45,2.45,2.42,2.44,6344000
APH,2005-12-16,2.44,2.45,2.41,2.42,5916800
APH,2005-12-19,2.42,2.42,2.36,2.36,8825600
APH,2005-12-20,2.37,2.39,2.35,2.38,2745600
APH,2005-12-21,2.38,2.39,2.36,2.38,7131200
APH,2005-12-22,2.38,2.4,2.36,2.4,8102400
APH,2005-12-23,2.41,2.45,2.41,2.43,3500800
APH,2005-12-27,2.43,2.43,2.35,2.36,6201600
APH,2005-12-28,2.38,2.4,2.34,2.4,4465600
APH,2005-12-29,2.42,2.44,2.41,2.43,5352000
APH,2005-12-30,2.42,2.42,2.36,2.41,5558400
APH,2006-01-03,2.43,2.43,2.38,2.42,7036800
APH,2006-01-04,2.43,2.5,2.43,2.5,8537600
APH,2006-01-05,2.49,2.5,2.47,2.48,6059200
APH,2006-01-06,2.49,2.53,2.47,2.52,5284800
APH,2006-01-09,2.52,2.58,2.52,2.58,12665600
APH,2006-01-10,2.56,2.57,2.53,2.54,7259200
APH,2006-01-11,2.5,2.53,2.49,2.52,10057600
APH,2006-01-12,2.51,2.55,2.5,2.51,6905600
APH,2006-01-13,2.51,2.52,2.48,2.51,5318400
APH,2006-01-17,2.51,2.52,2.49,2.51,8600000
APH,2006-01-18,2.47,2.49,2.46,2.47,6969600
APH,2006-01-19,2.5,2.78,2.49,2.73,51182400
APH,2006-01-20,2.7,2.72,2.67,2.68,12700800
APH,2006-01-23,2.7,2.7,2.66,2.67,10051200
APH,2006-01-24,2.67,2.71,2.66,2.71,11705600
APH,2006-01-25,2.72,2.73,2.66,2.68,5652800
APH,2006-01-26,2.69,2.72,2.68,2.71,4932800
APH,2006-01-27,2.71,2.75,2.69,2.72,4924800
APH,2006-01-30,2.72,2.76,2.71,2.75,4707200
APH,2006-01-31,2.75,2.78,2.73,2.76,8054400
APH,2006-02-01,2.77,2.81,2.75,2.8,7921600
APH,2006-02-02,2.8,2.81,2.71,2.76,9046400
APH,2006-02-03,2.75,2.76,2.71,2.72,6683200
APH,2006-02-06,2.72,2.72,2.64,2.71,10856000
APH,2006-02-07,2.71,2.74,2.67,2.68,5334400
APH,2006-02-08,2.68,2.72,2.68,2.7,4256000
APH,2006-02-09,2.71,2.72,2.66,2.67,4665600
APH,2006-02-10,2.66,2.67,2.63,2.67,3292800
APH,2006-02-13,2.65,2.68,2.63,2.63,3283200
APH,2006-02-14,2.63,2.65,2.59,2.6,8542400
APH,2006-02-15,2.59,2.67,2.58,2.66,5368000
APH,2006-02-16,2.69,2.73,2.68,2.73,8067200
APH,2006-02-17,2.73,2.74,2.71,2.71,3092800
APH,2006-02-21,2.73,2.73,2.69,2.7,4414400
APH,2006-02-22,2.75,2.75,2.67,2.69,7787200
APH,2006-02-23,2.68,2.71,2.66,2.69,5032000
APH,2006-02-24,2.69,2.76,2.67,2.75,10638400
APH,2006-02-27,2.77,2.79,2.75,2.75,5307200
APH,2006-02-28,2.75,2.76,2.7,2.73,6248000
APH,2006-03-01,2.74,2.82,2.73,2.82,6619200
APH,2006-03-02,2.79,2.82,2.75,2.77,5900800
APH,2006-03-03,2.76,2.78,2.74,2.74,6251200
APH,2006-03-06,2.74,2.74,2.69,2.71,3992000
APH,2006-03-07,2.69,2.71,2.67,2.69,6753600
APH,2006-03-08,2.68,2.72,2.67,2.7,5843200
APH,2006-03-09,2.7,2.71,2.65,2.66,5088000
APH,2006-03-10,2.66,2.75,2.66,2.73,7065600
APH,2006-03-13,2.73,2.75,2.72,2.73,6179200
APH,2006-03-14,2.73,2.75,2.72,2.74,6080000
APH,2006-03-15,2.73,2.77,2.71,2.76,5320000
APH,2006-03-16,2.77,2.81,2.76,2.8,7617600
APH,2006-03-17,2.81,2.81,2.76,2.76,8707200
APH,2006-03-20,2.75,2.77,2.74,2.75,9060800
APH,2006-03-21,2.74,2.77,2.71,2.72,6440000
APH,2006-03-22,2.72,2.73,2.7,2.72,8520000
APH,2006-03-23,2.72,2.74,2.7,2.71,4835200
APH,2006-03-24,2.75,2.75,2.7,2.73,3120000
APH,2006-03-27,2.74,2.76,2.73,2.74,6755200
APH,2006-03-28,2.75,2.77,2.73,2.73,9936000
APH,2006-03-29,2.73,2.84,2.73,2.84,6574400
APH,2006-03-30,2.84,2.84,2.8,2.83,11219200
APH,2006-03-31,2.84,2.86,2.82,2.84,9232000
APH,2006-04-03,2.84,2.86,2.81,2.82,10206400
APH,2006-04-04,2.83,2.85,2.81,2.83,6897600
APH,2006-04-05,2.83,2.85,2.82,2.84,5558400
APH,2006-04-06,2.85,2.88,2.83,2.87,8193600
APH,2006-04-07,2.88,2.88,2.82,2.83,7336000
APH,2006-04-10,2.83,2.84,2.79,2.8,3452800
APH,2006-04-11,2.8,2.8,2.73,2.76,8166400
APH,2006-04-12,2.76,2.78,2.75,2.75,3718400
APH,2006-04-13,2.8,2.85,2.78,2.84,16678400
APH,2006-04-17,2.82,2.82,2.78,2.81,4744000
APH,2006-04-18,2.82,2.85,2.81,2.84,9785600
APH,2006-04-19,3.0,3.27,3.0,3.18,38660800
APH,2006-04-20,3.18,3.31,3.18,3.27,24910400
APH,2006-04-21,3.28,3.28,3.18,3.2,11654400
APH,2006-04-24,3.19,3.2,3.13,3.15,9396800
APH,2006-04-25,3.15,3.15,3.11,3.14,8508800
APH,2006-04-26,3.15,3.15,3.1,3.11,8782400
APH,2006-04-27,3.12,3.14,3.1,3.12,9296000
APH,2006-04-28,3.1,3.16,3.1,3.14,9697600
APH,2006-05-01,3.17,3.22,3.16,3.17,10763200
APH,2006-05-02,3.16,3.21,3.16,3.19,6894400
APH,2006-05-03,3.21,3.26,3.21,3.23,9582400
APH,2006-05-04,3.26,3.35,3.26,3.32,16268800
APH,2006-05-05,3.32,3.34,3.28,3.33,6952000
APH,2006-05-08,3.31,3.32,3.27,3.28,8428800
APH,2006-05-09,3.3,3.3,3.25,3.26,6345600
APH,2006-05-10,3.24,3.25,3.2,3.21,7203200
APH,2006-05-11,3.22,3.22,3.16,3.16,6844800
APH,2006-05-12,3.13,3.13,3.03,3.05,12411200
APH,2006-05-15,3.02,3.06,3.01,3.05,10504000
APH,2006-05-16,3.06,3.09,3.03,3.04,5910400
APH,2006-05-17,3.03,3.04,2.93,2.96,8398400
APH,2006-05-18,2.99,3.01,2.93,2.93,7940800
APH,2006-05-19,2.93,2.96,2.87,2.96,8756800
APH,2006-05-22,2.95,2.96,2.91,2.94,10393600
APH,2006-05-23,2.97,3.01,2.95,2.95,12996800
APH,2006-05-24,2.93,2.94,2.88,2.92,15721600
APH,2006-05-25,2.95,2.95,2.91,2.92,6233600
APH,2006-05-26,2.93,2.99,2.91,2.99,5268800
APH,2006-05-30,3.07,3.07,2.94,2.95,11422400
APH,2006-05-31,2.96,3.02,2.95,3.02,10246400
APH,2006-06-01,3.03,3.12,3.03,3.12,9564800
APH,2006-06-02,3.13,3.15,3.09,3.12,7092800
APH,2006-06-05,3.11,3.11,3.06,3.06,7470400
APH,2006-06-06,3.07,3.09,2.95,2.96,22230400
APH,2006-06-07,2.96,2.98,2.9,2.91,18766400
APH,2006-06-08,2.83,2.89,2.77,2.88,21710400
APH,2006-06-09,2.89,2.94,2.87,2.88,13470400
APH,2006-06-12,2.9,2.91,2.74,2.75,9315200
APH,2006-06-13,2.69,2.76,2.68,2.73,11984000
APH,2006-06-14,2.72,2.79,2.72,2.77,11859200
APH,2006-06-15,2.78,2.93,2.78,2.92,8049600
APH,2006-06-16,2.95,2.96,2.87,2.91,10825600
APH,2006-06-19,2.92,2.94,2.83,2.85,6948800
APH,2006-06-20,2.84,2.88,2.8,2.84,7222400
APH,2006-06-21,2.85,2.98,2.85,2.96,8232000
APH,2006-06-22,2.93,2.97,2.88,2.93,12219200
APH,2006-06-23,2.92,2.97,2.9,2.93,7913600
APH,2006-06-26,2.94,3.01,2.92,2.98,10808000
APH,2006-06-27,2.97,3.0,2.94,2.96,8400000
APH,2006-06-28,2.96,2.96,2.88,2.92,9564800
APH,2006-06-29,2.93,3.04,2.91,3.04,4800000
APH,2006-06-30,3.04,3.08,3.02,3.04,8891200
APH,2006-07-03,3.04,3.09,3.02,3.09,2912000
APH,2006-07-05,3.08,3.08,2.95,2.99,10830400
APH,2006-07-06,2.99,3.01,2.97,2.99,8420800
APH,2006-07-07,2.98,2.99,2.92,2.94,6659200
APH,2006-07-10,2.95,2.97,2.92,2.94,6633600
APH,2006-07-11,2.93,2.94,2.88,2.93,5057600
APH,2006-07-12,2.96,2.97,2.82,2.85,15120000
APH,2006-07-13,2.82,2.85,2.8,2.82,8081600
APH,2006-07-14,2.81,2.83,2.74,2.77,9025600
APH,2006-07-17,2.76,2.78,2.74,2.78,10086400
APH,2006-07-18,2.79,2.81,2.74,2.79,10403200
APH,2006-07-19,2.92,3.07,2.92,2.99,21958400
APH,2006-07-20,2.99,3.01,2.97,3.01,17220800
APH,2006-07-21,3.0,3.0,2.83,2.91,13968000
APH,2006-07-24,2.91,2.99,2.91,2.99,10388800
APH,2006-07-25,2.99,3.06,2.98,3.03,6414400
APH,2006-07-26,3.03,3.07,2.95,3.01,9019200
APH,2006-07-27,3.04,3.06,3.01,3.03,8206400
APH,2006-07-28,3.05,3.12,3.04,3.07,9691200
APH,2006-07-31,3.07,3.08,3.02,3.05,5816000
APH,2006-08-01,3.04,3.06,2.95,2.98,8227200
APH,2006-08-02,2.99,3.06,2.99,3.06,5515200
APH,2006-08-03,3.04,3.09,3.01,3.08,5256000
APH,2006-08-04,3.1,3.18,3.06,3.1,6728000
APH,2006-08-07,3.1,3.12,3.07,3.08,4459200
APH,2006-08-08,3.09,3.11,3.04,3.05,3609600
APH,2006-08-09,3.08,3.1,3.02,3.03,5256000
APH,2006-08-10,3.02,3.1,3.0,3.09,5686400
APH,2006-08-11,3.08,3.08,3.05,3.07,4110400
APH,2006-08-14,3.09,3.13,3.09,3.11,7459200
APH,2006-08-15,3.13,3.22,3.13,3.21,8145600
APH,2006-08-16,3.22,3.28,3.2,3.26,12459200
APH,2006-08-17,3.26,3.26,3.21,3.25,7601600
APH,2006-08-18,3.24,3.24,3.19,3.23,5004800
APH,2006-08-21,3.21,3.22,3.14,3.15,4800000
APH,2006-08-22,3.14,3.21,3.12,3.19,7942400
APH,2006-08-23,3.2,3.2,3.16,3.19,4395200
APH,2006-08-24,3.19,3.2,3.13,3.16,3811200
APH,2006-08-25,3.14,3.2,3.12,3.15,2520000
APH,2006-08-28,3.14,3.21,3.14,3.19,5305600
APH,2006-08-29,3.19,3.19,3.12,3.15,6787200
APH,2006-08-30,3.15,3.19,3.14,3.15,6020800
APH,2006-08-31,3.16,3.16,3.12,3.13,7568000
APH,2006-09-01,3.13,3.14,3.11,3.12,6289600
APH,2006-09-05,3.12,3.2,3.11,3.19,7467200
APH,2006-09-06,3.17,3.19,3.12,3.13,6718400
APH,2006-09-07,3.13,3.2,3.09,3.15,9158400
APH,2006-09-08,3.15,3.16,3.11,3.14,7563200
APH,2006-09-11,3.13,3.18,3.08,3.15,3758400
APH,2006-09-12,3.15,3.23,3.14,3.18,9430400
APH,2006-09-13,3.17,3.22,3.16,3.22,5628800
APH,2006-09-14,3.22,3.25,3.21,3.24,4414400
APH,2006-09-15,3.28,3.35,3.24,3.31,13401600
APH,2006-09-18,3.3,3.31,3.24,3.27,7670400
APH,2006-09-19,3.27,3.29,3.19,3.25,8465600
APH,2006-09-20,3.26,3.34,3.26,3.33,12403200
APH,2006-09-21,3.35,3.44,3.34,3.37,14523200
APH,2006-09-22,3.36,3.36,3.29,3.32,5520000
APH,2006-09-25,3.33,3.4,3.29,3.36,9030400
APH,2006-09-26,3.36,3.44,3.34,3.44,8681600
APH,2006-09-27,3.42,3.5,3.4,3.47,10657600
APH,2006-09-28,3.47,3.51,3.39,3.42,10246400
APH,2006-09-29,3.41,3.43,3.37,3.37,5398400
APH,2006-10-02,3.4,3.45,3.38,3.4,8368000
APH,2006-10-03,3.4,3.41,3.31,3.39,8006400
APH,2006-10-04,3.37,3.44,3.36,3.44,7771200
APH,2006-10-05,3.44,3.54,3.42,3.5,8116800
APH,2006-10-06,3.48,3.5,3.44,3.49,3992000
APH,2006-10-09,3.45,3.55,3.4,3.52,7140800
APH,2006-10-10,3.54,3.54,3.44,3.47,7860800
APH,2006-10-11,3.45,3.5,3.42,3.48,5969600
APH,2006-10-12,3.5,3.56,3.48,3.56,4124800
APH,2006-10-13,3.55,3.61,3.52,3.59,5814400
APH,2006-10-16,3.62,3.67,3.58,3.59,6921600
APH,2006-10-17,3.56,3.56,3.5,3.53,8892800
APH,2006-10-18,3.67,3.8,3.58,3.71,34321600
APH,2006-10-19,3.73,3.79,3.71,3.77,11900800
APH,2006-10-20,3.76,3.76,3.65,3.67,17454400
APH,2006-10-23,3.67,3.69,3.61,3.65,13288000
APH,2006-10-24,3.64,3.72,3.62,3.71,10630400
APH,2006-10-25,3.7,3.76,3.69,3.74,12107200
APH,2006-10-26,3.76,3.78,3.73,3.77,12211200
APH,2006-10-27,3.76,3.84,3.73,3.75,14374400
APH,2006-10-30,3.72,3.72,3.66,3.72,9774400
APH,2006-10-31,3.71,3.72,3.65,3.7,9744000
APH,2006-11-01,3.7,3.7,3.52,3.56,10627200
APH,2006-11-02,3.53,3.58,3.49,3.57,13240000
APH,2006-11-03,3.58,3.61,3.55,3.61,8270400
APH,2006-11-06,3.62,3.66,3.58,3.64,8579200
APH,2006-11-07,3.63,3.72,3.61,3.67,7915200
APH,2006-11-08,3.64,3.67,3.58,3.66,7188800
APH,2006-11-09,3.68,3.7,3.65,3.67,9419200
APH,2006-11-10,3.69,3.7,3.63,3.7,8150400
APH,2006-11-13,3.7,3.73,3.68,3.72,7259200
APH,2006-11-14,3.73,3.77,3.68,3.76,6886400
APH,2006-11-15,3.75,3.77,3.71,3.76,7816000
APH,2006-11-16,3.77,3.78,3.71,3.76,9622400
APH,2006-11-17,3.75,3.76,3.67,3.69,9700800
APH,2006-11-20,3.68,3.73,3.66,3.68,7168000
APH,2006-11-21,3.7,3.76,3.67,3.76,8859200
APH,2006-11-22,3.76,3.76,3.72,3.75,5192000
APH,2006-11-24,3.74,3.76,3.73,3.74,1425600
APH,2006-11-27,3.75,3.75,3.61,3.61,5232000
APH,2006-11-28,3.61,3.66,3.57,3.64,10267200
APH,2006-11-29,3.66,3.72,3.65,3.72,8838400
APH,2006-11-30,3.73,3.77,3.69,3.71,7155200
APH,2006-12-01,3.74,3.75,3.64,3.7,5542400
APH,2006-12-04,3.72,3.76,3.69,3.7,9670400
APH,2006-12-05,3.72,3.77,3.71,3.74,6016000
APH,2006-12-06,3.74,3.79,3.73,3.75,4840000
APH,2006-12-07,3.75,3.75,3.69,3.69,9710400
APH,2006-12-08,3.72,3.75,3.68,3.71,5273600
APH,2006-12-11,3.71,3.72,3.6,3.63,8764800
APH,2006-12-12,3.62,3.62,3.45,3.5,25212800
APH,2006-12-13,3.52,3.55,3.48,3.53,18456000
APH,2006-12-14,3.57,3.6,3.54,3.6,15683200
APH,2006-12-15,3.6,3.63,3.5,3.5,14284800
APH,2006-12-18,3.53,3.53,3.44,3.47,21220800
APH,2006-12-19,3.46,3.5,3.4,3.46,15273600
APH,2006-12-20,3.46,3.49,3.42,3.42,7596800
APH,2006-12-21,3.45,3.45,3.38,3.39,9406400
APH,2006-12-22,3.4,3.42,3.38,3.4,8633600
APH,2006-12-26,3.4,3.45,3.39,3.43,5188800
APH,2006-12-27,3.43,3.47,3.42,3.45,5928000
APH,2006-12-28,3.46,3.49,3.41,3.42,4812800
APH,2006-12-29,3.43,3.47,3.38,3.38,5699200
APH,2007-01-03,3.39,3.51,3.39,3.47,21382400
APH,2007-01-04,3.47,3.6,3.47,3.58,21153600
APH,2007-01-05,3.57,3.57,3.49,3.52,10454400
APH,2007-01-08,3.49,3.5,3.38,3.45,21779200
APH,2007-01-09,3.45,3.45,3.35,3.38,19924800
APH,2007-01-10,3.34,3.38,3.33,3.35,10948800
APH,2007-01-11,3.37,3.5,3.37,3.46,15627200
APH,2007-01-12,3.43,3.46,3.4,3.46,16137600
APH,2007-01-16,3.47,3.53,3.47,3.51,16601600
APH,2007-01-17,3.57,3.63,3.53,3.56,34856000
APH,2007-01-18,3.59,3.59,3.5,3.51,15350400
APH,2007-01-19,3.5,3.52,3.44,3.5,11102400
APH,2007-01-22,3.5,3.51,3.45,3.49,15137600
APH,2007-01-23,3.49,3.6,3.49,3.59,19033600
APH,2007-01-24,3.62,3.73,3.62,3.67,22344000
APH,2007-01-25,3.67,3.67,3.58,3.61,12286400
APH,2007-01-26,3.61,3.66,3.58,3.64,9016000
APH,2007-01-29,3.65,3.66,3.6,3.62,13265600
APH,2007-01-30,3.63,3.65,3.59,3.65,10603200
APH,2007-01-31,3.62,3.71,3.6,3.69,11616000
APH,2007-02-01,3.69,3.73,3.67,3.69,7577600
APH,2007-02-02,3.69,3.7,3.66,3.69,6104000
APH,2007-02-05,3.69,3.7,3.67,3.69,5756800
APH,2007-02-06,3.7,3.7,3.64,3.69,6342400
APH,2007-02-07,3.7,3.74,3.67,3.72,6164800
APH,2007-02-08,3.72,3.74,3.68,3.72,6304000
APH,2007-02-09,3.73,3.74,3.67,3.68,9715200
APH,2007-02-12,3.68,3.69,3.63,3.66,9720000
APH,2007-02-13,3.67,3.71,3.66,3.68,8582400
APH,2007-02-14,3.69,3.69,3.67,3.68,8017600
APH,2007-02-15,3.68,3.69,3.66,3.67,6672000
APH,2007-02-16,3.67,3.67,3.63,3.65,7915200
APH,2007-02-20,3.65,3.7,3.63,3.7,12713600
APH,2007-02-21,3.69,3.71,3.66,3.7,8859200
APH,2007-02-22,3.7,3.7,3.67,3.69,8204800
APH,2007-02-23,3.69,3.7,3.68,3.69,3966400
APH,2007-02-26,3.72,3.73,3.69,3.71,6465600
APH,2007-02-27,3.65,3.65,3.49,3.55,11422400
APH,2007-02-28,3.55,3.57,3.49,3.52,8595200
APH,2007-03-01,3.47,3.55,3.44,3.51,10046400
APH,2007-03-02,3.49,3.53,3.43,3.44,7784000
APH,2007-03-05,3.41,3.47,3.4,3.4,10931200
APH,2007-03-06,3.38,3.47,3.38,3.44,10072000
APH,2007-03-07,3.43,3.43,3.39,3.42,11723200
APH,2007-03-08,3.45,3.48,3.44,3.45,5377600
APH,2007-03-09,3.47,3.54,3.45,3.53,14873600
APH,2007-03-12,3.51,3.57,3.5,3.57,7571200
APH,2007-03-13,3.53,3.56,3.47,3.48,7065600
APH,2007-03-14,3.49,3.51,3.44,3.51,13699200
APH,2007-03-15,3.5,3.52,3.49,3.51,3651200
APH,2007-03-16,3.52,3.52,3.46,3.49,5964800
APH,2007-03-19,3.5,3.54,3.5,3.53,5270400
APH,2007-03-20,3.52,3.57,3.52,3.55,7417600
APH,2007-03-21,3.56,3.59,3.5,3.58,9700800
APH,2007-03-22,3.59,3.61,3.56,3.6,5883200
APH,2007-03-23,3.6,3.62,3.56,3.61,8763200
APH,2007-03-26,3.62,3.63,3.56,3.59,11632000
APH,2007-03-27,3.57,3.58,3.5,3.56,11259200
APH,2007-03-28,3.55,3.58,3.53,3.57,5628800
APH,2007-03-29,3.6,3.61,3.5,3.52,9190400
APH,2007-03-30,3.48,3.56,3.48,3.52,9854400
APH,2007-04-02,3.53,3.61,3.52,3.58,7556000
APH,2007-04-03,3.61,3.68,3.6,3.66,10461600
APH,2007-04-04,3.68,3.72,3.67,3.72,7394400
APH,2007-04-05,3.73,3.74,3.68,3.7,6172000
APH,2007-04-09,3.71,3.71,3.64,3.66,6199200
APH,2007-04-10,3.66,3.68,3.61,3.67,5983200
APH,2007-04-11,3.68,3.68,3.62,3.64,6011200
APH,2007-04-12,3.64,3.69,3.59,3.68,5156800
APH,2007-04-13,3.71,3.73,3.67,3.68,8295200
APH,2007-04-16,3.71,3.8,3.7,3.77,12255200
APH,2007-04-17,3.77,3.8,3.72,3.77,10834400
APH,2007-04-18,3.85,3.91,3.72,3.9,19052000
APH,2007-04-19,3.88,3.98,3.86,3.93,14569600
APH,2007-04-20,3.95,3.97,3.91,3.94,13955200
APH,2007-04-23,3.92,3.92,3.84,3.87,11315200
APH,2007-04-24,3.88,3.9,3.83,3.88,13731200
APH,2007-04-25,3.89,3.91,3.83,3.88,13471200
APH,2007-04-26,3.87,3.91,3.83,3.89,11988000
APH,2007-04-27,3.89,3.9,3.86,3.87,7156800
APH,2007-04-30,3.86,3.88,3.8,3.83,10358400
APH,2007-05-01,3.82,3.9,3.82,3.89,9188000
APH,2007-05-02,3.88,3.93,3.85,3.91,8023200
APH,2007-05-03,3.92,3.93,3.87,3.92,7487200
APH,2007-05-04,3.92,3.96,3.88,3.96,8672000
APH,2007-05-07,3.96,3.97,3.89,3.92,5471200
APH,2007-05-08,3.91,3.91,3.85,3.89,5210400
APH,2007-05-09,3.87,3.92,3.84,3.9,4607200
APH,2007-05-10,3.88,3.89,3.76,3.78,7456800
APH,2007-05-11,3.78,3.85,3.74,3.85,7753600
APH,2007-05-14,3.85,3.85,3.72,3.76,9822400
APH,2007-05-15,3.75,3.79,3.72,3.73,7029600
APH,2007-05-16,3.75,3.78,3.71,3.75,4272800
APH,2007-05-17,3.74,3.77,3.67,3.75,7731200
APH,2007-05-18,3.76,3.82,3.75,3.82,9286400
APH,2007-05-21,3.74,3.84,3.72,3.84,6725600
APH,2007-05-22,3.83,3.84,3.8,3.84,7695200
APH,2007-05-23,3.8,3.88,3.79,3.84,9392800
APH,2007-05-24,3.83,3.84,3.76,3.77,7043200
APH,2007-05-25,3.79,3.81,3.76,3.79,3676800
APH,2007-05-29,3.81,3.85,3.8,3.81,4052800
APH,2007-05-30,3.78,3.84,3.77,3.84,6064000
APH,2007-05-31,3.86,3.91,3.85,3.9,10757600
APH,2007-06-01,3.91,3.96,3.88,3.96,6737600
APH,2007-06-04,3.94,3.98,3.91,3.93,5404800
APH,2007-06-05,3.91,3.94,3.82,3.85,7140000
APH,2007-06-06,3.83,3.88,3.83,3.87,5195200
APH,2007-06-07,3.85,3.88,3.79,3.79,6990400
APH,2007-06-08,3.79,3.89,3.79,3.89,6352000
APH,2007-06-11,3.88,3.89,3.85,3.87,3285600
APH,2007-06-12,3.85,3.86,3.8,3.81,4748000
APH,2007-06-13,3.83,3.91,3.83,3.9,3609600
APH,2007-06-14,3.91,3.99,3.89,3.97,5096000
APH,2007-06-15,4.01,4.03,3.98,4.0,5121600
APH,2007-06-18,3.98,3.99,3.93,3.95,6671200
APH,2007-06-19,3.93,3.94,3.88,3.91,4864800
APH,2007-06-20,3.91,3.93,3.84,3.86,4666400
APH,2007-06-21,3.84,3.91,3.8,3.91,4674400
APH,2007-06-22,3.91,3.94,3.87,3.9,8858400
APH,2007-06-25,3.91,3.96,3.87,3.88,7335200
APH,2007-06-26,3.9,3.9,3.81,3.83,6640800
APH,2007-06-27,3.8,3.85,3.77,3.85,5761600
APH,2007-06-28,3.84,3.89,3.82,3.88,6661600
APH,2007-06-29,3.9,3.92,3.87,3.89,5262400
APH,2007-07-02,3.91,3.94,3.88,3.93,3716800
APH,2007-07-03,3.92,3.93,3.89,3.91,2740800
APH,2007-07-05,3.92,3.93,3.89,3.91,4028000
APH,2007-07-06,3.92,3.92,3.86,3.88,5764000
APH,2007-07-09,3.88,3.93,3.86,3.93,6370400
APH,2007-07-10,3.9,3.93,3.87,3.89,5705600
APH,2007-07-11,3.88,3.9,3.86,3.88,6681600
APH,2007-07-12,3.92,4.07,3.9,4.07,6010400
APH,2007-07-13,4.07,4.08,4.04,4.07,4277600
APH,2007-07-16,4.06,4.06,4.0,4.04,5564800
APH,2007-07-17,4.03,4.16,4.0,4.14,11124800
APH,2007-07-18,4.01,4.15,3.92,4.04,16180000
APH,2007-07-19,4.1,4.2,4.1,4.14,10215200
APH,2007-07-20,4.13,4.13,4.07,4.09,7222400
APH,2007-07-23,4.1,4.11,4.01,4.02,6692000
APH,2007-07-24,3.99,4.02,3.91,3.94,8260800
APH,2007-07-25,3.97,3.99,3.84,3.9,8276800
APH,2007-07-26,3.9,3.91,3.61,3.82,11000800
APH,2007-07-27,3.8,3.84,3.71,3.78,10685600
APH,2007-07-30,3.78,3.84,3.73,3.82,7299200
APH,2007-07-31,3.85,3.86,3.73,3.74,10442400
APH,2007-08-01,3.84,3.99,3.8,3.9,17875200
APH,2007-08-02,3.9,3.93,3.83,3.91,8697600
APH,2007-08-03,3.91,3.93,3.79,3.8,8772000
APH,2007-08-06,3.82,3.85,3.69,3.75,14372800
APH,2007-08-07,3.73,3.79,3.65,3.77,13077600
APH,2007-08-08,3.8,3.87,3.68,3.79,12206400
APH,2007-08-09,3.69,3.86,3.69,3.73,15252800
APH,2007-08-10,3.7,3.88,3.66,3.86,10056800
APH,2007-08-13,3.92,3.92,3.84,3.84,7191200
APH,2007-08-14,3.85,3.91,3.79,3.81,5747200
APH,2007-08-15,3.79,3.8,3.64,3.66,6120800
APH,2007-08-16,3.65,3.75,3.5,3.63,12654400
APH,2007-08-17,3.63,3.82,3.63,3.73,8730400
APH,2007-08-20,3.75,3.76,3.66,3.7,4997600
APH,2007-08-21,3.67,3.75,3.66,3.7,4803200
APH,2007-08-22,3.74,3.8,3.7,3.79,6109600
APH,2007-08-23,3.79,3.83,3.72,3.73,4414400
APH,2007-08-24,3.73,3.9,3.73,3.9,4805600
APH,2007-08-27,3.9,3.9,3.8,3.82,5660000
APH,2007-08-28,3.77,3.81,3.69,3.7,4372800
APH,2007-08-29,3.71,3.91,3.71,3.91,6490400
APH,2007-08-30,3.87,3.99,3.86,3.96,11146400
APH,2007-08-31,4.0,4.01,3.89,3.94,5761600
APH,2007-09-04,3.94,4.06,3.9,4.03,5174400
APH,2007-09-05,4.0,4.08,3.98,4.08,6812000
APH,2007-09-06,4.09,4.2,4.04,4.18,9224800
APH,2007-09-07,4.11,4.15,4.05,4.1,7804000
APH,2007-09-10,4.12,4.12,3.97,4.01,6924800
APH,2007-09-11,4.02,4.11,4.01,4.1,11408000
APH,2007-09-12,4.08,4.17,4.06,4.07,5676000
APH,2007-09-13,4.11,4.11,4.04,4.05,4873600
APH,2007-09-14,4.04,4.08,3.99,4.07,4221600
APH,2007-09-17,4.06,4.11,4.04,4.06,4219200
APH,2007-09-18,4.1,4.22,4.07,4.22,4583200
APH,2007-09-19,4.25,4.32,4.24,4.28,10032800
APH,2007-09-20,4.29,4.29,4.23,4.25,6154400
APH,2007-09-21,4.29,4.29,4.15,4.15,9792800
APH,2007-09-24,4.16,4.19,4.12,4.19,7928000
APH,2007-09-25,4.18,4.28,4.17,4.28,5752000
APH,2007-09-26,4.29,4.38,4.27,4.37,6549600
APH,2007-09-27,4.4,4.41,4.3,4.38,8311200
APH,2007-09-28,4.39,4.39,4.32,4.34,3284000
APH,2007-10-01,4.36,4.42,4.35,4.39,6273600
APH,2007-10-02,4.39,4.41,4.33,4.33,4755200
APH,2007-10-03,4.32,4.34,4.27,4.33,6521600
APH,2007-10-04,4.36,4.36,4.32,4.34,6813600
APH,2007-10-05,4.39,4.48,4.38,4.42,7600800
APH,2007-10-08,4.42,4.45,4.4,4.42,2108800
APH,2007-10-09,4.44,4.47,4.38,4.42,4724000
APH,2007-10-10,4.43,4.45,4.31,4.34,6596800
APH,2007-10-11,4.36,4.39,4.25,4.31,4808000
APH,2007-10-12,4.35,4.39,4.32,4.35,5940800
APH,2007-10-15,4.34,4.36,4.25,4.31,3913600
APH,2007-10-16,4.32,4.37,4.31,4.34,6851200
APH,2007-10-17,4.85,4.99,4.61,4.67,33035200
APH,2007-10-18,4.69,4.78,4.66,4.7,8722400
APH,2007-10-19,4.71,4.79,4.66,4.66,8377600
APH,2007-10-22,4.65,4.71,4.6,4.67,6296000
APH,2007-10-23,4.7,4.83,4.7,4.79,18140000
APH,2007-10-24,4.78,4.83,4.68,4.83,11647200
APH,2007-10-25,4.87,4.89,4.69,4.76,6883200
APH,2007-10-26,4.83,4.9,4.81,4.89,7010400
APH,2007-10-29,4.93,4.95,4.83,4.86,4664800
APH,2007-10-30,4.86,5.0,4.85,4.86,6096000
APH,2007-10-31,4.85,4.85,4.74,4.83,9600000
APH,2007-11-01,4.76,4.81,4.72,4.75,8915200
APH,2007-11-02,4.76,4.78,4.65,4.73,7709600
APH,2007-11-05,4.74,4.79,4.66,4.75,4856000
APH,2007-11-06,4.77,4.8,4.7,4.79,5086400
APH,2007-11-07,4.72,4.8,4.69,4.72,7586400
APH,2007-11-08,4.74,4.8,4.6,4.65,12086400
APH,2007-11-09,4.59,4.61,4.46,4.47,11044800
APH,2007-11-12,4.43,4.51,4.39,4.41,7043200
APH,2007-11-13,4.43,4.59,4.4,4.58,6398400
APH,2007-11-14,4.6,4.67,4.58,4.61,10124800
APH,2007-11-15,4.61,4.61,4.47,4.5,6789600
APH,2007-11-16,4.5,4.56,4.42,4.54,7185600
APH,2007-11-19,4.49,4.53,4.46,4.47,6393600
APH,2007-11-20,4.46,4.54,4.39,4.45,7131200
APH,2007-11-21,4.43,4.47,4.31,4.41,5601600
APH,2007-11-23,4.42,4.51,4.41,4.49,2416000
APH,2007-11-26,4.48,4.54,4.42,4.44,8236000
APH,2007-11-27,4.47,4.66,4.44,4.64,9705600
APH,2007-11-28,4.68,4.74,4.64,4.7,6963200
APH,2007-11-29,4.69,4.74,4.69,4.73,3508000
APH,2007-11-30,4.76,4.76,4.67,4.73,7621600
APH,2007-12-03,4.78,4.84,4.69,4.77,10792000
APH,2007-12-04,4.72,4.82,4.71,4.71,9664800
APH,2007-12-05,4.79,4.91,4.76,4.91,8780800
APH,2007-12-06,4.89,4.94,4.89,4.93,6726400
APH,2007-12-07,4.96,5.03,4.91,5.03,6442400
APH,2007-12-10,5.06,5.09,5.01,5.07,7114400
APH,2007-12-11,5.08,5.1,4.96,4.96,7636800
APH,2007-12-12,5.01,5.12,4.95,5.03,6326400
APH,2007-12-13,5.02,5.04,4.89,5.0,6928800
APH,2007-12-14,4.99,5.05,4.95,4.97,4490400
APH,2007-12-17,4.99,4.99,4.85,4.85,7625600
APH,2007-12-18,4.91,5.0,4.88,4.97,7027200
APH,2007-12-19,4.96,4.97,4.9,4.92,6432800
APH,2007-12-20,4.94,4.99,4.88,4.99,5466400
APH,2007-12-21,5.07,5.11,5.02,5.07,7724800
APH,2007-12-24,5.07,5.15,5.06,5.13,2265600
APH,2007-12-26,5.12,5.15,5.09,5.14,2705600
APH,2007-12-27,5.13,5.15,5.06,5.07,3287200
APH,2007-12-28,5.08,5.15,5.05,5.15,3356800
APH,2007-12-31,5.13,5.15,5.04,5.06,4237600
APH,2008-01-02,4.93,4.96,4.76,4.82,16241600
APH,2008-01-03,4.84,4.85,4.64,4.79,16872000
APH,2008-01-04,4.74,4.78,4.68,4.68,16920000
APH,2008-01-07,4.69,4.78,4.57,4.68,16093600
APH,2008-01-08,4.73,4.75,4.51,4.51,10672800
APH,2008-01-09,4.49,4.51,4.29,4.4,24562400
APH,2008-01-10,4.41,4.48,4.33,4.44,10242400
APH,2008-01-11,4.37,4.41,4.23,4.27,11476800
APH,2008-01-14,4.34,4.46,4.33,4.45,11988800
APH,2008-01-15,4.41,4.41,4.27,4.34,9668000
APH,2008-01-16,4.35,4.39,4.17,4.33,12702400
APH,2008-01-17,4.42,4.43,3.99,4.01,33058400
APH,2008-01-18,4.03,4.23,3.88,4.23,35780800
APH,2008-01-22,4.05,4.27,3.93,4.2,24832000
APH,2008-01-23,4.09,4.38,4.01,4.36,23649600
APH,2008-01-24,4.4,4.5,4.28,4.38,15852000
APH,2008-01-25,4.42,4.45,4.24,4.28,11013600
APH,2008-01-28,4.26,4.31,4.22,4.3,9735200
APH,2008-01-29,4.32,4.34,4.21,4.26,16288000
APH,2008-01-30,4.24,4.34,4.16,4.25,11097600
APH,2008-01-31,4.18,4.37,4.17,4.35,10947200
APH,2008-02-01,4.38,4.44,4.33,4.34,13828000
APH,2008-02-04,4.32,4.37,4.27,4.36,11580000
APH,2008-02-05,4.27,4.31,4.15,4.17,12738400
APH,2008-02-06,4.18,4.22,4.13,4.15,12456000
APH,2008-02-07,4.12,4.21,4.03,4.17,21101600
APH,2008-02-08,4.14,4.18,4.05,4.09,19186400
APH,2008-02-11,4.08,4.2,4.08,4.18,6925600
APH,2008-02-12,4.21,4.22,4.1,4.13,6935200
APH,2008-02-13,4.17,4.3,4.17,4.29,8549600
APH,2008-02-14,4.3,4.35,4.21,4.24,10897600
APH,2008-02-15,4.2,4.23,4.09,4.18,8587200
APH,2008-02-19,4.24,4.25,4.09,4.1,5858400
APH,2008-02-20,4.07,4.1,4.04,4.1,9273600
APH,2008-02-21,4.11,4.15,4.08,4.08,7767200
APH,2008-02-22,4.1,4.12,3.99,4.08,7128000
APH,2008-02-25,4.08,4.2,4.01,4.18,8720000
APH,2008-02-26,4.15,4.24,4.13,4.18,7788800
APH,2008-02-27,4.14,4.19,4.1,4.14,7404000
APH,2008-02-28,4.11,4.16,4.1,4.14,10065600
APH,2008-02-29,4.1,4.1,4.0,4.03,9016000
APH,2008-03-03,4.01,4.03,3.93,3.99,8219200
APH,2008-03-04,3.94,4.0,3.85,4.0,12957600
APH,2008-03-05,3.99,4.07,3.98,4.05,10470400
APH,2008-03-06,4.04,4.04,3.96,3.98,8661600
APH,2008-03-07,3.93,4.04,3.87,3.92,8148000
APH,2008-03-10,3.93,3.93,3.84,3.85,8465600
APH,2008-03-11,3.93,3.99,3.84,3.92,8325600
APH,2008-03-12,3.94,3.99,3.91,3.91,6137600
APH,2008-03-13,3.85,3.99,3.8,3.95,7024000
APH,2008-03-14,3.96,3.98,3.81,3.83,10820800
APH,2008-03-17,3.74,3.82,3.73,3.79,13888800
APH,2008-03-18,3.89,4.04,3.85,4.04,12938400
APH,2008-03-19,4.06,4.06,3.88,3.88,8971200
APH,2008-03-20,3.89,3.93,3.84,3.88,10628800
APH,2008-03-24,3.9,4.11,3.89,4.08,8085600
APH,2008-03-25,4.08,4.16,4.06,4.15,5775200
APH,2008-03-26,4.13,4.15,4.04,4.08,5524800
APH,2008-03-27,4.09,4.09,4.02,4.05,5974400
APH,2008-03-28,4.06,4.09,3.99,4.0,6242400
APH,2008-03-31,4.01,4.07,3.97,4.07,7874400
APH,2008-04-01,4.11,4.24,4.11,4.24,7808000
APH,2008-04-02,4.26,4.33,4.22,4.26,8177600
APH,2008-04-03,4.22,4.42,4.22,4.4,9820000
APH,2008-04-04,4.41,4.51,4.35,4.49,11542400
APH,2008-04-07,4.53,4.6,4.49,4.58,13540000
APH,2008-04-08,4.56,4.61,4.53,4.61,9583200
APH,2008-04-09,4.64,4.65,4.43,4.47,10216000
APH,2008-04-10,4.47,4.59,4.43,4.59,8724800
APH,2008-04-11,4.55,4.56,4.47,4.48,8984000
APH,2008-04-14,4.5,4.55,4.47,4.54,6964000
APH,2008-04-15,4.56,4.58,4.42,4.48,10997600
APH,2008-04-16,4.54,4.65,4.52,4.63,13766400
APH,2008-04-17,4.75,5.01,4.75,4.84,22836000
APH,2008-04-18,4.9,4.97,4.88,4.91,11808000
APH,2008-04-21,4.88,4.96,4.82,4.93,9409600
APH,2008-04-22,4.86,4.92,4.81,4.92,12040000
APH,2008-04-23,4.93,5.1,4.93,5.06,14408000
APH,2008-04-24,5.08,5.1,5.0,5.06,9075200
APH,2008-04-25,5.08,5.1,4.97,5.05,10068000
APH,2008-04-28,5.08,5.15,5.01,5.1,8457600
APH,2008-04-29,5.07,5.09,5.03,5.06,7685600
APH,2008-04-30,5.06,5.15,5.03,5.04,13283200
APH,2008-05-01,5.05,5.2,4.99,5.19,8678400
APH,2008-05-02,5.22,5.27,5.15,5.2,10060000
APH,2008-05-05,5.23,5.23,5.12,5.12,7520000
APH,2008-05-06,5.12,5.24,5.05,5.22,8064000
APH,2008-05-07,5.22,5.25,5.11,5.13,8620000
APH,2008-05-08,5.16,5.18,5.08,5.15,8006400
APH,2008-05-09,5.13,5.13,4.98,5.05,10537600
APH,2008-05-12,5.05,5.1,4.93,5.09,11794400
APH,2008-05-13,5.08,5.12,5.03,5.12,6951200
APH,2008-05-14,5.13,5.14,5.06,5.07,6090400
APH,2008-05-15,5.07,5.11,5.02,5.1,5067200
APH,2008-05-16,5.13,5.2,5.12,5.17,7874400
APH,2008-05-19,5.16,5.18,5.12,5.14,7656000
APH,2008-05-20,5.13,5.13,5.03,5.07,5297600
APH,2008-05-21,5.09,5.13,4.96,4.98,5727200
APH,2008-05-22,4.99,5.04,4.96,5.02,7441600
APH,2008-05-23,4.99,5.02,4.94,5.0,4109600
APH,2008-05-27,5.0,5.03,4.95,5.02,4137600
APH,2008-05-28,5.05,5.11,5.0,5.09,6018400
APH,2008-05-29,5.1,5.14,5.08,5.1,6933600
APH,2008-05-30,5.1,5.13,5.06,5.09,7804000
APH,2008-06-02,5.18,5.19,5.08,5.16,12534400
APH,2008-06-03,5.18,5.37,5.17,5.24,15502400
APH,2008-06-04,5.23,5.27,5.19,5.24,8191200
APH,2008-06-05,5.27,5.35,5.25,5.34,9237600
APH,2008-06-06,5.3,5.33,5.15,5.17,11701600
APH,2008-06-09,5.18,5.21,5.02,5.17,10431200
APH,2008-06-10,5.13,5.24,5.11,5.21,9859200
APH,2008-06-11,5.2,5.24,5.13,5.15,8722400
APH,2008-06-12,5.15,5.24,5.14,5.22,12697600
APH,2008-06-13,5.23,5.39,5.22,5.32,15620000
APH,2008-06-16,5.37,5.42,5.33,5.41,10711200
APH,2008-06-17,5.44,5.46,5.38,5.4,6940800
APH,2008-06-18,5.37,5.39,5.26,5.3,8690400
APH,2008-06-19,5.31,5.44,5.29,5.41,4788000
APH,2008-06-20,5.39,5.4,5.21,5.23,13795200
APH,2008-06-23,5.26,5.38,5.23,5.31,8844000
APH,2008-06-24,5.3,5.33,5.19,5.21,6636800
APH,2008-06-25,5.21,5.34,5.2,5.28,9303200
APH,2008-06-26,5.22,5.23,4.96,4.97,14096800
APH,2008-06-27,4.91,4.98,4.77,4.94,11590400
APH,2008-06-30,4.93,4.98,4.87,4.9,9984000
APH,2008-07-01,4.87,5.02,4.86,5.02,10622400
APH,2008-07-02,5.05,5.1,4.93,4.93,15796800
APH,2008-07-03,4.95,5.13,4.9,4.91,6729600
APH,2008-07-07,4.95,5.04,4.8,4.85,11745600
APH,2008-07-08,4.82,4.97,4.76,4.96,10992800
APH,2008-07-09,4.96,5.02,4.84,4.87,7892800
APH,2008-07-10,4.87,4.97,4.83,4.96,9096800
APH,2008-07-11,4.91,5.0,4.82,4.94,5605600
APH,2008-07-14,4.98,5.02,4.82,4.88,6774400
APH,2008-07-15,4.85,4.92,4.76,4.87,10866400
APH,2008-07-16,4.86,4.92,4.8,4.9,16809600
APH,2008-07-17,5.14,5.61,5.13,5.61,43498400
APH,2008-07-18,5.57,5.69,5.53,5.61,23254400
APH,2008-07-21,5.63,5.66,5.5,5.54,16460800
APH,2008-07-22,5.52,5.52,5.32,5.39,23663200
APH,2008-07-23,5.43,5.47,5.26,5.37,21646400
APH,2008-07-24,5.37,5.38,5.23,5.24,11673600
APH,2008-07-25,5.26,5.3,5.23,5.27,17094400
APH,2008-07-28,5.36,5.4,5.2,5.22,10545600
APH,2008-07-29,5.24,5.39,5.22,5.37,11004000
APH,2008-07-30,5.38,5.47,5.24,5.33,13460000
APH,2008-07-31,5.28,5.34,5.2,5.2,8985600
APH,2008-08-01,5.24,5.31,5.09,5.13,8283200
APH,2008-08-04,5.14,5.16,5.01,5.06,6480800
APH,2008-08-05,5.09,5.31,4.96,5.29,13461600
APH,2008-08-06,5.27,5.35,5.18,5.32,9674400
APH,2008-08-07,5.28,5.36,5.24,5.28,5966400
APH,2008-08-08,5.29,5.54,5.29,5.52,9700000
APH,2008-08-11,5.5,5.59,5.47,5.54,9261600
APH,2008-08-12,5.54,5.67,5.52,5.61,12308800
APH,2008-08-13,5.58,5.62,5.51,5.6,6429600
APH,2008-08-14,5.56,5.67,5.45,5.61,9016000
APH,2008-08-15,5.64,5.69,5.59,5.67,7405600
APH,2008-08-18,5.68,5.71,5.48,5.5,9628800
APH,2008-08-19,5.5,5.5,5.33,5.37,11156800
APH,2008-08-20,5.38,5.43,5.29,5.35,9283200
APH,2008-08-21,5.3,5.36,5.24,5.34,5827200
APH,2008-08-22,5.38,5.42,5.3,5.4,4244000
APH,2008-08-25,5.36,5.36,5.12,5.18,9648800
APH,2008-08-26,5.18,5.23,5.09,5.15,7941600
APH,2008-08-27,5.15,5.25,5.11,5.24,5542400
APH,2008-08-28,5.26,5.36,5.23,5.31,7151200
APH,2008-08-29,5.28,5.29,5.18,5.19,4440800
APH,2008-09-02,5.24,5.43,5.09,5.11,8480800
APH,2008-09-03,5.09,5.13,4.95,4.97,9760000
APH,2008-09-04,4.92,5.0,4.83,4.85,10132800
APH,2008-09-05,4.82,4.87,4.67,4.86,14596000
APH,2008-09-08,4.99,5.06,4.87,4.91,10097600
APH,2008-09-09,4.9,4.95,4.84,4.88,14108000
APH,2008-09-10,4.92,4.98,4.85,4.93,11262400
APH,2008-09-11,4.88,4.89,4.74,4.88,8064800
APH,2008-09-12,4.88,4.96,4.83,4.93,8181600
APH,2008-09-15,4.8,4.99,4.74,4.8,9776800
APH,2008-09-16,4.63,4.89,4.52,4.89,21770400
APH,2008-09-17,4.83,4.83,4.6,4.6,17715200
APH,2008-09-18,4.66,4.72,4.4,4.72,15174400
APH,2008-09-19,4.87,4.96,4.53,4.9,17642400
APH,2008-09-22,5.04,5.13,4.92,4.96,15229600
APH,2008-09-23,4.97,5.05,4.77,4.85,10039200
APH,2008-09-24,4.87,4.91,4.69,4.77,15622400
APH,2008-09-25,4.72,4.8,4.68,4.74,16844800
APH,2008-09-26,4.66,4.7,4.58,4.67,19145600
APH,2008-09-29,4.59,4.59,4.27,4.4,191874400
APH,2008-09-30,4.5,4.51,4.31,4.38,35032000
APH,2008-10-01,4.34,4.42,4.24,4.26,17566400
APH,2008-10-02,4.06,4.2,3.81,3.85,32071200
APH,2008-10-03,3.92,4.04,3.8,3.84,36496800
APH,2008-10-06,3.74,3.78,3.5,3.73,26192000
APH,2008-10-07,3.77,3.84,3.48,3.49,16786400
APH,2008-10-08,3.33,3.68,3.33,3.53,22574400
APH,2008-10-09,3.53,3.63,3.26,3.28,16788800
APH,2008-10-10,3.17,3.42,2.94,3.12,28962400
APH,2008-10-13,3.25,3.63,3.22,3.63,16428000
APH,2008-10-14,3.77,3.77,3.34,3.4,26204000
APH,2008-10-15,3.41,3.5,2.89,2.95,26821600
APH,2008-10-16,3.11,3.14,2.71,3.06,45516800
APH,2008-10-17,3.15,3.15,2.84,2.9,30011200
APH,2008-10-20,2.89,3.01,2.89,3.01,16105600
APH,2008-10-21,2.96,3.14,2.94,3.0,20652000
APH,2008-10-22,2.87,2.94,2.69,2.75,19136000
APH,2008-10-23,2.77,2.79,2.53,2.67,27851200
APH,2008-10-24,2.52,2.73,2.45,2.65,18147200
APH,2008-10-27,2.58,2.72,2.54,2.58,26722400
APH,2008-10-28,2.66,2.92,2.57,2.92,21868800
APH,2008-10-29,2.85,3.03,2.81,2.93,22025600
APH,2008-10-30,3.02,3.08,2.95,3.06,19957600
APH,2008-10-31,3.08,3.16,3.01,3.13,24480000
APH,2008-11-03,3.08,3.23,3.08,3.18,17415200
APH,2008-11-04,3.28,3.33,3.15,3.26,18556800
APH,2008-11-05,3.21,3.28,3.17,3.2,21410400
APH,2008-11-06,3.16,3.17,2.69,2.76,36996000
APH,2008-11-07,2.83,2.9,2.8,2.86,12077600
APH,2008-11-10,2.91,2.96,2.73,2.78,11515200
APH,2008-11-11,2.72,2.74,2.62,2.65,23523200
APH,2008-11-12,2.59,2.62,2.42,2.43,15988000
APH,2008-11-13,2.43,2.62,2.31,2.61,26960000
APH,2008-11-14,2.69,2.7,2.42,2.43,18932000
APH,2008-11-17,2.38,2.41,2.25,2.32,19355200
APH,2008-11-18,2.27,2.39,2.23,2.38,25808800
APH,2008-11-19,2.47,2.47,2.29,2.3,33023200
APH,2008-11-20,2.26,2.27,2.06,2.08,27513600
APH,2008-11-21,2.01,2.25,2.01,2.16,25271200
APH,2008-11-24,2.2,2.38,2.16,2.34,18083200
APH,2008-11-25,2.44,2.45,2.32,2.43,16609600
APH,2008-11-26,2.37,2.48,2.33,2.47,13747200
APH,2008-11-28,2.5,2.54,2.43,2.54,6568800
APH,2008-12-01,2.41,2.44,2.25,2.25,13174400
APH,2008-12-02,2.23,2.39,2.23,2.35,15784000
APH,2008-12-03,2.3,2.44,2.26,2.44,15498400
APH,2008-12-04,2.27,2.44,2.18,2.23,26679200
APH,2008-12-05,2.21,2.29,2.18,2.29,22050400
APH,2008-12-08,2.33,2.47,2.33,2.44,15965600
APH,2008-12-09,2.44,2.48,2.29,2.34,20864800
APH,2008-12-10,2.33,2.4,2.29,2.32,20812800
APH,2008-12-11,2.3,2.36,2.26,2.31,20847200
APH,2008-12-12,2.21,2.37,2.19,2.35,17827200
APH,2008-12-15,2.35,2.39,2.31,2.36,23512000
APH,2008-12-16,2.36,2.52,2.35,2.51,22108800
APH,2008-12-17,2.47,2.57,2.42,2.54,15279200
APH,2008-12-18,2.63,2.63,2.43,2.46,11852800
APH,2008-12-19,2.47,2.58,2.38,2.58,21898400
APH,2008-12-22,2.57,2.6,2.44,2.5,17548000
APH,2008-12-23,2.52,2.58,2.41,2.45,10077600
APH,2008-12-24,2.47,2.51,2.45,2.5,4030400
APH,2008-12-26,2.51,2.57,2.5,2.55,5055200
APH,2008-12-29,2.53,2.56,2.47,2.49,8670400
APH,2008-12-30,2.52,2.58,2.5,2.58,10808800
APH,2008-12-31,2.58,2.67,2.57,2.62,13889600
APH,2009-01-02,2.63,2.79,2.6,2.78,10726400
APH,2009-01-05,2.75,2.81,2.72,2.75,9661600
APH,2009-01-06,2.76,2.97,2.76,2.95,19318400
APH,2009-01-07,2.89,2.94,2.83,2.86,12316000
APH,2009-01-08,2.79,2.91,2.78,2.89,14699200
APH,2009-01-09,2.89,2.91,2.82,2.85,11644000
APH,2009-01-12,2.82,2.83,2.67,2.7,13017600
APH,2009-01-13,2.57,2.59,2.46,2.49,28109600
APH,2009-01-14,2.41,2.45,2.36,2.39,19185600
APH,2009-01-15,2.6,2.78,2.54,2.75,56636800
APH,2009-01-16,2.83,2.88,2.71,2.79,23835200
APH,2009-01-20,2.77,2.81,2.62,2.64,12872800
APH,2009-01-21,2.69,2.79,2.66,2.78,17163200
APH,2009-01-22,2.71,2.79,2.69,2.74,28526400
APH,2009-01-23,2.7,2.82,2.64,2.76,17944800
APH,2009-01-26,2.73,2.85,2.73,2.82,21637600
APH,2009-01-27,2.84,2.87,2.77,2.85,12369600
APH,2009-01-28,2.9,3.06,2.86,3.03,23497600
APH,2009-01-29,2.99,3.02,2.9,2.91,12796800
APH,2009-01-30,2.91,2.95,2.85,2.86,19403200
APH,2009-02-02,2.79,2.86,2.76,2.83,14005600
APH,2009-02-03,2.86,2.92,2.8,2.9,10512000
APH,2009-02-04,2.91,3.14,2.91,3.12,33622400
APH,2009-02-05,3.06,3.17,2.97,3.12,19416800
APH,2009-02-06,3.15,3.25,3.12,3.25,22087200
APH,2009-02-09,3.24,3.26,3.1,3.13,13485600
APH,2009-02-10,3.08,3.15,2.96,3.01,17172000
APH,2009-02-11,3.01,3.06,3.0,3.04,9248800
APH,2009-02-12,3.03,3.1,2.97,3.09,11425600
APH,2009-02-13,3.09,3.13,3.04,3.05,10552800
APH,2009-02-17,2.78,2.96,2.78,2.89,15356800
APH,2009-02-18,2.91,2.94,2.82,2.89,11777600
APH,2009-02-19,2.91,2.92,2.74,2.75,12103200
APH,2009-02-20,2.7,2.86,2.68,2.82,19537600
APH,2009-02-23,2.84,2.86,2.73,2.73,24878400
APH,2009-02-24,2.72,2.88,2.72,2.87,14158400
APH,2009-02-25,2.82,2.94,2.8,2.87,13035200
APH,2009-02-26,2.92,2.95,2.85,2.86,16564000
APH,2009-02-27,2.77,2.88,2.76,2.78,22387200
APH,2009-03-02,2.71,2.74,2.62,2.63,11588800
APH,2009-03-03,2.67,2.68,2.58,2.62,12280800
APH,2009-03-04,2.64,2.81,2.64,2.77,10468800
APH,2009-03-05,2.69,2.73,2.59,2.63,19698400
APH,2009-03-06,2.63,2.68,2.49,2.59,20586400
APH,2009-03-09,2.55,2.6,2.5,2.51,13462400
APH,2009-03-10,2.55,2.74,2.52,2.73,13097600
APH,2009-03-11,2.75,2.87,2.71,2.84,19900000
APH,2009-03-12,2.79,2.94,2.79,2.94,15273600
APH,2009-03-13,2.95,2.99,2.88,2.94,20184000
APH,2009-03-16,3.01,3.01,2.91,2.93,16148000
APH,2009-03-17,2.92,3.0,2.9,3.0,13459200
APH,2009-03-18,2.98,3.11,2.93,3.09,16593600
APH,2009-03-19,3.09,3.13,3.04,3.1,11477600
APH,2009-03-20,3.11,3.15,3.01,3.05,18120000
APH,2009-03-23,3.14,3.24,3.12,3.24,13716000
APH,2009-03-24,3.23,3.24,3.16,3.18,10147200
APH,2009-03-25,3.22,3.29,3.12,3.21,16159200
APH,2009-03-26,3.24,3.37,3.22,3.34,16848800
APH,2009-03-27,3.29,3.31,3.23,3.23,15618400
APH,2009-03-30,3.16,3.18,3.05,3.09,18753600
APH,2009-03-31,3.11,3.2,3.09,3.12,14441600
APH,2009-04-01,3.06,3.24,3.06,3.22,16556000
APH,2009-04-02,3.25,3.58,3.25,3.49,25039200
APH,2009-04-03,3.51,3.52,3.38,3.42,20186400
APH,2009-04-06,3.38,3.43,3.34,3.41,15073600
APH,2009-04-07,3.34,3.34,3.12,3.16,21480000
APH,2009-04-08,3.06,3.18,3.06,3.15,17876000
APH,2009-04-09,3.24,3.33,3.21,3.32,14597600
APH,2009-04-13,3.27,3.3,3.21,3.27,11148000
APH,2009-04-14,3.24,3.3,3.2,3.27,9392800
APH,2009-04-15,3.23,3.28,3.12,3.15,21690400
APH,2009-04-16,3.21,3.48,3.21,3.44,31772000
APH,2009-04-17,3.41,3.48,3.28,3.34,20791200
APH,2009-04-20,3.31,3.33,3.25,3.31,17753600
APH,2009-04-21,3.33,3.45,3.3,3.44,18243200
APH,2009-04-22,3.39,3.61,3.37,3.52,16621600
APH,2009-04-23,3.49,3.54,3.41,3.52,12197600
APH,2009-04-24,3.53,3.66,3.52,3.65,17336800
APH,2009-04-27,3.59,3.63,3.55,3.59,11088000
APH,2009-04-28,3.53,3.64,3.5,3.61,8923200
APH,2009-04-29,3.62,3.77,3.61,3.72,11030400
APH,2009-04-30,3.82,3.83,3.69,3.7,11972800
APH,2009-05-01,3.69,3.76,3.66,3.73,8048000
APH,2009-05-04,3.75,3.84,3.68,3.84,9829600
APH,2009-05-05,3.83,3.84,3.72,3.75,9910400
APH,2009-05-06,3.76,3.77,3.65,3.71,9888800
APH,2009-05-07,3.75,3.75,3.48,3.53,13384800
APH,2009-05-08,3.55,3.61,3.46,3.55,11588000
APH,2009-05-11,3.5,3.5,3.39,3.4,15704000
APH,2009-05-12,3.41,3.46,3.38,3.42,11892000
APH,2009-05-13,3.38,3.41,3.34,3.35,11730400
APH,2009-05-14,3.37,3.47,3.36,3.45,9216000
APH,2009-05-15,3.45,3.53,3.43,3.48,13004000
APH,2009-05-18,3.5,3.6,3.47,3.6,13429600
APH,2009-05-19,3.58,3.71,3.56,3.66,12823200
APH,2009-05-20,3.68,3.77,3.66,3.67,10644800
APH,2009-05-21,3.64,3.65,3.46,3.5,11744800
APH,2009-05-22,3.51,3.55,3.46,3.51,8220000
APH,2009-05-26,3.49,3.68,3.46,3.66,8592800
APH,2009-05-27,3.66,3.71,3.6,3.6,8426400
APH,2009-05-28,3.68,3.68,3.54,3.63,7126400
APH,2009-05-29,3.63,3.68,3.57,3.65,8182400
APH,2009-06-01,3.71,3.85,3.69,3.84,8517600
APH,2009-06-02,3.85,3.87,3.78,3.83,8709600
APH,2009-06-03,3.77,3.78,3.6,3.65,13100800
APH,2009-06-04,3.66,3.72,3.63,3.69,10652800
APH,2009-06-05,3.73,3.73,3.62,3.65,11309600
APH,2009-06-08,3.63,3.64,3.49,3.53,12852000
APH,2009-06-09,3.56,3.63,3.56,3.6,9609600
APH,2009-06-10,3.63,3.71,3.61,3.71,11645600
APH,2009-06-11,3.74,3.83,3.69,3.77,12186400
APH,2009-06-12,3.72,3.74,3.64,3.72,6389600
APH,2009-06-15,3.64,3.64,3.56,3.61,7238400
APH,2009-06-16,3.64,3.67,3.5,3.51,7261600
APH,2009-06-17,3.51,3.57,3.48,3.51,7934400
APH,2009-06-18,3.52,3.55,3.47,3.53,7101600
APH,2009-06-19,3.55,3.55,3.44,3.46,10397600
APH,2009-06-22,3.39,3.4,3.35,3.37,11064000
APH,2009-06-23,3.39,3.4,3.35,3.38,7177600
APH,2009-06-24,3.41,3.48,3.38,3.4,7718400
APH,2009-06-25,3.36,3.49,3.36,3.47,8307200
APH,2009-06-26,3.45,3.5,3.41,3.49,6596800
APH,2009-06-29,3.48,3.5,3.43,3.44,6904800
APH,2009-06-30,3.46,3.48,3.4,3.46,9207200
APH,2009-07-01,3.48,3.58,3.47,3.54,13151200
APH,2009-07-02,3.47,3.54,3.46,3.46,9941600
APH,2009-07-06,3.45,3.52,3.4,3.47,12780000
APH,2009-07-07,3.46,3.5,3.42,3.42,9814400
APH,2009-07-08,3.42,3.45,3.36,3.39,8246400
APH,2009-07-09,3.39,3.47,3.37,3.45,9682400
APH,2009-07-10,3.43,3.5,3.41,3.44,8170400
APH,2009-07-13,3.46,3.5,3.39,3.5,6204800
APH,2009-07-14,3.49,3.54,3.47,3.52,10332800
APH,2009-07-15,3.59,3.73,3.55,3.71,15144000
APH,2009-07-16,3.49,3.7,3.45,3.68,30317600
APH,2009-07-17,3.67,3.71,3.6,3.61,18997600
APH,2009-07-20,3.66,3.69,3.6,3.62,16636000
APH,2009-07-21,3.68,3.68,3.59,3.66,14584800
APH,2009-07-22,3.66,3.74,3.65,3.71,8715200
APH,2009-07-23,3.69,3.77,3.69,3.74,9117600
APH,2009-07-24,3.69,3.8,3.68,3.8,7729600
APH,2009-07-27,3.78,3.8,3.72,3.76,5984800
APH,2009-07-28,3.72,3.77,3.68,3.73,4716000
APH,2009-07-29,3.7,3.71,3.64,3.65,12276800
APH,2009-07-30,3.7,3.7,3.65,3.66,9567200
APH,2009-07-31,3.65,3.68,3.63,3.65,13719200
APH,2009-08-03,3.68,3.77,3.65,3.76,11004000
APH,2009-08-04,3.74,3.76,3.71,3.73,11416000
APH,2009-08-05,3.73,3.74,3.6,3.65,9576000
APH,2009-08-06,3.65,3.67,3.61,3.62,6956000
APH,2009-08-07,3.66,3.67,3.61,3.65,15851200
APH,2009-08-10,3.64,3.66,3.62,3.64,5823200
APH,2009-08-11,3.62,3.64,3.56,3.58,9575200
APH,2009-08-12,3.59,3.75,3.59,3.71,7748800
APH,2009-08-13,3.73,3.77,3.68,3.72,7393600
APH,2009-08-14,3.74,3.75,3.63,3.66,7376000
APH,2009-08-17,3.61,3.62,3.54,3.55,7925600
APH,2009-08-18,3.56,3.59,3.53,3.54,12225600
APH,2009-08-19,3.49,3.55,3.48,3.53,9103200
APH,2009-08-20,3.53,3.62,3.53,3.61,5683200
APH,2009-08-21,3.63,3.66,3.59,3.65,10049600
APH,2009-08-24,3.66,3.72,3.66,3.68,10396000
APH,2009-08-25,3.71,3.74,3.68,3.69,8381600
APH,2009-08-26,3.68,3.79,3.68,3.78,10524000
APH,2009-08-27,3.81,3.82,3.72,3.81,10545600
APH,2009-08-28,3.83,3.88,3.79,3.86,14027200
APH,2009-08-31,3.85,3.86,3.78,3.83,9051200
APH,2009-09-01,3.8,3.87,3.74,3.75,13636800
APH,2009-09-02,3.75,3.77,3.7,3.75,12830400
APH,2009-09-03,3.77,3.83,3.72,3.83,10685600
APH,2009-09-04,3.83,3.88,3.81,3.87,5653600
APH,2009-09-08,4.1,4.1,3.98,4.07,13053600
APH,2009-09-09,4.07,4.2,4.04,4.13,9723200
APH,2009-09-10,4.13,4.21,4.11,4.21,6827200
APH,2009-09-11,4.19,4.24,4.17,4.2,6080000
APH,2009-09-14,4.17,4.21,4.16,4.2,5502400
APH,2009-09-15,4.22,4.24,4.19,4.23,7328800
APH,2009-09-16,4.26,4.34,4.25,4.34,14226400
APH,2009-09-17,4.31,4.38,4.31,4.35,12552800
APH,2009-09-18,4.39,4.4,4.29,4.31,9321600
APH,2009-09-21,4.31,4.34,4.27,4.3,5711200
APH,2009-09-22,4.3,4.31,4.27,4.28,5579200
APH,2009-09-23,4.3,4.33,4.21,4.21,7240000
APH,2009-09-24,4.23,4.24,4.11,4.14,7934400
APH,2009-09-25,4.11,4.13,4.06,4.08,6478400
APH,2009-09-28,4.1,4.17,4.08,4.11,5991200
APH,2009-09-29,4.09,4.13,4.07,4.1,6290400
APH,2009-09-30,4.09,4.17,4.03,4.12,8760800
APH,2009-10-01,4.12,4.13,3.94,3.94,11605600
APH,2009-10-02,3.91,3.93,3.85,3.88,9716800
APH,2009-10-05,3.9,3.94,3.86,3.94,12421600
APH,2009-10-06,3.97,4.09,3.97,4.05,9302400
APH,2009-10-07,4.05,4.12,4.03,4.11,12837600
APH,2009-10-08,4.15,4.17,4.12,4.15,11162400
APH,2009-10-09,4.15,4.18,4.1,4.17,11871200
APH,2009-10-12,4.2,4.29,4.18,4.25,11742400
APH,2009-10-13,4.24,4.26,4.19,4.2,7027200
APH,2009-10-14,4.34,4.52,4.31,4.52,19548000
APH,2009-10-15,4.49,4.56,4.34,4.49,30769600
APH,2009-10-16,4.46,4.52,4.38,4.47,12699200
APH,2009-10-19,4.46,4.56,4.43,4.53,9732000
APH,2009-10-20,4.56,4.57,4.47,4.49,10968800
APH,2009-10-21,4.48,4.55,4.37,4.38,17965600
APH,2009-10-22,4.38,4.56,4.32,4.55,23151200
APH,2009-10-23,4.57,4.6,4.49,4.52,13728000
APH,2009-10-26,4.55,4.64,4.5,4.54,14176000
APH,2009-10-27,4.54,4.57,4.47,4.56,13938400
APH,2009-10-28,4.51,4.53,4.39,4.39,14848800
APH,2009-10-29,4.43,4.55,4.39,4.53,10177600
APH,2009-10-30,4.52,4.55,4.38,4.39,15600800
APH,2009-11-02,4.4,4.54,4.4,4.5,20829600
APH,2009-11-03,4.46,4.54,4.43,4.53,19340800
APH,2009-11-04,4.57,4.59,4.52,4.53,17123200
APH,2009-11-05,4.59,4.68,4.57,4.6,15904800
APH,2009-11-06,4.57,4.62,4.55,4.59,8050400
APH,2009-11-09,4.61,4.7,4.61,4.7,5901600
APH,2009-11-10,4.69,4.73,4.67,4.72,6980000
APH,2009-11-11,4.74,4.77,4.71,4.72,14415200
APH,2009-11-12,4.73,4.74,4.62,4.63,8132800
APH,2009-11-13,4.64,4.67,4.59,4.63,9121600
APH,2009-11-16,4.67,4.76,4.65,4.73,6918400
APH,2009-11-17,4.72,4.75,4.71,4.74,6232000
APH,2009-11-18,4.75,4.76,4.71,4.72,5705600
APH,2009-11-19,4.71,4.72,4.6,4.62,9321600
APH,2009-11-20,4.6,4.62,4.56,4.6,5908800
APH,2009-11-23,4.66,4.73,4.65,4.67,5525600
APH,2009-11-24,4.66,4.68,4.61,4.64,5630400
APH,2009-11-25,4.65,4.68,4.64,4.65,4300000
APH,2009-11-27,4.53,4.58,4.48,4.53,3834400
APH,2009-11-30,4.52,4.52,4.44,4.51,9137600
APH,2009-12-01,4.56,4.63,4.54,4.63,9163200
APH,2009-12-02,4.67,4.83,4.65,4.83,14479200
APH,2009-12-03,4.83,4.88,4.79,4.82,6531200
APH,2009-12-04,4.89,5.0,4.82,4.87,8980000
APH,2009-12-07,4.88,4.95,4.85,4.88,6208000
APH,2009-12-08,4.84,4.85,4.76,4.81,7776000
APH,2009-12-09,4.81,4.84,4.76,4.83,7232000
APH,2009-12-10,4.86,4.9,4.79,4.8,10518400
APH,2009-12-11,4.84,4.84,4.77,4.79,10095200
APH,2009-12-14,4.8,4.84,4.77,4.83,7698400
APH,2009-12-15,4.81,4.88,4.79,4.82,6274400
APH,2009-12-16,4.83,4.84,4.75,4.75,14539200
APH,2009-12-17,4.71,4.73,4.63,4.66,9593600
APH,2009-12-18,4.68,4.73,4.67,4.73,9460800
APH,2009-12-21,4.75,4.82,4.75,4.8,7060000
APH,2009-12-22,4.81,4.91,4.8,4.89,16214400
APH,2009-12-23,4.89,5.08,4.89,5.07,13335200
APH,2009-12-24,5.08,5.11,5.07,5.1,2191200
APH,2009-12-28,5.09,5.1,5.01,5.03,4644000
APH,2009-12-29,5.04,5.07,5.01,5.06,4551200
APH,2009-12-30,5.03,5.14,5.03,5.14,6936000
APH,2009-12-31,5.15,5.16,5.05,5.06,4982400
APH,2010-01-04,5.15,5.15,5.03,5.03,9828800
APH,2010-01-05,5.02,5.05,4.91,4.93,10821600
APH,2010-01-06,4.93,4.99,4.92,4.94,6657600
APH,2010-01-07,4.93,4.95,4.89,4.91,5510400
APH,2010-01-08,4.89,4.95,4.87,4.95,5387200
APH,2010-01-11,4.98,4.99,4.88,4.96,6540800
APH,2010-01-12,4.9,4.92,4.79,4.85,15289600
APH,2010-01-13,4.86,4.94,4.82,4.93,4800000
APH,2010-01-14,4.93,4.98,4.91,4.96,7935200
APH,2010-01-15,4.93,4.94,4.78,4.8,8664000
APH,2010-01-19,4.8,4.83,4.76,4.83,8284000
APH,2010-01-20,4.8,4.85,4.75,4.83,9465600
APH,2010-01-21,4.88,4.98,4.65,4.65,27141600
APH,2010-01-22,4.62,4.65,4.44,4.44,15755200
APH,2010-01-25,4.49,4.5,4.41,4.47,10291200
APH,2010-01-26,4.43,4.55,4.41,4.51,15752000
APH,2010-01-27,4.49,4.52,4.38,4.47,14508000
APH,2010-01-28,4.47,4.5,4.34,4.38,8672800
APH,2010-01-29,4.42,4.46,4.35,4.36,14988800
APH,2010-02-01,4.4,4.46,4.38,4.44,8900000
APH,2010-02-02,4.46,4.46,4.39,4.44,7464800
APH,2010-02-03,4.43,4.48,4.41,4.43,3990400
APH,2010-02-04,4.38,4.38,4.22,4.22,8791200
APH,2010-02-05,4.22,4.26,4.14,4.26,12416800
APH,2010-02-08,4.25,4.35,4.22,4.27,9080000
APH,2010-02-09,4.32,4.37,4.27,4.34,6983200
APH,2010-02-10,4.33,4.35,4.25,4.33,6286400
APH,2010-02-11,4.33,4.39,4.25,4.39,8514400
APH,2010-02-12,4.35,4.39,4.28,4.37,5599200
APH,2010-02-16,4.42,4.53,4.38,4.52,9291200
APH,2010-02-17,4.54,4.59,4.51,4.56,6211200
APH,2010-02-18,4.55,4.61,4.54,4.59,8580800
APH,2010-02-19,4.72,4.78,4.63,4.69,13837600
APH,2010-02-22,4.7,4.7,4.56,4.57,9249600
APH,2010-02-23,4.57,4.61,4.5,4.51,6515200
APH,2010-02-24,4.52,4.57,4.5,4.56,7242400
APH,2010-02-25,4.47,4.55,4.41,4.54,7702400
APH,2010-02-26,4.53,4.57,4.49,4.56,5529600
APH,2010-03-01,4.6,4.66,4.6,4.65,5453600
APH,2010-03-02,4.67,4.7,4.62,4.65,8715200
APH,2010-03-03,4.65,4.78,4.65,4.77,11669600
APH,2010-03-04,4.76,4.77,4.7,4.74,7743200
APH,2010-03-05,4.76,4.82,4.76,4.81,11920800
APH,2010-03-08,4.81,4.83,4.79,4.79,9616800
APH,2010-03-09,4.78,4.87,4.76,4.85,8008000
APH,2010-03-10,4.86,4.95,4.86,4.94,9715200
APH,2010-03-11,4.92,4.94,4.84,4.85,28581600
APH,2010-03-12,4.86,4.87,4.82,4.83,17888800
APH,2010-03-15,4.82,4.86,4.8,4.81,8668000
APH,2010-03-16,4.81,4.86,4.81,4.86,9924800
APH,2010-03-17,4.87,4.92,4.86,4.88,17516800
APH,2010-03-18,4.86,4.86,4.81,4.85,7156800
APH,2010-03-19,4.76,4.88,4.76,4.76,16609600
APH,2010-03-22,4.72,4.73,4.7,4.71,21666400
APH,2010-03-23,4.72,4.72,4.61,4.63,36502400
APH,2010-03-24,4.61,4.63,4.58,4.6,18145600
APH,2010-03-25,4.63,4.7,4.59,4.59,21110400
APH,2010-03-26,4.6,4.61,4.49,4.54,18972800
APH,2010-03-29,4.56,4.65,4.55,4.65,10753600
APH,2010-03-30,4.64,4.67,4.59,4.62,16245600
APH,2010-03-31,4.6,4.65,4.6,4.62,11562400
APH,2010-04-01,4.65,4.68,4.61,4.64,7662400
APH,2010-04-05,4.66,4.72,4.66,4.71,8622400
APH,2010-04-06,4.67,4.71,4.63,4.71,8038400
APH,2010-04-07,4.72,4.72,4.66,4.69,9665600
APH,2010-04-08,4.68,4.7,4.64,4.69,5795200
APH,2010-04-09,4.69,4.75,4.65,4.74,7671200
APH,2010-04-12,4.74,4.78,4.73,4.76,10380800
APH,2010-04-13,4.77,4.78,4.73,4.77,10735200
APH,2010-04-14,4.78,4.9,4.77,4.9,15016800
APH,2010-04-15,4.87,4.91,4.85,4.87,7852800
APH,2010-04-16,4.84,4.88,4.79,4.8,9201600
APH,2010-04-19,4.8,4.82,4.71,4.82,9614400
APH,2010-04-20,5.05,5.2,4.99,5.2,30996800
APH,2010-04-21,5.17,5.24,5.08,5.12,19371200
APH,2010-04-22,5.05,5.12,4.98,5.12,10468000
APH,2010-04-23,5.13,5.2,5.1,5.14,7110400
APH,2010-04-26,5.15,5.21,5.13,5.19,9767200
APH,2010-04-27,5.15,5.17,5.01,5.03,9624800
APH,2010-04-28,5.07,5.11,5.0,5.08,12280800
APH,2010-04-29,5.13,5.15,5.09,5.12,6748800
APH,2010-04-30,5.11,5.15,5.04,5.06,10773600
APH,2010-05-03,5.09,5.16,5.08,5.16,8322400
APH,2010-05-04,5.1,5.1,4.86,4.9,11180800
APH,2010-05-05,4.83,4.85,4.66,4.83,19356000
APH,2010-05-06,4.79,4.89,4.49,4.75,24298400
APH,2010-05-07,4.75,4.77,4.56,4.65,14996800
APH,2010-05-10,4.88,4.98,4.83,4.96,16930400
APH,2010-05-11,4.9,5.02,4.86,4.93,12880000
APH,2010-05-12,4.96,4.99,4.93,4.98,11183200
APH,2010-05-13,4.97,5.02,4.92,4.93,9223200
APH,2010-05-14,4.9,4.92,4.76,4.82,9269600
APH,2010-05-17,4.82,4.93,4.81,4.91,10632000
APH,2010-05-18,4.96,4.99,4.82,4.84,10937600
APH,2010-05-19,4.81,4.83,4.65,4.71,11652000
APH,2010-05-20,4.58,4.63,4.49,4.51,11709600
APH,2010-05-21,4.43,4.65,4.4,4.59,14230400
APH,2010-05-24,4.58,4.64,4.55,4.55,13074400
APH,2010-05-25,4.42,4.56,4.36,4.55,10264000
APH,2010-05-26,4.58,4.63,4.49,4.51,8686400
APH,2010-05-27,4.61,4.71,4.59,4.71,7483200
APH,2010-05-28,4.69,4.71,4.63,4.64,10221600
APH,2010-06-01,4.6,4.64,4.49,4.5,8527200
APH,2010-06-02,4.51,4.6,4.44,4.59,14319200
APH,2010-06-03,4.6,4.65,4.58,4.63,8688000
APH,2010-06-04,4.54,4.58,4.44,4.47,15470400
APH,2010-06-07,4.48,4.49,4.35,4.36,11876800
APH,2010-06-08,4.36,4.39,4.21,4.29,18393600
APH,2010-06-09,4.32,4.42,4.3,4.31,12374400
APH,2010-06-10,4.36,4.45,4.36,4.45,7337600
APH,2010-06-11,4.38,4.49,4.38,4.49,8060000
APH,2010-06-14,4.54,4.58,4.49,4.5,9496000
APH,2010-06-15,4.55,4.71,4.53,4.71,12235200
APH,2010-06-16,4.67,4.71,4.65,4.67,5292800
APH,2010-06-17,4.7,4.71,4.62,4.68,4621600
APH,2010-06-18,4.68,4.72,4.64,4.67,6444000
APH,2010-06-21,4.74,4.78,4.63,4.66,6994400
APH,2010-06-22,4.67,4.7,4.58,4.59,6330400
APH,2010-06-23,4.59,4.62,4.49,4.57,6477600
APH,2010-06-24,4.54,4.59,4.48,4.49,6735200
APH,2010-06-25,4.52,4.56,4.42,4.54,10032800
APH,2010-06-28,4.54,4.58,4.51,4.55,6159200
APH,2010-06-29,4.46,4.48,4.35,4.39,7811200
APH,2010-06-30,4.37,4.43,4.28,4.3,8568000
APH,2010-07-01,4.28,4.37,4.2,4.33,13012800
APH,2010-07-02,4.35,4.38,4.24,4.27,12190400
APH,2010-07-06,4.36,4.36,4.21,4.26,12068800
APH,2010-07-07,4.28,4.42,4.25,4.41,11502400
APH,2010-07-08,4.47,4.52,4.39,4.46,11488800
APH,2010-07-09,4.46,4.48,4.42,4.45,4865600
APH,2010-07-12,4.42,4.47,4.39,4.44,4700000
APH,2010-07-13,4.49,4.62,4.48,4.6,7308000
APH,2010-07-14,4.61,4.68,4.59,4.64,9099200
APH,2010-07-15,4.63,4.68,4.59,4.67,5685600
APH,2010-07-16,4.64,4.64,4.49,4.51,8594400
APH,2010-07-19,4.53,4.57,4.48,4.56,7488000
APH,2010-07-20,4.48,4.66,4.47,4.65,9448000
APH,2010-07-21,4.83,4.88,4.64,4.66,20543200
APH,2010-07-22,4.72,4.82,4.71,4.81,11509600
APH,2010-07-23,4.81,4.96,4.81,4.94,13757600
APH,2010-07-26,4.94,5.03,4.89,5.02,10995200
APH,2010-07-27,5.06,5.08,4.93,4.94,9197600
APH,2010-07-28,4.92,4.96,4.89,4.92,7466400
APH,2010-07-29,4.94,4.96,4.85,4.91,9248800
APH,2010-07-30,4.85,4.94,4.79,4.91,9568800
APH,2010-08-02,4.99,5.04,4.96,5.01,9411200
APH,2010-08-03,5.0,5.02,4.93,4.96,10970400
APH,2010-08-04,4.97,5.03,4.95,5.0,9649600
APH,2010-08-05,4.95,4.98,4.92,4.96,9812000
APH,2010-08-06,4.89,4.96,4.86,4.93,6731200
APH,2010-08-09,4.95,5.01,4.93,5.01,7601600
APH,2010-08-10,4.93,4.96,4.87,4.93,6522400
APH,2010-08-11,4.85,4.85,4.67,4.67,10953600
APH,2010-08-12,4.57,4.6,4.55,4.56,13060800
APH,2010-08-13,4.56,4.56,4.47,4.47,11453600
APH,2010-08-16,4.44,4.54,4.42,4.53,8413600
APH,2010-08-17,4.56,4.68,4.55,4.64,11528800
APH,2010-08-18,4.63,4.68,4.58,4.64,8343200
APH,2010-08-19,4.61,4.64,4.53,4.55,10372000
APH,2010-08-20,4.52,4.57,4.47,4.56,9110400
APH,2010-08-23,4.56,4.59,4.47,4.47,7239200
APH,2010-08-24,4.4,4.46,4.34,4.42,10188000
APH,2010-08-25,4.38,4.46,4.35,4.44,7912000
APH,2010-08-26,4.47,4.54,4.46,4.5,16249600
APH,2010-08-27,4.53,4.6,4.43,4.59,11133600
APH,2010-08-30,4.57,4.62,4.51,4.52,11338400
APH,2010-08-31,4.5,4.54,4.43,4.46,14497600
APH,2010-09-01,4.54,4.82,4.54,4.81,16936800
APH,2010-09-02,4.8,4.9,4.79,4.89,11942400
APH,2010-09-03,4.95,5.03,4.95,5.02,15587200
APH,2010-09-07,5.02,5.14,5.0,5.06,17296000
APH,2010-09-08,5.11,5.18,5.04,5.14,12460000
APH,2010-09-09,5.2,5.2,5.03,5.07,12356800
APH,2010-09-10,5.05,5.08,5.02,5.03,12125600
APH,2010-09-13,5.08,5.2,5.07,5.2,7844000
APH,2010-09-14,5.18,5.23,5.13,5.2,6728000
APH,2010-09-15,5.19,5.2,5.14,5.19,7023200
APH,2010-09-16,5.17,5.2,5.13,5.14,6472000
APH,2010-09-17,5.18,5.22,5.14,5.19,9438400
APH,2010-09-20,5.2,5.3,5.18,5.29,5533600
APH,2010-09-21,5.29,5.3,5.2,5.23,7184000
APH,2010-09-22,5.21,5.26,5.11,5.12,7580000
APH,2010-09-23,5.07,5.21,5.05,5.13,7656000
APH,2010-09-24,5.2,5.34,5.19,5.34,6509600
APH,2010-09-27,5.32,5.36,5.26,5.31,7056800
APH,2010-09-28,5.32,5.37,5.21,5.36,6445600
APH,2010-09-29,5.33,5.41,5.3,5.39,8385600
APH,2010-09-30,5.43,5.48,5.36,5.37,10512800
APH,2010-10-01,5.43,5.44,5.33,5.38,6225600
APH,2010-10-04,5.35,5.37,5.24,5.29,5788000
APH,2010-10-05,5.37,5.51,5.36,5.5,8951200
APH,2010-10-06,5.49,5.51,5.38,5.42,8391200
APH,2010-10-07,5.44,5.44,5.36,5.42,7641600
APH,2010-10-08,5.43,5.43,5.37,5.4,8379200
APH,2010-10-11,5.39,5.42,5.37,5.41,6317600
APH,2010-10-12,5.4,5.43,5.33,5.4,5116000
APH,2010-10-13,5.43,5.51,5.38,5.47,10890400
APH,2010-10-14,5.46,5.47,5.37,5.42,8387200
APH,2010-10-15,5.48,5.5,5.41,5.5,9080800
APH,2010-10-18,5.5,5.53,5.45,5.47,10080000
APH,2010-10-19,5.37,5.43,5.3,5.35,16104800
APH,2010-10-20,5.3,5.35,5.19,5.33,21232800
APH,2010-10-21,5.37,5.42,5.29,5.41,13253600
APH,2010-10-22,5.4,5.42,5.35,5.38,9163200
APH,2010-10-25,5.43,5.52,5.42,5.48,6520000
APH,2010-10-26,5.45,5.49,5.4,5.47,10864800
APH,2010-10-27,5.41,5.46,5.35,5.42,8457600
APH,2010-10-28,5.45,5.46,5.37,5.41,3894400
APH,2010-10-29,5.39,5.5,5.36,5.49,7992800
APH,2010-11-01,5.51,5.54,5.44,5.48,5505600
APH,2010-11-02,5.55,5.64,5.52,5.6,9060000
APH,2010-11-03,5.59,5.64,5.56,5.64,6208800
APH,2010-11-04,5.72,5.81,5.68,5.8,13039200
APH,2010-11-05,5.8,5.81,5.76,5.8,5842400
APH,2010-11-08,5.72,5.77,5.71,5.75,4548800
APH,2010-11-09,5.77,5.78,5.68,5.72,4662400
APH,2010-11-10,5.72,5.76,5.66,5.76,5881600
APH,2010-11-11,5.63,5.66,5.56,5.62,9889600
APH,2010-11-12,5.56,5.63,5.5,5.54,4619200
APH,2010-11-15,5.57,5.59,5.51,5.52,5532000
APH,2010-11-16,5.46,5.48,5.32,5.37,11189600
APH,2010-11-17,5.37,5.41,5.34,5.38,7866400
APH,2010-11-18,5.45,5.58,5.44,5.53,5588800
APH,2010-11-19,5.52,5.62,5.5,5.62,8091200
APH,2010-11-22,5.59,5.61,5.53,5.6,5966400
APH,2010-11-23,5.51,5.54,5.43,5.44,7065600
APH,2010-11-24,5.48,5.6,5.46,5.6,5804000
APH,2010-11-26,5.54,5.6,5.53,5.55,1756000
APH,2010-11-29,5.49,5.56,5.45,5.55,4160800
APH,2010-11-30,5.47,5.52,5.43,5.48,5005600
APH,2010-12-01,5.59,5.68,5.56,5.67,8066400
APH,2010-12-02,5.67,5.79,5.65,5.79,6173600
APH,2010-12-03,5.76,5.82,5.74,5.8,5211200
APH,2010-12-06,5.79,5.83,5.77,5.81,4640000
APH,2010-12-07,5.88,5.9,5.79,5.8,10495200
APH,2010-12-08,5.81,5.82,5.73,5.76,5298400
APH,2010-12-09,5.82,5.84,5.79,5.83,3900800
APH,2010-12-10,5.86,5.88,5.83,5.84,4928800
APH,2010-12-13,5.89,5.93,5.84,5.84,5060800
APH,2010-12-14,5.84,5.87,5.81,5.83,3568800
APH,2010-12-15,5.81,5.84,5.76,5.78,3580800
APH,2010-12-16,5.81,5.84,5.76,5.83,5902400
APH,2010-12-17,5.85,5.86,5.77,5.83,6824000
APH,2010-12-20,5.85,5.87,5.73,5.78,6954400
APH,2010-12-21,5.81,5.83,5.77,5.78,4094400
APH,2010-12-22,5.78,5.81,5.78,5.81,4104000
APH,2010-12-23,5.81,5.81,5.75,5.76,3892800
APH,2010-12-27,5.73,5.82,5.7,5.8,3007200
APH,2010-12-28,5.83,5.84,5.75,5.8,2890400
APH,2010-12-29,5.81,5.84,5.79,5.82,2948000
APH,2010-12-30,5.81,5.83,5.79,5.8,2415200
APH,2010-12-31,5.78,5.81,5.76,5.79,3905600
APH,2011-01-03,5.84,5.91,5.83,5.86,4899200
APH,2011-01-04,5.86,5.88,5.73,5.74,7064800
APH,2011-01-05,5.73,5.75,5.67,5.69,9789600
APH,2011-01-06,5.66,5.74,5.64,5.67,7164800
APH,2011-01-07,5.67,5.72,5.66,5.68,6172800
APH,2011-01-10,5.66,5.71,5.62,5.69,8154400
APH,2011-01-11,5.71,5.75,5.69,5.74,5658400
APH,2011-01-12,5.79,5.8,5.76,5.79,5651200
APH,2011-01-13,5.79,5.81,5.74,5.77,8364000
APH,2011-01-14,5.76,5.79,5.69,5.73,17496000
APH,2011-01-18,5.74,5.89,5.74,5.8,11365600
APH,2011-01-19,5.78,5.81,5.54,5.8,20331200
APH,2011-01-20,5.83,5.86,5.71,5.75,14453600
APH,2011-01-21,5.8,5.87,5.77,5.84,19420800
APH,2011-01-24,5.85,6.03,5.81,6.0,16120000
APH,2011-01-25,5.99,6.04,5.93,6.04,14393600
APH,2011-01-26,6.05,6.08,5.97,6.07,13378400
APH,2011-01-27,6.11,6.23,6.11,6.22,14908800
APH,2011-01-28,6.22,6.22,6.01,6.03,11964000
APH,2011-01-31,6.07,6.09,6.01,6.07,11476000
APH,2011-02-01,6.1,6.26,6.1,6.24,13117600
APH,2011-02-02,6.2,6.3,6.17,6.27,8858400
APH,2011-02-03,6.24,6.26,6.19,6.22,7476800
APH,2011-02-04,6.2,6.31,6.2,6.31,6019200
APH,2011-02-07,6.34,6.45,6.3,6.31,8711200
APH,2011-02-08,6.32,6.33,6.24,6.25,21538400
APH,2011-02-09,6.23,6.32,6.22,6.29,4855200
APH,2011-02-10,6.25,6.39,6.24,6.36,6313600
APH,2011-02-11,6.32,6.43,6.3,6.42,4197600
APH,2011-02-14,6.42,6.42,6.33,6.37,5889600
APH,2011-02-15,6.34,6.36,6.27,6.31,7036800
APH,2011-02-16,6.34,6.35,6.27,6.3,9768000
APH,2011-02-17,6.29,6.31,6.25,6.3,8002400
APH,2011-02-18,6.36,6.37,6.27,6.29,9466400
APH,2011-02-22,6.21,6.25,6.15,6.2,13164800
APH,2011-02-23,6.21,6.23,6.14,6.19,12809600
APH,2011-02-24,6.18,6.26,6.16,6.22,12980800
APH,2011-02-25,6.25,6.3,6.21,6.23,9278400
APH,2011-02-28,6.27,6.31,6.23,6.3,6490400
APH,2011-03-01,6.29,6.34,6.15,6.17,10087200
APH,2011-03-02,6.18,6.29,6.17,6.25,6548800
APH,2011-03-03,6.3,6.44,6.29,6.42,12265600
APH,2011-03-04,6.41,6.46,6.34,6.41,5478400
APH,2011-03-07,6.43,6.48,6.26,6.34,13694400
APH,2011-03-08,6.34,6.4,6.27,6.37,6251200
APH,2011-03-09,6.34,6.34,6.22,6.33,7933600
APH,2011-03-10,6.24,6.26,6.15,6.19,8520000
APH,2011-03-11,6.13,6.19,6.04,6.17,10405600
APH,2011-03-14,6.14,6.19,6.1,6.18,6448800
APH,2011-03-15,5.98,6.17,5.95,6.12,8722400
APH,2011-03-16,6.09,6.13,5.94,5.98,11616800
APH,2011-03-17,6.08,6.09,5.96,6.01,11117600
APH,2011-03-18,6.1,6.11,6.01,6.05,8310400
APH,2011-03-21,6.14,6.18,6.12,6.16,6424800
APH,2011-03-22,6.15,6.15,6.01,6.04,10744000
APH,2011-03-23,6.01,6.03,5.95,5.98,8575200
APH,2011-03-24,6.02,6.02,5.86,5.95,20543200
APH,2011-03-25,5.97,6.0,5.93,5.96,10819200
APH,2011-03-28,5.93,6.0,5.91,5.92,6986400
APH,2011-03-29,5.9,6.02,5.88,6.02,8964000
APH,2011-03-30,6.03,6.09,6.01,6.06,17251200
APH,2011-03-31,6.05,6.06,5.96,5.96,13968000
APH,2011-04-01,5.99,5.99,5.71,5.75,35809600
APH,2011-04-04,5.75,5.77,5.68,5.73,19932000
APH,2011-04-05,5.73,5.76,5.7,5.73,13696000
APH,2011-04-06,5.76,5.79,5.73,5.77,6488800
APH,2011-04-07,5.75,5.79,5.7,5.76,13508800
APH,2011-04-08,5.78,5.79,5.73,5.77,11217600
APH,2011-04-11,5.76,5.78,5.7,5.73,6712800
APH,2011-04-12,5.7,5.72,5.62,5.71,9730400
APH,2011-04-13,5.74,5.81,5.74,5.78,9682400
APH,2011-04-14,5.74,5.75,5.68,5.75,8421600
APH,2011-04-15,5.76,5.84,5.73,5.82,9436800
APH,2011-04-18,5.74,5.74,5.65,5.68,9608000
APH,2011-04-19,5.68,5.69,5.62,5.66,11202400
APH,2011-04-20,5.96,6.18,5.95,6.02,23572000
APH,2011-04-21,6.08,6.08,5.94,6.01,9440800
APH,2011-04-25,5.84,6.02,5.84,6.0,8898400
APH,2011-04-26,6.03,6.16,6.03,6.1,8800000
APH,2011-04-27,6.1,6.17,6.08,6.15,7142400
APH,2011-04-28,6.14,6.15,6.1,6.14,4788000
APH,2011-04-29,6.15,6.15,6.08,6.13,4952000
APH,2011-05-02,6.15,6.17,6.13,6.14,5820000
APH,2011-05-03,6.13,6.16,6.05,6.09,6215200
APH,2011-05-04,6.08,6.08,5.96,6.02,6322400
APH,2011-05-05,5.98,6.13,5.98,6.04,8917600
APH,2011-05-06,6.11,6.18,6.06,6.1,9101600
APH,2011-05-09,6.1,6.15,6.07,6.13,4577600
APH,2011-05-10,6.14,6.25,6.11,6.25,6082400
APH,2011-05-11,6.23,6.29,6.05,6.09,9690400
APH,2011-05-12,6.07,6.1,6.01,6.06,13600000
APH,2011-05-13,6.06,6.08,6.0,6.04,6568800
APH,2011-05-16,6.01,6.09,6.0,6.04,7166400
APH,2011-05-17,6.01,6.02,5.91,5.99,7350400
APH,2011-05-18,5.99,6.07,5.98,6.06,6409600
APH,2011-05-19,6.08,6.09,5.99,6.02,5664800
APH,2011-05-20,6.02,6.02,5.96,5.99,5703200
APH,2011-05-23,5.92,5.92,5.83,5.88,5025600
APH,2011-05-24,5.89,5.92,5.78,5.78,5586400
APH,2011-05-25,5.78,5.86,5.74,5.83,14999200
APH,2011-05-26,5.8,5.88,5.78,5.87,5150400
APH,2011-05-27,5.88,5.93,5.87,5.91,3895200
APH,2011-05-31,5.95,5.96,5.87,5.93,6970400
APH,2011-06-01,5.95,5.97,5.82,5.83,11612000
APH,2011-06-02,5.84,5.86,5.81,5.83,7583200
APH,2011-06-03,5.75,5.79,5.74,5.76,7119200
APH,2011-06-06,5.75,5.78,5.71,5.72,12652000
APH,2011-06-07,5.74,5.76,5.67,5.7,13733600
APH,2011-06-08,5.68,5.7,5.57,5.59,12942400
APH,2011-06-09,5.62,5.69,5.56,5.63,10600000
APH,2011-06-10,5.61,5.67,5.58,5.63,13909600
APH,2011-06-13,5.63,5.68,5.55,5.56,6574400
APH,2011-06-14,5.62,5.66,5.61,5.63,10718400
APH,2011-06-15,5.57,5.61,5.55,5.56,8869600
APH,2011-06-16,5.56,5.59,5.42,5.49,8764800
APH,2011-06-17,5.53,5.56,5.48,5.5,7505600
APH,2011-06-20,5.48,5.52,5.46,5.5,5274400
APH,2011-06-21,5.53,5.62,5.5,5.58,7673600
APH,2011-06-22,5.57,5.63,5.55,5.62,9616000
APH,2011-06-23,5.55,5.66,5.51,5.65,8238400
APH,2011-06-24,5.63,5.63,5.55,5.58,10742400
APH,2011-06-27,5.57,5.62,5.52,5.59,8030400
APH,2011-06-28,5.61,5.67,5.6,5.67,6158400
APH,2011-06-29,5.7,5.76,5.67,5.73,7732800
APH,2011-06-30,5.75,5.93,5.72,5.92,14113600
APH,2011-07-01,5.9,6.02,5.87,6.02,11096000
APH,2011-07-05,6.01,6.02,5.93,5.97,5915200
APH,2011-07-06,5.96,5.97,5.9,5.96,7322400
APH,2011-07-07,6.02,6.12,6.0,6.09,8620800
APH,2011-07-08,6.02,6.02,5.9,5.95,9912800
APH,2011-07-11,5.87,5.89,5.77,5.78,6125600
APH,2011-07-12,5.75,5.76,5.6,5.61,12386400
APH,2011-07-13,5.64,5.72,5.61,5.63,6719200
APH,2011-07-14,5.64,5.69,5.5,5.53,8760800
APH,2011-07-15,5.55,5.57,5.51,5.57,9230400
APH,2011-07-18,5.54,5.56,5.47,5.5,11885600
APH,2011-07-19,5.56,5.68,5.55,5.67,9846400
APH,2011-07-20,5.7,5.83,5.49,5.5,14343200
APH,2011-07-21,5.52,5.6,5.51,5.55,15626400
APH,2011-07-22,5.55,5.6,5.53,5.6,6880800
APH,2011-07-25,5.53,5.6,5.53,5.57,7356000
APH,2011-07-26,5.58,5.59,5.55,5.58,11428800
APH,2011-07-27,5.54,5.54,5.38,5.4,14858400
APH,2011-07-28,5.39,5.45,5.32,5.38,8482400
APH,2011-07-29,5.33,5.44,5.32,5.36,9924800
APH,2011-08-01,5.41,5.42,5.23,5.31,10197600
APH,2011-08-02,5.26,5.3,5.1,5.1,16763200
APH,2011-08-03,5.1,5.17,4.97,5.16,19163200
APH,2011-08-04,5.09,5.09,4.77,4.78,23486400
APH,2011-08-05,4.86,4.93,4.66,4.76,35616800
APH,2011-08-08,4.64,4.72,4.51,4.52,25237600
APH,2011-08-09,4.6,4.85,4.53,4.84,38320800
APH,2011-08-10,4.74,4.8,4.63,4.67,24732000
APH,2011-08-11,4.7,5.12,4.69,5.05,25431200
APH,2011-08-12,5.08,5.16,5.01,5.1,14233600
APH,2011-08-15,5.14,5.18,5.06,5.18,9254400
APH,2011-08-16,5.11,5.2,5.07,5.11,12892800
APH,2011-08-17,5.13,5.15,4.99,5.03,6908800
APH,2011-08-18,4.85,4.85,4.62,4.66,21585600
APH,2011-08-19,4.61,4.79,4.61,4.62,18961600
APH,2011-08-22,4.74,4.77,4.63,4.65,15211200
APH,2011-08-23,4.67,4.84,4.63,4.84,10032000
APH,2011-08-24,4.82,4.85,4.73,4.84,7864800
APH,2011-08-25,4.85,4.89,4.73,4.75,10359200
APH,2011-08-26,4.68,4.9,4.6,4.88,10844800
APH,2011-08-29,4.95,5.07,4.94,5.06,7934400
APH,2011-08-30,5.03,5.16,5.02,5.09,14818400
APH,2011-08-31,5.13,5.24,5.11,5.15,10901600
APH,2011-09-01,5.14,5.2,5.03,5.03,10875200
APH,2011-09-02,4.88,4.92,4.67,4.71,18584000
APH,2011-09-06,4.56,4.76,4.52,4.76,14679200
APH,2011-09-07,4.85,4.96,4.84,4.95,10338400
APH,2011-09-08,4.9,4.99,4.85,4.86,8968000
APH,2011-09-09,4.8,4.86,4.68,4.71,11137600
APH,2011-09-12,4.65,4.77,4.64,4.76,13975200
APH,2011-09-13,4.77,4.83,4.74,4.79,9742400
APH,2011-09-14,4.82,4.98,4.74,4.92,9963200
APH,2011-09-15,4.99,5.0,4.9,4.95,7969600
APH,2011-09-16,4.99,5.0,4.84,4.88,21259200
APH,2011-09-19,4.78,4.79,4.71,4.76,9436800
APH,2011-09-20,4.78,4.85,4.7,4.7,10592800
APH,2011-09-21,4.69,4.8,4.66,4.67,19597600
APH,2011-09-22,4.51,4.66,4.39,4.61,24040800
APH,2011-09-23,4.58,4.64,4.52,4.58,15661600
APH,2011-09-26,4.61,4.7,4.49,4.7,9944000
APH,2011-09-27,4.81,4.9,4.77,4.8,11589600
APH,2011-09-28,4.8,4.83,4.66,4.66,7344000
APH,2011-09-29,4.77,4.8,4.62,4.74,10727200
APH,2011-09-30,4.65,4.66,4.47,4.47,13691200
APH,2011-10-03,4.43,4.48,4.32,4.37,18704000
APH,2011-10-04,4.28,4.51,4.28,4.5,17600000
APH,2011-10-05,4.52,4.61,4.45,4.59,11573600
APH,2011-10-06,4.59,4.68,4.56,4.67,10568000
APH,2011-10-07,4.7,4.71,4.58,4.65,16511200
APH,2011-10-10,4.75,4.84,4.75,4.83,10537600
APH,2011-10-11,4.79,4.82,4.67,4.7,13255200
APH,2011-10-12,4.75,4.82,4.72,4.75,14112000
APH,2011-10-13,4.71,4.77,4.66,4.74,15370400
APH,2011-10-14,4.82,4.87,4.78,4.84,9508800
APH,2011-10-17,4.8,4.81,4.66,4.7,13264000
APH,2011-10-18,4.69,4.86,4.65,4.84,10019200
APH,2011-10-19,4.61,4.67,4.52,4.6,37068800
APH,2011-10-20,4.57,4.65,4.5,4.63,16429600
APH,2011-10-21,4.7,5.02,4.7,5.01,21980800
APH,2011-10-24,5.01,5.16,5.0,5.14,14628800
APH,2011-10-25,5.09,5.15,5.04,5.06,12110400
APH,2011-10-26,5.14,5.24,5.04,5.19,14083200
APH,2011-10-27,5.37,5.54,5.34,5.48,17948800
APH,2011-10-28,5.48,5.48,5.35,5.41,14978400
APH,2011-10-31,5.33,5.36,5.21,5.21,14416800
APH,2011-11-01,5.02,5.22,5.02,5.11,16693600
APH,2011-11-02,5.2,5.26,5.15,5.2,8772800
APH,2011-11-03,5.28,5.3,5.16,5.29,9287200
APH,2011-11-04,5.22,5.28,5.17,5.25,6260000
APH,2011-11-07,5.12,5.26,5.1,5.26,13436000
APH,2011-11-08,5.28,5.31,5.23,5.25,14317600
APH,2011-11-09,5.13,5.13,4.93,4.99,18516000
APH,2011-11-10,5.06,5.09,4.95,4.98,9990400
APH,2011-11-11,5.07,5.2,5.05,5.14,9094400
APH,2011-11-14,5.11,5.17,5.08,5.12,7660800
APH,2011-11-15,5.09,5.26,5.09,5.2,8912000
APH,2011-11-16,5.15,5.24,5.13,5.17,9435200
APH,2011-11-17,5.14,5.15,4.97,5.01,12621600
APH,2011-11-18,5.02,5.03,4.93,4.94,12884800
APH,2011-11-21,4.85,4.88,4.74,4.79,15685600
APH,2011-11-22,4.78,4.79,4.67,4.74,11888800
APH,2011-11-23,4.68,4.68,4.57,4.58,11064000
APH,2011-11-25,4.56,4.64,4.55,4.56,5788800
APH,2011-11-28,4.71,4.76,4.67,4.71,10876000
APH,2011-11-29,4.7,4.73,4.66,4.69,12184800
APH,2011-11-30,4.86,4.98,4.83,4.97,18244000
APH,2011-12-01,4.97,5.03,4.94,4.96,13804800
APH,2011-12-02,5.06,5.08,4.93,4.95,10133600
APH,2011-12-05,5.04,5.09,4.97,5.03,10136800
APH,2011-12-06,5.03,5.04,4.97,4.99,6142400
APH,2011-12-07,4.96,4.99,4.89,4.97,7756800
APH,2011-12-08,4.94,4.98,4.81,4.82,8033600
APH,2011-12-09,4.83,4.95,4.8,4.93,10847200
APH,2011-12-12,4.87,4.87,4.75,4.79,8160000
APH,2011-12-13,4.82,4.84,4.64,4.67,11469600
APH,2011-12-14,4.65,4.68,4.57,4.59,10632000
APH,2011-12-15,4.65,4.67,4.56,4.57,13110400
APH,2011-12-16,4.61,4.66,4.53,4.57,20316000
APH,2011-12-19,4.61,4.62,4.5,4.51,9196000
APH,2011-12-20,4.61,4.81,4.61,4.79,16160000
APH,2011-12-21,4.89,4.89,4.77,4.84,14332800
APH,2011-12-22,4.86,4.97,4.84,4.94,10493600
APH,2011-12-23,4.95,5.03,4.94,5.02,5173600
APH,2011-12-27,5.01,5.05,4.97,5.03,4333600
APH,2011-12-28,5.04,5.06,4.95,4.97,5097600
APH,2011-12-29,4.99,5.04,4.96,5.03,4033600
APH,2011-12-30,5.02,5.06,4.98,4.98,5136000
APH,2012-01-03,5.11,5.11,5.02,5.05,8131200
APH,2012-01-04,5.02,5.07,4.99,5.03,5673600
APH,2012-01-05,4.99,5.09,4.94,5.07,10492800
APH,2012-01-06,5.06,5.1,5.04,5.07,6785600
APH,2012-01-09,5.11,5.2,5.1,5.16,8243200
APH,2012-01-10,5.21,5.29,5.21,5.27,5797600
APH,2012-01-11,5.25,5.28,5.23,5.25,5766400
APH,2012-01-12,5.27,5.31,5.2,5.29,6364800
APH,2012-01-13,5.26,5.3,5.23,5.29,6490400
APH,2012-01-17,5.36,5.41,5.28,5.3,7091200
APH,2012-01-18,5.94,5.96,5.74,5.88,37028800
APH,2012-01-19,5.86,6.09,5.85,6.03,15974400
APH,2012-01-20,5.98,6.09,5.98,6.08,13859200
APH,2012-01-23,6.08,6.09,6.0,6.05,8675200
APH,2012-01-24,6.0,6.06,5.96,6.01,9297600
APH,2012-01-25,5.96,6.02,5.91,6.0,12364800
APH,2012-01-26,6.05,6.08,5.97,6.01,10129600
APH,2012-01-27,5.98,6.03,5.93,5.97,11705600
APH,2012-01-30,5.88,5.97,5.86,5.95,9305600
APH,2012-01-31,5.99,6.03,5.93,5.98,6554400
APH,2012-02-01,6.06,6.09,6.01,6.02,12264000
APH,2012-02-02,6.02,6.03,5.95,5.95,8496800
APH,2012-02-03,6.04,6.09,6.02,6.05,9652800
APH,2012-02-06,5.99,6.06,5.99,6.02,5468800
APH,2012-02-07,5.98,6.04,5.97,6.02,6420800
APH,2012-02-08,6.02,6.07,5.99,6.0,4900000
APH,2012-02-09,6.01,6.08,6.0,6.07,5235200
APH,2012-02-10,6.0,6.03,5.98,6.02,5577600
APH,2012-02-13,6.07,6.07,6.0,6.05,4269600
APH,2012-02-14,6.04,6.05,6.0,6.04,5337600
APH,2012-02-15,6.06,6.06,5.98,6.02,4573600
APH,2012-02-16,6.02,6.2,6.0,6.19,7755200
APH,2012-02-17,6.23,6.25,6.11,6.18,8846400
APH,2012-02-21,6.18,6.22,6.16,6.19,5168800
APH,2012-02-22,6.16,6.23,6.16,6.17,4286400
APH,2012-02-23,6.16,6.17,6.07,6.16,3662400
APH,2012-02-24,6.19,6.24,6.17,6.18,4212000
APH,2012-02-27,6.13,6.21,6.08,6.16,3713600
APH,2012-02-28,6.16,6.21,6.14,6.2,8980000
APH,2012-02-29,6.22,6.24,6.12,6.14,5613600
APH,2012-03-01,6.16,6.23,6.14,6.2,4204800
APH,2012-03-02,6.2,6.26,6.16,6.17,5755200
APH,2012-03-05,6.15,6.15,6.07,6.12,5484800
APH,2012-03-06,6.04,6.06,6.0,6.05,7556000
APH,2012-03-07,6.06,6.15,6.04,6.15,5649600
APH,2012-03-08,6.19,6.22,6.15,6.19,3056000
APH,2012-03-09,6.19,6.28,6.18,6.24,3328800
APH,2012-03-12,6.24,6.25,6.19,6.24,2702400
APH,2012-03-13,6.28,6.39,6.28,6.38,3896800
APH,2012-03-14,6.37,6.4,6.28,6.3,4172800
APH,2012-03-15,6.31,6.35,6.27,6.35,2705600
APH,2012-03-16,6.36,6.38,6.3,6.35,6139200
APH,2012-03-19,6.34,6.36,6.29,6.33,3871200
APH,2012-03-20,6.3,6.32,6.2,6.23,5704800
APH,2012-03-21,6.23,6.29,6.2,6.25,3409600
APH,2012-03-22,6.21,6.25,6.16,6.25,2844000
APH,2012-03-23,6.26,6.26,6.2,6.25,3458400
APH,2012-03-26,6.29,6.39,6.28,6.37,6366400
APH,2012-03-27,6.39,6.58,6.37,6.5,13808000
APH,2012-03-28,6.5,6.52,6.38,6.45,6352000
APH,2012-03-29,6.39,6.51,6.37,6.49,6716800
APH,2012-03-30,6.52,6.61,6.5,6.57,8208800
APH,2012-04-02,6.58,6.78,6.58,6.75,10962400
APH,2012-04-03,6.72,6.8,6.64,6.68,5674400
APH,2012-04-04,6.6,6.63,6.52,6.56,6283200
APH,2012-04-05,6.53,6.55,6.51,6.53,3813600
APH,2012-04-09,6.41,6.46,6.39,6.43,6299200
APH,2012-04-10,6.34,6.39,6.24,6.29,11520800
APH,2012-04-11,6.35,6.42,6.33,6.34,7420000
APH,2012-04-12,6.36,6.52,6.35,6.5,6871200
APH,2012-04-13,6.51,6.52,6.43,6.47,8509600
APH,2012-04-16,6.52,6.53,6.45,6.5,8447200
APH,2012-04-17,6.54,6.62,6.53,6.59,8425600
APH,2012-04-18,6.54,6.54,6.28,6.39,19476000
APH,2012-04-19,6.42,6.47,6.28,6.34,8466400
APH,2012-04-20,6.36,6.39,6.34,6.34,12030400
APH,2012-04-23,6.27,6.27,6.18,6.24,7216800
APH,2012-04-24,6.26,6.31,6.19,6.22,9623200
APH,2012-04-25,6.31,6.33,6.27,6.3,10945600
APH,2012-04-26,6.3,6.44,6.28,6.43,6944000
APH,2012-04-27,6.46,6.49,6.42,6.45,8810400
APH,2012-04-30,6.43,6.44,6.36,6.39,5984000
APH,2012-05-01,6.4,6.45,6.32,6.37,5030400
APH,2012-05-02,6.34,6.39,6.3,6.37,3405600
APH,2012-05-03,6.36,6.36,6.23,6.24,4664000
APH,2012-05-04,6.18,6.2,6.08,6.09,5356000
APH,2012-05-07,6.08,6.12,6.01,6.03,7833600
APH,2012-05-08,6.01,6.03,5.93,6.0,9987200
APH,2012-05-09,5.93,6.06,5.9,6.02,6830400
APH,2012-05-10,6.08,6.09,5.95,5.96,6222400
APH,2012-05-11,5.93,6.03,5.92,5.94,4709600
APH,2012-05-14,5.87,5.93,5.79,5.88,6384800
APH,2012-05-15,5.88,5.94,5.83,5.85,7899200
APH,2012-05-16,5.88,5.91,5.79,5.79,5949600
APH,2012-05-17,5.8,5.81,5.7,5.75,8427200
APH,2012-05-18,5.77,5.78,5.61,5.63,8365600
APH,2012-05-21,5.66,5.79,5.63,5.77,6147200
APH,2012-05-22,5.77,5.86,5.73,5.83,8797600
APH,2012-05-23,5.76,5.89,5.75,5.88,8324800
APH,2012-05-24,5.89,5.92,5.81,5.86,7070400
APH,2012-05-25,5.87,5.9,5.84,5.85,3005600
APH,2012-05-29,5.92,5.96,5.91,5.95,6566400
APH,2012-05-30,5.9,5.9,5.82,5.86,6048000
APH,2012-05-31,5.86,5.88,5.76,5.85,6711200
APH,2012-06-01,5.73,5.74,5.64,5.67,10542400
APH,2012-06-04,5.68,5.75,5.65,5.74,7684000
APH,2012-06-05,5.73,5.88,5.71,5.86,7656000
APH,2012-06-06,5.9,5.96,5.89,5.96,6068000
APH,2012-06-07,6.03,6.08,5.98,6.0,6000000
APH,2012-06-08,5.97,6.04,5.93,6.03,5081600
APH,2012-06-11,6.09,6.17,5.94,5.95,7289600
APH,2012-06-12,5.96,6.03,5.93,6.03,6308800
APH,2012-06-13,6.01,6.08,5.97,6.05,7815200
APH,2012-06-14,6.05,6.06,5.96,6.0,6684800
APH,2012-06-15,6.04,6.15,6.01,6.14,7513600
APH,2012-06-18,6.1,6.23,6.07,6.22,4924000
APH,2012-06-19,6.27,6.35,6.21,6.32,6049600
APH,2012-06-20,6.29,6.31,6.2,6.25,7864800
APH,2012-06-21,6.26,6.27,6.01,6.04,5674400
APH,2012-06-22,6.07,6.1,6.02,6.07,6607200
APH,2012-06-25,5.98,5.99,5.86,5.9,4879200
APH,2012-06-26,5.9,5.92,5.85,5.89,7640000
APH,2012-06-27,5.9,5.97,5.89,5.92,5328000
APH,2012-06-28,5.86,5.9,5.78,5.87,5492000
APH,2012-06-29,6.0,6.06,5.97,6.05,5307200
APH,2012-07-02,6.05,6.08,5.98,6.03,4630400
APH,2012-07-03,6.02,6.09,6.01,6.08,3824000
APH,2012-07-05,6.07,6.11,6.05,6.07,6198400
APH,2012-07-06,6.0,6.02,5.82,5.9,6023200
APH,2012-07-09,5.89,5.91,5.82,5.87,4316800
APH,2012-07-10,5.88,5.93,5.73,5.78,5276000
APH,2012-07-11,5.77,5.79,5.67,5.71,5633600
APH,2012-07-12,5.67,5.7,5.61,5.67,6396800
APH,2012-07-13,5.68,5.76,5.66,5.74,5292000
APH,2012-07-16,5.73,5.75,5.67,5.7,5767200
APH,2012-07-17,5.73,5.74,5.63,5.66,14666400
APH,2012-07-18,6.18,6.58,6.15,6.49,35921600
APH,2012-07-19,6.48,6.61,6.43,6.5,13925600
APH,2012-07-20,6.44,6.49,6.39,6.41,11508000
APH,2012-07-23,6.29,6.43,6.17,6.4,11544000
APH,2012-07-24,6.4,6.4,6.3,6.36,6431200
APH,2012-07-25,6.39,6.52,6.38,6.46,8528000
APH,2012-07-26,6.56,6.62,6.52,6.6,6366400
APH,2012-07-27,6.64,6.66,6.59,6.61,9899200
APH,2012-07-30,6.59,6.65,6.54,6.58,3870400
APH,2012-07-31,6.57,6.61,6.48,6.49,5862400
APH,2012-08-01,6.53,6.53,6.43,6.47,5692800
APH,2012-08-02,6.39,6.5,6.34,6.4,5383200
APH,2012-08-03,6.51,6.62,6.49,6.59,6372800
APH,2012-08-06,6.62,6.7,6.6,6.65,4472800
APH,2012-08-07,6.66,6.84,6.65,6.76,8354400
APH,2012-08-08,6.74,6.75,6.67,6.72,6128000
APH,2012-08-09,6.72,6.77,6.7,6.71,4268800
APH,2012-08-10,6.63,6.74,6.62,6.73,5105600
APH,2012-08-13,6.73,6.83,6.71,6.81,5985600
APH,2012-08-14,6.83,6.86,6.79,6.82,4796000
APH,2012-08-15,6.79,6.84,6.77,6.8,3759200
APH,2012-08-16,6.82,6.91,6.78,6.87,5030400
APH,2012-08-17,6.87,6.92,6.84,6.87,4465600
APH,2012-08-20,6.86,6.88,6.74,6.85,3907200
APH,2012-08-21,6.86,6.92,6.81,6.83,5697600
APH,2012-08-22,6.82,6.83,6.67,6.72,7156800
APH,2012-08-23,6.7,6.77,6.68,6.72,2695200
APH,2012-08-24,6.71,6.8,6.69,6.79,3571200
APH,2012-08-27,6.8,6.85,6.77,6.79,2801600
APH,2012-08-28,6.69,6.73,6.51,6.7,4741600
APH,2012-08-29,6.7,6.75,6.64,6.7,4171200
APH,2012-08-30,6.66,6.68,6.6,6.65,4033600
APH,2012-08-31,6.69,6.74,6.63,6.71,4142400
APH,2012-09-04,6.74,6.8,6.68,6.76,7363200
APH,2012-09-05,6.77,6.78,6.63,6.65,4275200
APH,2012-09-06,6.7,6.82,6.69,6.8,7346400
APH,2012-09-07,6.81,6.85,6.79,6.84,4249600
APH,2012-09-10,6.83,6.84,6.79,6.79,3873600
APH,2012-09-11,6.79,6.81,6.77,6.78,2953600
APH,2012-09-12,6.8,6.83,6.74,6.76,3174400
APH,2012-09-13,6.75,6.91,6.75,6.89,7234400
APH,2012-09-14,6.88,6.98,6.88,6.97,5039200
APH,2012-09-17,6.97,7.03,6.95,6.96,6194400
APH,2012-09-18,6.95,6.95,6.87,6.91,4729600
APH,2012-09-19,6.94,6.94,6.87,6.89,2968000
APH,2012-09-20,6.85,6.88,6.78,6.83,3318400
APH,2012-09-21,6.86,6.92,6.83,6.83,4106400
APH,2012-09-24,6.8,6.8,6.69,6.7,4556800
APH,2012-09-25,6.73,6.78,6.64,6.64,6066400
APH,2012-09-26,6.63,6.64,6.53,6.53,4572800
APH,2012-09-27,6.53,6.56,6.47,6.54,8880000
APH,2012-09-28,6.51,6.55,6.47,6.5,9431200
APH,2012-10-01,6.53,6.57,6.35,6.38,11114400
APH,2012-10-02,6.43,6.43,6.34,6.4,5726400
APH,2012-10-03,6.42,6.45,6.37,6.43,5673600
APH,2012-10-04,6.45,6.45,6.37,6.4,6572800
APH,2012-10-05,6.43,6.5,6.4,6.49,5086400
APH,2012-10-08,6.44,6.49,6.42,6.44,9297600
APH,2012-10-09,6.43,6.48,6.41,6.46,9634400
APH,2012-10-10,6.44,6.46,6.4,6.44,7189600
APH,2012-10-11,6.49,6.5,6.43,6.46,4844000
APH,2012-10-12,6.46,6.51,6.43,6.46,9180000
APH,2012-10-15,6.48,6.53,6.44,6.51,8936800
APH,2012-10-16,6.53,6.64,6.51,6.64,12360000
APH,2012-10-17,6.79,6.84,6.7,6.79,9842400
APH,2012-10-18,6.82,6.84,6.76,6.82,9628800
APH,2012-10-19,6.81,6.83,6.73,6.75,8912000
APH,2012-10-22,6.72,6.83,6.72,6.79,6377600
APH,2012-10-23,6.71,6.75,6.63,6.73,8656800
APH,2012-10-24,6.73,6.74,6.58,6.61,8080800
APH,2012-10-25,6.65,6.69,6.61,6.63,5760800
APH,2012-10-26,6.64,6.67,6.58,6.64,6488000
APH,2012-10-31,6.63,6.71,6.6,6.64,4268800
APH,2012-11-01,6.63,6.76,6.63,6.74,5440800
APH,2012-11-02,6.76,6.79,6.64,6.71,3560000
APH,2012-11-05,6.68,6.83,6.66,6.82,4019200
APH,2012-11-06,6.8,6.93,6.78,6.85,6304000
APH,2012-11-07,6.73,6.9,6.72,6.72,7379200
APH,2012-11-08,6.73,6.74,6.61,6.66,9152000
APH,2012-11-09,6.66,6.78,6.62,6.74,6110400
APH,2012-11-12,6.74,6.8,6.69,6.78,3341600
APH,2012-11-13,6.72,6.79,6.69,6.69,2919200
APH,2012-11-14,6.71,6.73,6.52,6.54,5300800
APH,2012-11-15,6.54,6.57,6.44,6.48,5362400
APH,2012-11-16,6.48,6.55,6.43,6.53,4628800
APH,2012-11-19,6.59,6.68,6.59,6.68,3221600
APH,2012-11-20,6.66,6.7,6.61,6.67,2676000
APH,2012-11-21,6.68,6.72,6.66,6.71,2613600
APH,2012-11-23,6.73,6.79,6.71,6.79,1324000
APH,2012-11-26,6.78,6.82,6.76,6.82,4676000
APH,2012-11-27,6.8,6.83,6.73,6.74,2623200
APH,2012-11-28,6.7,6.8,6.67,6.79,2615200
APH,2012-11-29,6.81,6.85,6.7,6.84,3134400
APH,2012-11-30,6.86,6.88,6.81,6.83,4770400
APH,2012-12-03,6.89,6.92,6.73,6.74,3065600
APH,2012-12-04,6.78,6.81,6.7,6.73,3393600
APH,2012-12-05,6.73,6.74,6.64,6.73,2769600
APH,2012-12-06,6.73,6.75,6.66,6.75,2498400
APH,2012-12-07,6.78,6.82,6.71,6.8,3923200
APH,2012-12-10,6.79,6.86,6.76,6.84,2818400
APH,2012-12-11,6.87,6.97,6.85,6.94,2989600
APH,2012-12-12,6.99,7.02,6.91,6.95,5112800
APH,2012-12-13,6.94,6.98,6.88,6.92,3523200
APH,2012-12-14,6.92,6.95,6.89,6.91,4036800
APH,2012-12-17,6.93,7.05,6.91,7.05,4014400
APH,2012-12-18,7.05,7.17,7.02,7.15,5496000
APH,2012-12-19,7.16,7.19,7.12,7.17,4387200
APH,2012-12-20,7.18,7.21,7.11,7.19,4390400
APH,2012-12-21,7.16,7.22,7.08,7.18,6864800
APH,2012-12-24,7.15,7.18,7.12,7.15,1372000
APH,2012-12-26,7.17,7.18,7.13,7.13,2577600
APH,2012-12-27,7.13,7.16,7.06,7.14,3306400
APH,2012-12-28,7.1,7.11,7.03,7.03,2664800
APH,2012-12-31,7.03,7.17,7.0,7.15,3331200
APH,2013-01-02,7.29,7.53,7.27,7.53,10184000
APH,2013-01-03,7.46,7.51,7.4,7.43,7552800
APH,2013-01-04,7.43,7.45,7.38,7.4,4317600
APH,2013-01-07,7.39,7.42,7.31,7.41,4875200
APH,2013-01-08,7.4,7.42,7.33,7.37,3464800
APH,2013-01-09,7.39,7.47,7.39,7.46,4128800
APH,2013-01-10,7.5,7.52,7.43,7.5,3600000
APH,2013-01-11,7.51,7.57,7.47,7.56,5020800
APH,2013-01-14,7.57,7.65,7.5,7.54,3775200
APH,2013-01-15,7.48,7.56,7.46,7.56,6332000
APH,2013-01-16,7.56,7.59,7.51,7.55,9180800
APH,2013-01-17,7.52,7.62,7.4,7.5,8622400
APH,2013-01-18,7.53,7.57,7.44,7.47,7640000
APH,2013-01-22,7.46,7.5,7.43,7.5,12082400
APH,2013-01-23,7.49,7.5,7.44,7.48,6744800
APH,2013-01-24,7.51,7.58,7.46,7.49,4839200
APH,2013-01-25,7.5,7.52,7.46,7.49,4293600
APH,2013-01-28,7.49,7.49,7.42,7.44,3983200
APH,2013-01-29,7.44,7.5,7.42,7.49,6844800
APH,2013-01-30,7.49,7.51,7.48,7.5,4868000
APH,2013-01-31,7.5,7.53,7.44,7.47,4806400
APH,2013-02-01,7.53,7.6,7.49,7.57,5280800
APH,2013-02-04,7.52,7.55,7.44,7.46,7353600
APH,2013-02-05,7.5,7.62,7.46,7.62,4947200
APH,2013-02-06,7.57,7.7,7.55,7.69,4589600
APH,2013-02-07,7.68,7.7,7.58,7.68,5547200
APH,2013-02-08,7.69,7.83,7.69,7.79,5990400
APH,2013-02-11,7.79,7.84,7.76,7.78,4008000
APH,2013-02-12,7.79,7.85,7.76,7.78,9417600
APH,2013-02-13,7.81,7.84,7.72,7.75,4701600
APH,2013-02-14,7.73,7.8,7.71,7.75,7226400
APH,2013-02-15,7.77,7.81,7.74,7.79,10091200
APH,2013-02-19,7.8,7.84,7.78,7.84,5494400
APH,2013-02-20,7.84,7.88,7.68,7.68,5119200
APH,2013-02-21,7.65,7.72,7.61,7.66,6396800
APH,2013-02-22,7.71,7.83,7.7,7.83,5040000
APH,2013-02-25,7.87,7.88,7.65,7.65,4517600
APH,2013-02-26,7.69,7.78,7.67,7.75,4917600
APH,2013-02-27,7.73,7.86,7.7,7.81,4680800
APH,2013-02-28,7.82,7.88,7.79,7.83,4890400
APH,2013-03-01,7.8,7.93,7.76,7.93,5303200
APH,2013-03-04,7.9,7.97,7.87,7.96,5470400
APH,2013-03-05,7.99,8.06,7.97,8.02,5673600
APH,2013-03-06,8.06,8.09,8.01,8.05,3807200
APH,2013-03-07,8.05,8.06,8.0,8.02,5225600
APH,2013-03-08,8.06,8.11,8.02,8.1,4245600
APH,2013-03-11,8.1,8.12,8.06,8.1,4602400
APH,2013-03-12,8.09,8.1,8.0,8.05,4093600
APH,2013-03-13,8.05,8.1,8.05,8.07,3272800
APH,2013-03-14,8.1,8.17,8.09,8.11,4620000
APH,2013-03-15,8.07,8.08,7.98,8.02,5919200
APH,2013-03-18,7.95,8.04,7.94,8.02,4466400
APH,2013-03-19,8.06,8.08,7.96,8.01,5394400
APH,2013-03-20,8.08,8.13,8.04,8.1,3854400
APH,2013-03-21,8.01,8.12,7.9,8.06,4722400
APH,2013-03-22,7.92,8.11,7.89,8.11,3551200
APH,2013-03-25,8.14,8.14,8.02,8.04,3646400
APH,2013-03-26,8.06,8.11,8.05,8.1,2476000
APH,2013-03-27,8.05,8.1,8.02,8.1,2927200
APH,2013-03-28,8.09,8.27,8.08,8.27,6851200
APH,2013-04-01,8.28,8.28,8.12,8.14,4432000
APH,2013-04-02,8.15,8.21,8.14,8.16,3216000
APH,2013-04-03,8.18,8.2,8.11,8.12,3890400
APH,2013-04-04,8.11,8.18,8.1,8.11,2899200
APH,2013-04-05,7.98,8.03,7.91,7.98,6585600
APH,2013-04-08,8.0,8.09,7.97,8.09,2388800
APH,2013-04-09,8.1,8.11,7.99,8.08,3931200
APH,2013-04-10,8.1,8.24,8.08,8.23,3958400
APH,2013-04-11,8.23,8.3,8.19,8.28,3427200
APH,2013-04-12,8.2,8.24,8.1,8.14,3744800
APH,2013-04-15,8.11,8.11,7.92,7.92,7665600
APH,2013-04-16,7.97,8.14,7.97,8.14,4432800
APH,2013-04-17,8.08,8.08,7.88,8.0,8179200
APH,2013-04-18,8.0,8.14,7.76,8.0,9728000
APH,2013-04-19,7.99,8.06,7.89,8.06,5712000
APH,2013-04-22,8.07,8.21,8.06,8.17,4991200
APH,2013-04-23,8.2,8.22,8.08,8.19,4180000
APH,2013-04-24,8.2,8.26,8.18,8.23,5363200
APH,2013-04-25,8.25,8.4,8.17,8.34,4541600
APH,2013-04-26,8.32,8.32,8.22,8.23,2932000
APH,2013-04-29,8.2,8.33,8.2,8.29,3824800
APH,2013-04-30,8.29,8.36,8.26,8.36,5371200
APH,2013-05-01,8.36,8.42,8.32,8.36,6792000
APH,2013-05-02,8.55,8.55,8.37,8.39,7558400
APH,2013-05-03,8.47,8.55,8.46,8.54,6716800
APH,2013-05-06,8.53,8.58,8.49,8.54,5597600
APH,2013-05-07,8.54,8.64,8.54,8.62,3547200
APH,2013-05-08,8.61,8.64,8.58,8.63,3584000
APH,2013-05-09,8.63,8.71,8.63,8.66,3230400
APH,2013-05-10,8.71,8.89,8.69,8.89,6140000
APH,2013-05-13,8.87,8.87,8.8,8.84,4332000
APH,2013-05-14,8.84,8.95,8.84,8.95,3136000
APH,2013-05-15,8.93,9.01,8.88,9.01,3856800
APH,2013-05-16,9.0,9.06,8.99,9.02,3847200
APH,2013-05-17,9.05,9.23,9.04,9.22,4546400
APH,2013-05-20,9.19,9.22,9.05,9.07,7136000
APH,2013-05-21,9.07,9.09,8.94,8.97,5380800
APH,2013-05-22,8.84,8.94,8.54,8.6,11711200
APH,2013-05-23,8.53,8.66,8.5,8.64,6886400
APH,2013-05-24,8.59,8.7,8.56,8.67,4393600
APH,2013-05-28,8.77,8.8,8.67,8.71,4028800
APH,2013-05-29,8.65,8.7,8.6,8.66,4998400
APH,2013-05-30,8.68,8.71,8.65,8.69,5220000
APH,2013-05-31,8.64,8.73,8.62,8.63,5618400
APH,2013-06-03,8.66,8.71,8.59,8.71,4677600
APH,2013-06-04,8.72,8.77,8.58,8.61,7336800
APH,2013-06-05,8.56,8.57,8.43,8.5,8080000
APH,2013-06-06,8.51,8.57,8.45,8.56,4177600
APH,2013-06-07,8.59,8.68,8.57,8.61,5945600
APH,2013-06-10,8.63,8.64,8.58,8.63,4429600
APH,2013-06-11,8.53,8.59,8.5,8.51,3461600
APH,2013-06-12,8.58,8.58,8.42,8.44,2129600
APH,2013-06-13,8.44,8.56,8.39,8.54,4124800
APH,2013-06-14,8.56,8.57,8.45,8.45,2934400
APH,2013-06-17,8.51,8.83,8.5,8.76,7650400
APH,2013-06-18,8.78,8.83,8.75,8.79,4309600
APH,2013-06-19,8.77,8.81,8.68,8.68,2975200
APH,2013-06-20,8.56,8.62,8.37,8.38,4568000
APH,2013-06-21,8.46,8.52,8.4,8.47,7584000
APH,2013-06-24,8.37,8.45,8.3,8.31,4910400
APH,2013-06-25,8.41,8.51,8.39,8.47,3942400
APH,2013-06-26,8.56,8.61,8.48,8.59,3740000
APH,2013-06-27,8.64,8.82,8.63,8.81,7599200
APH,2013-06-28,8.8,8.8,8.64,8.64,10706400
APH,2013-07-01,8.71,8.75,8.66,8.7,12544000
APH,2013-07-02,8.7,8.74,8.64,8.7,4822400
APH,2013-07-03,8.63,8.77,8.61,8.75,3928000
APH,2013-07-05,8.81,8.9,8.78,8.9,4094400
APH,2013-07-08,8.92,8.97,8.85,8.92,3506400
APH,2013-07-09,8.99,9.07,8.97,9.06,4005600
APH,2013-07-10,9.06,9.18,9.06,9.17,4380000
APH,2013-07-11,9.24,9.45,9.19,9.44,7983200
APH,2013-07-12,9.43,9.49,9.42,9.47,5694400
APH,2013-07-15,9.47,9.5,9.41,9.42,3123200
APH,2013-07-16,9.43,9.47,9.32,9.34,4439200
APH,2013-07-17,9.4,9.44,9.32,9.38,4125600
APH,2013-07-18,8.7,8.76,8.43,8.47,25733600
APH,2013-07-19,8.45,8.52,8.32,8.51,11648800
APH,2013-07-22,8.54,8.71,8.5,8.7,7835200
APH,2013-07-23,8.71,8.74,8.58,8.64,8218400
APH,2013-07-24,8.67,8.72,8.6,8.64,7384800
APH,2013-07-25,8.61,8.63,8.55,8.6,6713600
APH,2013-07-26,8.5,8.6,8.49,8.59,6024800
APH,2013-07-29,8.55,8.62,8.52,8.58,4822400
APH,2013-07-30,8.61,8.68,8.59,8.64,7740800
APH,2013-07-31,8.67,8.78,8.67,8.71,6272000
APH,2013-08-01,8.79,8.87,8.75,8.86,5134400
APH,2013-08-02,8.81,8.85,8.72,8.77,4368000
APH,2013-08-05,8.78,8.96,8.77,8.8,4760800
APH,2013-08-06,8.77,8.81,8.72,8.73,5840000
APH,2013-08-07,8.66,8.7,8.57,8.59,4761600
APH,2013-08-08,8.63,8.65,8.58,8.59,5185600
APH,2013-08-09,8.59,8.61,8.52,8.6,5907200
APH,2013-08-12,8.59,8.62,8.57,8.59,3051200
APH,2013-08-13,8.64,8.66,8.56,8.58,3994400
APH,2013-08-14,8.57,8.59,8.49,8.52,3128000
APH,2013-08-15,8.41,8.42,8.32,8.33,3312000
APH,2013-08-16,8.3,8.37,8.28,8.29,4296800
APH,2013-08-19,8.28,8.28,8.22,8.22,4064800
APH,2013-08-20,8.22,8.39,8.21,8.37,4084000
APH,2013-08-21,8.34,8.43,8.31,8.38,5446400
APH,2013-08-22,8.41,8.63,8.38,8.63,6282400
APH,2013-08-23,8.64,8.69,8.59,8.63,4024800
APH,2013-08-26,8.62,8.65,8.54,8.54,2221600
APH,2013-08-27,8.43,8.49,8.33,8.33,2871200
APH,2013-08-28,8.34,8.47,8.34,8.44,3042400
APH,2013-08-29,8.41,8.52,8.41,8.47,1565600
APH,2013-08-30,8.47,8.49,8.36,8.4,2647200
APH,2013-09-03,8.45,8.5,8.31,8.35,6427200
APH,2013-09-04,8.35,8.49,8.34,8.47,3510400
APH,2013-09-05,8.46,8.5,8.38,8.39,3538400
APH,2013-09-06,8.39,8.42,8.29,8.33,5842400
APH,2013-09-09,8.43,8.6,8.43,8.47,7956800
APH,2013-09-10,8.54,8.67,8.53,8.67,5992000
APH,2013-09-11,8.64,8.71,8.61,8.68,3097600
APH,2013-09-12,8.68,8.69,8.62,8.64,2943200
APH,2013-09-13,8.67,8.69,8.54,8.59,3560000
APH,2013-09-16,8.72,8.72,8.64,8.68,4312800
APH,2013-09-17,8.68,8.71,8.64,8.68,2970400
APH,2013-09-18,8.67,8.71,8.6,8.71,3531200
APH,2013-09-19,8.71,8.76,8.7,8.75,3729600
APH,2013-09-20,8.67,8.71,8.52,8.53,6826400
APH,2013-09-23,8.56,8.64,8.52,8.6,4644800
APH,2013-09-24,8.61,8.67,8.51,8.6,3222400
APH,2013-09-25,8.6,8.67,8.54,8.65,3784800
APH,2013-09-26,8.65,8.7,8.62,8.67,2530400
APH,2013-09-27,8.61,8.63,8.56,8.62,2480000
APH,2013-09-30,8.54,8.64,8.53,8.6,3620800
APH,2013-10-01,8.6,8.66,8.57,8.63,3664000
APH,2013-10-02,8.56,8.62,8.51,8.62,3318400
APH,2013-10-03,8.58,8.61,8.42,8.48,3060800
APH,2013-10-04,8.5,8.51,8.47,8.5,4862400
APH,2013-10-07,8.44,8.49,8.4,8.43,2636800
APH,2013-10-08,8.41,8.47,8.31,8.32,5738400
APH,2013-10-09,8.33,8.44,8.25,8.41,6044800
APH,2013-10-10,8.5,8.55,8.46,8.47,6421600
APH,2013-10-11,8.43,8.57,8.43,8.57,4966400
APH,2013-10-14,8.52,8.62,8.48,8.57,4047200
APH,2013-10-15,8.53,8.67,8.51,8.61,7416000
APH,2013-10-16,8.67,8.81,8.65,8.79,10948000
APH,2013-10-17,8.79,9.11,8.71,9.02,9956800
APH,2013-10-18,9.11,9.17,9.08,9.15,9028800
APH,2013-10-21,9.16,9.19,9.13,9.15,3366400
APH,2013-10-22,9.15,9.22,9.11,9.11,5468800
APH,2013-10-23,9.09,9.11,9.04,9.07,3938400
APH,2013-10-24,9.04,9.09,9.03,9.04,4083200
APH,2013-10-25,9.05,9.06,8.98,9.03,5108800
APH,2013-10-28,9.05,9.05,8.93,8.97,4587200
APH,2013-10-29,9.0,9.04,8.97,9.0,5212800
APH,2013-10-30,9.02,9.03,8.93,8.94,4920000
APH,2013-10-31,8.93,9.03,8.9,8.93,3192800
APH,2013-11-01,8.96,8.99,8.86,8.89,2592800
APH,2013-11-04,8.91,8.95,8.88,8.93,2559200
APH,2013-11-05,8.89,8.93,8.83,8.87,2384800
APH,2013-11-06,8.9,8.99,8.9,8.99,2707200
APH,2013-11-07,9.01,9.03,8.89,8.92,5458400
APH,2013-11-08,8.93,9.05,8.91,9.04,2892000
APH,2013-11-11,9.02,9.06,8.98,9.01,1820800
APH,2013-11-12,8.99,9.06,8.96,9.05,2865600
APH,2013-11-13,8.99,9.08,8.95,9.08,5574400
APH,2013-11-14,9.09,9.2,9.08,9.2,4207200
APH,2013-11-15,9.2,9.35,9.19,9.35,6375200
APH,2013-11-18,9.37,9.48,9.37,9.42,8780000
APH,2013-11-19,9.39,9.44,9.37,9.41,8626400
APH,2013-11-20,9.41,9.46,9.38,9.44,6724000
APH,2013-11-21,9.45,9.47,9.4,9.45,3526400
APH,2013-11-22,9.41,9.48,9.4,9.46,2841600
APH,2013-11-25,9.46,9.49,9.43,9.45,2862400
APH,2013-11-26,9.44,9.49,9.44,9.45,3960800
APH,2013-11-27,9.51,9.52,9.41,9.45,2562400
APH,2013-11-29,9.45,9.48,9.42,9.45,1966400
APH,2013-12-02,9.45,9.5,9.43,9.45,2772000
APH,2013-12-03,9.46,9.5,9.44,9.49,4220000
APH,2013-12-04,9.39,9.5,9.38,9.47,3404000
APH,2013-12-05,9.45,9.48,9.43,9.45,2568000
APH,2013-12-06,9.5,9.6,9.5,9.57,4304000
APH,2013-12-09,9.62,9.65,9.57,9.65,3316000
APH,2013-12-10,9.6,9.68,9.58,9.64,5659200
APH,2013-12-11,9.62,9.65,9.46,9.47,4904800
APH,2013-12-12,9.47,9.53,9.47,9.48,3936800
APH,2013-12-13,9.5,9.53,9.43,9.49,3667200
APH,2013-12-16,9.52,9.62,9.52,9.59,2621600
APH,2013-12-17,9.6,9.65,9.57,9.62,5336800
APH,2013-12-18,9.6,9.73,9.47,9.72,4760000
APH,2013-12-19,9.71,9.75,9.67,9.7,3216800
APH,2013-12-20,9.76,9.83,9.73,9.78,6763200
APH,2013-12-23,9.84,9.85,9.76,9.79,3952000
APH,2013-12-24,9.81,9.87,9.77,9.83,1129600
APH,2013-12-26,9.84,9.88,9.81,9.85,2651200
APH,2013-12-27,9.84,9.89,9.82,9.84,1292800
APH,2013-12-30,9.85,9.89,9.85,9.88,1712000
APH,2013-12-31,9.9,9.97,9.89,9.94,2694400
APH,2014-01-02,9.89,9.89,9.75,9.78,3534400
APH,2014-01-03,9.78,9.84,9.76,9.81,3067200
APH,2014-01-06,9.86,9.86,9.71,9.72,3135200
APH,2014-01-07,9.76,9.85,9.73,9.79,2440800
APH,2014-01-08,9.79,9.88,9.76,9.84,3415200
APH,2014-01-09,9.87,9.97,9.85,9.96,4248000
APH,2014-01-10,9.94,10.03,9.86,9.96,3076800
APH,2014-01-13,9.93,10.1,9.89,9.94,6033600
APH,2014-01-14,10.0,10.3,10.0,10.3,6920800
APH,2014-01-15,10.26,10.28,10.16,10.26,5625600
APH,2014-01-16,10.25,10.26,10.18,10.24,2910400
APH,2014-01-17,10.26,10.28,10.21,10.26,3781600
APH,2014-01-21,10.26,10.3,10.1,10.14,8488800
APH,2014-01-22,10.14,10.29,10.01,10.15,6755200
APH,2014-01-23,10.1,10.14,9.84,9.86,6640800
APH,2014-01-24,9.84,9.84,9.57,9.57,5405600
APH,2014-01-27,9.57,9.62,9.51,9.51,7146400
APH,2014-01-28,9.53,9.62,9.53,9.59,8782400
APH,2014-01-29,9.48,9.58,9.47,9.54,9267200
APH,2014-01-30,9.59,9.69,9.57,9.66,6212800
APH,2014-01-31,9.53,9.72,9.51,9.68,6380800
APH,2014-02-03,9.67,9.69,9.43,9.44,8024000
APH,2014-02-04,9.44,9.48,9.37,9.47,5538400
APH,2014-02-05,9.43,9.54,9.4,9.51,4396000
APH,2014-02-06,9.49,9.7,9.49,9.66,5011200
APH,2014-02-07,9.68,9.74,9.63,9.73,4400800
APH,2014-02-10,9.73,9.75,9.63,9.7,2970400
APH,2014-02-11,9.7,9.83,9.7,9.8,3423200
APH,2014-02-12,9.82,9.87,9.79,9.84,2576800
APH,2014-02-13,9.75,9.88,9.74,9.87,2240000
APH,2014-02-14,9.87,9.88,9.79,9.84,3763200
APH,2014-02-18,9.85,9.92,9.83,9.9,3328000
APH,2014-02-19,9.86,9.99,9.85,9.87,3720000
APH,2014-02-20,9.87,9.93,9.8,9.91,2530400
APH,2014-02-21,9.91,9.96,9.81,9.82,4581600
APH,2014-02-24,9.86,10.0,9.86,9.91,3843200
APH,2014-02-25,9.89,9.93,9.81,9.84,2737600
APH,2014-02-26,9.85,9.87,9.68,9.7,6126400
APH,2014-02-27,9.67,9.8,9.67,9.76,6576000
APH,2014-02-28,9.77,9.84,9.73,9.81,4763200
APH,2014-03-03,9.75,9.82,9.67,9.78,4104800
APH,2014-03-04,9.88,10.05,9.87,10.03,4836800
APH,2014-03-05,10.01,10.04,9.94,9.95,3060000
APH,2014-03-06,9.96,10.08,9.92,10.06,4506400
APH,2014-03-07,10.09,10.16,10.04,10.07,3023200
APH,2014-03-10,10.05,10.14,9.87,10.11,4288800
APH,2014-03-11,10.14,10.18,9.98,10.03,4236000
APH,2014-03-12,9.98,10.13,9.96,10.11,5063200
APH,2014-03-13,10.13,10.22,10.06,10.08,5228800
APH,2014-03-14,10.05,10.17,10.04,10.11,4191200
APH,2014-03-17,10.16,10.26,10.14,10.19,2856800
APH,2014-03-18,10.19,10.27,10.16,10.25,3334400
APH,2014-03-19,10.21,10.28,10.12,10.18,3652000
APH,2014-03-20,10.1,10.24,10.04,10.24,3901600
APH,2014-03-21,10.33,10.46,10.27,10.41,12815200
APH,2014-03-24,10.36,10.41,10.3,10.33,9436800
APH,2014-03-25,10.33,10.43,10.31,10.35,3407200
APH,2014-03-26,10.42,10.44,10.21,10.21,4253600
APH,2014-03-27,10.25,10.25,10.13,10.14,5374400
APH,2014-03-28,10.17,10.31,10.11,10.23,3258400
APH,2014-03-31,10.29,10.31,10.11,10.24,12580800
APH,2014-04-01,10.27,10.3,10.19,10.3,4996800
APH,2014-04-02,10.31,10.52,10.29,10.5,5036000
APH,2014-04-03,10.48,10.49,10.38,10.47,3788800
APH,2014-04-04,10.51,10.65,10.35,10.35,5028800
APH,2014-04-07,10.32,10.34,10.17,10.21,3740000
APH,2014-04-08,10.21,10.27,10.13,10.24,4544000
APH,2014-04-09,10.24,10.42,10.22,10.4,5356000
APH,2014-04-10,10.41,10.43,10.16,10.17,3714400
APH,2014-04-11,10.14,10.23,10.09,10.11,5377600
APH,2014-04-14,10.22,10.22,10.08,10.19,2311200
APH,2014-04-15,10.21,10.29,10.1,10.2,4843200
APH,2014-04-16,10.3,10.44,10.24,10.43,3489600
APH,2014-04-17,10.41,10.54,10.37,10.51,3567200
APH,2014-04-21,10.51,10.61,10.49,10.54,3935200
APH,2014-04-22,10.52,10.63,10.51,10.61,5646400
APH,2014-04-23,10.71,10.72,10.49,10.67,5388800
APH,2014-04-24,10.74,10.78,10.68,10.76,15212800
APH,2014-04-25,10.75,10.75,10.52,10.58,5473600
APH,2014-04-28,10.65,10.67,10.46,10.58,7088000
APH,2014-04-29,10.59,10.63,10.56,10.61,7595200
APH,2014-04-30,10.6,10.66,10.53,10.65,5524800
APH,2014-05-01,10.66,10.79,10.61,10.76,5830400
APH,2014-05-02,10.74,10.78,10.67,10.69,3836800
APH,2014-05-05,10.64,10.8,10.59,10.78,4312000
APH,2014-05-06,10.75,10.78,10.64,10.64,7355200
APH,2014-05-07,10.66,10.69,10.51,10.68,5261600
APH,2014-05-08,10.67,10.78,10.63,10.67,5251200
APH,2014-05-09,10.67,10.74,10.56,10.72,5174400
APH,2014-05-12,10.75,10.83,10.71,10.79,6172000
APH,2014-05-13,10.76,10.82,10.72,10.73,3560000
APH,2014-05-14,10.74,10.74,10.66,10.67,2853600
APH,2014-05-15,10.67,10.69,10.52,10.59,5196000
APH,2014-05-16,10.56,10.67,10.55,10.66,5671200
APH,2014-05-19,10.62,10.72,10.61,10.7,2829600
APH,2014-05-20,10.68,10.71,10.55,10.56,4768800
APH,2014-05-21,10.63,10.65,10.56,10.63,2600000
APH,2014-05-22,10.57,10.7,10.57,10.66,2459200
APH,2014-05-23,10.63,10.71,10.62,10.69,4636000
APH,2014-05-27,10.72,10.74,10.65,10.66,3180800
APH,2014-05-28,10.63,10.69,10.61,10.64,5465600
APH,2014-05-29,10.67,10.72,10.63,10.71,3068800
APH,2014-05-30,10.71,10.75,10.66,10.7,3526400
APH,2014-06-02,10.72,10.82,10.67,10.81,3902400
APH,2014-06-03,10.76,10.79,10.68,10.77,3576800
APH,2014-06-04,10.74,10.77,10.71,10.73,2220800
APH,2014-06-05,10.75,10.85,10.73,10.82,4932800
APH,2014-06-06,10.86,10.94,10.84,10.9,5132000
APH,2014-06-09,10.88,11.05,10.85,10.99,4164800
APH,2014-06-10,10.95,10.96,10.91,10.93,2848800
APH,2014-06-11,10.89,10.99,10.86,10.97,2476800
APH,2014-06-12,10.87,10.95,10.82,10.86,2855200
APH,2014-06-13,10.87,10.9,10.8,10.83,2224000
APH,2014-06-16,10.82,10.87,10.76,10.8,1938400
APH,2014-06-17,10.77,10.87,10.74,10.83,2905600
APH,2014-06-18,10.83,10.86,10.72,10.85,5061600
APH,2014-06-19,10.87,10.92,10.82,10.9,3736000
APH,2014-06-20,10.93,10.95,10.88,10.91,4988000
APH,2014-06-23,10.9,10.93,10.85,10.87,2148000
APH,2014-06-24,10.85,10.88,10.75,10.76,2924800
APH,2014-06-25,10.74,10.79,10.7,10.76,3696800
APH,2014-06-26,10.76,10.76,10.62,10.69,2829600
APH,2014-06-27,10.67,10.8,10.67,10.77,3268800
APH,2014-06-30,10.77,10.79,10.72,10.78,3252000
APH,2014-07-01,10.85,10.9,10.78,10.89,6196800
APH,2014-07-02,10.87,10.89,10.84,10.88,2628800
APH,2014-07-03,10.89,10.96,10.88,10.95,1680000
APH,2014-07-07,10.95,10.98,10.88,10.95,2801600
APH,2014-07-08,10.94,10.96,10.83,10.93,3633600
APH,2014-07-09,10.94,10.95,10.83,10.89,2212000
APH,2014-07-10,10.79,10.87,10.76,10.82,1896800
APH,2014-07-11,10.84,10.86,10.78,10.81,2234400
APH,2014-07-14,10.87,10.93,10.84,10.85,1876000
APH,2014-07-15,10.85,10.89,10.77,10.8,3453600
APH,2014-07-16,10.83,10.86,10.75,10.8,2701600
APH,2014-07-17,10.78,10.81,10.57,10.59,5877600
APH,2014-07-18,10.62,10.8,10.62,10.78,5071200
APH,2014-07-21,10.76,10.81,10.72,10.78,2587200
APH,2014-07-22,10.84,10.88,10.8,10.88,3871200
APH,2014-07-23,10.92,11.17,10.84,10.85,9220000
APH,2014-07-24,10.87,11.0,10.87,10.93,3591200
APH,2014-07-25,10.9,10.95,10.81,10.92,5076000
APH,2014-07-28,10.91,10.97,10.84,10.92,3896000
APH,2014-07-29,10.91,10.95,10.87,10.87,5628000
APH,2014-07-30,10.96,10.98,10.88,10.9,4548000
APH,2014-07-31,11.11,11.11,10.76,10.76,5571200
APH,2014-08-01,10.72,10.84,10.72,10.77,5007200
APH,2014-08-04,10.78,10.89,10.74,10.87,3201600
APH,2014-08-05,10.81,10.96,10.81,10.9,4667200
APH,2014-08-06,10.86,10.99,10.85,10.95,3769600
APH,2014-08-07,10.98,11.0,10.88,10.9,4600800
APH,2014-08-08,10.92,11.04,10.92,11.03,4609600
APH,2014-08-11,11.05,11.16,11.05,11.1,3992800
APH,2014-08-12,11.13,11.2,11.13,11.17,6228800
APH,2014-08-13,11.19,11.22,11.14,11.19,4858400
APH,2014-08-14,11.23,11.3,11.2,11.29,4058400
APH,2014-08-15,11.34,11.35,11.16,11.23,17823200
APH,2014-08-18,11.31,11.41,11.27,11.39,3436000
APH,2014-08-19,11.41,11.45,11.39,11.44,3914400
APH,2014-08-20,11.4,11.46,11.38,11.44,2875200
APH,2014-08-21,11.46,11.69,11.42,11.68,7615200
APH,2014-08-22,11.63,11.69,11.6,11.62,4152800
APH,2014-08-25,11.67,11.74,11.62,11.67,3408000
APH,2014-08-26,11.7,11.7,11.61,11.61,3277600
APH,2014-08-27,11.65,11.65,11.55,11.58,3953600
APH,2014-08-28,11.53,11.59,11.5,11.57,2975200
APH,2014-08-29,11.57,11.62,11.51,11.53,5519200
APH,2014-09-02,11.6,11.72,11.6,11.67,7518400
APH,2014-09-03,11.72,11.75,11.65,11.65,4996000
APH,2014-09-04,11.69,11.74,11.62,11.63,3366400
APH,2014-09-05,11.63,11.67,11.59,11.65,3607200
APH,2014-09-08,11.63,11.69,11.61,11.68,5232000
APH,2014-09-09,11.66,11.68,11.58,11.6,3632000
APH,2014-09-10,11.58,11.67,11.57,11.6,4705600
APH,2014-09-11,11.55,11.72,11.53,11.72,3897600
APH,2014-09-12,11.69,11.73,11.65,11.69,4793600
APH,2014-09-15,11.68,11.68,11.59,11.62,4737600
APH,2014-09-16,11.57,11.7,11.54,11.66,3340800
APH,2014-09-17,11.68,11.75,11.63,11.72,5752800
APH,2014-09-18,11.74,11.83,11.73,11.81,5515200
APH,2014-09-19,11.87,11.88,11.65,11.66,6660800
APH,2014-09-22,11.6,11.67,11.58,11.62,3046400
APH,2014-09-23,11.58,11.59,11.42,11.42,4961600
APH,2014-09-24,11.42,11.47,11.36,11.46,4648800
APH,2014-09-25,11.44,11.45,11.27,11.3,3648800
APH,2014-09-26,11.34,11.44,11.32,11.42,2536000
APH,2014-09-29,11.31,11.46,11.31,11.42,4903200
APH,2014-09-30,11.41,11.45,11.18,11.2,8160000
APH,2014-10-01,11.16,11.18,10.92,11.0,9295200
APH,2014-10-02,11.02,11.11,10.95,11.07,6660800
APH,2014-10-03,11.11,11.17,11.09,11.15,4244000
APH,2014-10-06,11.19,11.2,11.09,11.11,5578400
APH,2014-10-07,11.07,11.09,10.96,10.96,4788000
APH,2014-10-08,11.0,11.2,10.93,11.2,6473600
APH,2014-10-09,11.17,11.19,11.03,11.07,6830400
APH,2014-10-10,11.0,11.0,10.25,10.25,15300000
APH,2014-10-13,10.28,10.49,10.16,10.22,7231600
APH,2014-10-14,10.29,10.48,10.26,10.42,5926400
APH,2014-10-15,10.26,10.62,10.2,10.56,8917600
APH,2014-10-16,10.36,10.66,10.35,10.59,5682800
APH,2014-10-17,10.67,10.87,10.64,10.78,5746400
APH,2014-10-20,10.74,10.84,10.71,10.83,4611600
APH,2014-10-21,10.91,11.15,10.91,11.14,8026800
APH,2014-10-22,10.77,10.83,10.5,10.57,11387600
APH,2014-10-23,10.77,10.84,10.67,10.77,5288400
APH,2014-10-24,10.77,10.98,10.75,10.95,3673600
APH,2014-10-27,10.92,10.95,10.82,10.85,4218000
APH,2014-10-28,10.86,11.04,10.86,11.04,4050400
APH,2014-10-29,11.05,11.1,10.95,11.04,6277600
APH,2014-10-30,10.98,11.13,10.97,11.1,2993600
APH,2014-10-31,11.29,11.4,11.24,11.35,5331200
APH,2014-11-03,11.37,11.4,11.22,11.31,4636000
APH,2014-11-04,11.31,11.37,11.15,11.21,4967200
APH,2014-11-05,11.26,11.37,11.17,11.36,2858800
APH,2014-11-06,11.39,11.47,11.34,11.45,3136400
APH,2014-11-07,11.45,11.48,11.32,11.43,3798800
APH,2014-11-10,11.4,11.45,11.32,11.37,3571600
APH,2014-11-11,11.4,11.44,11.36,11.4,2264000
APH,2014-11-12,11.38,11.53,11.37,11.5,2792000
APH,2014-11-13,11.49,11.51,11.29,11.38,4378000
APH,2014-11-14,11.39,11.45,11.34,11.41,4338000
APH,2014-11-17,11.39,11.45,11.35,11.4,4190400
APH,2014-11-18,11.39,11.64,11.38,11.57,6098400
APH,2014-11-19,11.55,11.58,11.5,11.56,4946000
APH,2014-11-20,11.48,11.58,11.43,11.52,3059200
APH,2014-11-21,11.65,11.76,11.64,11.68,14341200
APH,2014-11-24,11.74,11.79,11.68,11.77,4946400
APH,2014-11-25,11.8,11.91,11.78,11.8,5551200
APH,2014-11-26,11.79,11.91,11.76,11.89,3887200
APH,2014-11-28,11.92,12.06,11.86,12.03,3543600
APH,2014-12-01,11.98,12.0,11.87,11.88,4138000
APH,2014-12-02,11.88,11.94,11.85,11.94,3699600
APH,2014-12-03,11.93,12.09,11.91,12.08,3151600
APH,2014-12-04,12.06,12.11,11.98,12.07,2272000
APH,2014-12-05,12.08,12.14,12.04,12.08,3040400
APH,2014-12-08,12.07,12.16,11.98,12.05,4374400
APH,2014-12-09,11.93,12.14,11.89,12.12,4463200
APH,2014-12-10,12.13,12.35,12.09,12.1,6051600
APH,2014-12-11,12.17,12.28,12.07,12.09,13843600
APH,2014-12-12,11.98,12.06,11.76,11.77,6769600
APH,2014-12-15,11.8,11.86,11.61,11.67,8451200
APH,2014-12-16,11.64,11.84,11.61,11.61,5259200
APH,2014-12-17,11.63,11.86,11.51,11.84,4257200
APH,2014-12-18,11.98,12.23,11.93,12.23,6886400
APH,2014-12-19,12.31,12.4,12.22,12.37,10498000
APH,2014-12-22,12.4,12.45,12.36,12.42,3079600
APH,2014-12-23,12.48,12.51,12.46,12.47,3376400
APH,2014-12-24,12.48,12.5,12.42,12.43,1658000
APH,2014-12-26,12.46,12.52,12.41,12.42,1604800
APH,2014-12-29,12.37,12.46,12.36,12.36,1977600
APH,2014-12-30,12.4,12.4,12.25,12.25,2191600
FDX,2001-01-02,31.46,31.87,30.46,30.46,936600
FDX,2001-01-03,30.47,32.9,30.3,32.74,2203000
FDX,2001-01-04,34.29,35.89,34.05,35.3,3410600
FDX,2001-01-05,35.65,35.65,34.3,34.94,1485800
FDX,2001-01-08,34.25,34.57,34.03,34.39,1120700
FDX,2001-01-09,34.09,34.25,33.5,33.71,1134400
FDX,2001-01-10,32.46,34.49,32.19,33.42,1895500
FDX,2001-01-11,33.82,34.55,32.86,32.86,1561200
FDX,2001-01-12,33.25,33.75,32.58,33.09,1044300
FDX,2001-01-16,33.1,34.41,33.05,33.77,893300
FDX,2001-01-17,33.93,35.29,33.93,34.89,1334100
FDX,2001-01-18,33.89,34.17,33.09,33.09,1549500
FDX,2001-01-19,32.78,33.21,31.82,31.83,2299800
FDX,2001-01-22,31.89,33.77,31.75,32.88,1137300
FDX,2001-01-23,33.08,34.69,33.08,34.16,1946300
FDX,2001-01-24,33.89,34.48,33.53,33.53,751700
FDX,2001-01-25,33.65,34.97,33.3,34.61,1176700
FDX,2001-01-26,34.89,35.45,34.74,34.86,1057200
FDX,2001-01-29,34.57,35.57,34.53,35.11,1223500
FDX,2001-01-30,35.65,36.01,35.13,35.44,1067800
FDX,2001-01-31,36.09,36.64,35.93,36.19,1677700
FDX,2001-02-01,36.2,36.3,35.42,36.1,799000
FDX,2001-02-02,35.97,36.12,35.31,35.32,744700
FDX,2001-02-05,35.09,35.4,34.95,35.23,553400
FDX,2001-02-06,34.91,35.49,34.91,34.93,750100
FDX,2001-02-07,35.21,35.21,34.21,34.36,624700
FDX,2001-02-08,34.89,35.89,34.75,35.77,1424600
FDX,2001-02-09,35.65,35.65,34.29,34.55,1241700
FDX,2001-02-12,34.65,35.17,34.47,34.83,966500
FDX,2001-02-13,35.41,35.85,35.22,35.65,1371200
FDX,2001-02-14,35.65,35.65,34.81,34.81,683500
FDX,2001-02-15,34.97,36.05,34.95,35.98,949100
FDX,2001-02-16,35.77,35.89,35.17,35.56,688900
FDX,2001-02-20,35.33,35.89,34.51,34.51,1759300
FDX,2001-02-21,34.51,34.65,33.49,33.5,871800
FDX,2001-02-22,33.17,33.85,32.86,33.49,1004300
FDX,2001-02-23,33.61,33.88,32.78,33.24,717000
FDX,2001-02-26,32.9,33.13,32.14,33.05,1757700
FDX,2001-02-27,32.7,34.0,32.7,33.25,1283900
FDX,2001-02-28,33.25,33.25,32.61,32.64,1051200
FDX,2001-03-01,32.27,32.78,32.06,32.71,1062800
FDX,2001-03-02,32.58,33.88,32.37,33.45,968400
FDX,2001-03-05,33.45,34.08,33.22,33.88,674800
FDX,2001-03-06,33.89,34.73,33.74,34.39,571100
FDX,2001-03-07,34.29,35.07,34.29,34.45,1097700
FDX,2001-03-08,34.53,35.25,34.49,34.97,863500
FDX,2001-03-09,34.57,35.28,33.97,35.02,995400
FDX,2001-03-12,34.75,34.81,33.4,33.41,1125300
FDX,2001-03-13,33.21,33.73,32.2,33.49,1696100
FDX,2001-03-14,32.5,33.09,32.31,32.84,1305000
FDX,2001-03-15,33.04,33.33,32.94,32.95,1195600
FDX,2001-03-16,33.01,33.37,32.34,32.54,2689400
FDX,2001-03-19,32.54,33.73,32.38,33.44,1263600
FDX,2001-03-20,32.9,33.19,31.9,32.1,1805200
FDX,2001-03-21,32.09,34.43,31.58,33.97,2483400
FDX,2001-03-22,32.7,32.86,31.3,32.72,2282200
FDX,2001-03-23,32.72,33.01,31.86,32.03,1408600
FDX,2001-03-26,32.14,32.86,31.5,32.12,1361600
FDX,2001-03-27,32.3,33.77,32.22,33.48,1053100
FDX,2001-03-28,33.49,33.61,32.75,33.48,752800
FDX,2001-03-29,32.7,33.37,32.5,32.87,659600
FDX,2001-03-30,32.54,33.46,32.49,33.24,703800
FDX,2001-04-02,33.13,33.33,32.46,32.63,615600
FDX,2001-04-03,32.1,32.1,31.09,31.1,1228400
FDX,2001-04-04,31.3,31.78,31.1,31.58,697400
FDX,2001-04-05,31.58,31.58,28.31,31.08,3433400
FDX,2001-04-06,30.3,30.35,29.34,29.9,1744700
FDX,2001-04-09,30.1,30.78,30.07,30.6,975100
FDX,2001-04-10,30.8,31.42,30.66,31.02,820200
FDX,2001-04-11,31.34,32.06,31.22,31.81,1216800
FDX,2001-04-12,31.58,31.74,30.94,31.74,1046000
FDX,2001-04-16,31.66,32.08,31.1,31.53,510200
FDX,2001-04-17,30.98,31.98,30.79,31.91,1039100
FDX,2001-04-18,31.82,33.78,31.59,33.09,1236500
FDX,2001-04-19,33.09,34.57,32.92,34.57,1143000
FDX,2001-04-20,34.57,34.89,34.29,34.69,1074300
FDX,2001-04-23,34.49,34.5,33.7,33.79,652900
FDX,2001-04-24,33.49,33.85,33.25,33.34,761000
FDX,2001-04-25,33.25,33.74,32.14,32.73,1545700
FDX,2001-04-26,32.58,33.48,32.3,32.94,747300
FDX,2001-04-27,33.13,34.16,33.13,33.88,825100
FDX,2001-04-30,33.61,33.74,33.41,33.55,544200
FDX,2001-05-01,33.35,33.41,32.94,33.36,627200
FDX,2001-05-02,33.17,34.09,32.86,34.09,1097800
FDX,2001-05-03,33.73,33.81,32.62,32.97,713900
FDX,2001-05-04,32.18,32.95,32.18,32.92,820800
FDX,2001-05-07,31.9,32.59,31.39,32.12,1644300
FDX,2001-05-08,31.74,31.86,30.37,30.66,2480400
FDX,2001-05-09,30.67,31.26,30.31,31.17,1356600
FDX,2001-05-10,31.1,31.31,30.7,31.26,889200
FDX,2001-05-11,31.38,31.43,30.62,30.63,1260800
FDX,2001-05-14,30.5,30.86,30.39,30.46,794200
FDX,2001-05-15,30.42,30.75,30.33,30.5,1027600
FDX,2001-05-16,30.46,31.53,30.38,31.31,1150700
FDX,2001-05-17,31.31,32.3,31.18,32.1,1337600
FDX,2001-05-18,32.38,32.38,31.95,32.31,659100
FDX,2001-05-21,32.3,32.5,32.0,32.38,798900
FDX,2001-05-22,32.38,32.5,31.99,32.31,939500
FDX,2001-05-23,31.82,32.11,31.6,31.91,1866700
FDX,2001-05-24,31.91,32.26,31.82,32.19,1121700
FDX,2001-05-25,31.74,32.1,31.58,31.68,574800
FDX,2001-05-29,31.5,31.98,31.5,31.61,539800
FDX,2001-05-30,31.81,31.98,31.6,31.74,906500
FDX,2001-05-31,31.58,32.14,31.48,31.9,1122700
FDX,2001-06-01,31.9,32.9,31.68,32.58,1174200
FDX,2001-06-04,32.38,32.38,31.82,31.95,978200
FDX,2001-06-05,31.82,32.22,31.68,31.81,1170400
FDX,2001-06-06,32.1,32.1,31.5,31.54,1175000
FDX,2001-06-07,31.54,31.74,31.41,31.66,782600
FDX,2001-06-08,31.61,31.61,31.33,31.58,485000
FDX,2001-06-11,31.38,31.38,30.74,30.94,761300
FDX,2001-06-12,30.74,30.74,29.78,30.39,1390000
FDX,2001-06-13,30.34,30.39,29.9,29.92,1136800
FDX,2001-06-14,30.34,30.38,29.76,29.86,955500
FDX,2001-06-15,29.71,30.4,29.67,30.27,1364600
FDX,2001-06-18,30.22,30.5,29.86,29.94,747100
FDX,2001-06-19,29.9,30.06,29.51,29.54,838700
FDX,2001-06-20,29.51,29.75,29.31,29.51,1024700
FDX,2001-06-21,29.65,30.82,29.59,30.82,1063000
FDX,2001-06-22,30.22,30.42,29.89,29.89,783300
FDX,2001-06-25,29.69,29.79,29.0,29.21,1467900
FDX,2001-06-26,28.71,29.3,28.7,28.99,1927200
FDX,2001-06-27,28.99,29.41,28.71,29.35,1495000
FDX,2001-06-28,29.51,31.5,29.51,30.87,2771100
FDX,2001-06-29,30.88,32.06,30.87,32.06,1644400
FDX,2001-07-02,31.9,32.46,31.5,32.28,1617500
FDX,2001-07-03,32.28,32.87,32.18,32.87,958200
FDX,2001-07-05,32.58,32.78,32.14,32.38,720000
FDX,2001-07-06,32.38,32.38,31.52,31.89,904500
FDX,2001-07-09,31.82,32.18,31.56,32.01,747000
FDX,2001-07-10,31.9,32.09,31.66,31.75,401500
FDX,2001-07-11,31.42,32.14,31.42,31.86,1113900
FDX,2001-07-12,31.98,32.82,31.82,32.81,867700
FDX,2001-07-13,32.62,33.76,32.1,33.56,1053000
FDX,2001-07-16,33.49,33.97,33.29,33.37,1076600
FDX,2001-07-17,33.53,33.85,33.4,33.6,1319100
FDX,2001-07-18,33.41,33.57,32.78,33.01,916700
FDX,2001-07-19,33.01,33.13,32.46,32.99,806600
FDX,2001-07-20,32.9,32.91,32.56,32.9,518100
FDX,2001-07-23,32.74,32.82,32.03,32.3,1010300
FDX,2001-07-24,32.5,32.5,31.7,32.0,901500
FDX,2001-07-25,31.9,32.47,31.68,32.39,831100
FDX,2001-07-26,32.22,32.69,32.19,32.6,535300
FDX,2001-07-27,32.65,32.7,32.34,32.61,388500
FDX,2001-07-30,32.78,32.87,32.46,32.7,522900
FDX,2001-07-31,32.71,33.17,32.7,32.99,731200
FDX,2001-08-01,32.86,33.29,32.78,33.25,843700
FDX,2001-08-02,33.09,33.39,32.82,33.29,879000
FDX,2001-08-03,33.09,33.09,32.38,32.7,602800
FDX,2001-08-06,32.88,32.94,32.35,32.7,310500
FDX,2001-08-07,32.54,32.78,32.44,32.74,463300
FDX,2001-08-08,32.42,32.94,32.42,32.5,524600
FDX,2001-08-09,32.42,32.52,31.82,31.9,956400
FDX,2001-08-10,31.74,32.06,31.6,31.87,636900
FDX,2001-08-13,31.9,32.18,31.62,32.02,557200
FDX,2001-08-14,32.1,32.34,31.82,32.06,544000
FDX,2001-08-15,32.11,32.19,31.74,31.86,715700
FDX,2001-08-16,31.94,32.3,31.74,32.23,772800
FDX,2001-08-17,31.9,32.34,31.85,32.01,820400
FDX,2001-08-20,31.81,32.06,31.78,32.03,368300
FDX,2001-08-21,32.03,32.4,31.9,31.95,637900
FDX,2001-08-22,32.02,32.29,31.72,32.16,697900
FDX,2001-08-23,32.06,32.4,32.02,32.3,428500
FDX,2001-08-24,32.11,33.13,31.9,32.97,767700
FDX,2001-08-27,32.97,33.17,32.75,32.94,502200
FDX,2001-08-28,32.95,33.86,32.87,33.77,1296100
FDX,2001-08-29,33.93,34.75,33.89,34.28,1547900
FDX,2001-08-30,34.01,34.62,33.29,33.53,990200
FDX,2001-08-31,33.49,34.0,33.37,33.57,732500
FDX,2001-09-04,33.49,34.19,33.05,33.92,1146300
FDX,2001-09-05,33.09,33.89,33.09,33.64,1063800
FDX,2001-09-06,33.29,33.41,32.5,32.9,1227700
FDX,2001-09-07,32.3,32.78,31.9,32.07,988200
FDX,2001-09-10,31.67,32.02,31.54,31.88,1202800
FDX,2001-09-17,26.71,30.61,26.55,30.54,3823900
FDX,2001-09-18,30.3,30.3,27.59,28.63,3167100
FDX,2001-09-19,28.51,28.71,26.64,27.78,2794500
FDX,2001-09-20,27.31,28.47,26.44,27.87,1838600
FDX,2001-09-21,27.03,28.87,26.71,27.47,2294600
FDX,2001-09-24,28.31,29.03,28.21,28.49,1916700
FDX,2001-09-25,29.3,29.67,27.93,28.51,1686300
FDX,2001-09-26,28.63,29.1,27.75,27.83,1295300
FDX,2001-09-27,27.91,28.15,26.91,27.71,1259400
FDX,2001-09-28,27.79,29.31,27.63,29.31,1319900
FDX,2001-10-01,29.27,29.27,28.11,28.42,952300
FDX,2001-10-02,28.63,29.19,28.63,29.11,1074400
FDX,2001-10-03,28.91,30.22,28.88,30.22,805100
FDX,2001-10-04,30.22,31.29,29.75,30.28,916500
FDX,2001-10-05,30.3,31.04,29.95,30.86,713500
FDX,2001-10-08,30.66,31.38,30.18,30.41,807200
FDX,2001-10-09,30.18,30.3,29.65,29.72,711700
FDX,2001-10-10,29.71,30.96,29.71,30.87,628300
FDX,2001-10-11,30.87,31.81,30.87,31.66,741700
FDX,2001-10-12,31.5,31.5,29.11,30.38,1691700
FDX,2001-10-15,30.02,30.57,29.75,30.5,904400
FDX,2001-10-16,30.58,31.3,30.3,30.7,1050500
FDX,2001-10-17,31.1,31.37,30.62,31.11,1285100
FDX,2001-10-18,30.62,30.97,30.1,30.53,658600
FDX,2001-10-19,30.53,30.6,29.9,30.42,463700
FDX,2001-10-22,30.26,30.78,30.06,30.63,496800
FDX,2001-10-23,30.63,31.5,30.62,31.5,686100
FDX,2001-10-24,31.54,31.55,30.85,30.93,641400
FDX,2001-10-25,30.42,31.38,30.31,31.24,685800
FDX,2001-10-26,31.14,31.58,30.99,31.48,487500
FDX,2001-10-29,32.1,33.49,31.9,32.58,2409900
FDX,2001-10-30,32.34,32.58,31.62,31.98,1404600
FDX,2001-10-31,31.94,33.12,31.94,32.76,1152400
FDX,2001-11-01,32.7,33.63,32.27,33.58,1367800
FDX,2001-11-02,33.33,33.76,33.08,33.69,940600
FDX,2001-11-05,33.76,34.61,33.76,34.61,1144300
FDX,2001-11-06,34.49,35.45,34.05,35.37,1222200
FDX,2001-11-07,35.25,35.37,34.9,35.17,2049100
FDX,2001-11-08,35.05,35.82,34.93,35.62,1273000
FDX,2001-11-09,35.31,35.95,35.18,35.85,924500
FDX,2001-11-12,35.49,35.89,34.88,35.81,1402300
FDX,2001-11-13,36.2,37.3,35.97,37.25,1931500
FDX,2001-11-14,37.48,37.88,37.03,37.17,1947500
FDX,2001-11-15,37.32,37.61,36.94,37.16,1145200
FDX,2001-11-16,37.16,37.2,35.85,36.36,1861800
FDX,2001-11-19,36.68,36.92,36.26,36.89,1165500
FDX,2001-11-20,36.76,36.76,36.05,36.18,847400
FDX,2001-11-21,36.36,36.36,35.81,36.19,538300
FDX,2001-11-23,36.19,37.0,36.09,37.0,414200
FDX,2001-11-26,36.8,36.9,36.58,36.64,1168800
FDX,2001-11-27,36.44,36.67,36.05,36.1,1271700
FDX,2001-11-28,36.09,36.1,35.37,35.57,1064200
FDX,2001-11-29,36.01,36.26,35.45,36.09,1339500
FDX,2001-11-30,36.28,36.87,36.28,36.57,1411700
FDX,2001-12-03,36.57,36.72,35.99,36.24,904600
FDX,2001-12-04,37.08,38.64,36.6,38.52,2994900
FDX,2001-12-05,38.28,39.67,38.28,39.43,1969100
FDX,2001-12-06,39.28,39.95,38.97,39.43,2536100
FDX,2001-12-07,39.31,39.31,38.07,38.53,1843100
FDX,2001-12-10,38.69,38.8,37.96,37.96,799400
FDX,2001-12-11,37.96,38.56,37.52,38.2,835800
FDX,2001-12-12,38.36,38.36,37.28,37.58,971000
FDX,2001-12-13,37.52,37.6,37.24,37.35,973700
FDX,2001-12-14,37.24,38.87,37.24,38.32,1367900
FDX,2001-12-17,38.92,39.27,38.52,39.04,1402000
FDX,2001-12-18,39.47,40.63,39.41,40.51,2345100
FDX,2001-12-19,40.11,40.87,39.27,39.87,4329500
FDX,2001-12-20,40.27,41.92,40.2,41.55,3752600
FDX,2001-12-21,41.64,41.87,41.16,41.33,2504600
FDX,2001-12-24,41.47,42.17,41.27,41.37,1178000
FDX,2001-12-26,41.67,42.62,41.6,42.42,1214800
FDX,2001-12-27,42.62,42.65,42.14,42.39,1651400
FDX,2001-12-28,42.23,42.31,41.62,41.62,1094900
FDX,2001-12-31,41.63,41.86,41.37,41.37,990100
FDX,2002-01-02,41.23,41.63,40.07,40.59,2178000
FDX,2002-01-03,40.75,41.73,40.7,41.69,2056500
FDX,2002-01-04,41.75,44.02,41.71,43.13,2848900
FDX,2002-01-07,42.77,44.46,42.77,44.08,2864900
FDX,2002-01-08,43.75,43.86,43.15,43.85,2223500
FDX,2002-01-09,43.78,43.94,42.76,42.86,2287400
FDX,2002-01-10,43.38,43.38,42.19,42.27,2404000
FDX,2002-01-11,41.11,41.22,39.79,40.2,4696600
FDX,2002-01-14,40.38,40.57,39.57,40.44,1626300
FDX,2002-01-15,40.44,41.05,39.35,39.87,1819400
FDX,2002-01-16,40.03,40.31,38.84,38.84,2284800
FDX,2002-01-17,39.27,40.12,38.88,40.03,2459400
FDX,2002-01-18,39.87,40.62,39.63,40.53,1399300
FDX,2002-01-22,40.95,41.04,40.47,40.66,1187500
FDX,2002-01-23,40.86,41.71,40.81,41.67,1758100
FDX,2002-01-24,41.67,42.19,41.65,41.87,1653500
FDX,2002-01-25,41.87,42.46,41.67,42.38,995000
FDX,2002-01-28,42.38,43.13,42.38,42.78,1812400
FDX,2002-01-29,42.79,42.79,41.42,41.85,1637100
FDX,2002-01-30,41.55,42.58,41.5,42.39,1665800
FDX,2002-01-31,42.11,42.78,41.95,42.7,1433600
FDX,2002-02-01,42.7,43.01,42.11,42.7,1530000
FDX,2002-02-04,42.58,43.04,42.11,42.37,1377800
FDX,2002-02-05,42.37,43.78,42.32,43.46,2481900
FDX,2002-02-06,43.62,43.62,42.31,42.47,1559100
FDX,2002-02-07,41.83,42.03,41.19,41.29,2399000
FDX,2002-02-08,41.07,42.58,40.95,42.58,1703900
FDX,2002-02-11,42.58,44.0,42.5,43.96,2101700
FDX,2002-02-12,43.86,44.66,43.57,44.12,1638700
FDX,2002-02-13,44.32,45.34,43.64,43.86,2537300
FDX,2002-02-14,43.86,43.86,43.42,43.62,842600
FDX,2002-02-15,43.26,43.91,43.24,43.83,1005200
FDX,2002-02-19,43.18,43.5,42.92,43.06,1404100
FDX,2002-02-20,43.22,44.14,43.17,44.04,1479500
FDX,2002-02-21,43.86,44.15,43.62,43.62,1486600
FDX,2002-02-22,43.54,44.1,43.26,43.97,865500
FDX,2002-02-25,44.46,45.09,44.1,44.98,1158000
FDX,2002-02-26,45.22,45.81,45.01,45.61,988900
FDX,2002-02-27,45.61,46.35,45.22,46.35,1486300
FDX,2002-02-28,46.25,46.98,46.14,46.14,1390200
FDX,2002-03-01,45.94,46.61,45.77,46.61,2031400
FDX,2002-03-04,46.77,48.82,46.77,48.82,2232800
FDX,2002-03-05,48.84,48.92,48.05,48.56,2483000
FDX,2002-03-06,48.49,48.72,47.79,47.85,1732800
FDX,2002-03-07,47.97,48.17,47.46,47.53,1735100
FDX,2002-03-08,47.97,48.31,47.74,48.09,2540700
FDX,2002-03-11,48.09,48.09,46.97,47.06,1653500
FDX,2002-03-12,46.13,47.29,46.09,46.32,1950400
FDX,2002-03-13,46.32,46.32,45.61,46.08,1441800
FDX,2002-03-14,46.25,46.45,46.0,46.21,2287700
FDX,2002-03-15,46.21,46.25,45.35,45.81,2256700
FDX,2002-03-18,46.37,46.67,45.57,46.01,1205500
FDX,2002-03-19,46.25,46.64,45.77,46.04,1609200
FDX,2002-03-20,45.85,45.93,44.74,45.3,2374700
FDX,2002-03-21,45.14,45.8,44.26,45.46,2011500
FDX,2002-03-22,45.02,46.05,45.02,45.9,918300
FDX,2002-03-25,46.09,46.09,44.98,45.09,1231500
FDX,2002-03-26,44.9,46.27,44.88,45.85,1142000
FDX,2002-03-27,45.53,46.34,45.38,46.3,1087300
FDX,2002-03-28,46.01,46.97,45.89,46.33,1174800
FDX,2002-04-01,45.85,46.0,45.18,45.79,819700
FDX,2002-04-02,45.38,45.85,44.55,44.59,1641400
FDX,2002-04-03,44.7,44.85,43.7,43.86,1656200
FDX,2002-04-04,43.86,44.4,43.75,44.16,1780800
FDX,2002-04-05,44.26,44.42,43.22,43.38,1599600
FDX,2002-04-08,42.42,42.82,41.89,42.36,1692300
FDX,2002-04-09,42.73,42.86,42.07,42.67,1745200
FDX,2002-04-10,42.78,43.63,42.74,43.63,1286700
FDX,2002-04-11,43.63,43.71,42.86,43.02,1149300
FDX,2002-04-12,43.14,43.97,43.14,43.86,938700
FDX,2002-04-15,43.7,43.7,42.42,43.18,1239100
FDX,2002-04-16,43.86,44.42,43.64,44.42,1426200
FDX,2002-04-17,44.26,44.26,43.1,43.4,1080600
FDX,2002-04-18,43.2,43.51,42.12,42.55,1450900
FDX,2002-04-19,43.06,43.32,42.66,43.14,927500
FDX,2002-04-22,42.94,43.14,42.54,42.94,1048900
FDX,2002-04-23,42.98,43.38,42.77,43.0,952300
FDX,2002-04-24,43.0,43.19,42.23,42.26,1885300
FDX,2002-04-25,42.27,43.09,42.09,42.83,1138200
FDX,2002-04-26,42.79,43.53,42.76,43.33,1224400
FDX,2002-04-29,43.34,43.84,42.91,42.91,900300
FDX,2002-04-30,42.62,42.9,40.87,41.2,3057900
FDX,2002-05-01,41.2,41.2,39.87,40.92,2961600
FDX,2002-05-02,41.16,41.71,40.99,41.18,1712800
FDX,2002-05-03,41.18,41.61,40.89,41.06,969800
FDX,2002-05-06,40.69,41.29,40.38,40.38,719700
FDX,2002-05-07,40.38,40.63,39.75,39.8,1052000
FDX,2002-05-08,40.15,42.13,40.14,42.07,1918100
FDX,2002-05-09,42.27,42.58,41.67,41.71,1448700
FDX,2002-05-10,41.75,41.97,41.01,41.13,892500
FDX,2002-05-13,41.55,42.57,41.41,42.22,824500
FDX,2002-05-14,42.35,43.38,42.28,42.82,923900
FDX,2002-05-15,43.06,43.78,43.06,43.4,905500
FDX,2002-05-16,43.54,43.61,42.9,43.45,598600
FDX,2002-05-17,43.94,44.1,42.7,43.33,1317300
FDX,2002-05-20,43.33,43.92,42.82,43.17,885600
FDX,2002-05-21,43.09,43.41,42.35,42.42,962000
FDX,2002-05-22,42.35,42.64,42.23,42.59,734900
FDX,2002-05-23,42.5,43.21,42.42,43.06,733000
FDX,2002-05-24,42.54,42.94,42.23,42.23,889100
FDX,2002-05-28,41.87,42.19,41.47,41.55,1204500
FDX,2002-05-29,41.75,42.64,41.68,42.38,683200
FDX,2002-05-30,42.23,42.94,42.23,42.9,944800
FDX,2002-05-31,43.06,43.54,42.81,43.02,1216800
FDX,2002-06-03,43.09,43.25,42.5,42.58,928700
FDX,2002-06-04,42.5,42.56,41.52,41.99,1190300
FDX,2002-06-05,42.07,42.46,41.82,42.42,867700
FDX,2002-06-06,42.82,43.22,42.39,43.04,1444600
FDX,2002-06-07,42.5,43.68,42.5,43.33,1127300
FDX,2002-06-10,43.39,44.64,43.34,44.22,1134400
FDX,2002-06-11,44.74,45.38,44.54,44.66,2216900
FDX,2002-06-12,44.34,44.85,44.04,44.58,1006800
FDX,2002-06-13,44.78,45.57,44.71,45.29,1148200
FDX,2002-06-14,45.29,45.7,44.33,44.75,1462700
FDX,2002-06-17,44.9,45.3,44.86,45.19,1648300
FDX,2002-06-18,44.9,45.01,44.38,44.67,1190500
FDX,2002-06-19,44.59,44.88,44.11,44.22,1450700
FDX,2002-06-20,43.98,44.46,43.9,44.13,1332500
FDX,2002-06-21,43.94,45.23,43.94,45.01,2268700
FDX,2002-06-24,45.01,45.52,44.42,44.71,1526000
FDX,2002-06-25,40.75,41.9,37.85,38.31,14649800
FDX,2002-06-26,38.32,40.4,37.71,40.11,4947200
FDX,2002-06-27,40.99,41.6,40.75,41.17,2547700
FDX,2002-06-28,41.37,42.91,41.22,42.62,2175000
FDX,2002-07-01,42.62,42.89,41.67,41.82,1313100
FDX,2002-07-02,41.66,41.94,41.23,41.36,1938800
FDX,2002-07-03,41.51,42.36,41.51,42.15,1448700
FDX,2002-07-05,42.3,42.46,42.06,42.42,506400
FDX,2002-07-08,42.3,42.58,42.01,42.08,1435500
FDX,2002-07-09,42.24,43.04,42.22,42.38,1079700
FDX,2002-07-10,42.54,42.78,41.67,41.7,2148100
FDX,2002-07-11,41.31,41.54,40.11,40.26,2564900
FDX,2002-07-12,40.27,41.07,39.5,39.83,1520500
FDX,2002-07-15,39.86,40.59,38.76,40.53,2093000
FDX,2002-07-16,39.99,41.11,39.28,40.83,2293200
FDX,2002-07-17,41.27,41.58,39.84,40.44,1821100
FDX,2002-07-18,40.4,40.56,39.99,40.32,1661600
FDX,2002-07-19,40.11,40.31,38.93,39.28,3917600
FDX,2002-07-22,38.59,40.31,36.36,36.72,4937000
FDX,2002-07-23,36.84,37.91,36.13,36.71,3185800
FDX,2002-07-24,35.52,36.84,34.89,36.68,4137400
FDX,2002-07-25,36.68,37.83,35.92,37.31,2374600
FDX,2002-07-26,37.31,37.55,36.56,37.54,1050600
FDX,2002-07-29,38.07,39.65,38.03,39.61,1777700
FDX,2002-07-30,38.91,39.8,38.75,39.17,2137300
FDX,2002-07-31,39.19,40.67,39.02,40.67,2305800
FDX,2002-08-01,39.87,39.91,38.67,38.87,1723000
FDX,2002-08-02,38.86,38.86,36.59,37.29,1946800
FDX,2002-08-05,36.64,37.01,35.78,35.84,1551300
FDX,2002-08-06,36.56,38.31,36.52,37.53,1874800
FDX,2002-08-07,38.23,38.28,36.64,37.73,1496800
FDX,2002-08-08,37.83,38.89,37.31,38.54,1809500
FDX,2002-08-09,38.34,39.37,37.91,38.99,1105500
FDX,2002-08-12,38.35,38.39,37.51,37.95,1231800
FDX,2002-08-13,37.59,38.54,37.35,37.45,1112000
FDX,2002-08-14,37.51,38.77,37.0,38.62,1210000
FDX,2002-08-15,38.78,39.33,38.23,38.31,1656800
FDX,2002-08-16,38.15,39.59,38.01,39.07,1402700
FDX,2002-08-19,38.83,39.75,38.69,39.6,876600
FDX,2002-08-20,39.11,39.49,38.63,38.97,1039900
FDX,2002-08-21,38.97,39.33,38.68,39.23,1427000
FDX,2002-08-22,39.11,40.07,38.99,39.89,1090300
FDX,2002-08-23,39.9,40.1,38.63,38.81,678700
FDX,2002-08-26,38.71,38.75,37.6,38.35,1298800
FDX,2002-08-27,38.79,39.51,38.23,38.48,968900
FDX,2002-08-28,38.28,38.34,37.55,37.85,933600
FDX,2002-08-29,37.31,37.94,37.16,37.61,857100
FDX,2002-08-30,37.67,38.21,37.49,37.79,734300
FDX,2002-09-03,37.47,37.67,36.64,36.74,1619200
FDX,2002-09-04,36.94,37.95,36.77,37.91,1067800
FDX,2002-09-05,37.35,37.47,36.41,36.62,1614900
FDX,2002-09-06,36.95,37.43,36.83,37.16,1451800
FDX,2002-09-09,37.1,37.15,35.88,37.07,2746300
FDX,2002-09-10,37.07,37.35,36.59,36.75,1267400
FDX,2002-09-11,37.15,37.35,36.69,36.75,762300
FDX,2002-09-12,36.74,36.75,35.98,36.08,1213900
FDX,2002-09-13,35.92,35.92,35.21,35.56,2512500
FDX,2002-09-16,35.68,35.68,34.72,35.13,1261200
FDX,2002-09-17,35.88,36.24,35.18,35.48,1757000
FDX,2002-09-18,35.24,35.52,34.16,34.2,2278500
FDX,2002-09-19,35.96,38.83,35.92,38.16,6335400
FDX,2002-09-20,38.51,39.06,37.67,38.15,2646900
FDX,2002-09-23,38.15,39.35,37.8,38.99,1808600
FDX,2002-09-24,38.39,38.95,37.95,38.03,1744800
FDX,2002-09-25,38.83,39.67,38.34,39.47,1435800
FDX,2002-09-26,39.67,41.63,39.63,41.51,2591900
FDX,2002-09-27,41.44,41.79,40.17,40.31,2290800
FDX,2002-09-30,40.31,40.31,38.36,40.01,3432100
FDX,2002-10-01,40.67,41.95,40.09,41.89,2226100
FDX,2002-10-02,41.54,41.99,40.35,40.87,2508200
FDX,2002-10-03,41.07,41.91,40.67,41.56,2288600
FDX,2002-10-04,41.52,41.53,39.92,40.8,2764800
FDX,2002-10-07,40.81,40.81,38.55,39.19,2935400
FDX,2002-10-08,39.75,39.94,38.72,39.2,2434100
FDX,2002-10-09,39.11,39.21,37.58,38.17,2798200
FDX,2002-10-10,38.13,40.3,37.88,39.89,1749100
FDX,2002-10-11,39.89,41.55,39.89,41.12,1911300
FDX,2002-10-14,40.92,41.55,40.63,41.05,1048200
FDX,2002-10-15,41.79,43.27,41.63,42.92,2365700
FDX,2002-10-16,42.06,42.42,41.33,41.91,2182700
FDX,2002-10-17,41.91,43.04,41.35,42.95,2081000
FDX,2002-10-18,42.64,42.83,41.47,42.62,2142100
FDX,2002-10-21,42.42,42.75,41.88,42.75,1411300
FDX,2002-10-22,42.36,42.63,41.52,42.55,1851200
FDX,2002-10-23,42.35,42.63,41.27,42.63,1509200
FDX,2002-10-24,42.63,42.95,41.95,42.17,1026800
FDX,2002-10-25,42.51,43.35,41.8,43.19,1567500
FDX,2002-10-28,43.87,43.94,42.72,42.93,1378900
FDX,2002-10-29,42.82,43.23,41.35,42.03,3198900
FDX,2002-10-30,42.35,43.43,42.13,42.97,1981000
FDX,2002-10-31,42.83,43.17,42.04,42.5,1483300
FDX,2002-11-01,42.34,43.15,42.03,43.0,1170500
FDX,2002-11-04,43.11,43.35,42.5,42.56,1467800
FDX,2002-11-05,42.67,43.45,42.43,43.33,1443500
FDX,2002-11-06,43.27,43.91,43.05,43.63,1324400
FDX,2002-11-07,43.63,43.76,42.95,43.12,1972600
FDX,2002-11-08,43.12,43.75,43.04,43.63,1114300
FDX,2002-11-11,43.51,43.87,42.87,43.2,1564200
FDX,2002-11-12,42.67,43.55,42.64,42.83,1694800
FDX,2002-11-13,42.79,43.83,42.27,43.71,2550500
FDX,2002-11-14,43.95,44.94,43.95,44.84,2526700
FDX,2002-11-15,43.75,44.22,42.15,42.71,4210400
FDX,2002-11-18,42.8,43.15,42.41,42.53,1054400
FDX,2002-11-19,41.87,42.15,41.55,41.84,1326800
FDX,2002-11-20,41.64,42.34,41.23,42.19,1181600
FDX,2002-11-21,42.35,42.73,42.17,42.48,1274900
FDX,2002-11-22,42.38,42.91,41.84,42.14,1027600
FDX,2002-11-25,42.35,42.36,41.35,41.8,988600
FDX,2002-11-26,41.35,41.52,40.43,40.57,1307400
FDX,2002-11-27,40.65,42.51,40.59,42.02,1356600
FDX,2002-11-29,42.19,42.43,41.87,42.0,445400
FDX,2002-12-02,42.67,43.56,41.87,42.25,1873300
FDX,2002-12-03,42.28,42.31,41.63,41.97,980500
FDX,2002-12-04,41.79,43.03,41.57,42.56,1085900
FDX,2002-12-05,42.76,42.76,41.97,42.26,883100
FDX,2002-12-06,41.39,42.86,41.36,42.86,789800
FDX,2002-12-09,42.66,42.67,42.0,42.15,795000
FDX,2002-12-10,42.43,42.71,41.91,42.69,535700
FDX,2002-12-11,42.03,42.11,41.38,41.56,1208600
FDX,2002-12-12,41.51,41.71,41.03,41.62,935500
FDX,2002-12-13,41.47,42.31,41.3,41.67,1275100
FDX,2002-12-16,41.99,42.79,41.79,42.77,1307000
FDX,2002-12-17,42.67,43.11,42.49,42.87,1192500
FDX,2002-12-18,42.27,42.75,41.98,42.32,1953200
FDX,2002-12-19,42.32,43.67,42.26,43.15,1974000
FDX,2002-12-20,42.63,43.67,42.63,43.47,2592500
FDX,2002-12-23,43.47,43.95,43.33,43.45,1386000
FDX,2002-12-24,43.55,43.7,43.16,43.27,455300
FDX,2002-12-26,43.39,43.75,43.19,43.41,652700
FDX,2002-12-27,43.43,43.55,43.03,43.15,722500
FDX,2002-12-30,43.19,43.48,42.71,43.32,1121200
FDX,2002-12-31,43.23,43.59,42.65,43.36,936900
FDX,2003-01-02,43.48,44.44,43.37,44.44,1051200
FDX,2003-01-03,44.23,44.48,44.01,44.39,877800
FDX,2003-01-06,45.19,46.87,45.07,46.53,2995500
FDX,2003-01-07,46.39,46.63,46.26,46.35,2603200
FDX,2003-01-08,46.35,46.38,45.91,46.03,1520700
FDX,2003-01-09,46.19,46.47,45.89,46.11,1413100
FDX,2003-01-10,46.11,46.11,45.46,45.87,1855600
FDX,2003-01-13,46.07,46.27,45.67,46.04,1477200
FDX,2003-01-14,45.63,46.07,45.47,45.79,1144000
FDX,2003-01-15,46.11,46.11,45.16,45.29,1407600
FDX,2003-01-16,45.13,45.41,44.6,44.88,1869900
FDX,2003-01-17,44.47,44.66,44.11,44.43,1120600
FDX,2003-01-21,44.63,44.98,43.47,43.57,1260400
FDX,2003-01-22,43.23,43.69,42.03,42.03,1947300
FDX,2003-01-23,42.23,42.37,41.19,42.0,2306500
FDX,2003-01-24,41.67,42.01,40.49,40.63,1664500
FDX,2003-01-27,41.07,41.98,40.99,41.31,2427400
FDX,2003-01-28,41.51,42.36,41.26,42.11,2414400
FDX,2003-01-29,41.75,42.35,41.11,41.83,1658400
FDX,2003-01-30,41.91,42.13,41.49,41.5,1191700
FDX,2003-01-31,41.5,42.39,41.22,42.07,1099600
FDX,2003-02-03,42.06,42.65,42.03,42.36,1244500
FDX,2003-02-04,42.37,42.37,41.2,41.61,1183500
FDX,2003-02-05,41.54,42.55,41.21,41.87,1088800
FDX,2003-02-06,41.67,42.37,41.67,42.13,1048300
FDX,2003-02-07,42.47,42.51,41.45,41.68,1029600
FDX,2003-02-10,41.43,41.68,40.8,41.53,1032200
FDX,2003-02-11,41.64,41.87,41.06,41.22,834100
FDX,2003-02-12,41.23,41.44,40.39,40.68,1057900
FDX,2003-02-13,40.67,40.75,39.91,40.35,1218300
FDX,2003-02-14,40.31,41.35,40.31,41.35,1291500
FDX,2003-02-18,41.51,42.03,41.51,41.72,997100
FDX,2003-02-19,41.75,41.75,41.21,41.35,802500
FDX,2003-02-20,41.35,41.35,40.66,40.75,1052900
FDX,2003-02-21,40.79,41.27,40.35,41.03,1362400
FDX,2003-02-24,40.75,40.76,39.35,39.54,1393800
FDX,2003-02-25,39.39,39.97,38.15,39.87,2210900
FDX,2003-02-26,39.87,40.71,39.78,40.15,1841900
FDX,2003-02-27,40.16,40.87,39.96,40.26,1271600
FDX,2003-02-28,40.23,41.37,40.21,41.11,1683000
FDX,2003-03-03,41.97,42.32,41.84,41.87,2154000
FDX,2003-03-04,41.87,41.88,41.36,41.4,1384700
FDX,2003-03-05,41.4,41.4,40.66,41.14,1471200
FDX,2003-03-06,41.14,41.23,40.63,40.85,1506600
FDX,2003-03-07,40.43,40.83,40.4,40.7,1906900
FDX,2003-03-10,40.43,40.63,39.68,39.72,1148100
FDX,2003-03-11,39.81,40.28,39.67,39.76,1116400
FDX,2003-03-12,39.69,39.95,38.57,39.23,2116000
FDX,2003-03-13,39.11,40.08,38.83,40.04,3163800
FDX,2003-03-14,39.83,40.09,38.92,39.87,1920100
FDX,2003-03-17,39.87,41.16,39.64,41.16,2210500
FDX,2003-03-18,41.55,41.6,40.96,41.37,1566100
FDX,2003-03-19,42.27,44.21,42.19,44.17,3981600
FDX,2003-03-20,44.17,45.91,44.17,45.47,4067500
FDX,2003-03-21,45.75,45.99,45.23,45.84,2163300
FDX,2003-03-24,45.11,45.15,44.03,44.4,2066300
FDX,2003-03-25,44.35,45.18,44.25,44.73,1728000
FDX,2003-03-26,44.73,45.38,44.56,44.99,1391400
FDX,2003-03-27,44.51,45.45,44.51,45.35,1682700
FDX,2003-03-28,44.95,45.36,44.36,45.23,1313900
FDX,2003-03-31,44.63,44.71,43.89,44.09,1549800
FDX,2003-04-01,44.11,44.57,43.55,44.23,1281500
FDX,2003-04-02,44.24,45.77,44.24,45.58,2671500
FDX,2003-04-03,45.91,45.91,44.87,44.89,2014200
FDX,2003-04-04,44.9,45.15,44.41,44.71,1264300
FDX,2003-04-07,45.55,45.89,44.92,44.93,1761700
FDX,2003-04-08,44.73,45.31,44.13,44.52,1367800
FDX,2003-04-09,44.83,45.44,44.45,44.81,2062300
FDX,2003-04-10,44.82,45.1,44.41,45.0,1654000
FDX,2003-04-11,45.71,46.42,45.26,46.0,2256400
FDX,2003-04-14,46.23,46.67,46.16,46.66,1748200
FDX,2003-04-15,46.66,47.66,45.99,47.59,2537700
FDX,2003-04-16,47.54,47.95,46.51,46.58,2974100
FDX,2003-04-17,46.51,47.15,46.27,47.15,1599000
FDX,2003-04-21,47.15,47.15,45.86,46.06,2154500
FDX,2003-04-22,46.06,46.99,46.03,46.87,2568800
FDX,2003-04-23,47.39,47.42,46.5,46.94,1525100
FDX,2003-04-24,46.55,47.63,46.42,47.46,2099100
FDX,2003-04-25,47.31,47.46,46.75,47.06,1359600
FDX,2003-04-28,46.99,48.03,46.94,47.98,1557600
FDX,2003-04-29,47.95,48.03,47.38,47.72,1684200
FDX,2003-04-30,47.7,48.12,47.23,47.94,2093200
FDX,2003-05-01,47.87,47.87,46.8,47.43,1418200
FDX,2003-05-02,47.03,48.75,46.93,48.63,2162200
FDX,2003-05-05,48.79,49.63,48.66,49.42,2439700
FDX,2003-05-06,49.19,49.69,49.03,49.36,2118200
FDX,2003-05-07,49.37,49.63,48.83,48.99,1799700
FDX,2003-05-08,48.83,49.07,48.58,48.66,1162800
FDX,2003-05-09,48.75,49.71,48.59,49.67,1552100
FDX,2003-05-12,49.55,51.0,49.29,50.71,1926300
FDX,2003-05-13,50.55,50.57,50.16,50.28,1467600
FDX,2003-05-14,50.28,50.33,49.43,49.45,1854600
FDX,2003-05-15,49.63,50.03,49.39,49.69,2289900
FDX,2003-05-16,49.69,50.03,49.01,50.03,1398400
FDX,2003-05-19,49.63,49.71,48.47,48.66,1465800
FDX,2003-05-20,48.66,48.95,48.39,48.83,1573700
FDX,2003-05-21,48.57,48.65,47.7,47.95,1986500
FDX,2003-05-22,47.95,48.43,47.89,48.17,1618900
FDX,2003-05-23,48.27,49.01,48.08,48.95,998000
FDX,2003-05-27,48.83,49.84,48.56,49.71,1355200
FDX,2003-05-28,49.87,50.28,49.58,49.81,1249800
FDX,2003-05-29,49.71,50.41,49.63,50.14,1779700
FDX,2003-05-30,50.14,51.52,50.14,51.22,1810000
FDX,2003-06-02,51.23,52.24,51.08,51.72,2497700
FDX,2003-06-03,50.43,51.2,50.25,50.43,4223000
FDX,2003-06-04,49.63,51.56,49.63,51.42,2599000
FDX,2003-06-05,51.0,51.64,50.57,51.64,1591000
FDX,2003-06-06,51.98,52.32,50.28,50.6,2140300
FDX,2003-06-09,50.43,50.79,49.92,50.27,1092400
FDX,2003-06-10,50.84,51.28,50.64,51.01,1444700
FDX,2003-06-11,51.12,51.68,50.75,51.67,1033500
FDX,2003-06-12,51.76,52.07,51.44,52.05,1991300
FDX,2003-06-13,52.0,52.04,51.01,51.16,1236000
FDX,2003-06-16,51.16,52.19,51.1,52.19,1680200
FDX,2003-06-17,52.2,52.36,51.44,51.68,1450900
FDX,2003-06-18,51.68,52.07,51.18,51.68,983700
FDX,2003-06-19,51.84,52.04,50.84,50.89,1115200
FDX,2003-06-20,51.06,51.46,50.07,50.48,1876200
FDX,2003-06-23,50.64,50.81,49.67,49.67,1752900
FDX,2003-06-24,48.88,48.91,48.15,48.45,3916900
FDX,2003-06-25,48.45,48.47,47.28,47.83,2406200
FDX,2003-06-26,47.43,50.23,47.43,50.01,2923900
FDX,2003-06-27,50.02,50.55,49.8,50.11,2557500
FDX,2003-06-30,50.19,50.35,49.12,49.7,2203400
FDX,2003-07-01,49.35,49.53,48.58,49.35,2038700
FDX,2003-07-02,49.08,49.83,49.08,49.81,1437000
FDX,2003-07-03,49.82,49.82,49.28,49.29,720300
FDX,2003-07-07,49.39,50.47,49.38,50.45,1933500
FDX,2003-07-08,49.99,51.68,49.99,51.54,1829100
FDX,2003-07-09,51.48,51.68,50.88,51.56,1517700
FDX,2003-07-10,51.5,51.67,50.9,51.15,1461200
FDX,2003-07-11,51.05,51.11,50.53,51.07,1325600
FDX,2003-07-14,51.56,52.01,51.31,51.52,1190600
FDX,2003-07-15,51.68,51.88,51.18,51.53,1069700
FDX,2003-07-16,51.53,51.67,50.79,51.36,1447400
FDX,2003-07-17,51.34,51.4,50.98,51.37,1140900
FDX,2003-07-18,51.37,52.48,51.08,52.33,1812300
FDX,2003-07-21,52.33,52.89,52.09,52.88,1776900
FDX,2003-07-22,52.8,52.8,51.77,52.07,2423200
FDX,2003-07-23,52.05,52.1,51.4,52.05,869000
FDX,2003-07-24,52.24,52.48,51.6,51.72,1210900
FDX,2003-07-25,51.76,52.33,51.08,52.28,1641400
FDX,2003-07-28,52.12,52.36,51.44,52.21,1654300
FDX,2003-07-29,52.16,52.44,51.67,51.94,1523300
FDX,2003-07-30,51.95,51.95,50.72,51.14,2059000
FDX,2003-07-31,51.32,52.19,51.08,51.59,1821700
FDX,2003-08-01,51.15,52.08,51.15,51.8,1466300
FDX,2003-08-04,51.68,51.98,51.28,51.84,1277800
FDX,2003-08-05,51.82,52.02,51.24,51.28,1502700
FDX,2003-08-06,51.09,51.92,51.03,51.48,1475800
FDX,2003-08-07,51.4,51.79,51.13,51.57,947500
FDX,2003-08-08,51.76,52.4,51.6,52.24,1716300
FDX,2003-08-11,52.4,52.97,52.3,52.89,1388600
FDX,2003-08-12,53.08,53.66,52.87,53.58,1228200
FDX,2003-08-13,53.66,53.78,53.32,53.58,1164300
FDX,2003-08-14,53.75,54.06,53.4,53.68,885700
FDX,2003-08-15,53.68,53.99,52.01,53.97,348100
FDX,2003-08-18,53.95,54.24,53.93,54.14,985700
FDX,2003-08-19,54.14,54.69,54.14,54.6,1318200
FDX,2003-08-20,54.6,54.68,54.02,54.14,1162700
FDX,2003-08-21,54.21,55.24,54.18,54.75,1323200
FDX,2003-08-22,54.92,55.25,53.54,53.75,1469600
FDX,2003-08-25,53.92,53.98,52.95,53.17,1386500
FDX,2003-08-26,52.88,53.13,52.4,52.94,1307400
FDX,2003-08-27,52.93,52.95,52.52,52.8,739400
FDX,2003-08-28,52.92,53.79,52.61,53.7,1072200
FDX,2003-08-29,53.71,54.06,53.47,53.76,758600
FDX,2003-09-02,53.92,54.84,53.66,54.71,1232300
FDX,2003-09-03,54.71,54.71,53.98,54.44,1835600
FDX,2003-09-04,54.45,54.45,53.58,53.88,1194900
FDX,2003-09-05,53.31,53.84,53.13,53.42,1006300
FDX,2003-09-08,53.58,53.9,52.98,53.37,1576200
FDX,2003-09-09,52.96,53.08,52.73,52.73,1253900
FDX,2003-09-10,52.69,52.85,52.12,52.21,1485600
FDX,2003-09-11,52.21,52.63,51.72,52.32,1335800
FDX,2003-09-12,52.18,52.4,51.56,52.31,1151000
FDX,2003-09-15,52.43,52.59,51.85,52.1,1720100
FDX,2003-09-16,52.29,53.07,52.17,52.98,1237600
FDX,2003-09-17,52.52,53.44,52.12,53.33,2293400
FDX,2003-09-18,53.36,55.32,53.2,55.0,2194500
FDX,2003-09-19,53.65,54.41,52.92,53.12,3682800
FDX,2003-09-22,52.93,53.24,52.55,52.91,1047300
FDX,2003-09-23,53.07,53.89,52.83,53.48,1027600
FDX,2003-09-24,53.42,53.74,52.21,52.27,1156800
FDX,2003-09-25,52.2,52.54,51.56,51.56,1378000
FDX,2003-09-26,51.61,51.67,51.07,51.15,1445200
FDX,2003-09-29,51.23,52.16,51.07,51.97,932000
FDX,2003-09-30,51.97,52.26,51.23,51.66,1229200
FDX,2003-10-01,52.02,52.81,51.72,52.73,1277800
FDX,2003-10-02,52.72,52.72,51.86,52.47,1154200
FDX,2003-10-03,53.08,54.12,53.02,53.65,1665200
FDX,2003-10-06,53.78,54.52,53.7,54.36,1055600
FDX,2003-10-07,54.16,54.17,53.61,54.02,1208400
FDX,2003-10-08,54.02,54.34,53.96,54.19,747700
FDX,2003-10-09,55.01,55.74,54.56,55.16,1713500
FDX,2003-10-10,55.32,55.32,54.63,54.97,1085200
FDX,2003-10-13,55.88,57.37,55.76,57.21,3991400
FDX,2003-10-14,57.2,59.12,57.09,59.05,4101300
FDX,2003-10-15,59.21,59.33,58.31,58.75,1977800
FDX,2003-10-16,58.61,59.32,58.59,59.26,1670100
FDX,2003-10-17,59.32,59.32,58.19,58.49,1472100
FDX,2003-10-20,58.45,58.45,57.79,58.2,1415400
FDX,2003-10-21,58.05,58.36,57.76,58.21,2477900
FDX,2003-10-22,58.05,58.07,57.59,57.88,1253700
FDX,2003-10-23,57.8,58.01,57.37,57.85,1430200
FDX,2003-10-24,57.85,58.18,57.45,58.18,1200000
FDX,2003-10-27,58.38,59.01,57.58,57.73,1363300
FDX,2003-10-28,58.13,58.67,57.69,58.67,1377700
FDX,2003-10-29,58.53,58.62,58.05,58.56,906800
FDX,2003-10-30,59.13,59.61,58.93,59.27,1508600
FDX,2003-10-31,59.33,60.9,59.17,60.74,2932700
FDX,2003-11-03,60.75,61.43,60.62,61.14,1880000
FDX,2003-11-04,61.18,61.24,60.87,60.94,1380500
FDX,2003-11-05,60.86,61.27,60.45,60.91,1033600
FDX,2003-11-06,60.89,62.18,60.64,61.87,1066000
FDX,2003-11-07,61.87,62.58,61.61,61.66,1136200
FDX,2003-11-10,61.86,62.06,61.35,61.48,968900
FDX,2003-11-11,61.39,61.64,60.8,60.98,883800
FDX,2003-11-12,60.98,61.27,60.69,61.24,1326900
FDX,2003-11-13,61.09,61.89,60.86,61.8,1204500
FDX,2003-11-14,61.75,62.05,61.23,61.66,1077200
FDX,2003-11-17,61.66,61.66,60.74,60.94,1644300
FDX,2003-11-18,61.01,61.22,60.16,60.17,1065100
FDX,2003-11-19,60.16,60.38,59.79,60.05,1208200
FDX,2003-11-20,59.65,60.13,59.49,59.66,1232400
FDX,2003-11-21,58.33,58.65,56.18,56.51,6087600
FDX,2003-11-24,56.93,57.2,56.33,57.12,2849800
FDX,2003-11-25,56.92,57.83,56.69,57.63,1424700
FDX,2003-11-26,57.77,58.26,57.07,57.52,1055800
FDX,2003-11-28,57.72,58.35,57.63,58.29,631900
FDX,2003-12-01,58.58,59.69,58.45,58.93,1377300
FDX,2003-12-02,58.89,59.57,58.62,59.0,1410300
FDX,2003-12-03,59.2,59.34,58.68,58.68,1874500
FDX,2003-12-04,58.68,58.89,57.88,58.46,1512500
FDX,2003-12-05,58.47,58.84,58.13,58.15,1006100
FDX,2003-12-08,58.08,58.55,57.49,57.92,1998600
FDX,2003-12-09,58.03,58.23,57.44,57.54,1199700
FDX,2003-12-10,57.82,58.06,57.25,57.81,842500
FDX,2003-12-11,58.06,58.94,58.03,58.73,1075700
FDX,2003-12-12,58.73,59.35,58.33,59.18,1026400
FDX,2003-12-15,59.94,60.3,59.44,59.51,1334500
FDX,2003-12-16,59.51,59.88,59.13,59.63,1051500
FDX,2003-12-17,58.54,58.54,56.26,56.98,4075900
FDX,2003-12-18,56.33,56.45,54.41,55.93,7426800
FDX,2003-12-19,55.93,56.33,55.26,55.71,2322900
FDX,2003-12-22,55.47,55.71,55.19,55.61,1387300
FDX,2003-12-23,55.61,55.83,55.05,55.36,1483000
FDX,2003-12-24,55.15,55.36,55.13,55.23,566000
FDX,2003-12-26,55.31,55.41,54.92,55.26,363600
FDX,2003-12-29,55.35,56.14,55.32,56.12,1559500
FDX,2003-12-30,56.17,56.17,54.73,55.37,2497000
FDX,2003-12-31,55.36,55.36,53.81,54.17,3188500
FDX,2004-01-02,54.33,55.06,54.2,54.48,1398300
FDX,2004-01-05,54.89,55.04,54.41,54.53,3520700
FDX,2004-01-06,54.54,54.58,54.2,54.25,3129300
FDX,2004-01-07,54.25,54.36,53.51,53.71,3475500
FDX,2004-01-08,53.74,53.94,52.88,53.27,3543200
FDX,2004-01-09,53.12,53.34,52.03,52.19,3394100
FDX,2004-01-12,53.36,54.91,52.99,54.72,4607500
FDX,2004-01-13,55.29,55.8,54.78,55.37,3985700
FDX,2004-01-14,55.68,55.84,55.11,55.4,1221900
FDX,2004-01-15,55.53,55.85,55.19,55.63,1339800
FDX,2004-01-16,55.77,56.13,55.41,56.12,1866400
FDX,2004-01-20,56.17,56.49,55.47,55.53,1186400
FDX,2004-01-21,55.52,56.43,55.38,56.17,1317400
FDX,2004-01-22,56.12,56.12,55.38,55.8,1495700
FDX,2004-01-23,55.88,56.01,55.53,55.88,1118900
FDX,2004-01-26,55.75,55.92,54.81,55.81,1454800
FDX,2004-01-27,55.61,56.28,55.38,55.57,1267900
FDX,2004-01-28,55.53,55.53,54.73,54.84,1644700
FDX,2004-01-29,54.84,55.04,54.21,54.81,1248300
FDX,2004-01-30,54.82,54.82,53.89,53.99,1006700
FDX,2004-02-02,54.05,54.22,53.53,53.9,1642100
FDX,2004-02-03,53.9,54.45,53.26,53.58,1140300
FDX,2004-02-04,53.2,53.54,52.25,52.34,2541100
FDX,2004-02-05,52.47,52.72,52.09,52.1,2537200
FDX,2004-02-06,52.18,53.29,52.13,53.07,1820600
FDX,2004-02-09,53.85,54.6,53.43,54.29,2427600
FDX,2004-02-10,54.37,55.05,54.09,55.05,1562500
FDX,2004-02-11,54.85,56.15,54.58,56.02,1950200
FDX,2004-02-12,55.61,55.71,55.05,55.67,1000200
FDX,2004-02-13,55.57,55.93,55.13,55.3,1260600
FDX,2004-02-17,55.53,55.69,54.91,55.59,1068200
FDX,2004-02-18,55.35,55.44,54.98,55.13,916300
FDX,2004-02-19,55.39,55.81,55.14,55.19,918900
FDX,2004-02-20,55.29,55.62,55.15,55.38,1217100
FDX,2004-02-23,55.39,55.57,54.72,55.08,921600
FDX,2004-02-24,54.61,55.29,54.61,55.19,1370300
FDX,2004-02-25,54.81,55.27,54.78,55.02,1173500
FDX,2004-02-26,55.07,55.45,54.86,55.19,1177500
FDX,2004-02-27,55.29,55.77,55.01,55.11,1229300
FDX,2004-03-01,55.12,55.52,54.78,55.51,1435300
FDX,2004-03-02,55.52,55.93,55.36,55.72,1295700
FDX,2004-03-03,55.67,55.85,55.07,55.56,997300
FDX,2004-03-04,55.57,55.57,54.86,55.17,998700
FDX,2004-03-05,54.77,55.88,54.73,55.77,1400800
FDX,2004-03-08,55.7,56.09,55.34,55.39,864700
FDX,2004-03-09,55.39,55.67,54.79,55.06,1198200
FDX,2004-03-10,55.01,55.01,53.01,53.17,2332400
FDX,2004-03-11,53.17,54.29,52.91,53.23,2076200
FDX,2004-03-12,53.49,54.58,53.44,54.49,1492700
FDX,2004-03-15,54.4,54.4,53.81,53.89,1343000
FDX,2004-03-16,54.61,55.02,54.12,54.96,1983200
FDX,2004-03-17,55.22,58.2,55.22,57.5,5887100
FDX,2004-03-18,57.55,58.03,57.13,57.81,2303200
FDX,2004-03-19,57.43,57.87,57.23,57.25,1539100
FDX,2004-03-22,57.26,57.61,56.94,57.08,1634300
FDX,2004-03-23,57.39,57.88,57.1,57.5,1717600
FDX,2004-03-24,57.51,57.63,56.65,57.06,1766300
FDX,2004-03-25,57.43,58.67,57.32,58.64,1915500
FDX,2004-03-26,58.31,58.94,58.01,58.46,1570800
FDX,2004-03-29,58.63,60.03,58.45,59.43,2161800
FDX,2004-03-30,59.59,60.04,58.86,59.93,1471400
FDX,2004-03-31,59.93,60.45,59.62,60.37,1678000
FDX,2004-04-01,60.21,60.68,59.81,60.08,1815700
FDX,2004-04-02,60.67,61.1,60.34,61.1,1470500
FDX,2004-04-05,60.64,61.04,60.16,60.67,1379300
FDX,2004-04-06,60.53,61.0,60.05,60.83,1499000
FDX,2004-04-07,60.83,60.83,59.92,60.29,1222600
FDX,2004-04-08,60.72,60.72,58.89,59.29,2577200
FDX,2004-04-12,59.66,60.39,59.38,60.08,954200
FDX,2004-04-13,60.36,60.52,59.55,59.69,1169900
FDX,2004-04-14,59.39,60.24,59.29,60.04,1112600
FDX,2004-04-15,60.2,60.75,59.82,60.2,1023800
FDX,2004-04-16,60.47,60.48,59.54,59.84,1263900
FDX,2004-04-19,59.59,59.73,59.09,59.34,877500
FDX,2004-04-20,59.39,59.71,58.65,58.65,767500
FDX,2004-04-21,58.6,59.51,58.27,59.3,915400
FDX,2004-04-22,59.14,60.77,59.02,60.54,1581700
FDX,2004-04-23,60.32,60.32,59.07,59.55,1454700
FDX,2004-04-26,59.59,60.01,58.4,58.61,1653200
FDX,2004-04-27,58.92,60.02,58.92,59.59,1558300
FDX,2004-04-28,59.63,59.67,58.65,58.69,795000
FDX,2004-04-29,58.87,59.1,57.83,58.1,1236900
FDX,2004-04-30,58.31,58.31,57.51,57.76,1198900
FDX,2004-05-03,57.91,58.65,57.75,58.49,914600
FDX,2004-05-04,58.49,59.22,58.18,58.68,962900
FDX,2004-05-05,58.77,58.77,57.9,58.7,841500
FDX,2004-05-06,58.35,58.55,57.69,58.09,744400
FDX,2004-05-07,57.44,58.02,57.13,57.52,988600
FDX,2004-05-10,57.35,57.41,56.39,56.77,1422000
FDX,2004-05-11,56.94,57.2,56.15,57.17,1228800
FDX,2004-05-12,57.02,57.39,56.02,57.27,1439600
FDX,2004-05-13,57.18,57.22,56.45,56.73,1070700
FDX,2004-05-14,56.73,57.3,56.27,57.02,1018500
FDX,2004-05-17,56.82,56.93,55.7,56.66,1107600
FDX,2004-05-18,56.78,57.74,56.62,57.61,1163300
FDX,2004-05-19,57.83,58.08,57.03,57.22,997800
FDX,2004-05-20,57.16,57.26,56.61,57.03,707200
FDX,2004-05-21,57.43,57.43,56.46,56.74,1118000
FDX,2004-05-24,57.06,57.92,56.97,57.75,993200
FDX,2004-05-25,57.83,59.43,57.34,59.25,1380200
FDX,2004-05-26,59.19,59.52,58.64,59.35,1129200
FDX,2004-05-27,59.76,59.92,58.22,58.82,1473100
FDX,2004-05-28,58.91,59.31,58.68,59.1,577100
FDX,2004-06-01,58.96,58.96,58.05,58.49,1119500
FDX,2004-06-02,58.51,59.31,58.51,59.25,912400
FDX,2004-06-03,59.03,59.71,58.74,59.56,1259900
FDX,2004-06-04,59.88,60.0,59.28,59.61,808200
FDX,2004-06-07,59.8,60.9,59.67,60.8,1159600
FDX,2004-06-08,60.86,61.47,60.55,61.47,1267200
FDX,2004-06-09,61.47,61.47,60.94,61.1,812000
FDX,2004-06-10,62.22,62.62,61.24,61.85,1917900
FDX,2004-06-14,61.58,62.18,61.27,61.65,1034400
FDX,2004-06-15,61.85,62.54,61.74,62.22,1259600
FDX,2004-06-16,62.5,62.91,62.38,62.84,1475600
FDX,2004-06-17,62.83,62.83,61.82,62.65,1014500
FDX,2004-06-18,62.63,63.2,62.31,62.89,957800
FDX,2004-06-21,62.87,63.14,62.69,62.69,599600
FDX,2004-06-22,62.73,63.09,62.51,63.05,888400
FDX,2004-06-23,63.53,64.66,63.4,64.35,2908000
FDX,2004-06-24,64.12,64.42,63.8,64.11,1270300
FDX,2004-06-25,64.17,64.59,63.88,64.18,1199800
FDX,2004-06-28,64.39,65.74,64.39,64.94,1710100
FDX,2004-06-29,64.96,65.41,64.96,65.17,1056200
FDX,2004-06-30,65.08,65.78,64.59,65.67,1458500
FDX,2004-07-01,65.56,65.91,64.41,65.04,1735500
FDX,2004-07-02,65.15,65.2,64.39,64.71,799200
FDX,2004-07-06,64.23,64.67,63.89,64.36,1001200
FDX,2004-07-07,64.36,65.1,64.36,65.1,992900
FDX,2004-07-08,64.76,64.86,63.77,63.77,1180900
FDX,2004-07-09,63.99,64.34,63.37,64.26,1263000
FDX,2004-07-12,64.26,64.52,63.69,64.26,743100
FDX,2004-07-13,64.23,64.3,63.79,63.91,663800
FDX,2004-07-14,63.63,64.92,63.56,64.31,1634000
FDX,2004-07-15,64.31,65.88,64.28,65.36,1309500
FDX,2004-07-16,65.81,65.82,64.92,64.96,971100
FDX,2004-07-19,65.11,65.32,64.52,64.97,994700
FDX,2004-07-20,64.98,66.57,64.97,66.57,1557200
FDX,2004-07-21,66.57,67.1,65.57,65.57,1605500
FDX,2004-07-22,65.57,65.86,64.62,65.25,2267800
FDX,2004-07-23,64.93,65.52,64.3,64.77,1481000
FDX,2004-07-26,64.8,65.22,64.3,64.6,961400
FDX,2004-07-27,64.63,65.12,64.02,64.68,1268600
FDX,2004-07-28,64.47,65.49,63.92,65.28,1393100
FDX,2004-07-29,65.28,65.9,64.87,65.86,1413700
FDX,2004-07-30,65.86,65.86,65.33,65.82,846200
FDX,2004-08-02,65.68,66.53,65.32,66.28,1330500
FDX,2004-08-03,66.29,66.56,65.61,65.77,912100
FDX,2004-08-04,65.4,65.91,64.88,65.5,1308600
FDX,2004-08-05,65.66,65.66,63.71,63.71,1573900
FDX,2004-08-06,62.95,63.27,62.3,62.82,1711900
FDX,2004-08-09,62.66,63.04,62.16,62.16,1100600
FDX,2004-08-10,62.4,63.52,62.34,63.52,1054100
FDX,2004-08-11,63.31,63.61,62.37,63.26,1594000
FDX,2004-08-12,63.11,63.16,61.64,62.18,1230300
FDX,2004-08-13,62.18,62.57,61.3,61.44,1094400
FDX,2004-08-16,61.5,63.16,61.5,63.16,1578900
FDX,2004-08-17,63.44,63.97,63.08,63.21,1149000
FDX,2004-08-18,63.21,63.84,62.93,63.75,864200
FDX,2004-08-19,63.62,63.81,62.78,63.19,806500
FDX,2004-08-20,63.26,63.88,62.66,63.75,1293800
FDX,2004-08-23,65.44,66.19,64.46,65.08,3446900
FDX,2004-08-24,65.36,65.96,65.13,65.69,2105200
FDX,2004-08-25,65.87,66.39,65.38,65.93,1582500
FDX,2004-08-26,65.96,66.27,65.1,65.55,1611700
FDX,2004-08-27,65.74,65.9,65.24,65.38,1349200
FDX,2004-08-30,65.12,65.86,65.12,65.32,1087000
FDX,2004-08-31,65.64,66.02,65.33,65.91,1205200
FDX,2004-09-01,66.16,66.65,65.82,66.15,1722600
FDX,2004-09-02,66.32,67.12,66.25,66.99,1405900
FDX,2004-09-03,66.92,67.14,66.45,66.73,841400
FDX,2004-09-07,67.13,67.8,67.13,67.69,1232200
FDX,2004-09-08,67.51,67.74,67.33,67.45,920000
FDX,2004-09-09,67.66,67.74,67.21,67.54,1070300
FDX,2004-09-10,68.11,69.06,67.91,68.92,2081800
FDX,2004-09-13,69.18,69.73,68.86,69.6,1439000
FDX,2004-09-14,69.6,69.6,68.97,69.46,1500200
FDX,2004-09-15,69.46,69.62,69.01,69.1,1218200
FDX,2004-09-16,69.25,70.0,69.03,70.0,1081900
FDX,2004-09-17,70.32,70.89,70.26,70.89,2052200
FDX,2004-09-20,70.81,71.53,70.64,71.24,1862500
FDX,2004-09-21,70.68,71.45,70.42,71.36,2225800
FDX,2004-09-22,70.14,70.4,68.09,68.56,4711200
FDX,2004-09-23,67.74,68.25,67.35,67.55,2615400
FDX,2004-09-24,67.18,68.4,67.18,68.06,1894900
FDX,2004-09-27,68.11,68.91,67.83,68.71,1665700
FDX,2004-09-28,68.82,68.98,68.15,68.55,1102800
FDX,2004-09-29,68.51,68.51,67.69,68.42,1429100
FDX,2004-09-30,68.43,69.15,67.97,68.94,1931200
FDX,2004-10-01,69.18,69.84,68.95,69.4,1675500
FDX,2004-10-04,69.98,70.63,69.85,70.51,1731700
FDX,2004-10-05,70.51,70.76,70.01,70.31,1211600
FDX,2004-10-06,70.46,71.08,70.35,71.04,983100
FDX,2004-10-07,70.64,70.8,69.76,69.88,1189000
FDX,2004-10-08,69.88,69.88,68.81,69.14,1098600
FDX,2004-10-11,69.47,69.82,68.99,69.56,779800
FDX,2004-10-12,69.56,69.97,68.94,69.91,1082200
FDX,2004-10-13,70.04,70.46,68.04,68.33,1899400
FDX,2004-10-14,68.65,68.93,68.16,68.39,1282700
FDX,2004-10-15,68.47,69.58,68.47,69.35,2771600
FDX,2004-10-18,69.36,70.1,68.65,69.92,1404600
FDX,2004-10-19,69.92,70.82,69.68,69.68,1501700
FDX,2004-10-20,69.68,70.7,69.43,70.7,1400400
FDX,2004-10-21,70.7,72.38,70.7,71.97,2820200
FDX,2004-10-22,71.98,72.41,70.54,70.63,1689900
FDX,2004-10-25,70.32,70.79,69.75,69.95,1932200
FDX,2004-10-26,70.03,71.29,69.76,71.29,1719100
FDX,2004-10-27,71.29,72.46,70.9,72.24,1635500
FDX,2004-10-28,72.25,72.85,71.35,72.85,1720400
FDX,2004-10-29,72.82,73.31,72.72,73.31,1825400
FDX,2004-11-01,73.31,73.72,72.52,72.97,1837000
FDX,2004-11-02,72.98,73.96,72.22,73.19,2711000
FDX,2004-11-03,73.78,73.95,72.12,72.54,2272800
FDX,2004-11-04,72.73,73.81,72.57,73.6,2346800
FDX,2004-11-05,73.69,74.51,73.57,73.97,1202500
FDX,2004-11-08,74.15,75.25,74.01,75.08,1415500
FDX,2004-11-09,74.91,75.57,74.34,74.52,1178600
FDX,2004-11-10,74.78,75.11,74.13,74.52,1159700
FDX,2004-11-11,75.07,76.43,74.87,76.27,1748800
FDX,2004-11-12,76.27,76.76,75.5,76.73,1871700
FDX,2004-11-15,76.86,76.95,76.08,76.4,1376800
FDX,2004-11-16,76.4,76.41,75.07,75.42,1465500
FDX,2004-11-17,75.59,76.63,75.59,75.99,1694400
FDX,2004-11-18,76.23,76.43,75.95,76.26,737000
FDX,2004-11-19,76.62,76.62,75.29,75.67,1277400
FDX,2004-11-22,75.95,76.76,75.79,76.66,1185600
FDX,2004-11-23,76.8,76.93,76.13,76.78,1089200
FDX,2004-11-24,76.84,77.41,76.83,77.01,1071200
FDX,2004-11-26,76.96,77.16,76.72,77.01,530400
FDX,2004-11-29,77.5,77.75,76.29,76.78,2134500
FDX,2004-11-30,76.88,76.9,76.39,76.46,1719000
FDX,2004-12-01,76.47,77.31,76.45,77.19,1387900
FDX,2004-12-02,77.19,78.6,76.94,77.97,1637000
FDX,2004-12-03,77.98,78.49,77.28,77.8,1612700
FDX,2004-12-06,77.64,78.66,77.63,78.39,1089000
FDX,2004-12-07,78.47,78.89,77.06,77.45,1075900
FDX,2004-12-08,78.69,79.73,78.65,79.68,3193200
FDX,2004-12-09,79.68,80.38,79.02,80.2,2324000
FDX,2004-12-10,80.28,80.29,79.43,79.59,1127600
FDX,2004-12-13,80.11,80.18,79.47,79.87,876200
FDX,2004-12-14,80.16,80.42,79.86,80.11,1359600
FDX,2004-12-15,80.27,80.76,79.4,79.51,2355500
FDX,2004-12-16,76.96,78.7,76.75,78.67,5145000
FDX,2004-12-17,78.74,80.56,78.74,80.52,3176500
FDX,2004-12-20,80.51,81.01,80.22,80.59,1958000
FDX,2004-12-21,81.24,81.25,80.62,80.94,1754800
FDX,2004-12-22,80.76,80.81,80.02,80.22,1922600
FDX,2004-12-23,80.35,80.35,79.11,79.52,1606600
FDX,2004-12-27,80.03,80.05,78.75,78.75,1531800
FDX,2004-12-28,78.98,79.64,78.9,79.64,1573800
FDX,2004-12-29,80.06,80.12,79.46,80.06,843100
FDX,2004-12-30,80.06,80.31,79.38,79.67,814300
FDX,2004-12-31,79.67,79.71,79.19,79.3,682200
FDX,2005-01-03,79.81,79.95,78.4,78.42,1478400
FDX,2005-01-04,78.42,78.64,76.89,77.02,2527100
FDX,2005-01-05,77.23,77.48,76.62,76.92,2320700
FDX,2005-01-06,76.92,77.28,76.49,76.64,2044700
FDX,2005-01-07,77.54,78.49,76.21,76.42,3214500
FDX,2005-01-10,76.42,77.16,76.42,76.96,2154200
FDX,2005-01-11,76.65,77.15,76.63,76.82,2231700
FDX,2005-01-12,76.0,76.73,75.28,76.06,4172200
FDX,2005-01-13,76.31,76.76,75.32,75.49,3112400
FDX,2005-01-14,75.64,75.86,74.88,75.14,2170300
FDX,2005-01-18,75.14,76.4,74.96,75.56,1951000
FDX,2005-01-19,75.71,76.25,74.94,75.08,2215100
FDX,2005-01-20,75.0,75.39,73.55,73.73,2697200
FDX,2005-01-21,73.57,74.1,72.26,72.74,3142200
FDX,2005-01-24,73.75,74.95,73.45,74.43,2818900
FDX,2005-01-25,75.08,76.41,74.52,76.09,2827200
FDX,2005-01-26,76.41,76.56,75.51,76.05,2327500
FDX,2005-01-27,76.18,76.49,75.15,75.82,1941600
FDX,2005-01-28,75.83,76.1,75.11,76.03,1437600
FDX,2005-01-31,76.46,77.21,76.17,77.01,1848300
FDX,2005-02-01,77.29,77.29,76.79,77.07,1205800
FDX,2005-02-02,76.89,77.23,76.57,76.82,1581600
FDX,2005-02-03,76.83,76.83,75.76,76.03,1990200
FDX,2005-02-04,76.33,77.58,76.12,77.58,3484300
FDX,2005-02-07,77.45,77.77,77.14,77.37,1366700
FDX,2005-02-08,77.37,77.98,76.57,77.93,2639600
FDX,2005-02-09,77.68,78.42,77.54,77.83,1976300
FDX,2005-02-10,77.99,78.26,77.41,77.67,1210700
FDX,2005-02-11,77.88,79.36,77.76,78.91,1401900
FDX,2005-02-14,78.7,78.71,77.2,77.54,2372600
FDX,2005-02-15,77.92,78.26,77.28,78.24,1331900
FDX,2005-02-16,78.17,79.39,77.95,79.19,1242800
FDX,2005-02-17,79.02,79.23,78.07,78.7,1023200
FDX,2005-02-18,78.74,79.06,77.97,78.38,998200
FDX,2005-02-22,78.13,78.37,76.92,77.0,1200100
FDX,2005-02-23,77.0,78.16,77.0,77.81,1109400
FDX,2005-02-24,77.78,78.77,77.21,78.68,954100
FDX,2005-02-25,78.65,79.42,78.45,79.26,1226000
FDX,2005-02-28,79.11,79.64,78.28,78.73,1505600
FDX,2005-03-01,78.77,79.15,78.61,78.98,1134000
FDX,2005-03-02,78.5,78.78,77.91,78.23,1176600
FDX,2005-03-03,78.34,78.93,77.89,78.85,1293500
FDX,2005-03-04,79.03,80.51,79.02,80.19,1266300
FDX,2005-03-07,80.25,82.02,79.98,81.76,1784100
FDX,2005-03-08,81.32,81.75,80.92,81.1,980700
FDX,2005-03-09,80.77,80.89,80.2,80.22,995600
FDX,2005-03-10,80.09,80.32,79.36,79.86,1261200
FDX,2005-03-11,79.86,80.72,79.64,80.35,1013600
FDX,2005-03-14,80.91,81.3,80.16,81.04,1693900
FDX,2005-03-15,81.17,81.52,79.46,79.47,1899900
FDX,2005-03-16,79.53,79.84,77.64,78.1,2330100
FDX,2005-03-17,78.1,79.26,76.56,78.02,2803400
FDX,2005-03-18,78.1,78.3,76.72,77.45,3362200
FDX,2005-03-21,76.94,77.35,75.71,76.4,1920800
FDX,2005-03-22,76.49,77.74,76.26,76.26,1526300
FDX,2005-03-23,75.49,75.94,74.73,75.63,1522400
FDX,2005-03-24,75.93,76.4,75.61,75.65,1044400
FDX,2005-03-28,75.74,76.61,75.74,76.22,1055900
FDX,2005-03-29,75.89,76.11,74.84,75.1,1757300
FDX,2005-03-30,75.33,76.69,75.33,76.54,1103200
FDX,2005-03-31,76.4,76.66,75.38,75.7,1356400
FDX,2005-04-01,75.79,76.52,74.14,74.41,2497800
FDX,2005-04-04,74.41,75.09,73.73,74.83,1372500
FDX,2005-04-05,74.83,75.38,74.56,74.84,802500
FDX,2005-04-06,74.85,75.77,74.63,75.02,898400
FDX,2005-04-07,74.97,75.17,74.12,74.86,1428400
FDX,2005-04-08,74.74,74.74,73.19,73.33,1536100
FDX,2005-04-11,73.64,74.09,73.0,73.07,1361000
FDX,2005-04-12,72.92,74.16,71.8,73.98,2184200
FDX,2005-04-13,73.65,73.66,71.39,71.91,1820300
FDX,2005-04-14,71.91,72.06,69.02,69.44,3631100
FDX,2005-04-15,69.09,69.84,67.14,67.64,4082800
FDX,2005-04-18,67.84,68.9,67.07,68.29,2442200
FDX,2005-04-19,68.38,68.81,67.68,68.52,1806100
FDX,2005-04-20,68.28,68.38,66.96,67.43,2410100
FDX,2005-04-21,68.44,70.33,68.12,70.18,2426000
FDX,2005-04-22,69.69,70.09,68.52,68.98,2375800
FDX,2005-04-25,69.09,70.09,68.98,69.27,1322400
FDX,2005-04-26,69.36,69.63,68.1,68.19,1779100
FDX,2005-04-27,68.08,68.89,67.08,68.56,2015200
FDX,2005-04-28,67.91,68.58,67.36,67.4,1410400
FDX,2005-04-29,67.68,68.44,67.23,68.44,1259900
FDX,2005-05-02,68.32,69.29,68.16,69.29,1599700
FDX,2005-05-03,69.21,69.44,68.36,68.39,1416900
FDX,2005-05-04,68.57,69.78,68.17,69.73,1553800
FDX,2005-05-05,69.73,70.58,69.71,70.25,1440900
FDX,2005-05-06,70.38,70.57,69.57,69.85,907700
FDX,2005-05-09,70.14,70.94,69.85,70.64,1332500
FDX,2005-05-10,70.26,70.48,69.5,69.65,1588300
FDX,2005-05-11,71.1,71.43,70.0,70.58,2300000
FDX,2005-05-12,70.58,70.62,68.25,68.76,2089400
FDX,2005-05-13,68.76,68.89,67.69,68.17,2131300
FDX,2005-05-16,68.48,69.71,68.39,69.67,1808900
FDX,2005-05-17,69.29,70.72,68.97,70.52,1378600
FDX,2005-05-18,70.7,72.04,70.43,71.8,1316500
FDX,2005-05-19,71.8,72.26,71.23,71.88,844500
FDX,2005-05-20,72.09,72.15,70.8,71.15,1226100
FDX,2005-05-23,71.28,72.38,71.15,71.49,1313100
FDX,2005-05-24,71.49,71.64,70.47,71.45,1894800
FDX,2005-05-25,71.45,71.63,70.97,71.47,1203000
FDX,2005-05-26,71.88,73.1,71.71,72.78,1502500
FDX,2005-05-27,72.79,72.89,72.08,72.42,1161500
FDX,2005-05-31,72.42,72.55,71.58,72.05,1458800
FDX,2005-06-01,71.96,73.08,71.47,72.67,1798400
FDX,2005-06-02,72.68,73.64,72.41,73.52,1145300
FDX,2005-06-03,73.19,73.67,72.86,73.07,1113600
FDX,2005-06-06,72.96,73.21,72.61,72.92,1029400
FDX,2005-06-07,73.26,73.5,72.45,72.48,1554300
FDX,2005-06-08,72.66,72.71,72.13,72.34,2012100
FDX,2005-06-09,71.77,71.78,68.85,70.66,5990000
FDX,2005-06-10,70.39,70.64,69.68,69.71,3054600
FDX,2005-06-13,69.67,70.72,69.03,69.92,1733800
FDX,2005-06-14,70.09,70.12,68.59,68.68,2089100
FDX,2005-06-15,69.34,69.85,68.46,69.61,2218700
FDX,2005-06-16,69.76,70.05,69.05,69.92,1645500
FDX,2005-06-17,70.58,70.7,69.94,70.42,1623700
FDX,2005-06-20,70.46,71.13,69.76,70.82,2189400
FDX,2005-06-21,71.21,71.45,70.48,71.15,2219100
FDX,2005-06-22,71.32,71.6,70.36,71.06,1131100
FDX,2005-06-23,68.95,69.15,65.0,65.13,12035300
FDX,2005-06-24,65.72,65.72,64.15,64.59,5084300
FDX,2005-06-27,64.6,65.36,64.21,64.61,2446400
FDX,2005-06-28,64.8,65.88,64.8,65.77,2499700
FDX,2005-06-29,66.29,67.23,65.89,66.77,4286800
FDX,2005-06-30,67.01,67.21,65.3,65.33,2713300
FDX,2005-07-01,65.71,66.65,65.63,66.32,2058800
FDX,2005-07-05,66.13,67.18,65.56,66.93,2539800
FDX,2005-07-06,66.67,66.88,66.26,66.36,1871400
FDX,2005-07-07,65.72,66.99,64.92,66.79,1759500
FDX,2005-07-08,66.88,68.14,66.61,67.71,2316500
FDX,2005-07-11,67.94,68.14,67.28,67.54,2099500
FDX,2005-07-12,67.56,67.56,66.63,66.69,1715700
FDX,2005-07-13,66.69,67.48,66.37,67.33,1325600
FDX,2005-07-14,67.42,67.93,67.01,67.26,1798200
FDX,2005-07-15,67.42,67.42,66.6,66.96,1458100
FDX,2005-07-18,66.88,66.96,66.19,66.21,1165300
FDX,2005-07-19,66.61,66.89,66.17,66.26,1900100
FDX,2005-07-20,65.91,68.34,65.84,68.03,3061500
FDX,2005-07-21,68.16,69.26,67.42,68.52,2911800
FDX,2005-07-22,68.88,68.88,67.84,68.63,1627300
FDX,2005-07-25,68.48,68.78,67.61,67.66,1998500
FDX,2005-07-26,67.74,68.54,67.04,68.26,1399900
FDX,2005-07-27,68.4,68.97,68.11,68.29,1561100
FDX,2005-07-28,68.47,69.15,68.31,68.96,1124200
FDX,2005-07-29,68.79,69.06,67.81,67.81,1233000
FDX,2005-08-01,67.85,68.59,67.74,68.35,1128500
FDX,2005-08-02,68.34,69.02,68.05,68.95,1324000
FDX,2005-08-03,68.75,68.75,67.78,68.26,1915500
FDX,2005-08-04,68.06,68.67,67.99,68.55,1595700
FDX,2005-08-05,68.55,68.83,68.06,68.22,1595200
FDX,2005-08-08,68.55,68.67,67.99,68.26,1503000
FDX,2005-08-09,68.42,68.71,68.16,68.25,1376000
FDX,2005-08-10,68.42,69.76,68.26,68.38,2396200
FDX,2005-08-11,68.39,69.1,68.26,68.83,1353200
FDX,2005-08-12,68.46,68.56,68.02,68.26,1246500
FDX,2005-08-15,68.18,68.91,67.79,68.59,852200
FDX,2005-08-16,68.42,68.91,67.89,68.03,2468300
FDX,2005-08-17,67.95,68.22,67.22,67.9,2327700
FDX,2005-08-18,67.7,68.79,67.46,68.3,1511600
FDX,2005-08-19,68.63,68.66,67.99,68.36,932800
FDX,2005-08-22,68.36,68.55,67.31,67.61,1497400
FDX,2005-08-23,67.79,67.8,66.53,66.54,1649400
FDX,2005-08-24,66.25,67.54,66.17,66.43,1724100
FDX,2005-08-25,66.63,66.81,66.19,66.49,1208800
FDX,2005-08-26,66.66,66.72,65.57,65.87,1387000
FDX,2005-08-29,65.5,66.43,65.18,66.29,1649500
FDX,2005-08-30,66.3,66.3,64.98,65.62,2163100
FDX,2005-08-31,65.83,66.13,65.07,65.67,2298000
FDX,2005-09-01,65.52,66.13,64.61,64.96,2266300
FDX,2005-09-02,64.77,65.43,64.77,64.92,1249600
FDX,2005-09-06,65.0,65.97,65.0,65.6,1436400
FDX,2005-09-07,65.67,65.89,65.29,65.44,1153100
FDX,2005-09-08,65.44,65.49,64.48,64.82,1910500
FDX,2005-09-09,64.83,64.91,64.04,64.38,2397800
FDX,2005-09-12,64.38,65.63,64.21,65.42,1671300
FDX,2005-09-13,65.42,65.42,64.33,64.59,1860200
FDX,2005-09-14,64.51,64.88,64.34,64.42,1132300
FDX,2005-09-15,64.57,64.9,63.97,64.35,1020900
FDX,2005-09-16,64.78,64.85,63.97,64.73,2288600
FDX,2005-09-19,64.19,64.42,62.77,62.91,2793600
FDX,2005-09-20,63.32,63.32,62.0,62.16,3150800
FDX,2005-09-21,66.43,67.46,65.92,67.12,7225000
FDX,2005-09-22,66.68,67.6,66.32,67.27,2819400
FDX,2005-09-23,67.43,67.7,66.78,67.08,2269500
FDX,2005-09-26,67.61,67.89,67.28,67.55,2741600
FDX,2005-09-27,67.77,68.27,67.47,68.09,1953900
FDX,2005-09-28,68.48,69.2,68.21,68.81,1935500
FDX,2005-09-29,69.02,70.45,68.37,70.24,2318300
FDX,2005-09-30,70.24,70.54,69.77,70.33,1196400
FDX,2005-10-03,70.13,70.33,69.44,69.65,1852400
FDX,2005-10-04,69.37,70.24,69.05,69.09,1529800
FDX,2005-10-05,69.3,70.2,68.68,69.11,2164600
FDX,2005-10-06,69.69,70.87,69.58,70.43,2796700
FDX,2005-10-07,70.54,70.95,70.01,70.55,1909500
FDX,2005-10-10,70.75,71.52,70.29,71.07,1301300
FDX,2005-10-11,71.32,71.71,70.99,71.27,1558600
FDX,2005-10-12,71.0,71.75,69.69,70.32,1819400
FDX,2005-10-13,69.82,70.37,69.4,69.89,1834300
FDX,2005-10-14,70.15,70.79,69.39,70.71,1373400
FDX,2005-10-17,70.71,71.16,70.42,71.16,959700
FDX,2005-10-18,70.99,71.24,70.59,71.11,1138200
FDX,2005-10-19,71.11,71.92,70.04,71.7,1743700
FDX,2005-10-20,72.21,72.73,71.51,72.01,2070300
FDX,2005-10-21,72.02,72.1,71.28,71.46,2026500
FDX,2005-10-24,71.76,73.82,71.74,73.45,2267000
FDX,2005-10-25,73.46,74.22,73.04,73.53,2239200
FDX,2005-10-26,73.13,73.57,72.88,73.03,1235600
FDX,2005-10-27,72.81,73.04,71.8,72.25,1299700
FDX,2005-10-28,72.64,73.45,72.58,73.16,1437600
FDX,2005-10-31,73.2,74.46,73.2,74.21,1468200
FDX,2005-11-01,74.3,74.64,73.96,74.05,1672800
FDX,2005-11-02,74.59,75.49,74.18,75.47,2179500
FDX,2005-11-03,75.47,77.35,75.31,76.46,2335800
FDX,2005-11-04,76.46,76.67,75.12,75.51,1543500
FDX,2005-11-07,75.51,76.26,75.49,76.11,1012900
FDX,2005-11-08,76.11,76.52,75.72,76.1,851900
FDX,2005-11-09,76.1,76.68,75.64,76.58,859900
FDX,2005-11-10,76.43,77.23,75.85,77.18,1092300
FDX,2005-11-11,77.22,77.97,77.19,77.49,1778000
FDX,2005-11-14,77.45,77.9,77.06,77.78,1178600
FDX,2005-11-15,76.97,77.08,75.72,75.93,2155800
FDX,2005-11-16,75.84,75.94,74.34,75.45,2115800
FDX,2005-11-17,75.92,77.28,75.92,77.28,1339800
FDX,2005-11-18,78.26,78.95,77.93,78.95,2189200
FDX,2005-11-21,78.95,79.66,78.44,79.1,1717000
FDX,2005-11-22,79.11,79.56,78.83,79.31,2078300
FDX,2005-11-23,79.15,79.69,78.95,79.19,781500
FDX,2005-11-25,79.39,79.67,79.19,79.25,292100
FDX,2005-11-28,79.25,79.51,78.05,78.19,1529700
FDX,2005-11-29,78.7,79.55,78.7,79.03,1199100
FDX,2005-11-30,79.27,79.76,78.68,78.8,1388200
FDX,2005-12-01,79.33,79.71,79.17,79.41,1116500
FDX,2005-12-02,79.58,79.66,78.78,78.96,543800
FDX,2005-12-05,78.7,78.71,77.32,77.32,1830500
FDX,2005-12-06,78.76,80.67,78.37,79.92,3073800
FDX,2005-12-07,79.59,80.85,79.49,80.3,1669700
FDX,2005-12-08,80.31,80.47,78.41,78.84,1650400
FDX,2005-12-09,79.17,79.58,79.06,79.24,947600
FDX,2005-12-12,79.37,79.8,78.7,79.24,883900
FDX,2005-12-13,79.25,79.62,78.67,79.62,1197700
FDX,2005-12-14,79.78,80.85,79.69,80.67,1447800
FDX,2005-12-15,80.34,81.55,80.3,81.27,1279700
FDX,2005-12-16,81.72,81.77,80.71,80.71,1449700
FDX,2005-12-19,80.71,81.3,80.02,80.17,1015200
FDX,2005-12-20,80.22,80.59,79.57,79.57,1701700
FDX,2005-12-21,81.3,84.04,81.3,83.78,4480700
FDX,2005-12-22,83.25,85.06,83.24,84.24,2888300
FDX,2005-12-23,84.19,84.76,83.96,84.47,1070900
FDX,2005-12-27,84.75,85.49,84.11,84.22,1403000
FDX,2005-12-28,84.3,84.67,84.14,84.19,1010100
FDX,2005-12-29,84.03,85.38,83.8,83.8,961300
FDX,2005-12-30,83.49,83.9,83.27,83.53,918200
FDX,2006-01-03,83.52,83.9,81.55,83.47,2227400
FDX,2006-01-04,83.47,85.12,83.45,84.7,1783900
FDX,2006-01-05,84.09,84.87,83.46,83.83,1351000
FDX,2006-01-06,83.74,84.0,82.01,82.88,1759100
FDX,2006-01-09,82.4,83.65,82.24,83.15,1512600
FDX,2006-01-10,83.15,83.15,82.17,82.4,1210200
FDX,2006-01-11,82.48,82.77,82.02,82.22,1231000
FDX,2006-01-12,81.59,81.73,80.46,81.04,1681700
FDX,2006-01-13,81.19,81.61,80.52,80.79,782600
FDX,2006-01-17,80.59,80.6,78.74,79.33,1973800
FDX,2006-01-18,79.33,81.46,78.69,81.29,1861500
FDX,2006-01-19,81.57,83.39,81.31,82.98,1931900
FDX,2006-01-20,83.53,83.9,80.41,80.75,2848500
FDX,2006-01-23,81.26,81.38,79.54,81.0,1414000
FDX,2006-01-24,81.15,82.04,80.22,81.77,1281300
FDX,2006-01-25,82.32,82.78,81.11,81.43,1387900
FDX,2006-01-26,82.0,82.56,81.71,82.32,1033200
FDX,2006-01-27,82.28,83.08,81.39,82.77,1023300
FDX,2006-01-30,82.56,83.04,82.4,82.58,700900
FDX,2006-01-31,82.59,83.01,81.69,81.72,1210500
FDX,2006-02-01,81.76,81.88,80.34,80.58,2145900
FDX,2006-02-02,80.57,80.76,79.51,79.58,1522200
FDX,2006-02-03,79.17,79.73,77.96,79.57,1579700
FDX,2006-02-06,79.54,79.76,79.03,79.65,753700
FDX,2006-02-07,79.58,80.12,78.93,79.19,959900
FDX,2006-02-08,79.78,81.13,79.17,81.09,1420300
FDX,2006-02-09,81.15,81.62,80.29,80.42,1031700
FDX,2006-02-10,80.42,80.97,80.13,80.59,1073400
FDX,2006-02-13,80.63,82.72,80.63,81.69,1570700
FDX,2006-02-14,81.76,83.91,81.76,83.78,2046600
FDX,2006-02-15,83.41,84.42,82.85,84.26,1410700
FDX,2006-02-16,83.98,84.75,83.02,84.53,1326000
FDX,2006-02-17,84.58,84.95,83.95,84.87,1248700
FDX,2006-02-21,84.76,85.15,84.34,84.86,1784000
FDX,2006-02-22,84.83,86.38,84.83,85.96,2249800
FDX,2006-02-23,86.16,86.85,85.74,86.22,1179500
FDX,2006-02-24,86.77,86.95,86.24,86.57,1325600
FDX,2006-02-27,86.74,87.92,86.35,87.77,1276500
FDX,2006-02-28,87.61,87.69,86.31,86.64,1551800
FDX,2006-03-01,88.66,89.33,87.75,89.21,2693400
FDX,2006-03-02,88.87,88.95,87.77,88.38,1884100
FDX,2006-03-03,88.21,90.78,88.1,90.08,1874400
FDX,2006-03-06,89.91,90.35,88.89,90.14,1433200
FDX,2006-03-07,89.5,90.8,89.5,90.48,1314200
FDX,2006-03-08,90.55,90.64,88.86,90.3,1445100
FDX,2006-03-09,90.4,91.59,90.25,90.83,2125000
FDX,2006-03-10,90.61,91.5,90.28,90.55,1251600
FDX,2006-03-13,90.58,91.27,90.34,90.81,1208000
FDX,2006-03-14,90.95,92.81,90.91,92.78,1674500
FDX,2006-03-15,92.45,93.78,92.35,93.78,1573300
FDX,2006-03-16,93.78,93.78,92.16,92.58,1471800
FDX,2006-03-17,93.13,93.13,91.8,92.92,1732300
FDX,2006-03-20,92.66,92.95,91.69,92.16,1389000
FDX,2006-03-21,91.64,92.41,91.48,91.53,1590900
FDX,2006-03-22,91.12,92.87,90.06,92.52,2797400
FDX,2006-03-23,92.16,92.37,90.23,91.36,2004300
FDX,2006-03-24,91.4,91.4,90.25,90.39,972000
FDX,2006-03-27,90.3,91.36,90.3,91.15,1009700
FDX,2006-03-28,90.98,91.64,90.67,91.05,896200
FDX,2006-03-29,90.64,91.01,90.13,90.4,1199300
FDX,2006-03-30,89.94,91.25,89.34,90.11,1175200
FDX,2006-03-31,90.42,91.47,90.28,91.31,1393200
FDX,2006-04-03,91.84,92.88,91.6,92.71,1476400
FDX,2006-04-04,92.71,94.61,92.53,94.52,1879000
FDX,2006-04-05,94.31,95.37,94.15,95.17,1460700
FDX,2006-04-06,95.17,96.19,94.59,95.56,1294200
FDX,2006-04-07,96.37,96.41,94.52,94.67,1458900
FDX,2006-04-10,94.87,95.64,94.38,95.24,1325100
FDX,2006-04-11,95.72,95.84,93.64,93.83,1391700
FDX,2006-04-12,93.62,94.06,92.45,92.5,1859600
FDX,2006-04-13,92.41,92.9,92.01,92.85,971900
FDX,2006-04-17,92.41,92.8,91.27,91.59,1020100
FDX,2006-04-18,91.75,93.27,91.75,93.2,2126000
FDX,2006-04-19,93.81,94.4,93.14,93.51,1012100
FDX,2006-04-20,93.7,94.6,93.16,93.2,1278800
FDX,2006-04-21,93.85,94.18,92.92,93.29,1519300
FDX,2006-04-24,92.93,93.78,92.34,93.51,1091100
FDX,2006-04-25,93.38,93.46,91.82,91.99,1241500
FDX,2006-04-26,92.51,92.97,92.03,92.41,819200
FDX,2006-04-27,92.21,93.2,91.4,93.13,1191500
FDX,2006-04-28,92.63,93.17,92.14,93.08,1201100
FDX,2006-05-01,93.08,93.21,91.71,91.84,1197100
FDX,2006-05-02,92.33,94.14,91.76,93.85,1511000
FDX,2006-05-03,92.37,92.78,91.36,92.31,2104800
FDX,2006-05-04,92.58,95.63,92.47,95.56,2298300
FDX,2006-05-05,96.2,97.02,95.73,96.46,2298600
FDX,2006-05-08,96.53,96.79,95.96,96.25,773300
FDX,2006-05-09,95.84,96.68,95.48,96.55,875800
FDX,2006-05-10,95.92,95.92,95.06,95.47,1281300
FDX,2006-05-11,95.14,95.39,93.98,94.81,1308500
FDX,2006-05-12,94.97,94.99,92.97,93.02,991000
FDX,2006-05-15,92.41,93.56,92.29,93.33,991400
FDX,2006-05-16,93.86,93.96,92.89,93.32,893000
FDX,2006-05-17,93.32,93.33,88.36,88.87,3206800
FDX,2006-05-18,89.13,89.33,87.77,88.32,2257100
FDX,2006-05-19,88.77,89.12,86.86,88.4,2277100
FDX,2006-05-22,88.28,89.23,87.23,88.97,1822200
FDX,2006-05-23,89.54,89.73,87.05,87.05,1565800
FDX,2006-05-24,87.06,87.39,85.7,86.76,2329900
FDX,2006-05-25,87.56,87.71,86.54,87.09,1346200
FDX,2006-05-26,87.09,87.26,86.46,86.9,1018500
FDX,2006-05-30,86.7,87.3,85.74,86.76,1445300
FDX,2006-05-31,87.23,88.72,87.15,88.34,1517100
FDX,2006-06-01,88.34,90.06,88.34,90.02,1269300
FDX,2006-06-02,90.01,90.13,89.3,89.84,1157600
FDX,2006-06-05,89.25,89.71,86.98,87.1,1288500
FDX,2006-06-06,87.3,87.74,85.88,87.53,1648000
FDX,2006-06-07,88.3,89.25,87.05,87.11,1665400
FDX,2006-06-08,87.11,87.33,84.59,87.19,2169000
FDX,2006-06-09,87.29,87.72,85.98,86.23,1218700
FDX,2006-06-12,86.02,86.78,84.98,85.04,1144400
FDX,2006-06-13,85.04,86.22,83.94,85.12,1878900
FDX,2006-06-14,85.11,85.65,84.24,85.46,1384700
FDX,2006-06-15,86.17,88.79,85.81,88.6,1738500
FDX,2006-06-16,88.18,88.87,87.81,88.71,1430000
FDX,2006-06-19,88.88,89.8,88.42,88.78,1282600
FDX,2006-06-20,89.04,89.44,87.64,87.64,1944500
FDX,2006-06-21,89.77,92.23,89.13,92.13,4417000
FDX,2006-06-22,91.84,92.57,90.87,91.82,1703100
FDX,2006-06-23,91.63,93.78,91.59,93.08,1507200
FDX,2006-06-26,93.08,93.74,92.18,93.07,1230900
FDX,2006-06-27,93.33,94.08,92.25,92.25,1720800
FDX,2006-06-28,92.65,92.73,91.2,91.41,1988500
FDX,2006-06-29,92.32,94.67,91.9,94.67,2672000
FDX,2006-06-30,94.67,94.97,93.83,94.55,1102500
FDX,2006-07-03,94.66,95.71,94.58,95.71,549100
FDX,2006-07-05,95.52,96.08,93.78,94.81,1675200
FDX,2006-07-06,94.99,95.23,93.54,94.31,1353000
FDX,2006-07-07,94.31,94.31,92.46,92.56,1434100
FDX,2006-07-10,93.37,93.37,91.98,93.04,895300
FDX,2006-07-11,92.56,93.05,91.06,92.86,1512400
FDX,2006-07-12,93.01,93.11,91.02,91.11,1635000
FDX,2006-07-13,91.11,91.15,89.13,89.45,1820500
FDX,2006-07-14,89.25,89.4,86.9,88.2,2450500
FDX,2006-07-17,88.2,88.88,87.6,88.05,1289300
FDX,2006-07-18,88.62,88.94,86.82,87.71,1948200
FDX,2006-07-19,88.2,91.18,87.5,90.99,2646400
FDX,2006-07-20,91.84,92.14,87.45,87.49,2446700
FDX,2006-07-21,87.69,88.08,84.38,87.78,3207100
FDX,2006-07-24,88.56,89.73,87.81,89.36,1627900
FDX,2006-07-25,86.5,89.23,84.64,88.45,4954000
FDX,2006-07-26,88.28,88.28,85.0,86.3,3561400
FDX,2006-07-27,85.11,86.31,82.01,82.39,4047300
FDX,2006-07-28,82.43,85.69,82.28,85.19,2999600
FDX,2006-07-31,85.12,85.12,84.27,84.72,2174600
FDX,2006-08-01,84.55,84.57,82.41,83.51,2563100
FDX,2006-08-02,83.83,84.24,82.8,83.6,1663300
FDX,2006-08-03,82.22,85.95,82.22,85.24,1806200
FDX,2006-08-04,85.81,88.68,83.69,84.56,2705700
FDX,2006-08-07,84.55,84.92,83.15,83.47,1423200
FDX,2006-08-08,83.95,84.51,82.33,82.85,1750700
FDX,2006-08-09,83.34,84.13,79.24,79.62,4002400
FDX,2006-08-10,79.62,81.29,79.31,81.14,2848800
FDX,2006-08-11,81.03,81.03,79.12,79.57,2025100
FDX,2006-08-14,80.39,81.52,79.23,79.5,3220700
FDX,2006-08-15,79.9,81.2,79.35,81.0,3193500
FDX,2006-08-16,82.37,84.57,81.13,84.27,3961600
FDX,2006-08-17,83.46,84.7,83.14,84.34,1974200
FDX,2006-08-18,84.55,84.83,83.53,84.05,1342000
FDX,2006-08-21,83.66,83.71,81.78,82.04,1771500
FDX,2006-08-22,82.05,82.73,81.22,81.46,1857800
FDX,2006-08-23,81.56,81.87,79.72,80.23,2377700
FDX,2006-08-24,80.91,81.12,79.14,79.39,3731900
FDX,2006-08-25,79.39,80.64,79.23,80.23,1433300
FDX,2006-08-28,80.59,82.51,80.57,81.64,1958300
FDX,2006-08-29,81.64,82.01,80.4,81.01,2141900
FDX,2006-08-30,81.52,81.85,80.38,81.35,1419100
FDX,2006-08-31,81.27,81.84,80.99,81.75,1227400
FDX,2006-09-01,82.05,82.6,81.26,82.39,1164000
FDX,2006-09-05,82.39,83.1,81.71,82.17,1881300
FDX,2006-09-06,82.17,82.29,80.87,81.53,2193600
FDX,2006-09-07,81.67,81.86,80.54,81.39,2049400
FDX,2006-09-08,81.67,81.67,80.78,81.56,1511200
FDX,2006-09-11,81.56,82.6,80.45,82.4,2216400
FDX,2006-09-12,82.97,84.92,82.87,84.88,2539200
FDX,2006-09-13,84.86,86.9,84.63,86.3,2625000
FDX,2006-09-14,86.25,86.26,84.62,85.03,1907200
FDX,2006-09-15,85.68,86.52,84.87,85.76,2554600
FDX,2006-09-18,86.25,88.03,86.17,87.12,2430400
FDX,2006-09-19,87.18,87.85,85.73,86.52,2505500
FDX,2006-09-20,87.22,87.77,86.38,87.08,2590600
FDX,2006-09-21,88.67,88.8,84.71,85.84,4931200
FDX,2006-09-22,86.33,86.74,84.88,85.87,1782600
FDX,2006-09-25,86.65,86.65,84.05,85.33,2549800
FDX,2006-09-26,85.8,88.83,85.63,88.74,3451100
FDX,2006-09-27,88.74,89.25,87.59,89.25,2525000
FDX,2006-09-28,88.74,89.09,87.78,88.82,1634800
FDX,2006-09-29,88.5,89.1,87.34,88.01,1697600
FDX,2006-10-02,88.19,88.38,87.28,87.74,1184000
FDX,2006-10-03,87.46,89.1,86.95,88.71,1789400
FDX,2006-10-04,88.6,90.62,87.6,90.22,2376500
FDX,2006-10-05,90.22,91.86,89.71,91.46,1762400
FDX,2006-10-06,90.83,91.29,89.59,90.95,1630400
FDX,2006-10-09,90.95,90.95,89.43,90.46,1245000
FDX,2006-10-10,91.03,92.19,90.77,91.55,1895300
FDX,2006-10-11,91.23,91.23,89.25,89.89,1832100
FDX,2006-10-12,90.7,91.07,90.04,90.86,1739700
FDX,2006-10-13,91.24,92.78,90.49,92.31,2231900
FDX,2006-10-16,92.32,94.75,92.01,94.46,2347300
FDX,2006-10-17,94.06,94.1,91.97,93.8,2965600
FDX,2006-10-18,94.28,94.74,91.25,91.92,2438900
FDX,2006-10-19,92.16,93.94,92.11,93.36,1756300
FDX,2006-10-20,93.9,94.36,92.74,94.1,1603000
FDX,2006-10-23,94.1,94.42,92.62,92.85,1655400
FDX,2006-10-24,92.36,93.94,92.36,93.37,1964200
FDX,2006-10-25,93.3,94.27,92.13,93.26,2187300
FDX,2006-10-26,93.26,93.71,92.4,93.5,1271100
FDX,2006-10-27,93.09,93.13,92.19,92.35,1333600
FDX,2006-10-30,91.86,93.92,91.77,93.85,1362900
FDX,2006-10-31,94.02,94.74,92.35,92.76,1504400
FDX,2006-11-01,93.04,93.34,90.48,91.11,2228300
FDX,2006-11-02,90.52,91.9,89.89,90.78,1298900
FDX,2006-11-03,91.66,92.32,90.59,90.76,1419900
FDX,2006-11-06,91.49,92.54,91.49,92.27,1243400
FDX,2006-11-07,92.2,93.47,91.68,93.16,1550600
FDX,2006-11-08,93.01,93.67,91.84,93.04,1418000
FDX,2006-11-09,93.43,93.43,91.9,91.9,1527700
FDX,2006-11-10,92.16,93.17,91.55,92.93,1103700
FDX,2006-11-13,93.21,94.68,93.13,93.47,1414300
FDX,2006-11-14,93.93,93.94,92.36,93.54,1626400
FDX,2006-11-15,93.85,95.55,93.7,95.0,1856300
FDX,2006-11-16,95.55,95.9,94.62,95.68,2077000
FDX,2006-11-17,95.68,95.94,94.75,95.11,1287800
FDX,2006-11-20,95.8,95.8,94.65,95.22,944500
FDX,2006-11-21,95.79,96.01,95.06,95.22,967000
FDX,2006-11-22,95.75,96.54,95.08,96.07,1074200
FDX,2006-11-24,95.73,95.78,94.83,95.04,725600
FDX,2006-11-27,94.79,95.59,93.51,94.02,1812200
FDX,2006-11-28,94.02,94.29,92.66,93.86,1484900
FDX,2006-11-29,94.19,94.88,93.37,93.94,1436000
FDX,2006-11-30,93.94,94.02,92.64,93.48,1511900
FDX,2006-12-01,93.54,93.87,91.89,93.03,1568300
FDX,2006-12-04,93.46,94.88,93.29,93.97,1412000
FDX,2006-12-05,94.04,95.35,93.51,95.14,1442400
FDX,2006-12-06,94.89,95.22,94.23,94.32,1156600
FDX,2006-12-07,95.16,95.16,94.08,94.62,1337500
FDX,2006-12-08,94.24,94.44,93.16,93.45,1376800
FDX,2006-12-11,93.45,93.85,93.05,93.26,1320300
FDX,2006-12-12,93.26,93.55,92.39,92.96,1894700
FDX,2006-12-13,93.53,93.53,91.54,91.73,2247600
FDX,2006-12-14,91.73,93.38,91.32,93.18,1481000
FDX,2006-12-15,93.37,93.98,93.0,93.25,1883800
FDX,2006-12-18,93.2,93.65,92.72,93.25,2312400
FDX,2006-12-19,93.2,93.2,91.58,92.39,2285000
FDX,2006-12-20,89.23,91.07,88.83,90.65,5224900
FDX,2006-12-21,90.77,90.94,87.58,87.97,4037900
FDX,2006-12-22,88.34,88.34,86.47,87.1,2362800
FDX,2006-12-26,87.94,87.94,86.47,87.06,1607900
FDX,2006-12-27,87.53,88.26,86.87,87.48,1427900
FDX,2006-12-28,87.21,87.92,86.8,87.49,1328800
FDX,2006-12-29,87.37,88.25,87.23,88.03,1462200
FDX,2007-01-03,88.14,90.01,88.07,88.97,2596700
FDX,2007-01-04,88.97,88.97,87.73,87.92,2248200
FDX,2007-01-05,87.73,87.96,86.75,87.15,1346800
FDX,2007-01-08,87.53,87.78,86.66,87.41,1456700
FDX,2007-01-09,88.18,88.72,86.96,87.67,1627100
FDX,2007-01-10,87.13,87.44,86.42,87.2,1252800
FDX,2007-01-11,87.4,87.73,86.69,87.26,1613900
FDX,2007-01-12,87.13,88.51,87.13,88.23,1541700
FDX,2007-01-16,90.69,91.5,90.07,90.51,3118300
FDX,2007-01-17,90.06,90.73,90.0,90.17,1801900
FDX,2007-01-18,91.45,91.45,89.52,89.81,1857200
FDX,2007-01-19,90.17,90.47,89.58,89.95,1401200
FDX,2007-01-22,89.68,90.06,88.05,88.84,2168500
FDX,2007-01-23,88.84,89.64,88.07,88.52,1866900
FDX,2007-01-24,88.58,89.88,88.34,89.62,1214100
FDX,2007-01-25,89.54,90.08,89.36,89.61,1976900
FDX,2007-01-26,89.52,89.92,88.29,89.06,1879800
FDX,2007-01-29,89.35,90.43,89.23,89.8,1596200
FDX,2007-01-30,88.84,89.32,88.03,88.51,2447400
FDX,2007-01-31,88.5,89.53,87.86,89.48,1974100
FDX,2007-02-01,89.7,90.69,89.4,90.68,1626400
FDX,2007-02-02,92.15,93.5,91.58,93.19,2994800
FDX,2007-02-05,92.72,93.12,92.04,92.27,1450300
FDX,2007-02-06,92.59,93.29,91.85,93.2,1887700
FDX,2007-02-07,93.2,93.76,92.7,93.39,1787800
FDX,2007-02-08,93.03,93.03,91.59,92.19,1463400
FDX,2007-02-09,92.56,92.71,91.63,91.9,1085200
FDX,2007-02-12,92.19,92.52,91.58,91.73,961900
FDX,2007-02-13,91.73,92.17,90.64,92.02,1512100
FDX,2007-02-14,93.29,95.76,93.2,95.3,3087900
FDX,2007-02-15,95.23,95.51,94.19,95.06,1357800
FDX,2007-02-16,95.23,95.3,94.39,94.87,1318100
FDX,2007-02-20,94.26,95.94,94.18,95.87,1587100
FDX,2007-02-21,95.64,96.79,95.35,96.55,1573900
FDX,2007-02-22,96.94,97.01,95.99,96.45,1376300
FDX,2007-02-23,96.45,98.04,95.66,98.04,2038800
FDX,2007-02-26,98.23,98.41,94.66,94.82,2392200
FDX,2007-02-27,94.02,94.33,91.18,92.17,2766200
FDX,2007-02-28,92.96,93.61,92.23,92.58,1697200
FDX,2007-03-01,91.62,93.0,90.2,92.52,2307000
FDX,2007-03-02,92.15,92.52,90.98,91.18,1590900
FDX,2007-03-05,89.48,91.11,89.46,90.1,2008200
FDX,2007-03-06,90.98,91.56,90.38,91.24,1558700
FDX,2007-03-07,90.94,91.52,90.68,91.06,1128600
FDX,2007-03-08,91.82,92.35,91.54,92.14,1267800
FDX,2007-03-09,93.99,94.71,92.56,93.01,1478400
FDX,2007-03-12,92.67,93.84,92.34,93.39,1105200
FDX,2007-03-13,92.96,93.32,91.41,91.41,2088900
FDX,2007-03-14,91.73,92.12,89.18,91.35,2464700
FDX,2007-03-15,90.93,91.66,90.59,90.75,1268900
FDX,2007-03-16,90.75,91.15,89.57,90.15,2563600
FDX,2007-03-19,91.05,91.66,90.55,91.24,1528100
FDX,2007-03-20,91.19,91.38,90.64,91.08,1698100
FDX,2007-03-21,88.58,90.94,88.41,90.03,5472500
FDX,2007-03-22,90.05,90.32,89.31,89.73,2338200
FDX,2007-03-23,89.73,91.56,89.47,91.42,2005400
FDX,2007-03-26,91.01,91.66,89.66,89.9,2476000
FDX,2007-03-27,89.83,89.83,89.22,89.26,1995000
FDX,2007-03-28,89.22,89.22,87.29,87.33,2774300
FDX,2007-03-29,88.09,88.58,86.54,87.36,2261500
FDX,2007-03-30,87.55,87.81,86.21,87.14,2228800
FDX,2007-04-02,85.61,86.25,85.29,86.04,3368900
FDX,2007-04-03,86.83,87.4,86.41,87.3,2025200
FDX,2007-04-04,87.61,87.96,87.4,87.69,1799500
FDX,2007-04-05,87.6,88.36,87.28,88.27,1367300
FDX,2007-04-09,88.41,89.52,88.36,88.62,2094900
FDX,2007-04-10,88.41,88.71,87.65,87.87,1369400
FDX,2007-04-11,87.76,88.34,86.56,86.96,1711500
FDX,2007-04-12,86.87,88.05,86.22,88.05,1556000
FDX,2007-04-13,88.02,88.05,86.69,87.53,1028600
FDX,2007-04-16,87.85,88.36,87.38,87.98,2039000
FDX,2007-04-17,88.17,88.58,87.7,88.05,1686100
FDX,2007-04-18,87.56,88.01,87.26,87.51,1769300
FDX,2007-04-19,88.77,88.77,86.92,87.03,1570600
FDX,2007-04-20,88.53,89.43,87.24,88.44,2921300
FDX,2007-04-23,88.62,89.05,87.38,87.55,1210500
FDX,2007-04-24,87.44,87.54,86.48,86.91,1287000
FDX,2007-04-25,87.01,87.96,86.97,87.7,1474300
FDX,2007-04-26,87.54,88.15,87.23,87.82,1474000
FDX,2007-04-27,87.6,87.82,86.04,86.97,2145800
FDX,2007-04-30,87.28,87.37,85.53,85.53,1980300
FDX,2007-05-01,85.9,86.33,85.6,86.07,2834600
FDX,2007-05-02,86.23,87.81,85.96,87.37,2245300
FDX,2007-05-03,88.09,89.01,88.09,88.69,1948100
FDX,2007-05-04,88.79,89.21,88.55,88.82,1894800
FDX,2007-05-07,88.97,89.47,88.35,88.39,1458800
FDX,2007-05-08,88.38,88.46,87.43,88.19,1787300
FDX,2007-05-09,88.45,88.57,87.42,88.04,971500
FDX,2007-05-10,88.04,88.25,86.78,86.99,2268500
FDX,2007-05-11,87.1,87.98,86.82,87.81,1013300
FDX,2007-05-14,87.69,88.09,86.79,87.12,975100
FDX,2007-05-15,87.52,87.89,86.6,86.67,1393200
FDX,2007-05-16,86.87,88.56,86.79,88.36,1967900
FDX,2007-05-17,88.01,88.41,86.88,86.98,2147400
FDX,2007-05-18,87.2,87.2,86.14,86.43,3950800
FDX,2007-05-21,86.53,86.56,85.62,85.83,3626000
FDX,2007-05-22,86.0,86.02,84.37,84.75,5422000
FDX,2007-05-23,84.88,86.43,84.85,86.03,3424400
FDX,2007-05-24,86.34,86.91,85.74,85.91,3646900
FDX,2007-05-25,86.0,86.69,85.9,85.95,3449700
FDX,2007-05-29,86.51,88.41,86.4,88.0,2881200
FDX,2007-05-30,87.93,88.31,87.28,88.26,2016800
FDX,2007-05-31,88.35,90.58,88.13,90.54,3043900
FDX,2007-06-01,90.85,91.88,89.49,90.27,2766300
FDX,2007-06-04,90.42,90.72,89.61,89.97,1213300
FDX,2007-06-05,89.39,90.58,89.22,89.63,1336100
FDX,2007-06-06,89.21,89.22,88.02,88.64,1469400
FDX,2007-06-07,88.4,89.17,87.19,87.19,2504500
FDX,2007-06-08,87.28,88.82,87.28,88.82,2400900
FDX,2007-06-11,88.51,89.05,87.71,88.19,893100
FDX,2007-06-12,88.19,88.46,86.91,86.91,1490700
FDX,2007-06-13,87.6,88.35,86.98,88.35,1440200
FDX,2007-06-14,88.43,90.11,88.4,89.94,2546300
FDX,2007-06-15,90.48,91.51,89.71,90.42,1946600
FDX,2007-06-18,90.4,90.4,88.82,89.24,2143100
FDX,2007-06-19,88.83,88.85,87.53,87.73,3049300
FDX,2007-06-20,88.1,91.21,88.1,89.14,6007900
FDX,2007-06-21,89.31,90.72,89.14,90.05,2235300
FDX,2007-06-22,89.56,90.5,89.06,89.27,1898100
FDX,2007-06-25,89.3,91.45,89.06,90.59,2903300
FDX,2007-06-26,90.69,91.77,90.23,90.68,2288900
FDX,2007-06-27,89.99,90.76,89.31,90.6,2045900
FDX,2007-06-28,90.49,91.82,89.77,91.23,2189600
FDX,2007-06-29,91.24,91.49,89.47,90.09,3282100
FDX,2007-07-02,90.81,90.81,88.83,89.95,1940500
FDX,2007-07-03,89.96,90.49,89.53,90.12,743000
FDX,2007-07-05,90.08,90.28,89.27,89.61,1206300
FDX,2007-07-06,89.61,90.12,89.17,89.99,1073000
FDX,2007-07-09,92.04,94.91,91.4,94.31,5535800
FDX,2007-07-10,93.36,94.18,91.2,91.59,3850400
FDX,2007-07-11,91.59,92.82,91.31,92.16,1742300
FDX,2007-07-12,92.8,92.9,91.93,92.89,1578400
FDX,2007-07-13,92.51,96.69,92.42,95.19,4619500
FDX,2007-07-16,94.79,95.18,93.49,93.88,1765400
FDX,2007-07-17,94.1,95.22,93.61,94.52,1844400
FDX,2007-07-18,94.18,95.52,93.47,94.63,2088500
FDX,2007-07-19,95.07,95.82,95.0,95.15,1974100
FDX,2007-07-20,94.95,94.99,93.61,93.91,2679300
FDX,2007-07-23,93.91,94.49,93.02,93.88,2762100
FDX,2007-07-24,93.28,93.52,91.88,92.06,3223800
FDX,2007-07-25,93.11,93.11,91.04,91.7,2389100
FDX,2007-07-26,89.82,96.21,88.34,90.04,5208900
FDX,2007-07-27,89.86,90.28,88.5,89.01,2819500
FDX,2007-07-30,89.01,90.97,88.82,90.95,1809100
FDX,2007-07-31,91.42,91.46,89.91,89.91,2264100
FDX,2007-08-01,89.39,91.08,88.9,90.23,2498400
FDX,2007-08-02,88.9,91.37,88.2,90.03,1950600
FDX,2007-08-03,90.16,90.24,88.13,88.14,2178600
FDX,2007-08-06,88.29,89.99,88.13,89.98,2034300
FDX,2007-08-07,89.31,91.03,89.3,90.37,2146300
FDX,2007-08-08,90.15,91.21,88.62,89.38,3084200
FDX,2007-08-09,88.13,89.58,87.48,88.9,3530400
FDX,2007-08-10,88.05,89.02,87.68,88.53,3824100
FDX,2007-08-13,88.98,89.87,88.86,89.37,2756700
FDX,2007-08-14,89.33,89.46,87.3,87.33,2459700
FDX,2007-08-15,87.51,88.19,86.5,86.6,2460500
FDX,2007-08-16,85.01,85.25,80.62,84.57,5376200
FDX,2007-08-17,86.87,89.31,86.06,87.68,3066100
FDX,2007-08-20,87.66,88.55,87.32,88.44,2068700
FDX,2007-08-21,88.17,88.73,86.91,88.34,1978000
FDX,2007-08-22,89.92,89.92,88.7,89.77,1678000
FDX,2007-08-23,89.79,90.16,88.93,89.56,2005700
FDX,2007-08-24,89.35,90.18,89.17,90.18,1035600
FDX,2007-08-27,90.13,90.69,89.38,89.74,746700
FDX,2007-08-28,89.18,89.55,87.48,87.5,1267800
FDX,2007-08-29,88.01,89.4,87.72,89.24,1086600
FDX,2007-08-30,88.33,89.69,88.01,88.47,1081500
FDX,2007-08-31,89.18,89.63,88.23,89.05,1298400
FDX,2007-09-04,89.14,90.35,88.41,90.0,1090500
FDX,2007-09-05,89.22,89.66,88.4,89.24,1302900
FDX,2007-09-06,89.05,89.63,88.18,89.53,917700
FDX,2007-09-07,88.45,88.81,87.6,87.93,1539800
FDX,2007-09-10,88.05,88.35,86.74,87.76,1528100
FDX,2007-09-11,87.75,88.86,87.57,88.27,1047300
FDX,2007-09-12,87.69,88.51,87.16,87.62,1232900
FDX,2007-09-13,88.16,89.19,87.83,88.51,1116400
FDX,2007-09-14,87.79,88.97,87.75,88.72,1006700
FDX,2007-09-17,88.05,88.41,87.63,87.85,1252400
FDX,2007-09-18,88.29,88.64,86.54,88.57,2906100
FDX,2007-09-19,88.8,89.28,86.79,87.36,4351000
FDX,2007-09-20,86.06,86.34,84.19,84.88,7240600
FDX,2007-09-21,85.1,85.81,84.06,84.59,3570000
FDX,2007-09-24,84.6,85.04,82.93,83.58,3516500
FDX,2007-09-25,83.11,85.23,83.11,84.99,2522700
FDX,2007-09-26,85.23,85.33,84.4,85.1,2084300
FDX,2007-09-27,85.32,85.42,84.84,85.03,1766600
FDX,2007-09-28,85.1,85.28,84.55,85.12,1852900
FDX,2007-10-01,85.32,86.53,84.92,86.3,1628500
FDX,2007-10-02,86.14,86.92,85.45,86.54,1836900
FDX,2007-10-03,86.3,86.45,84.98,85.56,1741400
FDX,2007-10-04,85.73,85.83,84.77,85.12,1239400
FDX,2007-10-05,85.66,86.54,84.8,86.19,2323300
FDX,2007-10-08,86.38,86.52,85.32,86.22,1017600
FDX,2007-10-09,86.36,87.52,86.36,87.04,2122200
FDX,2007-10-10,87.04,87.52,86.71,87.18,1571800
FDX,2007-10-11,87.23,87.88,85.61,86.45,1993000
FDX,2007-10-12,86.45,87.7,86.3,87.36,1447500
FDX,2007-10-15,87.28,87.39,85.45,85.96,1919500
FDX,2007-10-16,85.43,86.58,85.06,85.23,1745200
FDX,2007-10-17,86.14,86.4,84.02,85.22,1873200
FDX,2007-10-18,85.03,85.69,84.64,85.58,1269700
FDX,2007-10-19,85.23,85.37,83.85,83.96,2630000
FDX,2007-10-22,82.8,84.21,82.8,83.72,3303600
FDX,2007-10-23,84.31,84.78,83.85,84.69,1637400
FDX,2007-10-24,84.12,85.15,83.24,84.67,2323900
FDX,2007-10-25,84.93,84.93,82.8,83.94,3014800
FDX,2007-10-26,84.94,84.95,83.44,84.46,1686600
FDX,2007-10-29,84.92,85.32,83.61,84.02,1199900
FDX,2007-10-30,83.7,84.4,83.45,83.89,1216100
FDX,2007-10-31,84.27,84.71,83.25,83.98,2180000
FDX,2007-11-01,83.41,83.7,82.12,82.24,1956200
FDX,2007-11-02,82.48,84.51,81.65,83.24,2357500
FDX,2007-11-05,82.44,84.16,82.3,83.37,1503600
FDX,2007-11-06,83.41,84.46,83.33,84.37,1177500
FDX,2007-11-07,83.22,83.75,81.69,81.78,1793100
FDX,2007-11-08,82.07,83.71,80.9,83.24,2976500
FDX,2007-11-09,82.49,83.17,81.03,81.05,2536000
FDX,2007-11-12,81.59,82.37,80.45,80.84,2273800
FDX,2007-11-13,81.68,82.93,81.16,82.85,2021300
FDX,2007-11-14,83.18,83.57,81.9,82.28,1634100
FDX,2007-11-15,81.79,83.41,81.72,82.37,1865700
FDX,2007-11-16,79.51,79.95,78.09,78.66,6216300
FDX,2007-11-19,78.01,78.41,75.41,76.43,4100200
FDX,2007-11-20,76.31,77.64,74.9,75.86,3491500
FDX,2007-11-21,75.09,76.29,74.4,74.52,3165800
FDX,2007-11-23,74.87,76.06,74.87,76.06,872400
FDX,2007-11-26,75.91,76.87,74.27,74.48,2344000
FDX,2007-11-27,75.01,75.74,74.03,75.74,2757300
FDX,2007-11-28,75.78,79.29,75.66,78.92,3489500
FDX,2007-11-29,78.51,78.8,77.77,78.16,1956100
FDX,2007-11-30,78.94,80.37,78.04,80.02,3192300
FDX,2007-12-03,79.21,80.29,78.81,79.03,2228200
FDX,2007-12-04,78.71,79.86,78.47,78.99,1856800
FDX,2007-12-05,79.89,79.89,78.49,79.13,1771600
FDX,2007-12-06,79.51,80.09,78.74,80.03,1165300
FDX,2007-12-07,80.34,81.83,80.34,81.44,1784200
FDX,2007-12-10,81.59,82.59,81.14,82.05,1927000
FDX,2007-12-11,82.01,82.33,79.45,79.45,2238500
FDX,2007-12-12,81.14,81.9,78.67,79.69,2182300
FDX,2007-12-13,77.6,79.17,77.49,79.06,2355700
FDX,2007-12-14,77.95,79.36,77.93,78.02,2568500
FDX,2007-12-17,77.53,78.64,77.31,78.01,2390700
FDX,2007-12-18,78.5,78.79,77.89,78.71,2071000
FDX,2007-12-19,78.71,78.71,76.8,76.97,2020900
FDX,2007-12-20,77.37,77.37,75.54,76.16,2781800
FDX,2007-12-21,75.33,77.67,75.33,76.7,3756800
FDX,2007-12-24,75.82,76.46,74.65,74.94,2206100
FDX,2007-12-26,74.83,75.81,74.71,75.57,2841200
FDX,2007-12-27,75.41,75.53,74.55,74.75,2679300
FDX,2007-12-28,74.52,75.32,72.78,73.71,2736700
FDX,2007-12-31,73.32,73.39,72.4,72.53,2865100
FDX,2008-01-02,72.04,72.04,69.19,70.08,6514400
FDX,2008-01-03,70.46,71.33,70.21,71.02,2623000
FDX,2008-01-04,70.56,70.57,67.66,68.41,4317400
FDX,2008-01-07,68.97,69.41,67.23,67.91,3991900
FDX,2008-01-08,68.38,68.9,67.24,67.33,4566100
FDX,2008-01-09,67.18,67.44,66.03,67.33,3818100
FDX,2008-01-10,66.71,69.84,66.71,69.16,4717200
FDX,2008-01-11,68.67,68.95,67.87,68.36,3546800
FDX,2008-01-14,69.05,69.46,68.26,68.85,1889700
FDX,2008-01-15,68.13,68.65,67.69,67.73,3182500
FDX,2008-01-16,67.29,69.24,66.96,68.66,4747700
FDX,2008-01-17,68.72,69.42,67.14,67.33,3386400
FDX,2008-01-18,67.67,68.69,66.96,68.34,3553900
FDX,2008-01-22,65.85,68.92,65.07,68.47,4534700
FDX,2008-01-23,66.34,72.81,65.92,72.39,7978800
FDX,2008-01-24,72.89,73.12,70.69,72.0,4091800
FDX,2008-01-25,72.54,74.39,72.34,73.18,5212300
FDX,2008-01-28,73.22,74.85,72.4,74.79,3518200
FDX,2008-01-29,75.11,76.33,74.9,75.51,3317900
FDX,2008-01-30,74.59,76.05,74.5,74.87,4069700
FDX,2008-01-31,73.82,76.71,73.34,75.91,2965000
FDX,2008-02-01,76.21,76.38,74.75,75.99,2749200
FDX,2008-02-04,76.01,76.57,74.43,74.63,1932500
FDX,2008-02-05,74.14,74.14,72.27,72.39,3149000
FDX,2008-02-06,72.9,74.49,72.12,72.86,1952600
FDX,2008-02-07,72.79,73.92,72.53,73.34,2505200
FDX,2008-02-08,72.81,73.39,71.28,71.58,2450900
FDX,2008-02-11,71.42,72.39,70.31,71.95,1762700
FDX,2008-02-12,72.25,72.92,71.22,71.66,1971000
FDX,2008-02-13,73.61,73.61,71.3,72.54,1880700
FDX,2008-02-14,72.42,73.2,71.56,71.59,1928300
FDX,2008-02-15,71.18,71.95,70.73,71.52,2091500
FDX,2008-02-19,72.19,73.15,71.63,72.6,3426800
FDX,2008-02-20,72.11,73.58,71.82,73.16,2354200
FDX,2008-02-21,73.2,73.76,72.36,72.65,2227900
FDX,2008-02-22,73.08,73.08,70.88,72.47,2204500
FDX,2008-02-25,72.45,73.17,71.49,72.98,2074200
FDX,2008-02-26,72.77,74.58,72.66,74.0,1989300
FDX,2008-02-27,73.41,74.27,73.13,73.88,1666800
FDX,2008-02-28,73.35,73.6,72.44,72.55,2049000
FDX,2008-02-29,72.07,73.04,71.6,71.69,2791100
FDX,2008-03-03,71.58,72.7,71.26,72.57,2314000
FDX,2008-03-04,71.76,73.66,71.26,73.46,3327600
FDX,2008-03-05,73.53,74.92,72.72,73.49,3255600
FDX,2008-03-06,73.27,73.33,71.97,72.27,2350200
FDX,2008-03-07,71.92,72.11,70.24,70.6,2982300
FDX,2008-03-10,70.81,71.49,69.14,69.19,2773100
FDX,2008-03-11,70.61,71.79,69.55,71.79,2592800
FDX,2008-03-12,71.18,72.4,69.91,70.9,2693600
FDX,2008-03-13,69.89,71.43,69.79,70.9,4627400
FDX,2008-03-14,71.29,71.52,68.07,69.06,4271100
FDX,2008-03-17,67.55,68.73,67.18,67.22,4669800
FDX,2008-03-18,68.36,70.78,67.96,70.78,3438200
FDX,2008-03-19,71.48,72.47,70.22,70.22,2967500
FDX,2008-03-20,68.42,70.87,68.24,70.86,4250100
FDX,2008-03-24,71.01,74.91,70.89,73.92,3333700
FDX,2008-03-25,74.1,74.86,72.88,74.47,2526200
FDX,2008-03-26,74.1,74.65,73.49,74.31,1969100
FDX,2008-03-27,74.33,75.26,73.73,74.69,3101100
FDX,2008-03-28,74.55,75.38,73.98,74.32,1971000
FDX,2008-03-31,74.15,75.85,73.75,75.46,2480900
FDX,2008-04-01,76.47,79.58,76.46,79.57,6178800
FDX,2008-04-02,79.57,80.62,78.84,79.26,2924500
FDX,2008-04-03,78.26,79.93,78.01,79.54,2189400
FDX,2008-04-04,79.3,79.85,78.33,78.88,2074100
FDX,2008-04-07,79.3,79.62,77.89,78.57,1793800
FDX,2008-04-08,77.99,78.38,77.03,78.22,2446400
FDX,2008-04-09,76.71,77.48,75.62,75.82,4008000
FDX,2008-04-10,75.73,77.26,75.33,76.82,2068800
FDX,2008-04-11,75.76,77.29,75.42,75.65,2593500
FDX,2008-04-14,75.37,76.1,75.04,75.59,1183400
FDX,2008-04-15,75.92,76.55,75.08,76.28,1352300
FDX,2008-04-16,77.23,79.16,76.71,79.02,1923200
FDX,2008-04-17,78.63,78.84,76.58,77.33,1567500
FDX,2008-04-18,78.75,79.24,78.11,78.75,2416100
FDX,2008-04-21,78.59,78.59,77.36,77.73,2094600
FDX,2008-04-22,77.44,77.7,75.68,76.2,2214200
FDX,2008-04-23,76.34,77.25,75.53,75.82,2082300
FDX,2008-04-24,76.14,77.57,75.61,77.16,1679000
FDX,2008-04-25,77.37,77.45,75.9,76.92,1805500
FDX,2008-04-28,77.16,78.4,76.07,77.82,2037700
FDX,2008-04-29,78.16,79.8,77.39,79.28,2319100
FDX,2008-04-30,79.24,79.79,78.07,78.07,2325600
FDX,2008-05-01,77.84,80.57,77.31,80.33,2596700
FDX,2008-05-02,80.7,80.99,78.27,78.88,2682800
FDX,2008-05-05,78.15,78.84,77.72,77.74,1754500
FDX,2008-05-06,76.81,79.7,76.69,79.54,1965200
FDX,2008-05-07,79.41,79.5,76.33,76.34,2521600
FDX,2008-05-08,77.19,77.55,75.69,75.9,2324300
FDX,2008-05-09,75.5,75.51,73.46,73.59,3536400
FDX,2008-05-12,71.58,74.19,71.33,73.7,4838800
FDX,2008-05-13,73.75,74.35,72.59,72.97,2891200
FDX,2008-05-14,73.16,74.74,72.97,74.16,2306500
FDX,2008-05-15,74.06,74.46,72.92,73.99,2394100
FDX,2008-05-16,73.65,74.47,72.96,74.06,2673400
FDX,2008-05-19,74.1,75.4,73.75,74.16,1910400
FDX,2008-05-20,73.8,74.1,72.88,73.14,2588700
FDX,2008-05-21,73.14,73.56,71.69,71.91,4734800
FDX,2008-05-22,71.58,73.05,71.54,72.34,1945600
FDX,2008-05-23,72.13,72.17,70.51,70.71,2815400
FDX,2008-05-27,70.81,73.41,70.81,73.02,3286900
FDX,2008-05-28,73.92,74.68,73.13,73.96,3288600
FDX,2008-05-29,73.8,75.68,73.71,75.06,2210200
FDX,2008-05-30,74.98,75.47,74.51,74.68,1859800
FDX,2008-06-02,74.24,74.67,73.23,73.82,1798100
FDX,2008-06-03,74.09,74.51,72.68,73.24,2090800
FDX,2008-06-04,72.89,75.17,72.83,74.55,1700600
FDX,2008-06-05,74.8,76.3,74.32,76.3,2391400
FDX,2008-06-06,75.15,75.28,72.26,72.36,2985000
FDX,2008-06-09,72.73,73.45,71.93,72.58,2180600
FDX,2008-06-10,72.19,73.88,71.47,73.52,3110200
FDX,2008-06-11,72.3,72.8,70.57,70.58,4736000
FDX,2008-06-12,71.07,72.92,70.2,71.29,4859600
FDX,2008-06-13,71.62,71.62,69.12,70.1,5189200
FDX,2008-06-16,69.34,70.4,69.07,70.14,3882600
FDX,2008-06-17,70.89,70.93,68.63,68.76,4795700
FDX,2008-06-18,65.84,68.29,65.54,67.35,11801000
FDX,2008-06-19,66.99,67.57,65.5,66.64,6201100
FDX,2008-06-20,66.05,66.45,65.32,65.67,4594100
FDX,2008-06-23,65.95,66.35,65.14,65.33,3566400
FDX,2008-06-24,64.93,66.42,63.96,65.21,4914000
FDX,2008-06-25,64.82,66.31,64.82,65.04,3833600
FDX,2008-06-26,64.62,64.86,63.54,63.67,3332200
FDX,2008-06-27,63.61,64.32,62.38,62.98,4898800
FDX,2008-06-30,62.81,64.85,62.22,64.24,4433200
FDX,2008-07-01,63.63,63.63,60.95,62.27,4692500
FDX,2008-07-02,62.62,63.07,60.9,60.91,2866500
FDX,2008-07-03,60.88,62.03,60.33,61.13,1964600
FDX,2008-07-07,61.56,62.94,60.55,61.15,3299900
FDX,2008-07-08,61.42,63.2,61.38,63.18,3276300
FDX,2008-07-09,63.38,63.38,61.56,61.66,3151300
FDX,2008-07-10,61.55,62.23,60.59,61.33,2450000
FDX,2008-07-11,60.47,61.27,59.37,60.29,2842000
FDX,2008-07-14,60.56,61.04,59.15,59.62,2446100
FDX,2008-07-15,59.02,60.73,58.16,59.53,3101000
FDX,2008-07-16,59.51,62.94,59.08,62.75,4519900
FDX,2008-07-17,62.95,64.73,61.39,64.45,5452900
FDX,2008-07-18,64.39,65.31,63.75,64.84,3354700
FDX,2008-07-21,65.1,65.1,63.14,63.44,2544600
FDX,2008-07-22,62.86,65.67,62.86,65.62,3089800
FDX,2008-07-23,66.04,68.06,65.93,67.71,3802800
FDX,2008-07-24,67.83,67.84,64.75,65.06,3226700
FDX,2008-07-25,65.23,65.98,64.29,64.81,1869800
FDX,2008-07-28,64.25,65.23,63.56,63.63,1651000
FDX,2008-07-29,63.57,66.95,63.54,66.95,2486700
FDX,2008-07-30,65.84,66.48,64.1,64.95,4019500
FDX,2008-07-31,64.16,65.5,64.13,64.28,2275100
FDX,2008-08-01,64.41,64.41,62.05,63.06,2599300
FDX,2008-08-04,63.13,64.86,62.82,64.14,2421500
FDX,2008-08-05,64.58,68.74,64.58,68.48,4441500
FDX,2008-08-06,67.37,67.99,66.25,67.64,2436300
FDX,2008-08-07,67.04,69.3,66.37,67.85,2498700
FDX,2008-08-08,69.07,72.21,69.07,71.88,4126300
FDX,2008-08-11,71.31,73.51,70.56,71.72,3534100
FDX,2008-08-12,71.41,72.11,70.4,71.45,2420200
FDX,2008-08-13,71.35,71.35,67.55,69.16,3379800
FDX,2008-08-14,69.0,70.98,68.85,70.9,2366200
FDX,2008-08-15,71.06,72.95,70.15,71.63,2925200
FDX,2008-08-18,71.33,71.62,69.7,70.05,1724100
FDX,2008-08-19,69.35,69.89,67.22,67.6,3476500
FDX,2008-08-20,67.43,68.59,66.07,67.0,2468900
FDX,2008-08-21,65.85,66.29,65.16,66.26,2538600
FDX,2008-08-22,66.48,67.62,66.24,67.41,2014400
FDX,2008-08-25,67.15,67.76,65.41,65.97,2189300
FDX,2008-08-26,65.81,66.51,65.07,65.94,2883800
FDX,2008-08-27,66.08,66.91,64.99,66.47,2025300
FDX,2008-08-28,66.8,68.71,66.7,68.43,2140700
FDX,2008-08-29,68.06,68.68,67.26,67.53,1681600
FDX,2008-09-02,70.18,71.69,68.53,69.03,3718700
FDX,2008-09-03,69.07,70.03,68.49,69.31,2238100
FDX,2008-09-04,68.5,69.51,67.1,67.51,2327600
FDX,2008-09-05,67.1,67.52,65.65,67.09,2146000
FDX,2008-09-08,68.55,69.47,68.02,69.28,2793300
FDX,2008-09-09,69.09,70.86,68.9,69.19,4702300
FDX,2008-09-10,71.42,72.74,70.34,71.73,5665800
FDX,2008-09-11,70.59,73.99,70.59,73.86,3151600
FDX,2008-09-12,72.91,74.26,72.37,74.16,3242100
FDX,2008-09-15,72.66,75.46,72.66,73.89,4009100
FDX,2008-09-16,72.37,75.11,72.22,75.11,4995800
FDX,2008-09-17,73.38,74.28,71.2,71.9,4558100
FDX,2008-09-18,72.14,74.85,69.95,74.4,6109800
FDX,2008-09-19,78.38,78.91,73.15,73.54,4627300
FDX,2008-09-22,72.65,73.38,69.51,69.95,3943700
FDX,2008-09-23,70.22,71.15,68.81,69.22,2909700
FDX,2008-09-24,69.11,69.99,66.91,67.35,3640200
FDX,2008-09-25,67.84,68.75,66.38,66.85,2999300
FDX,2008-09-26,65.77,67.13,65.53,66.59,2638600
FDX,2008-09-29,65.54,66.46,64.24,65.0,4313700
FDX,2008-09-30,66.42,66.59,64.33,64.53,3242000
FDX,2008-10-01,64.0,66.51,63.76,65.92,3392600
FDX,2008-10-02,65.68,65.8,62.64,63.27,3844500
FDX,2008-10-03,64.04,66.17,63.36,63.68,3577500
FDX,2008-10-06,62.27,63.88,60.92,63.14,4936800
FDX,2008-10-07,64.18,64.18,60.82,60.95,3934600
FDX,2008-10-08,58.58,61.48,57.41,57.94,7845100
FDX,2008-10-09,58.59,59.51,53.88,54.54,5116700
FDX,2008-10-10,52.32,57.56,50.36,55.81,7481800
FDX,2008-10-13,57.15,60.31,56.29,60.17,4282100
FDX,2008-10-14,61.44,61.88,56.79,57.76,4516300
FDX,2008-10-15,56.49,57.34,53.07,53.28,3358000
FDX,2008-10-16,52.66,54.55,49.72,54.08,4197400
FDX,2008-10-17,52.96,54.1,50.76,51.07,4505600
FDX,2008-10-20,51.61,52.96,50.68,52.38,2865200
FDX,2008-10-21,51.52,53.52,50.59,50.98,3122400
FDX,2008-10-22,50.6,50.65,46.01,47.35,5151000
FDX,2008-10-23,47.56,50.17,47.07,48.99,5891300
FDX,2008-10-24,46.2,48.19,45.74,46.38,4015500
FDX,2008-10-27,46.09,47.32,44.85,44.85,2788800
FDX,2008-10-28,45.96,47.58,44.01,47.48,3483200
FDX,2008-10-29,47.48,49.86,47.13,47.42,4070600
FDX,2008-10-30,48.48,50.0,48.18,49.81,3864900
FDX,2008-10-31,48.99,53.71,48.27,53.37,5287000
FDX,2008-11-03,53.37,54.1,52.81,53.88,2447800
FDX,2008-11-04,54.15,56.37,53.96,56.19,3169500
FDX,2008-11-05,55.62,56.1,52.07,52.19,2645700
FDX,2008-11-06,51.82,53.16,50.64,51.06,4151900
FDX,2008-11-07,51.3,53.01,51.03,52.72,2700300
FDX,2008-11-10,53.54,55.5,53.13,54.12,3180300
FDX,2008-11-11,52.72,55.12,52.33,54.29,3064500
FDX,2008-11-12,53.45,53.69,51.08,51.52,3199300
FDX,2008-11-13,52.01,54.91,49.5,54.81,4639000
FDX,2008-11-14,52.89,55.13,51.84,52.55,2892900
FDX,2008-11-17,52.02,53.45,50.36,51.24,3169700
FDX,2008-11-18,50.82,54.32,50.81,52.9,3980300
FDX,2008-11-19,51.7,53.39,48.71,49.46,3524200
FDX,2008-11-20,49.0,50.48,45.72,46.33,5085600
FDX,2008-11-21,47.16,50.07,45.25,49.73,4663900
FDX,2008-11-24,50.45,54.9,50.17,54.23,4359400
FDX,2008-11-25,55.04,55.83,46.78,54.8,3182500
FDX,2008-11-26,54.0,57.07,53.93,56.52,3013600
FDX,2008-11-28,56.37,57.68,56.01,57.68,1035700
FDX,2008-12-01,56.74,56.74,51.69,51.8,3510100
FDX,2008-12-02,52.69,54.87,51.94,54.77,2418300
FDX,2008-12-03,53.31,57.37,53.01,57.21,2880600
FDX,2008-12-04,56.29,60.17,56.1,57.91,3616500
FDX,2008-12-05,57.15,60.29,54.47,60.18,3392400
FDX,2008-12-08,61.39,62.82,59.21,60.77,3399500
FDX,2008-12-09,54.6,55.04,50.87,51.97,14149600
FDX,2008-12-10,51.91,51.96,48.87,49.9,6284000
FDX,2008-12-11,49.6,50.72,47.57,47.93,4390500
FDX,2008-12-12,47.03,50.27,46.89,50.17,4098200
FDX,2008-12-15,50.34,50.34,48.55,49.24,2764600
FDX,2008-12-16,49.59,51.98,49.23,51.84,3406800
FDX,2008-12-17,51.16,53.28,51.03,52.32,2477000
FDX,2008-12-18,53.15,53.49,50.43,51.2,4110900
FDX,2008-12-19,51.61,52.74,51.21,52.01,3218000
FDX,2008-12-22,52.14,52.34,50.71,51.49,2019800
FDX,2008-12-23,51.67,51.67,49.29,49.77,2424600
FDX,2008-12-24,49.29,50.26,49.29,50.05,1151400
FDX,2008-12-26,50.13,50.22,48.63,49.86,1402800
FDX,2008-12-29,49.64,49.85,48.69,49.18,1901100
FDX,2008-12-30,49.39,50.98,49.26,50.89,1925200
FDX,2008-12-31,50.91,52.82,50.91,52.46,2237700
FDX,2009-01-02,52.47,52.89,51.44,52.7,2368800
FDX,2009-01-05,52.3,52.62,51.99,52.3,3766500
FDX,2009-01-06,52.75,52.95,51.89,52.41,4064900
FDX,2009-01-07,51.94,52.55,50.97,51.24,2474600
FDX,2009-01-08,51.13,51.63,50.17,50.78,2054500
FDX,2009-01-09,51.03,51.03,49.08,49.33,1879600
FDX,2009-01-12,49.32,49.88,49.08,49.32,2002200
FDX,2009-01-13,49.25,50.31,48.74,49.45,2413400
FDX,2009-01-14,48.75,48.78,46.77,47.35,3050900
FDX,2009-01-15,47.38,48.28,45.96,47.89,2945300
FDX,2009-01-16,48.56,48.83,46.62,47.91,2864800
FDX,2009-01-20,47.75,47.84,44.92,44.96,3107300
FDX,2009-01-21,45.55,46.62,44.93,46.52,2694500
FDX,2009-01-22,45.8,46.82,45.26,46.07,2028600
FDX,2009-01-23,45.03,45.59,43.71,44.26,3673800
FDX,2009-01-26,44.11,45.5,44.0,44.63,2369200
FDX,2009-01-27,44.98,45.67,43.97,45.45,2466000
FDX,2009-01-28,46.2,47.25,45.4,46.41,2894100
FDX,2009-01-29,45.88,46.13,44.4,44.6,2479500
FDX,2009-01-30,45.05,45.05,41.34,41.66,4660300
FDX,2009-02-02,41.36,41.5,39.88,40.2,4418500
FDX,2009-02-03,40.63,43.43,40.48,43.21,4663900
FDX,2009-02-04,43.25,43.84,41.81,41.91,3718300
FDX,2009-02-05,41.53,43.09,41.26,43.0,3157900
FDX,2009-02-06,43.12,45.58,42.96,45.2,3918500
FDX,2009-02-09,45.27,46.39,44.88,45.52,2757900
FDX,2009-02-10,44.78,45.52,41.69,42.55,5126600
FDX,2009-02-11,42.86,43.41,42.33,42.97,2371600
FDX,2009-02-12,42.4,42.78,41.26,42.72,3040600
FDX,2009-02-13,42.7,44.26,42.3,42.37,3556800
FDX,2009-02-17,41.5,41.69,40.02,40.24,3870100
FDX,2009-02-18,40.47,41.2,38.82,39.26,3965600
FDX,2009-02-19,39.35,40.36,38.68,38.99,3257900
FDX,2009-02-20,38.44,38.85,37.24,38.41,3945600
FDX,2009-02-23,38.71,38.71,36.25,36.43,3984100
FDX,2009-02-24,36.71,38.63,35.85,38.33,4670700
FDX,2009-02-25,38.21,38.21,35.69,36.25,5631600
FDX,2009-02-26,36.58,36.67,35.34,35.44,4420400
FDX,2009-02-27,34.91,35.99,34.65,35.34,4057900
FDX,2009-03-02,34.68,35.13,32.96,32.96,5048500
FDX,2009-03-03,33.33,33.91,32.66,32.78,3437600
FDX,2009-03-04,33.2,35.29,32.93,34.82,5179000
FDX,2009-03-05,34.02,34.02,31.48,31.9,6425100
FDX,2009-03-06,32.36,32.59,28.67,29.25,9541200
FDX,2009-03-09,28.84,29.44,27.91,28.12,6793000
FDX,2009-03-10,28.71,30.5,28.34,30.43,6848000
FDX,2009-03-11,30.58,31.5,30.03,30.81,5591600
FDX,2009-03-12,30.7,31.74,29.66,31.63,4248000
FDX,2009-03-13,31.84,32.02,30.76,31.17,4126000
FDX,2009-03-16,31.76,34.09,31.62,32.95,6162800
FDX,2009-03-17,33.41,34.5,33.09,34.44,5130400
FDX,2009-03-18,34.46,36.27,33.72,35.32,7503100
FDX,2009-03-19,36.06,38.43,36.04,37.0,11256900
FDX,2009-03-20,36.91,37.32,33.97,34.37,9224600
FDX,2009-03-23,35.67,36.56,34.46,36.54,4125800
FDX,2009-03-24,36.18,36.83,35.57,35.74,3940600
FDX,2009-03-25,36.82,36.82,34.5,35.5,4345900
FDX,2009-03-26,35.89,38.7,35.77,38.54,4954900
FDX,2009-03-27,38.1,38.3,37.19,37.47,3643000
FDX,2009-03-30,36.92,36.92,35.66,36.16,3883900
FDX,2009-03-31,36.56,37.29,35.33,36.5,4408900
FDX,2009-04-01,36.31,37.11,36.05,36.88,3278500
FDX,2009-04-02,37.71,41.41,37.58,40.26,9218100
FDX,2009-04-03,39.63,41.14,39.45,41.03,4319000
FDX,2009-04-06,40.63,40.78,38.67,39.63,5286900
FDX,2009-04-07,38.93,38.97,37.98,38.14,2613200
FDX,2009-04-08,38.22,39.66,37.9,39.35,2812300
FDX,2009-04-09,40.34,41.95,40.14,41.77,3456900
FDX,2009-04-13,41.34,42.04,40.39,41.82,2756200
FDX,2009-04-14,41.02,42.85,41.02,41.57,3209800
FDX,2009-04-15,41.44,41.63,40.36,41.05,2978900
FDX,2009-04-16,41.22,44.73,41.05,44.5,5094200
FDX,2009-04-17,43.65,43.98,41.98,43.68,5406900
FDX,2009-04-20,42.86,43.01,41.76,41.9,3631600
FDX,2009-04-21,41.57,43.21,41.24,43.09,2908500
FDX,2009-04-22,42.79,45.74,42.79,43.68,4474800
FDX,2009-04-23,42.86,45.28,42.33,45.15,5572500
FDX,2009-04-24,45.15,46.56,44.88,45.99,3050700
FDX,2009-04-27,44.67,45.23,43.19,43.33,3006100
FDX,2009-04-28,42.75,44.49,42.66,43.73,2889900
FDX,2009-04-29,44.27,45.88,44.2,45.34,2442900
FDX,2009-04-30,45.86,47.36,45.58,45.91,3892100
FDX,2009-05-01,45.86,46.16,44.57,45.23,2670000
FDX,2009-05-04,45.38,48.93,45.17,48.82,4228800
FDX,2009-05-05,48.76,50.04,48.63,49.85,3995300
FDX,2009-05-06,50.2,50.73,49.22,50.62,3633000
FDX,2009-05-07,50.9,50.99,48.08,48.66,4220500
FDX,2009-05-08,49.31,50.02,48.4,49.27,3158900
FDX,2009-05-11,47.96,48.47,46.77,46.9,4256400
FDX,2009-05-12,46.76,47.0,44.69,45.22,4108600
FDX,2009-05-13,44.68,44.68,42.88,43.24,3978100
FDX,2009-05-14,43.25,44.4,43.17,43.82,2720200
FDX,2009-05-15,43.98,44.78,43.13,43.46,3618800
FDX,2009-05-18,43.95,44.47,43.28,44.35,3608600
FDX,2009-05-19,44.38,45.39,44.3,44.82,2927000
FDX,2009-05-20,45.53,47.01,45.04,45.68,4441400
FDX,2009-05-21,45.05,45.05,43.18,43.83,2960600
FDX,2009-05-22,43.85,44.01,42.43,43.35,3033300
FDX,2009-05-26,42.97,45.68,42.95,45.41,3030500
FDX,2009-05-27,45.49,45.9,43.63,43.77,2437300
FDX,2009-05-28,44.37,44.7,42.79,43.95,2887200
FDX,2009-05-29,44.06,45.5,43.82,45.47,2832900
FDX,2009-06-01,47.0,47.78,45.76,47.48,2574900
FDX,2009-06-02,47.57,48.71,46.91,47.29,2331600
FDX,2009-06-03,46.96,47.11,45.69,46.19,2678700
FDX,2009-06-04,46.26,46.79,45.69,46.76,1907100
FDX,2009-06-05,47.35,48.3,46.66,46.85,3813400
FDX,2009-06-08,46.63,46.71,45.68,46.32,2491000
FDX,2009-06-09,46.19,47.23,46.03,46.81,2259400
FDX,2009-06-10,47.93,47.93,45.97,46.97,2479300
FDX,2009-06-11,46.64,47.2,45.94,46.07,3519600
FDX,2009-06-12,45.74,46.12,44.0,44.62,3844400
FDX,2009-06-15,44.05,44.29,42.44,42.67,4062300
FDX,2009-06-16,43.0,43.79,41.71,42.27,5007800
FDX,2009-06-17,41.34,42.5,40.91,41.68,9119400
FDX,2009-06-18,42.44,43.02,41.6,42.72,4140000
FDX,2009-06-19,43.0,43.22,41.93,42.3,2993500
FDX,2009-06-22,41.58,42.13,40.99,41.15,4424100
FDX,2009-06-23,42.18,42.75,41.56,41.72,4792200
FDX,2009-06-24,42.07,44.41,41.76,43.48,6542000
FDX,2009-06-25,43.36,46.35,43.21,46.28,6434200
FDX,2009-06-26,45.73,46.12,45.26,45.55,3304400
FDX,2009-06-29,45.67,46.27,45.01,45.73,2513500
FDX,2009-06-30,46.8,46.82,45.31,45.73,4147600
FDX,2009-07-01,45.88,47.01,45.83,46.19,2311100
FDX,2009-07-02,45.34,45.67,44.45,44.66,3090800
FDX,2009-07-06,44.49,46.15,44.38,46.07,5143300
FDX,2009-07-07,45.98,45.98,44.65,44.66,2809400
FDX,2009-07-08,45.04,45.96,43.23,43.87,5429400
FDX,2009-07-09,44.06,44.8,43.87,44.34,2427300
FDX,2009-07-10,44.12,45.38,44.12,45.12,2348800
FDX,2009-07-13,45.49,45.87,44.22,45.87,2598700
FDX,2009-07-14,45.85,46.11,44.88,45.66,2247300
FDX,2009-07-15,46.29,47.22,46.09,47.16,4688000
FDX,2009-07-16,46.97,51.39,46.92,50.8,9769600
FDX,2009-07-17,50.41,51.16,49.47,49.71,5463400
FDX,2009-07-20,49.88,50.8,49.54,50.72,3228200
FDX,2009-07-21,50.97,51.08,49.01,49.71,3403600
FDX,2009-07-22,49.2,51.15,48.93,50.81,2966600
FDX,2009-07-23,50.39,53.16,50.15,52.81,4584000
FDX,2009-07-24,52.36,53.44,52.17,53.42,3360100
FDX,2009-07-27,53.47,54.78,53.03,54.74,3011200
FDX,2009-07-28,54.2,54.85,53.52,53.94,2914000
FDX,2009-07-29,53.56,54.81,53.13,54.05,2575500
FDX,2009-07-30,54.7,56.4,54.3,55.39,3500400
FDX,2009-07-31,55.39,56.31,55.16,55.77,2534300
FDX,2009-08-03,56.19,57.04,55.5,56.68,2601000
FDX,2009-08-04,56.32,56.57,55.75,56.26,3109500
FDX,2009-08-05,56.35,56.58,54.99,55.39,3416900
FDX,2009-08-06,55.73,55.73,54.4,54.56,3207500
FDX,2009-08-07,55.24,56.54,55.02,55.79,4829800
FDX,2009-08-10,54.8,55.77,54.8,55.18,2741000
FDX,2009-08-11,54.82,55.08,53.94,54.23,3195100
FDX,2009-08-12,54.26,55.24,53.87,54.57,2448700
FDX,2009-08-13,55.37,55.37,54.07,55.01,2111700
FDX,2009-08-14,54.91,55.2,53.43,54.27,1830500
FDX,2009-08-17,53.72,53.72,52.24,52.52,2355800
FDX,2009-08-18,52.84,54.26,52.75,54.07,2699700
FDX,2009-08-19,53.6,54.3,52.78,53.97,2066700
FDX,2009-08-20,53.79,54.58,53.71,54.34,1713200
FDX,2009-08-21,54.84,56.03,54.5,55.8,2966900
FDX,2009-08-24,55.89,56.54,55.61,55.77,1828100
FDX,2009-08-25,56.23,56.97,55.98,56.12,2719800
FDX,2009-08-26,56.09,56.46,55.4,55.71,2058500
FDX,2009-08-27,55.8,56.63,54.55,56.34,2784800
FDX,2009-08-28,56.84,57.77,56.6,57.43,3296300
FDX,2009-08-31,56.86,57.05,56.15,56.49,1822300
FDX,2009-09-01,56.6,58.65,56.46,56.76,5406900
FDX,2009-09-02,56.52,57.26,55.95,56.32,3041100
FDX,2009-09-03,56.92,57.4,56.09,57.33,1957900
FDX,2009-09-04,57.45,58.33,57.4,58.25,1961200
FDX,2009-09-08,59.01,59.24,57.58,58.4,3067200
FDX,2009-09-09,59.05,59.58,58.43,59.32,3530000
FDX,2009-09-10,59.42,59.86,58.76,59.83,2418300
FDX,2009-09-11,62.54,64.47,62.51,63.66,11095300
FDX,2009-09-14,63.4,65.04,63.15,64.95,5064200
FDX,2009-09-15,65.34,65.87,64.66,65.48,4658700
FDX,2009-09-16,65.88,65.88,63.73,64.39,4444600
FDX,2009-09-17,62.95,64.63,62.21,62.96,6004400
FDX,2009-09-18,63.27,63.32,62.16,62.72,4293400
FDX,2009-09-21,62.35,62.58,61.14,62.24,2897600
FDX,2009-09-22,62.68,63.26,62.58,62.71,2928000
FDX,2009-09-23,62.96,63.4,61.94,61.98,2938400
FDX,2009-09-24,62.0,62.76,61.17,62.07,3120900
FDX,2009-09-25,61.65,62.19,60.02,60.42,2992600
FDX,2009-09-28,60.53,62.85,60.46,62.47,3308100
FDX,2009-09-29,62.61,62.85,61.64,61.79,2580500
FDX,2009-09-30,61.74,62.67,60.7,61.93,3547100
FDX,2009-10-01,62.2,62.66,60.49,60.67,4169600
FDX,2009-10-02,60.27,61.08,59.65,60.58,3360100
FDX,2009-10-05,60.75,62.3,60.34,62.12,3142900
FDX,2009-10-06,62.22,63.38,61.26,61.82,3080700
FDX,2009-10-07,61.72,62.85,61.32,62.75,2461000
FDX,2009-10-08,63.19,64.96,62.75,64.36,6976800
FDX,2009-10-09,64.31,64.63,63.48,63.8,2443800
FDX,2009-10-12,64.26,64.45,63.47,63.91,1518400
FDX,2009-10-13,63.89,64.4,63.05,64.38,2520900
FDX,2009-10-14,65.19,66.2,64.97,66.11,3034200
FDX,2009-10-15,65.72,66.8,65.42,66.63,2996200
FDX,2009-10-16,65.95,66.42,65.46,65.91,2865800
FDX,2009-10-19,66.13,66.41,65.63,65.86,2085100
FDX,2009-10-20,65.89,67.38,65.61,67.25,3419900
FDX,2009-10-21,67.1,67.8,65.43,65.55,2193900
FDX,2009-10-22,65.52,65.52,63.73,65.01,2318100
FDX,2009-10-23,65.29,65.71,63.18,63.48,2864100
FDX,2009-10-26,63.52,65.11,63.01,63.28,2095500
FDX,2009-10-27,63.37,63.52,61.48,61.57,3497200
FDX,2009-10-28,61.34,62.12,60.35,60.55,2856500
FDX,2009-10-29,61.25,62.34,60.75,61.71,2737000
FDX,2009-10-30,61.54,62.22,59.62,59.85,2969200
FDX,2009-11-02,60.11,60.77,59.1,60.0,2745900
FDX,2009-11-03,60.16,61.83,59.77,61.61,3519500
FDX,2009-11-04,62.12,62.14,59.92,60.04,2659600
FDX,2009-11-05,60.54,62.02,60.53,61.75,2204600
FDX,2009-11-06,61.3,63.7,61.3,63.5,2895000
FDX,2009-11-09,64.08,66.89,63.42,66.87,4110800
FDX,2009-11-10,66.43,67.75,66.12,67.62,3469800
FDX,2009-11-11,67.96,68.97,67.44,67.93,3882000
FDX,2009-11-12,67.77,68.18,66.3,66.5,2516600
FDX,2009-11-13,66.71,67.7,66.5,67.49,1938200
FDX,2009-11-16,68.78,69.92,68.41,69.82,3197100
FDX,2009-11-17,69.72,70.34,69.22,70.2,3673100
FDX,2009-11-18,70.0,70.18,68.62,68.92,2333000
FDX,2009-11-19,68.63,68.83,67.06,67.91,1967300
FDX,2009-11-20,67.46,68.01,66.36,67.34,2422600
FDX,2009-11-23,68.34,69.01,67.61,68.02,2233000
FDX,2009-11-24,67.87,68.47,67.15,67.34,1504300
FDX,2009-11-25,67.43,68.79,67.39,68.75,2101000
FDX,2009-11-27,66.93,68.78,66.56,68.05,1495500
FDX,2009-11-30,68.22,69.76,67.58,69.53,2605500
FDX,2009-12-01,70.31,71.28,69.84,70.71,3194300
FDX,2009-12-02,70.71,71.86,70.43,71.72,2475200
FDX,2009-12-03,72.14,72.36,70.63,70.76,3246400
FDX,2009-12-04,71.7,72.49,70.86,72.4,2926800
FDX,2009-12-07,72.47,72.82,71.95,72.06,2271000
FDX,2009-12-08,73.67,74.61,73.29,74.01,6866400
FDX,2009-12-09,74.39,74.39,72.54,73.28,3389600
FDX,2009-12-10,73.59,74.2,72.27,72.58,2376300
FDX,2009-12-11,72.49,73.33,72.21,72.5,1815400
FDX,2009-12-14,72.75,74.73,72.7,74.66,2644500
FDX,2009-12-15,74.57,75.84,74.2,75.32,4924000
FDX,2009-12-16,75.79,76.33,73.99,74.15,3494500
FDX,2009-12-17,71.3,71.8,69.57,69.64,8399100
FDX,2009-12-18,70.15,70.7,68.86,70.03,4804000
FDX,2009-12-21,70.43,71.06,69.34,69.84,3637700
FDX,2009-12-22,69.77,70.41,68.66,68.84,3554900
FDX,2009-12-23,68.64,69.25,68.31,69.05,2171200
FDX,2009-12-24,69.25,69.57,67.89,68.07,1458100
FDX,2009-12-28,68.05,68.8,67.89,68.44,2124300
FDX,2009-12-29,68.45,70.35,68.3,70.21,2916200
FDX,2009-12-30,70.07,70.27,69.54,70.21,1589000
FDX,2009-12-31,69.42,69.86,68.67,68.8,1984200
FDX,2010-01-04,69.42,70.07,68.52,68.8,3215100
FDX,2010-01-05,68.79,69.74,68.13,69.69,2493300
FDX,2010-01-06,69.52,70.17,68.93,69.12,2491000
FDX,2010-01-07,69.13,69.13,67.93,68.37,3093200
FDX,2010-01-08,69.32,70.29,68.38,70.07,4351200
FDX,2010-01-11,70.56,72.79,70.4,71.93,6131900
FDX,2010-01-12,71.26,73.11,70.57,71.38,3345100
FDX,2010-01-13,71.68,71.99,70.2,70.75,2855700
FDX,2010-01-14,70.55,71.27,70.15,71.14,2104300
FDX,2010-01-15,71.18,71.56,70.02,70.16,4369700
FDX,2010-01-19,70.05,71.11,70.05,70.82,2289200
FDX,2010-01-20,69.87,69.91,68.49,69.3,2793100
FDX,2010-01-21,69.54,69.64,67.02,67.27,2865500
FDX,2010-01-22,67.04,67.48,66.11,66.19,2551800
FDX,2010-01-25,66.96,66.96,65.25,66.52,1878500
FDX,2010-01-26,66.33,66.97,65.55,66.58,2272300
FDX,2010-01-27,66.57,66.59,64.81,66.3,3523900
FDX,2010-01-28,66.76,66.76,64.62,65.18,1974200
FDX,2010-01-29,65.69,66.53,64.55,64.59,3139500
FDX,2010-02-01,64.97,66.55,64.93,66.5,3056600
FDX,2010-02-02,66.83,68.05,66.25,67.87,3217400
FDX,2010-02-03,67.32,68.3,66.7,67.7,2593700
FDX,2010-02-04,67.07,67.39,64.92,65.0,3830100
FDX,2010-02-05,65.0,65.33,61.97,63.22,5535300
FDX,2010-02-08,63.33,64.11,62.09,63.22,2966800
FDX,2010-02-09,63.7,65.72,63.45,65.31,4694400
FDX,2010-02-10,65.26,65.37,63.91,64.54,2196800
FDX,2010-02-11,64.62,65.77,63.84,65.56,2272800
FDX,2010-02-12,64.63,64.86,63.9,64.76,2902000
FDX,2010-02-16,65.06,66.12,65.06,65.93,2649200
FDX,2010-02-17,65.87,66.36,65.07,65.9,2484400
FDX,2010-02-18,65.65,66.27,65.43,66.03,1714300
FDX,2010-02-19,66.03,67.96,66.03,67.4,3000000
FDX,2010-02-22,67.81,68.54,67.2,67.9,2218800
FDX,2010-02-23,67.65,68.52,66.71,67.18,2217300
FDX,2010-02-24,67.38,68.93,67.38,68.49,3083400
FDX,2010-02-25,67.22,68.65,66.17,68.57,3007100
FDX,2010-02-26,68.53,70.06,67.86,69.88,3030000
FDX,2010-03-01,70.01,71.27,69.93,70.74,2419000
FDX,2010-03-02,71.26,71.82,70.25,70.41,3169300
FDX,2010-03-03,70.75,72.38,70.62,71.01,3579600
FDX,2010-03-04,71.91,72.12,70.46,71.19,2448200
FDX,2010-03-05,71.74,72.34,71.42,71.68,1817600
FDX,2010-03-08,71.94,72.17,71.01,71.45,1924700
FDX,2010-03-09,71.38,72.09,70.69,71.69,2023300
FDX,2010-03-10,71.82,72.92,71.71,72.03,2557400
FDX,2010-03-11,71.49,71.81,70.69,71.39,4330500
FDX,2010-03-12,71.43,71.56,70.0,71.14,3605200
FDX,2010-03-15,71.15,72.5,71.11,72.5,2509100
FDX,2010-03-16,72.67,73.41,72.37,73.16,2798400
FDX,2010-03-17,73.51,74.71,73.51,74.12,4885800
FDX,2010-03-18,72.52,76.73,71.81,76.49,13233200
FDX,2010-03-19,75.16,76.08,74.59,75.16,5613000
FDX,2010-03-22,74.7,75.12,73.89,74.03,3904200
FDX,2010-03-23,74.01,75.95,73.99,75.64,4116000
FDX,2010-03-24,75.46,75.53,74.37,74.49,4458000
FDX,2010-03-25,75.26,75.89,74.3,75.07,5720000
FDX,2010-03-26,75.27,75.84,74.57,75.4,3777100
FDX,2010-03-29,75.73,76.3,74.98,76.13,3423400
FDX,2010-03-30,76.37,76.96,75.68,76.62,3979900
FDX,2010-03-31,76.08,77.31,75.61,77.1,4168500
FDX,2010-04-01,77.6,78.03,75.68,76.08,2527800
FDX,2010-04-05,76.04,76.46,75.66,76.32,2091900
FDX,2010-04-06,76.01,76.63,75.74,76.25,1794300
FDX,2010-04-07,75.97,76.23,74.45,74.84,2522400
FDX,2010-04-08,74.66,75.07,74.14,74.88,2344000
FDX,2010-04-09,74.69,75.64,74.52,75.33,1876000
FDX,2010-04-12,75.17,75.69,74.76,74.97,1542300
FDX,2010-04-13,74.86,75.07,74.22,74.88,1358600
FDX,2010-04-14,75.21,77.78,74.93,77.6,4753400
FDX,2010-04-15,78.66,80.69,78.66,78.93,4342800
FDX,2010-04-16,78.62,78.74,77.1,77.48,3812200
FDX,2010-04-19,77.03,77.81,75.88,76.39,2866100
FDX,2010-04-20,77.05,77.23,75.57,75.97,3546600
FDX,2010-04-21,75.92,76.35,75.21,75.53,2628500
FDX,2010-04-22,75.12,75.89,74.21,75.7,3302100
FDX,2010-04-23,75.88,76.63,75.36,76.61,2879700
FDX,2010-04-26,76.79,77.58,76.16,76.35,2075900
FDX,2010-04-27,75.72,76.53,73.82,74.06,2996400
FDX,2010-04-28,74.6,75.46,74.01,74.98,2439400
FDX,2010-04-29,75.5,76.6,75.35,76.42,2325600
FDX,2010-04-30,76.29,77.43,74.21,74.3,2653600
FDX,2010-05-03,74.85,76.55,74.55,76.33,2985000
FDX,2010-05-04,75.14,75.31,72.92,73.77,3572300
FDX,2010-05-05,73.01,73.99,72.52,73.1,2224600
FDX,2010-05-06,72.6,73.7,67.27,70.98,4072400
FDX,2010-05-07,71.12,71.12,67.52,68.63,4864000
FDX,2010-05-10,71.84,73.02,71.07,72.41,3517000
FDX,2010-05-11,71.76,73.98,71.25,72.73,2894900
FDX,2010-05-12,73.15,74.22,72.64,74.09,1779400
FDX,2010-05-13,73.75,73.98,72.37,72.62,1891100
FDX,2010-05-14,72.06,72.16,70.17,70.91,2682100
FDX,2010-05-17,71.1,71.78,69.34,70.9,2356000
FDX,2010-05-18,70.96,71.66,69.15,69.39,3215000
FDX,2010-05-19,68.73,69.92,67.79,69.41,2960600
FDX,2010-05-20,68.14,68.65,66.88,66.94,3747500
FDX,2010-05-21,66.15,68.8,65.55,68.56,4250000
FDX,2010-05-24,68.23,68.9,67.2,67.25,2364300
FDX,2010-05-25,65.3,66.77,64.62,66.62,4349900
FDX,2010-05-26,67.22,68.27,66.87,67.39,3179400
FDX,2010-05-27,68.64,69.58,67.79,69.47,2609600
FDX,2010-05-28,69.37,69.86,68.24,68.92,2313900
FDX,2010-06-01,68.09,68.85,67.03,67.1,2904400
FDX,2010-06-02,67.63,68.85,67.27,68.78,2242000
FDX,2010-06-03,69.21,70.04,68.23,69.32,2195100
FDX,2010-06-04,67.86,68.2,65.08,65.52,3875300
FDX,2010-06-07,65.98,65.98,63.11,63.16,4042700
FDX,2010-06-08,63.62,65.22,62.76,64.95,3405300
FDX,2010-06-09,65.52,66.24,63.66,64.01,3436000
FDX,2010-06-10,65.33,66.32,64.92,66.25,2725300
FDX,2010-06-11,65.65,66.65,65.06,66.56,2406100
FDX,2010-06-14,67.01,68.1,66.65,67.25,3507100
FDX,2010-06-15,67.87,68.74,67.48,68.62,3561500
FDX,2010-06-16,67.29,67.83,64.41,64.54,15058000
FDX,2010-06-17,64.89,64.91,63.76,64.57,7910200
FDX,2010-06-18,64.87,65.16,64.41,65.06,3733300
FDX,2010-06-21,65.88,66.21,64.5,64.96,3346100
FDX,2010-06-22,64.91,65.27,62.73,62.99,4665900
FDX,2010-06-23,63.18,63.83,62.36,63.31,4015900
FDX,2010-06-24,63.01,63.93,62.57,62.79,4112700
FDX,2010-06-25,62.93,63.02,61.52,62.79,8014300
FDX,2010-06-28,62.66,63.28,61.94,62.11,3176200
FDX,2010-06-29,61.18,61.4,58.64,59.11,5349400
FDX,2010-06-30,59.08,59.44,57.85,57.96,4570400
FDX,2010-07-01,58.45,59.68,57.68,59.52,6562400
FDX,2010-07-02,59.84,60.02,58.71,59.03,4719000
FDX,2010-07-06,59.71,60.11,57.92,58.44,5745100
FDX,2010-07-07,58.69,60.27,58.34,60.26,4839800
FDX,2010-07-08,60.75,61.54,60.04,60.91,3219300
FDX,2010-07-09,61.07,61.47,59.95,61.35,3500500
FDX,2010-07-12,62.17,62.33,60.83,61.31,2902600
FDX,2010-07-13,62.13,64.21,62.09,63.89,5278600
FDX,2010-07-14,63.66,65.41,63.58,65.08,5260100
FDX,2010-07-15,65.1,65.14,63.02,63.83,3884300
FDX,2010-07-16,63.49,63.64,61.48,61.68,3024200
FDX,2010-07-19,61.93,62.18,60.92,61.99,2248000
FDX,2010-07-20,61.26,62.86,60.56,62.75,2303800
FDX,2010-07-21,63.26,63.3,60.64,61.2,3010300
FDX,2010-07-22,62.59,65.09,62.59,64.92,4490400
FDX,2010-07-23,64.88,65.31,64.12,65.27,2800400
FDX,2010-07-26,68.0,69.14,67.79,68.94,7247800
FDX,2010-07-27,69.44,69.64,67.63,68.09,3282600
FDX,2010-07-28,67.58,68.65,67.3,68.48,2931000
FDX,2010-07-29,69.0,69.17,67.08,67.84,2335400
FDX,2010-07-30,67.15,68.6,66.69,68.24,2453600
FDX,2010-08-02,69.36,69.99,68.66,69.94,2471300
FDX,2010-08-03,69.82,69.82,68.41,69.13,2350200
FDX,2010-08-04,69.46,71.17,69.23,71.06,3289500
FDX,2010-08-05,70.41,71.13,70.14,70.89,2478000
FDX,2010-08-06,69.9,70.92,69.51,70.53,1845600
FDX,2010-08-09,70.73,72.53,70.7,72.16,2915400
FDX,2010-08-10,71.46,72.31,70.9,72.0,2778100
FDX,2010-08-11,70.61,70.66,68.17,68.72,3736600
FDX,2010-08-12,67.58,67.94,66.87,67.74,3022500
FDX,2010-08-13,67.6,67.95,66.78,66.79,1967600
FDX,2010-08-16,66.28,67.37,66.03,66.94,1942900
FDX,2010-08-17,67.74,69.83,67.57,69.24,2780600
FDX,2010-08-18,69.06,69.89,68.4,69.47,2518900
FDX,2010-08-19,69.03,69.37,66.91,67.44,2700000
FDX,2010-08-20,67.01,67.51,66.12,67.15,2572500
FDX,2010-08-23,68.01,68.84,67.23,67.32,2622000
FDX,2010-08-24,66.35,66.7,64.59,65.38,3030200
FDX,2010-08-25,64.57,65.42,63.86,65.1,2707300
FDX,2010-08-26,64.87,66.22,64.87,65.11,2316800
FDX,2010-08-27,65.73,66.6,64.39,66.51,1940900
FDX,2010-08-30,65.86,66.85,65.1,65.12,1511700
FDX,2010-08-31,64.9,65.64,63.93,64.52,2733500
FDX,2010-09-01,65.56,67.53,65.34,67.27,3479400
FDX,2010-09-02,67.38,67.91,66.97,67.55,2455400
FDX,2010-09-03,68.44,69.54,68.18,68.41,2585000
FDX,2010-09-07,67.98,68.41,67.23,67.77,1666700
FDX,2010-09-08,67.91,70.05,67.91,69.38,2311000
FDX,2010-09-09,70.47,71.08,69.65,69.77,1961400
FDX,2010-09-10,70.12,70.37,69.51,69.67,1166600
FDX,2010-09-13,70.58,71.49,69.77,70.05,2095000
FDX,2010-09-14,70.24,70.86,69.59,70.44,2184500
FDX,2010-09-15,70.25,71.45,70.04,71.15,2022100
FDX,2010-09-16,69.05,69.54,67.72,68.48,8247600
FDX,2010-09-17,68.59,68.59,67.73,68.12,3893600
FDX,2010-09-20,68.36,69.27,67.96,68.64,2491700
FDX,2010-09-21,68.9,69.33,68.22,69.23,3959000
FDX,2010-09-22,69.22,70.44,68.97,69.79,3618600
FDX,2010-09-23,69.18,69.89,68.19,68.43,2464200
FDX,2010-09-24,69.44,70.2,69.27,69.73,2383500
FDX,2010-09-27,70.05,70.26,69.5,69.6,2253600
FDX,2010-09-28,69.59,70.25,68.51,70.13,2880500
FDX,2010-09-29,69.96,71.67,69.55,71.5,5037300
FDX,2010-09-30,72.02,73.23,70.73,70.78,5114000
FDX,2010-10-01,71.54,72.37,70.56,70.9,3260800
FDX,2010-10-04,70.81,71.73,70.15,70.73,3371200
FDX,2010-10-05,71.39,73.23,71.3,72.71,3840200
FDX,2010-10-06,72.51,72.85,71.8,72.34,2108400
FDX,2010-10-07,72.56,72.59,71.14,71.81,1930500
FDX,2010-10-08,71.97,73.62,71.48,73.42,3697800
FDX,2010-10-11,73.65,73.65,72.94,73.18,1684500
FDX,2010-10-12,72.82,73.17,71.65,72.84,2255200
FDX,2010-10-13,73.32,75.03,73.07,74.3,2829700
FDX,2010-10-14,74.28,74.3,73.55,74.0,1577300
FDX,2010-10-15,74.55,74.92,73.39,74.19,2172800
FDX,2010-10-18,74.05,74.43,73.59,74.07,1953100
FDX,2010-10-19,73.01,73.44,71.55,72.14,2844400
FDX,2010-10-20,72.5,73.89,72.44,73.61,2506100
FDX,2010-10-21,73.61,74.4,72.69,73.32,1826200
FDX,2010-10-22,73.4,73.56,72.77,73.56,954600
FDX,2010-10-25,74.0,74.67,73.61,74.14,2716300
FDX,2010-10-26,73.66,74.76,73.06,74.21,1763300
FDX,2010-10-27,73.37,73.47,71.78,72.96,2352800
FDX,2010-10-28,73.43,73.83,72.5,73.54,2335900
FDX,2010-10-29,73.45,73.79,72.58,72.62,2062700
FDX,2010-11-01,72.6,73.49,71.23,71.54,2610300
FDX,2010-11-02,72.11,72.6,71.39,72.05,2040700
FDX,2010-11-03,72.02,73.17,71.06,72.39,2932400
FDX,2010-11-04,73.17,73.8,72.79,73.51,3501400
FDX,2010-11-05,73.46,74.96,73.46,74.51,2527100
FDX,2010-11-08,73.83,74.89,73.72,74.77,1995900
FDX,2010-11-09,74.86,75.05,72.68,72.95,2330600
FDX,2010-11-10,73.13,73.47,72.23,73.25,1468600
FDX,2010-11-11,72.42,73.23,72.31,72.84,1831400
FDX,2010-11-12,72.35,72.65,71.83,72.29,1533900
FDX,2010-11-15,72.59,73.06,71.39,71.52,2144000
FDX,2010-11-16,71.1,71.39,69.95,71.09,2382900
FDX,2010-11-17,71.3,71.8,70.66,70.89,1745000
FDX,2010-11-18,71.93,72.62,71.41,72.2,2153600
FDX,2010-11-19,72.42,72.93,71.75,71.95,1929600
FDX,2010-11-22,71.71,72.54,71.2,72.41,2326000
FDX,2010-11-23,71.56,72.04,71.14,71.41,1614300
FDX,2010-11-24,72.01,73.45,71.79,73.34,1936900
FDX,2010-11-26,72.6,72.95,72.49,72.54,642600
FDX,2010-11-29,73.78,76.25,73.34,75.93,5127600
FDX,2010-11-30,75.62,77.12,75.44,75.54,4810800
FDX,2010-12-01,77.3,78.76,77.18,77.92,3220300
FDX,2010-12-02,78.22,79.78,78.01,78.93,2399300
FDX,2010-12-03,78.35,79.16,78.23,78.76,1833900
FDX,2010-12-06,78.37,78.48,77.13,77.34,2323700
FDX,2010-12-07,78.08,78.43,76.8,76.82,3025500
FDX,2010-12-08,76.63,77.33,76.35,76.94,1401700
FDX,2010-12-09,77.66,78.16,77.35,78.0,2650400
FDX,2010-12-10,78.01,78.01,76.79,77.91,1752800
FDX,2010-12-13,78.68,78.92,78.14,78.19,2186900
FDX,2010-12-14,78.28,78.57,77.04,77.37,2353800
FDX,2010-12-15,77.37,77.51,76.59,76.59,2193200
FDX,2010-12-16,76.15,78.58,75.67,78.11,6865000
FDX,2010-12-17,78.12,78.19,76.47,77.16,2990100
FDX,2010-12-20,77.77,77.84,76.94,77.56,1604500
FDX,2010-12-21,77.76,78.34,77.49,77.67,1547300
FDX,2010-12-22,77.79,77.85,76.95,77.41,1246700
FDX,2010-12-23,77.12,77.53,76.74,77.11,880200
FDX,2010-12-27,76.68,77.27,76.68,77.12,678100
FDX,2010-12-28,77.3,77.4,76.76,77.12,839400
FDX,2010-12-29,77.16,77.31,76.8,76.93,790100
FDX,2010-12-30,76.95,77.3,76.85,77.07,764900
FDX,2010-12-31,76.71,77.44,76.61,77.11,1015100
FDX,2011-01-03,77.55,78.17,77.2,77.26,2037700
FDX,2011-01-04,77.42,77.82,76.32,77.2,2412600
FDX,2011-01-05,76.7,78.15,76.58,77.82,2351100
FDX,2011-01-06,77.68,77.87,77.03,77.18,1890000
FDX,2011-01-07,77.1,78.19,76.11,77.22,5209400
FDX,2011-01-10,77.11,78.74,76.48,77.98,2959000
FDX,2011-01-11,78.58,78.58,76.64,77.36,2635500
FDX,2011-01-12,77.86,78.87,77.33,78.76,3155100
FDX,2011-01-13,78.68,79.73,78.44,79.28,2725900
FDX,2011-01-14,79.3,80.42,79.02,79.45,2600400
FDX,2011-01-18,79.84,80.24,78.82,79.42,1565300
FDX,2011-01-19,79.28,79.36,77.57,78.21,2039200
FDX,2011-01-20,77.55,77.95,76.93,77.52,2253300
FDX,2011-01-21,78.28,78.46,76.99,77.38,1872300
FDX,2011-01-24,77.2,78.29,77.08,78.24,2037800
FDX,2011-01-25,77.95,78.22,77.35,77.92,1418600
FDX,2011-01-26,78.04,78.57,77.32,78.19,2180700
FDX,2011-01-27,78.27,78.63,77.76,78.23,1862300
FDX,2011-01-28,78.36,78.46,74.76,75.01,4654200
FDX,2011-01-31,75.44,75.86,74.62,74.88,3088700
FDX,2011-02-01,76.89,77.9,76.5,76.84,4049700
FDX,2011-02-02,76.33,76.38,75.04,75.28,4172700
FDX,2011-02-03,76.22,76.52,75.52,75.82,3933100
FDX,2011-02-04,75.94,76.12,75.06,76.06,1986800
FDX,2011-02-07,76.14,76.89,75.69,75.82,2144200
FDX,2011-02-08,75.76,76.6,75.58,76.31,1652500
FDX,2011-02-09,76.03,76.41,75.44,75.94,1762300
FDX,2011-02-10,75.7,78.5,75.7,78.29,3024600
FDX,2011-02-11,77.82,79.5,77.76,79.11,2038800
FDX,2011-02-14,78.78,79.34,77.77,77.92,2822100
FDX,2011-02-15,78.77,80.17,78.67,79.57,5403500
FDX,2011-02-16,79.89,80.5,79.5,80.28,2249500
FDX,2011-02-17,79.91,81.0,79.89,80.81,1513800
FDX,2011-02-18,81.13,81.68,80.67,81.51,2434800
FDX,2011-02-22,79.63,79.75,77.03,77.34,3847200
FDX,2011-02-23,77.18,77.19,72.57,73.99,7028500
FDX,2011-02-24,74.07,75.24,73.85,74.46,3940600
FDX,2011-02-25,75.09,75.38,74.41,74.51,2600500
FDX,2011-02-28,75.45,75.46,74.42,74.63,2299600
FDX,2011-03-01,75.09,75.09,72.62,72.86,4843700
FDX,2011-03-02,72.96,73.49,71.56,72.39,3989400
FDX,2011-03-03,73.23,75.09,73.1,74.44,4555900
FDX,2011-03-04,74.51,74.61,72.79,73.53,2747800
FDX,2011-03-07,73.68,74.1,72.22,73.17,3360200
FDX,2011-03-08,73.18,74.86,73.18,74.57,3590900
FDX,2011-03-09,74.22,75.44,73.78,75.26,2630800
FDX,2011-03-10,74.38,75.72,73.62,74.57,3273600
FDX,2011-03-11,74.68,75.65,74.5,75.2,2942900
FDX,2011-03-14,74.38,74.5,72.29,73.48,5338000
FDX,2011-03-15,71.31,73.83,71.27,72.78,3925800
FDX,2011-03-16,72.52,72.77,70.59,70.8,4906800
FDX,2011-03-17,74.54,75.05,72.63,72.96,6607500
FDX,2011-03-18,74.8,74.89,73.28,74.12,3956300
FDX,2011-03-21,75.02,75.11,74.39,74.6,2140600
FDX,2011-03-22,74.44,74.45,73.21,73.3,1950500
FDX,2011-03-23,72.91,74.2,72.27,73.85,1950600
FDX,2011-03-24,74.12,75.46,73.98,75.37,2527400
FDX,2011-03-25,75.44,75.6,74.59,74.95,2311000
FDX,2011-03-28,75.62,77.77,75.21,77.22,4364500
FDX,2011-03-29,77.15,77.45,76.48,77.24,1753900
FDX,2011-03-30,77.46,78.37,77.32,77.83,1639600
FDX,2011-03-31,77.38,78.38,77.22,77.66,1613500
FDX,2011-04-01,78.87,80.11,78.52,78.87,3424800
FDX,2011-04-04,78.87,79.21,78.42,78.97,1309700
FDX,2011-04-05,78.61,79.1,78.13,78.19,1436900
FDX,2011-04-06,79.0,79.16,77.87,78.53,1620200
FDX,2011-04-07,78.25,78.63,77.55,77.96,1475000
FDX,2011-04-08,77.91,78.19,75.4,75.68,2919300
FDX,2011-04-11,75.79,77.09,75.26,76.82,3345600
FDX,2011-04-12,76.52,78.37,76.34,78.1,3368000
FDX,2011-04-13,78.53,78.59,77.26,77.56,2108900
FDX,2011-04-14,77.16,78.03,76.92,77.16,2148800
FDX,2011-04-15,77.21,77.5,76.53,76.86,1976000
FDX,2011-04-18,75.83,76.57,75.63,76.34,2293200
FDX,2011-04-19,76.8,77.19,75.98,76.25,1678500
FDX,2011-04-20,77.21,78.19,76.67,77.4,1901200
FDX,2011-04-21,77.8,78.23,77.53,77.99,1816300
FDX,2011-04-25,77.83,78.14,77.12,77.91,1347000
FDX,2011-04-26,78.25,78.89,78.09,78.44,1900000
FDX,2011-04-27,78.58,78.86,77.51,78.7,1513500
FDX,2011-04-28,78.48,79.5,78.41,79.1,1614500
FDX,2011-04-29,79.32,79.9,79.12,79.42,1431400
FDX,2011-05-02,79.9,80.43,78.06,78.34,2280800
FDX,2011-05-03,78.04,78.68,77.73,78.22,1528300
FDX,2011-05-04,77.79,78.52,76.72,76.91,2292800
FDX,2011-05-05,76.51,79.69,76.21,79.11,3636400
FDX,2011-05-06,79.81,80.02,78.98,79.41,2520900
FDX,2011-05-09,79.36,79.4,78.5,78.79,1542000
FDX,2011-05-10,79.16,79.9,79.0,79.48,1658800
FDX,2011-05-11,79.22,80.11,78.69,79.0,2580200
FDX,2011-05-12,78.96,78.97,78.07,78.83,2235900
FDX,2011-05-13,79.01,79.28,77.62,77.69,2780400
FDX,2011-05-16,77.52,78.39,77.19,77.36,1939600
FDX,2011-05-17,77.08,77.14,76.42,76.87,2144000
FDX,2011-05-18,77.1,78.21,76.62,77.75,1923100
FDX,2011-05-19,78.04,78.58,77.62,78.52,1919700
FDX,2011-05-20,78.42,78.53,77.67,77.89,1377800
FDX,2011-05-23,76.84,76.95,75.59,76.41,2539500
FDX,2011-05-24,76.55,76.72,75.49,75.94,1604200
FDX,2011-05-25,75.51,76.62,75.4,76.24,1727900
FDX,2011-05-26,75.8,76.29,75.38,75.84,2346200
FDX,2011-05-27,76.25,76.67,76.04,76.29,1222100
FDX,2011-05-31,76.9,77.81,76.86,77.74,2378700
FDX,2011-06-01,77.99,78.36,75.89,75.9,3444300
FDX,2011-06-02,76.2,76.79,75.55,75.98,1958100
FDX,2011-06-03,74.98,75.55,74.63,74.84,2139300
FDX,2011-06-06,74.71,75.18,72.76,72.85,3268200
FDX,2011-06-07,73.01,73.25,71.96,72.03,3211800
FDX,2011-06-08,71.84,72.14,70.95,71.05,3320700
FDX,2011-06-09,71.46,72.05,71.23,71.57,2938200
FDX,2011-06-10,71.59,71.72,70.39,70.88,2707900
FDX,2011-06-13,70.87,71.52,70.52,71.33,2444200
FDX,2011-06-14,71.88,73.05,71.58,72.58,2732100
FDX,2011-06-15,71.86,72.57,71.58,71.91,2357200
FDX,2011-06-16,72.09,72.76,71.5,71.9,2095300
FDX,2011-06-17,72.55,72.91,72.06,72.32,2131400
FDX,2011-06-20,72.19,73.05,72.01,72.75,1809200
FDX,2011-06-21,73.52,74.39,67.53,74.1,3292100
FDX,2011-06-22,76.07,76.83,75.38,76.02,6023500
FDX,2011-06-23,75.76,77.69,75.33,77.29,4850000
FDX,2011-06-24,77.25,77.69,76.13,76.38,4282900
FDX,2011-06-27,76.46,77.32,76.16,77.2,1930900
FDX,2011-06-28,77.43,78.31,77.13,78.17,1762100
FDX,2011-06-29,78.57,78.91,77.4,77.84,2283700
FDX,2011-06-30,78.02,78.94,77.99,78.86,2079300
FDX,2011-07-01,78.72,80.5,78.62,80.25,2464600
FDX,2011-07-05,79.96,80.02,79.15,79.4,1870700
FDX,2011-07-06,79.47,80.7,79.45,80.46,2365900
FDX,2011-07-07,81.22,82.03,80.58,81.89,2958600
FDX,2011-07-08,80.85,81.23,80.61,81.11,2229100
FDX,2011-07-11,80.44,80.44,78.54,79.05,2534700
FDX,2011-07-12,78.73,79.06,77.99,78.22,2958900
FDX,2011-07-13,78.77,79.47,78.14,78.36,2133100
FDX,2011-07-14,78.53,78.97,77.14,77.37,2829000
FDX,2011-07-15,77.3,77.55,75.87,76.66,3206100
FDX,2011-07-18,76.32,76.4,74.87,75.21,3612000
FDX,2011-07-19,75.84,76.69,75.31,76.3,2550100
FDX,2011-07-20,76.5,77.16,75.91,76.65,2182100
FDX,2011-07-21,77.06,78.21,76.76,77.39,1984100
FDX,2011-07-22,77.54,77.84,76.66,77.15,1635200
FDX,2011-07-25,76.24,76.78,76.06,76.39,1867500
FDX,2011-07-26,75.18,76.03,73.75,75.66,4588900
FDX,2011-07-27,75.03,75.11,73.62,74.11,4036700
FDX,2011-07-28,74.36,74.98,72.95,73.05,3454700
FDX,2011-07-29,72.26,73.3,71.78,72.23,3024200
FDX,2011-08-01,73.21,73.21,70.69,71.5,4119600
FDX,2011-08-02,70.98,71.53,69.8,70.2,4101600
FDX,2011-08-03,70.34,71.5,69.39,71.28,4380700
FDX,2011-08-04,70.49,70.7,68.16,68.26,4364100
FDX,2011-08-05,69.19,69.61,66.66,68.47,5026700
FDX,2011-08-08,66.8,68.1,64.43,64.47,5679800
FDX,2011-08-09,65.84,66.42,62.77,66.3,4804200
FDX,2011-08-10,65.29,65.41,62.46,62.62,4640500
FDX,2011-08-11,63.0,67.59,62.91,66.41,4746300
FDX,2011-08-12,66.75,67.58,65.68,66.91,3280200
FDX,2011-08-15,67.51,68.16,66.64,68.05,2698900
FDX,2011-08-16,67.26,67.93,65.91,66.6,3826100
FDX,2011-08-17,66.94,67.57,65.24,65.79,2951400
FDX,2011-08-18,64.07,64.3,61.1,61.91,4502100
FDX,2011-08-19,61.62,63.0,60.6,60.83,3477900
FDX,2011-08-22,62.29,62.36,59.99,60.69,3420900
FDX,2011-08-23,61.17,62.18,60.42,62.18,3857900
FDX,2011-08-24,62.11,64.02,61.72,63.69,3685900
FDX,2011-08-25,64.26,64.38,61.65,62.16,2617400
FDX,2011-08-26,61.67,63.06,60.34,62.95,4011800
FDX,2011-08-29,63.74,65.51,63.74,65.47,2673300
FDX,2011-08-30,65.11,65.96,64.58,65.54,2065500
FDX,2011-08-31,66.11,67.1,64.99,65.45,3246500
FDX,2011-09-01,65.45,66.6,64.77,64.88,2814000
FDX,2011-09-02,63.15,63.59,61.91,62.27,2739400
FDX,2011-09-06,60.22,61.37,59.3,61.19,4053700
FDX,2011-09-07,62.26,63.72,61.81,63.41,3250400
FDX,2011-09-08,63.05,63.46,62.17,62.45,2543800
FDX,2011-09-09,61.66,62.53,60.71,61.13,2555400
FDX,2011-09-12,60.29,61.45,59.58,61.32,3259500
FDX,2011-09-13,61.33,62.84,60.89,62.44,3226900
FDX,2011-09-14,62.99,64.23,61.42,63.3,3146700
FDX,2011-09-15,64.13,64.4,62.99,64.19,2218300
FDX,2011-09-16,64.6,64.89,62.69,63.63,3689800
FDX,2011-09-19,62.45,63.43,62.2,63.09,2869600
FDX,2011-09-20,63.25,63.99,62.46,62.65,3036000
FDX,2011-09-21,62.46,62.73,60.38,60.38,4094900
FDX,2011-09-22,58.33,58.37,53.76,55.45,11368000
FDX,2011-09-23,55.68,56.99,55.47,56.05,4468200
FDX,2011-09-26,56.72,58.15,56.39,58.09,4467100
FDX,2011-09-27,59.56,59.65,58.4,58.74,4112700
FDX,2011-09-28,59.08,59.19,57.55,57.63,3511200
FDX,2011-09-29,58.68,58.97,56.83,58.05,3226500
FDX,2011-09-30,57.45,57.92,56.32,56.37,2730900
FDX,2011-10-03,55.72,56.57,54.11,54.26,4643600
FDX,2011-10-04,53.45,56.56,53.36,56.52,4400000
FDX,2011-10-05,56.67,59.06,56.37,58.64,4889800
FDX,2011-10-06,58.39,60.4,57.74,60.13,3260900
FDX,2011-10-07,60.22,60.35,59.03,59.18,3389600
FDX,2011-10-10,60.35,61.32,59.97,61.31,1957800
FDX,2011-10-11,61.0,61.38,60.46,61.15,2055700
FDX,2011-10-12,61.61,63.4,61.48,62.61,3034800
FDX,2011-10-13,61.98,61.98,61.01,61.52,3055800
FDX,2011-10-14,62.26,63.14,62.17,63.08,2272800
FDX,2011-10-17,62.85,62.92,61.34,61.6,2543600
FDX,2011-10-18,61.5,63.76,61.19,62.98,2486000
FDX,2011-10-19,63.04,63.42,62.44,62.69,2037300
FDX,2011-10-20,62.74,63.98,62.43,63.79,2634400
FDX,2011-10-21,64.48,66.56,64.28,66.08,4153200
FDX,2011-10-24,66.54,68.62,66.54,67.89,3549200
FDX,2011-10-25,67.05,68.17,65.96,67.23,3689200
FDX,2011-10-26,68.25,68.46,66.58,67.76,2958000
FDX,2011-10-27,69.55,71.41,69.07,70.57,4106700
FDX,2011-10-28,70.29,70.79,69.38,70.17,2882400
FDX,2011-10-31,69.47,70.09,68.13,68.15,2542900
FDX,2011-11-01,65.72,67.15,65.47,66.27,2703800
FDX,2011-11-02,67.38,67.74,66.23,67.1,1952900
FDX,2011-11-03,67.91,68.73,66.92,68.57,1781900
FDX,2011-11-04,68.12,68.47,66.88,68.3,1634300
FDX,2011-11-07,68.32,69.01,67.13,68.23,1867200
FDX,2011-11-08,68.61,69.23,67.68,69.13,1552000
FDX,2011-11-09,67.79,67.87,65.67,66.08,2199400
FDX,2011-11-10,66.92,67.13,66.13,66.73,1866800
FDX,2011-11-11,67.76,68.62,67.56,68.48,1814700
FDX,2011-11-14,67.98,68.6,67.28,67.8,1203200
FDX,2011-11-15,67.93,69.5,67.58,68.82,2675800
FDX,2011-11-16,68.13,69.22,67.81,67.87,1911400
FDX,2011-11-17,67.73,68.3,66.36,66.86,2236200
FDX,2011-11-18,67.62,68.42,67.29,67.64,2239700
FDX,2011-11-21,66.23,66.63,65.14,66.11,2036000
FDX,2011-11-22,65.83,66.1,64.92,65.14,1598200
FDX,2011-11-23,64.44,64.74,63.57,63.76,2053100
FDX,2011-11-25,63.71,64.44,63.34,63.36,1005200
FDX,2011-11-28,65.59,67.06,65.22,65.73,2627300
FDX,2011-11-29,66.18,66.94,65.3,65.44,2683100
FDX,2011-11-30,67.76,69.29,67.54,69.19,3545100
FDX,2011-12-01,68.72,68.92,67.97,68.32,2110000
FDX,2011-12-02,69.27,69.51,68.26,68.41,2646500
FDX,2011-12-05,69.84,70.14,68.61,69.29,2709800
FDX,2011-12-06,69.48,69.57,68.37,68.85,2109400
FDX,2011-12-07,68.69,70.51,68.33,70.12,2450100
FDX,2011-12-08,69.55,70.32,68.44,68.68,2654100
FDX,2011-12-09,68.97,69.77,68.42,69.43,1803400
FDX,2011-12-12,68.35,68.55,67.52,68.09,2377800
FDX,2011-12-13,68.47,68.74,65.3,65.86,3509400
FDX,2011-12-14,65.62,65.96,64.19,64.47,4152100
FDX,2011-12-15,66.85,69.91,66.71,69.63,9170500
FDX,2011-12-16,70.15,72.04,70.0,70.81,5314900
FDX,2011-12-19,70.69,71.25,67.49,67.86,3132100
FDX,2011-12-20,69.22,70.39,69.04,69.91,2591400
FDX,2011-12-21,69.73,70.33,68.72,70.27,1854600
FDX,2011-12-22,70.53,71.2,70.09,70.46,1247900
FDX,2011-12-23,70.67,70.94,69.91,70.84,1247700
FDX,2011-12-27,70.75,71.24,70.54,70.65,1127600
FDX,2011-12-28,70.54,70.65,69.05,69.21,1561800
FDX,2011-12-29,69.57,70.39,69.23,70.33,1313300
FDX,2011-12-30,70.46,70.49,69.51,69.66,1447200
FDX,2012-01-03,71.29,71.66,70.47,71.04,2210000
FDX,2012-01-04,70.68,71.04,70.24,70.87,1443400
FDX,2012-01-05,70.42,70.48,69.06,70.14,2218600
FDX,2012-01-06,70.53,71.79,70.51,71.31,2156700
FDX,2012-01-09,71.6,71.72,71.1,71.61,1659600
FDX,2012-01-10,72.7,74.57,72.7,73.83,3403000
FDX,2012-01-11,73.47,75.1,73.21,74.87,3055300
FDX,2012-01-12,75.14,76.24,74.98,76.07,3324400
FDX,2012-01-13,75.09,75.49,74.11,75.38,2659800
FDX,2012-01-17,75.19,75.79,74.3,75.06,2424800
FDX,2012-01-18,75.11,76.29,74.97,76.02,2189600
FDX,2012-01-19,76.47,78.01,76.28,77.61,2781500
FDX,2012-01-20,77.23,77.24,76.12,76.38,2448100
FDX,2012-01-23,76.52,77.17,75.51,75.96,1662900
FDX,2012-01-24,75.41,76.07,74.8,75.73,1467800
FDX,2012-01-25,75.65,77.27,75.13,77.23,1727400
FDX,2012-01-26,77.37,77.99,76.97,77.36,1659200
FDX,2012-01-27,76.94,77.98,76.56,77.53,1910600
FDX,2012-01-30,76.83,77.02,76.32,76.87,1723400
FDX,2012-01-31,77.02,77.02,75.42,76.32,1723900
FDX,2012-02-01,77.4,77.78,76.73,77.32,2013800
FDX,2012-02-02,77.63,77.94,76.81,77.4,1299700
FDX,2012-02-03,78.22,78.86,78.08,78.86,1620600
FDX,2012-02-06,78.88,79.74,78.84,79.45,2122700
FDX,2012-02-07,78.87,79.32,78.08,79.01,1837500
FDX,2012-02-08,79.2,79.52,78.44,78.81,1361200
FDX,2012-02-09,78.76,79.46,78.62,79.08,1573000
FDX,2012-02-10,78.32,79.54,78.08,79.47,1585900
FDX,2012-02-13,79.91,81.07,79.79,80.89,2120500
FDX,2012-02-14,80.51,80.89,79.11,79.7,2307200
FDX,2012-02-15,80.05,80.05,78.16,78.53,1714300
FDX,2012-02-16,78.4,79.52,78.4,79.24,1847900
FDX,2012-02-17,79.85,79.94,77.17,77.57,5154300
FDX,2012-02-21,77.67,77.7,75.41,75.91,3594300
FDX,2012-02-22,75.69,76.61,75.62,75.7,1843300
FDX,2012-02-23,76.07,76.99,75.49,76.72,1568300
FDX,2012-02-24,76.73,76.92,74.94,75.27,2300300
FDX,2012-02-27,74.68,77.1,74.59,76.21,2105400
FDX,2012-02-28,76.27,76.67,75.41,75.89,2204400
FDX,2012-02-29,75.89,76.62,74.88,75.06,2953200
FDX,2012-03-01,75.2,76.54,75.2,76.01,2019300
FDX,2012-03-02,76.05,76.47,75.5,75.72,1147400
FDX,2012-03-05,75.56,75.68,74.91,75.43,1263100
FDX,2012-03-06,74.33,74.55,73.43,74.03,2257900
FDX,2012-03-07,74.43,75.22,74.26,74.87,1724800
FDX,2012-03-08,75.7,76.43,74.91,76.01,2103400
FDX,2012-03-09,76.38,77.01,75.24,76.68,1801100
FDX,2012-03-12,76.71,76.79,75.48,76.29,1408600
FDX,2012-03-13,76.85,77.66,76.35,77.59,1625000
FDX,2012-03-14,77.6,77.66,76.39,77.02,1434600
FDX,2012-03-15,77.27,79.39,77.14,79.03,2629000
FDX,2012-03-16,79.24,79.42,78.16,78.81,2477000
FDX,2012-03-19,80.08,80.18,78.93,79.27,2442300
FDX,2012-03-20,79.0,79.58,78.42,79.06,1637600
FDX,2012-03-21,79.33,80.94,78.87,80.04,4099600
FDX,2012-03-22,77.99,78.65,76.23,77.27,6667800
FDX,2012-03-23,77.12,77.29,75.51,77.17,3633800
FDX,2012-03-26,77.81,77.93,77.05,77.5,3102700
FDX,2012-03-27,77.62,77.84,76.76,76.77,2429600
FDX,2012-03-28,76.96,77.04,75.61,76.43,2569800
FDX,2012-03-29,75.77,76.74,75.1,76.63,2118500
FDX,2012-03-30,76.92,77.11,76.05,76.82,1684200
FDX,2012-04-02,76.89,77.56,76.43,77.01,1658300
FDX,2012-04-03,76.83,77.09,75.65,76.43,1825100
FDX,2012-04-04,75.89,76.08,75.28,75.72,1457900
FDX,2012-04-05,75.41,75.7,75.21,75.51,1230700
FDX,2012-04-09,74.26,74.57,73.64,73.9,2118200
FDX,2012-04-10,73.64,73.76,72.19,72.37,2575300
FDX,2012-04-11,73.35,73.93,73.16,73.44,2360400
FDX,2012-04-12,73.56,75.47,73.54,75.05,2631700
FDX,2012-04-13,74.54,75.0,73.51,73.54,2058900
FDX,2012-04-16,73.99,74.26,73.29,73.66,1550400
FDX,2012-04-17,74.35,75.82,74.13,75.57,2306000
FDX,2012-04-18,75.39,75.89,75.06,75.51,1371600
FDX,2012-04-19,75.53,75.76,74.1,74.67,2058400
FDX,2012-04-20,74.78,75.29,74.32,74.91,2421700
FDX,2012-04-23,74.05,74.14,73.14,73.6,1876200
FDX,2012-04-24,73.98,74.5,73.64,74.3,1257200
FDX,2012-04-25,74.62,75.04,73.26,73.69,1788000
FDX,2012-04-26,72.92,73.29,72.01,73.13,2988900
FDX,2012-04-27,73.59,73.91,72.68,73.71,1698900
FDX,2012-04-30,73.75,74.14,73.37,73.71,1243800
FDX,2012-05-01,73.63,75.04,73.15,74.38,1385200
FDX,2012-05-02,74.14,74.82,73.9,74.64,943200
FDX,2012-05-03,74.47,74.97,74.14,74.23,2199300
FDX,2012-05-04,74.36,74.9,73.68,74.6,2839900
FDX,2012-05-07,73.71,75.28,73.6,74.66,1797100
FDX,2012-05-08,74.11,74.37,73.36,74.31,2156300
FDX,2012-05-09,73.31,73.34,72.4,72.78,2547100
FDX,2012-05-10,73.1,74.0,72.23,72.38,1714700
FDX,2012-05-11,71.98,73.56,71.98,73.34,1628800
FDX,2012-05-14,72.53,73.79,72.51,73.33,1578300
FDX,2012-05-15,73.3,74.21,72.99,73.35,1976500
FDX,2012-05-16,73.83,74.76,73.34,73.42,1609500
FDX,2012-05-17,73.44,73.89,72.41,72.48,3414200
FDX,2012-05-18,72.89,72.97,70.89,71.06,2555400
FDX,2012-05-21,71.01,72.59,70.92,72.42,1547900
FDX,2012-05-22,72.59,73.34,72.11,72.55,1730600
FDX,2012-05-23,71.92,74.26,71.69,74.13,2152500
FDX,2012-05-24,74.21,75.52,74.13,75.2,2244100
FDX,2012-05-25,75.38,75.6,74.08,74.58,1301700
FDX,2012-05-29,74.91,76.38,74.77,76.0,1565600
FDX,2012-05-30,74.71,75.38,74.05,74.29,1649400
FDX,2012-05-31,74.18,75.15,73.19,74.46,1619700
FDX,2012-06-01,72.86,73.13,71.08,71.21,3163500
FDX,2012-06-04,71.16,71.83,70.6,71.17,1956800
FDX,2012-06-05,71.09,71.58,70.0,70.45,2227900
FDX,2012-06-06,71.0,72.53,70.93,72.53,2402800
FDX,2012-06-07,73.53,73.81,71.84,71.92,2643400
FDX,2012-06-08,72.22,73.2,71.84,73.15,1760300
FDX,2012-06-11,73.65,73.8,71.94,72.07,2126500
FDX,2012-06-12,72.23,73.37,71.81,73.25,1783300
FDX,2012-06-13,72.75,73.02,71.48,72.0,2573000
FDX,2012-06-14,72.4,73.16,71.95,72.66,2333700
FDX,2012-06-15,73.09,73.35,72.41,73.32,2093600
FDX,2012-06-18,73.13,74.46,72.93,74.06,2619200
FDX,2012-06-19,72.81,76.94,72.62,76.15,4691900
FDX,2012-06-20,75.84,77.24,75.56,76.42,3132200
FDX,2012-06-21,76.78,77.11,75.76,75.83,2893600
FDX,2012-06-22,76.36,76.36,75.16,75.76,2713300
FDX,2012-06-25,74.94,74.99,73.48,74.31,1933400
FDX,2012-06-26,74.32,74.48,72.94,73.25,2202800
FDX,2012-06-27,73.3,73.81,72.9,73.55,1836500
FDX,2012-06-28,73.15,74.38,73.05,74.29,1432300
FDX,2012-06-29,75.55,76.65,75.04,76.65,2078200
FDX,2012-07-02,76.63,76.87,74.93,76.59,1833700
FDX,2012-07-03,76.51,77.65,76.25,77.48,1033100
FDX,2012-07-05,76.9,77.45,76.48,77.07,1398500
FDX,2012-07-06,76.35,76.97,75.72,76.37,1310300
FDX,2012-07-09,76.2,76.78,75.85,76.25,1162900
FDX,2012-07-10,76.13,76.96,75.24,75.71,1668100
FDX,2012-07-11,75.56,76.12,75.29,75.81,1637900
FDX,2012-07-12,75.3,75.39,74.41,74.89,2173600
FDX,2012-07-13,74.99,77.45,74.99,77.27,1847300
FDX,2012-07-16,77.04,77.22,76.49,76.91,1210500
FDX,2012-07-17,77.05,77.05,75.48,76.35,2011900
FDX,2012-07-18,76.21,77.81,76.07,77.58,1322200
FDX,2012-07-19,77.64,77.96,77.42,77.64,1289300
FDX,2012-07-20,77.04,77.22,75.29,75.37,2135900
FDX,2012-07-23,74.21,74.94,73.96,74.68,1476500
FDX,2012-07-24,73.76,74.02,72.14,73.35,3751500
FDX,2012-07-25,73.6,73.67,72.66,72.99,2105300
FDX,2012-07-26,74.25,74.75,73.8,74.09,1893600
FDX,2012-07-27,74.89,76.82,74.43,76.05,2397900
FDX,2012-07-30,75.74,76.28,75.58,76.13,1396900
FDX,2012-07-31,76.1,76.32,75.55,75.55,1760700
FDX,2012-08-01,75.86,75.97,73.96,74.34,1725100
FDX,2012-08-02,73.39,73.92,72.83,73.56,1901200
FDX,2012-08-03,74.5,75.48,74.48,75.15,1623400
FDX,2012-08-06,75.58,75.97,75.19,75.4,906600
FDX,2012-08-07,75.87,75.87,74.79,75.15,1411700
FDX,2012-08-08,74.89,74.91,74.22,74.73,1345800
FDX,2012-08-09,74.72,74.85,74.05,74.18,1481500
FDX,2012-08-10,73.67,73.95,72.99,73.46,2222900
FDX,2012-08-13,73.37,73.91,72.83,73.44,1334200
FDX,2012-08-14,73.56,73.91,73.13,73.28,1551400
FDX,2012-08-15,73.4,75.12,73.29,74.93,2490900
FDX,2012-08-16,74.87,75.4,74.4,75.09,1935900
FDX,2012-08-17,75.26,75.69,75.09,75.3,1679500
FDX,2012-08-20,75.0,75.39,74.73,75.29,1817600
FDX,2012-08-21,75.32,76.24,75.12,75.56,1944300
FDX,2012-08-22,75.31,75.58,74.83,74.92,1415300
FDX,2012-08-23,74.92,75.09,74.02,74.35,1049500
FDX,2012-08-24,74.07,74.78,73.78,74.53,948400
FDX,2012-08-27,74.62,74.68,73.48,73.63,1102300
FDX,2012-08-28,73.55,73.7,72.68,73.18,2002100
FDX,2012-08-29,73.1,73.56,72.94,73.32,1516300
FDX,2012-08-30,73.21,73.34,72.69,72.95,1811600
FDX,2012-08-31,73.38,73.61,72.93,73.32,1484400
FDX,2012-09-04,73.1,73.72,72.68,73.25,1982400
FDX,2012-09-05,71.62,72.94,71.38,71.79,5980600
FDX,2012-09-06,71.97,73.45,71.97,73.37,2692900
FDX,2012-09-07,73.33,73.4,72.93,73.23,1530900
FDX,2012-09-10,73.07,73.98,73.0,73.72,2305000
FDX,2012-09-11,73.93,74.66,73.83,74.34,2089200
FDX,2012-09-12,74.57,74.7,74.09,74.66,1421800
FDX,2012-09-13,74.6,76.2,73.94,75.73,2144400
FDX,2012-09-14,75.51,76.05,75.27,75.55,2294200
FDX,2012-09-17,75.18,75.5,74.52,74.82,2381300
FDX,2012-09-18,72.87,74.03,72.38,72.54,6413300
FDX,2012-09-19,72.5,72.98,71.99,72.83,4024500
FDX,2012-09-20,72.33,72.56,71.15,71.38,4071400
FDX,2012-09-21,71.98,71.98,70.52,70.73,5200800
FDX,2012-09-24,70.4,71.66,70.33,71.37,2831600
FDX,2012-09-25,71.73,71.95,70.84,70.85,2829800
FDX,2012-09-26,70.62,71.19,70.38,70.73,2369300
FDX,2012-09-27,71.2,71.91,70.87,71.88,2500100
FDX,2012-09-28,71.55,71.63,70.54,70.92,2408000
FDX,2012-10-01,71.18,72.02,70.84,71.25,2037100
FDX,2012-10-02,71.39,71.92,70.57,70.82,1683300
FDX,2012-10-03,71.07,71.97,70.73,71.76,1726300
FDX,2012-10-04,72.01,72.59,71.75,72.52,2060200
FDX,2012-10-05,72.79,73.31,72.4,72.47,2734400
FDX,2012-10-08,72.36,72.76,71.99,72.38,1611000
FDX,2012-10-09,72.52,72.73,71.7,71.72,2013100
FDX,2012-10-10,74.01,76.21,73.91,75.42,8995100
FDX,2012-10-11,76.85,77.52,75.43,75.43,4171000
FDX,2012-10-12,75.66,76.34,75.44,75.76,2629900
FDX,2012-10-15,75.85,76.43,75.6,75.97,2526800
FDX,2012-10-16,76.26,77.07,75.66,77.04,2602000
FDX,2012-10-17,77.09,78.02,76.96,77.9,2378500
FDX,2012-10-18,77.51,79.0,77.51,78.35,2346200
FDX,2012-10-19,78.14,78.32,76.67,77.2,2474300
FDX,2012-10-22,77.2,77.31,76.15,76.67,1678400
FDX,2012-10-23,76.73,77.19,76.28,76.93,2192400
FDX,2012-10-24,77.2,77.2,75.97,76.12,1447600
FDX,2012-10-25,76.42,76.87,75.49,76.37,1532200
FDX,2012-10-26,76.09,76.73,75.54,76.01,1639000
FDX,2012-10-31,76.21,77.2,75.95,77.09,1844400
FDX,2012-11-01,76.72,78.11,76.72,77.95,1738000
FDX,2012-11-02,78.25,78.76,77.41,77.64,1384100
FDX,2012-11-05,77.5,77.89,77.22,77.81,1066800
FDX,2012-11-06,77.85,78.6,77.56,78.27,1349000
FDX,2012-11-07,77.7,77.71,76.26,76.69,1575700
FDX,2012-11-08,76.61,76.89,75.43,75.45,1461300
FDX,2012-11-09,75.38,75.77,74.86,75.2,1938700
FDX,2012-11-12,75.2,75.91,75.07,75.49,1347700
FDX,2012-11-13,75.15,76.68,74.8,75.81,1682000
FDX,2012-11-14,75.84,75.98,72.86,73.01,2591500
FDX,2012-11-15,73.01,73.56,72.02,72.53,2410400
FDX,2012-11-16,72.27,72.69,71.36,72.18,2142600
FDX,2012-11-19,73.07,73.36,72.02,73.03,1984300
FDX,2012-11-20,73.24,73.74,72.87,73.33,1803500
FDX,2012-11-21,73.79,73.92,73.22,73.58,1550300
FDX,2012-11-23,73.7,73.83,72.91,73.64,850500
FDX,2012-11-26,73.13,74.27,73.13,74.26,1721000
FDX,2012-11-27,74.53,75.26,74.22,74.46,2421700
FDX,2012-11-28,74.14,75.15,73.82,75.12,2049600
FDX,2012-11-29,75.52,76.52,75.39,76.22,2623100
FDX,2012-11-30,76.26,76.34,74.74,75.16,2029700
FDX,2012-12-03,75.53,75.53,73.86,73.98,1845700
FDX,2012-12-04,74.0,74.77,73.89,74.2,1488400
FDX,2012-12-05,74.34,75.49,73.93,75.07,1837000
FDX,2012-12-06,74.96,75.13,74.42,74.93,1078000
FDX,2012-12-07,75.16,75.47,74.54,75.01,1108600
FDX,2012-12-10,75.04,76.04,74.89,75.99,1406900
FDX,2012-12-11,76.1,76.8,75.29,75.76,2276300
FDX,2012-12-12,74.79,75.99,74.73,75.31,2113400
FDX,2012-12-13,75.2,75.97,74.95,75.31,1699000
FDX,2012-12-14,75.35,76.33,75.0,75.63,1813500
FDX,2012-12-17,75.89,76.51,75.85,76.41,1832000
FDX,2012-12-18,76.3,78.24,75.89,77.53,3130100
FDX,2012-12-19,78.17,80.12,78.11,78.24,5324300
FDX,2012-12-20,78.07,78.6,76.84,78.29,4270900
FDX,2012-12-21,77.29,78.31,77.09,77.85,2912600
FDX,2012-12-24,77.82,77.9,77.18,77.35,607300
FDX,2012-12-26,77.51,78.04,77.01,77.29,904700
FDX,2012-12-27,77.19,77.2,75.68,76.81,1580300
FDX,2012-12-28,76.39,76.79,75.84,75.88,981300
FDX,2012-12-31,75.83,77.06,75.59,76.99,1451700
FDX,2013-01-02,78.45,79.91,78.38,79.12,2020100
FDX,2013-01-03,79.01,79.89,79.01,79.41,1723800
FDX,2013-01-04,79.58,79.79,79.21,79.67,1500600
FDX,2013-01-07,79.25,79.54,79.12,79.51,1148600
FDX,2013-01-08,79.26,80.2,79.04,79.84,2177600
FDX,2013-01-09,79.78,81.35,79.56,81.23,2345100
FDX,2013-01-10,81.71,82.01,81.14,82.01,2009700
FDX,2013-01-11,81.89,82.08,81.52,81.76,1272400
FDX,2013-01-14,81.73,82.89,81.6,82.62,2253600
FDX,2013-01-15,82.37,82.93,82.05,82.83,1655900
FDX,2013-01-16,82.68,83.63,82.68,83.56,2061200
FDX,2013-01-17,83.89,84.42,83.46,83.89,2312800
FDX,2013-01-18,83.94,84.1,82.61,83.79,2320600
FDX,2013-01-22,83.56,84.53,83.45,84.45,1515900
FDX,2013-01-23,84.19,84.41,83.32,83.64,1486000
FDX,2013-01-24,83.94,86.13,83.89,85.4,2702300
FDX,2013-01-25,85.43,86.34,84.96,86.1,2081000
FDX,2013-01-28,86.33,86.58,85.77,86.47,1934800
FDX,2013-01-29,86.16,86.55,85.78,86.04,1649400
FDX,2013-01-30,85.64,85.74,84.83,85.09,2373000
FDX,2013-01-31,84.76,85.51,84.51,85.16,2306200
FDX,2013-02-01,85.53,86.41,85.16,86.26,2667400
FDX,2013-02-04,85.99,87.39,85.99,86.79,3306900
FDX,2013-02-05,87.06,88.3,86.64,88.2,2772400
FDX,2013-02-06,87.84,89.21,87.78,89.12,3476400
FDX,2013-02-07,89.42,89.82,88.88,89.8,4063400
FDX,2013-02-08,89.65,90.24,89.17,89.32,2101500
FDX,2013-02-11,88.99,89.29,88.54,88.99,1746100
FDX,2013-02-12,89.06,89.38,88.63,89.08,2044600
FDX,2013-02-13,89.08,89.52,88.61,89.11,1739900
FDX,2013-02-14,88.85,89.7,88.51,89.45,1660600
FDX,2013-02-15,89.74,90.2,89.14,89.33,1594900
FDX,2013-02-19,89.49,90.15,89.32,90.1,1093900
FDX,2013-02-20,90.15,90.15,88.64,88.72,1472200
FDX,2013-02-21,88.43,89.05,87.51,88.04,1730900
FDX,2013-02-22,88.25,88.83,88.04,88.83,899500
FDX,2013-02-25,89.26,89.82,86.55,86.55,1592900
FDX,2013-02-26,87.03,87.26,86.23,86.6,2718500
FDX,2013-02-27,86.21,89.08,85.9,88.76,2261100
FDX,2013-02-28,88.62,89.05,88.0,88.5,1691400
FDX,2013-03-01,88.23,89.03,87.56,88.46,1449100
FDX,2013-03-04,88.38,88.88,87.81,88.81,940500
FDX,2013-03-05,89.68,91.59,89.61,90.58,1818400
FDX,2013-03-06,91.57,91.9,90.47,90.69,1716700
FDX,2013-03-07,90.62,90.78,89.59,89.9,1746500
FDX,2013-03-08,90.43,90.74,89.95,90.61,1195600
FDX,2013-03-11,90.52,92.17,89.32,90.28,1372700
FDX,2013-03-12,90.34,90.51,89.1,89.46,1268500
FDX,2013-03-13,89.54,90.95,89.5,90.67,1412300
FDX,2013-03-14,90.79,91.48,90.64,91.48,1450000
FDX,2013-03-15,91.3,91.72,90.81,91.68,2096500
FDX,2013-03-18,90.63,91.12,89.81,90.18,1784700
FDX,2013-03-19,90.27,90.76,89.1,89.48,2651700
FDX,2013-03-20,85.73,86.15,83.06,83.32,11579100
FDX,2013-03-21,83.03,83.2,80.1,81.11,9159800
FDX,2013-03-22,81.55,83.13,81.52,82.78,5379400
FDX,2013-03-25,82.8,82.93,80.76,81.55,2910300
FDX,2013-03-26,81.81,82.64,81.67,82.14,2532800
FDX,2013-03-27,81.78,82.1,81.21,82.08,2335500
FDX,2013-03-28,81.77,82.73,81.7,82.54,2217200
FDX,2013-04-01,82.72,83.66,82.0,82.19,2050800
FDX,2013-04-02,82.2,82.56,81.38,81.63,1838600
FDX,2013-04-03,81.66,82.09,80.76,80.93,2932600
FDX,2013-04-04,81.14,81.74,80.66,80.67,2249000
FDX,2013-04-05,79.77,80.56,79.18,80.27,2878100
FDX,2013-04-08,80.21,80.72,79.89,80.06,2032500
FDX,2013-04-09,80.09,80.54,79.57,80.14,2270600
FDX,2013-04-10,80.26,82.57,80.22,82.33,3138600
FDX,2013-04-11,82.26,82.37,81.16,81.25,2036000
FDX,2013-04-12,81.09,81.48,80.57,80.97,1387400
FDX,2013-04-15,80.35,80.77,79.23,79.61,3107000
FDX,2013-04-16,80.18,80.41,79.61,79.97,2317300
FDX,2013-04-17,79.38,79.88,78.67,79.11,2284500
FDX,2013-04-18,78.32,78.75,76.16,77.22,4952400
FDX,2013-04-19,77.66,78.06,77.08,77.66,1901000
FDX,2013-04-22,77.89,78.04,76.45,77.75,1584300
FDX,2013-04-23,78.12,78.33,77.35,78.31,2537900
FDX,2013-04-24,79.6,80.82,79.35,79.4,3056500
FDX,2013-04-25,79.52,79.8,78.36,79.26,2326400
FDX,2013-04-26,79.49,79.67,79.0,79.16,1652400
FDX,2013-04-29,79.39,79.5,78.59,78.8,1878900
FDX,2013-04-30,78.88,79.37,78.24,79.02,1981000
FDX,2013-05-01,78.72,79.03,77.19,77.33,2396600
FDX,2013-05-02,77.52,78.26,77.48,77.57,2404500
FDX,2013-05-03,78.15,79.97,78.15,79.45,2317300
FDX,2013-05-06,79.78,81.36,79.63,80.88,3045700
FDX,2013-05-07,81.22,83.72,81.12,83.65,4689700
FDX,2013-05-08,83.27,85.81,83.04,85.69,4873600
FDX,2013-05-09,85.37,85.82,84.25,84.41,2754200
FDX,2013-05-10,84.18,85.03,83.73,84.15,2278900
FDX,2013-05-13,83.92,84.01,82.98,83.04,2047800
FDX,2013-05-14,83.13,84.66,83.11,84.62,1921900
FDX,2013-05-15,84.5,84.78,83.88,84.29,2054200
FDX,2013-05-16,84.25,84.72,82.99,83.16,1776300
FDX,2013-05-17,83.59,84.12,83.09,84.09,2222600
FDX,2013-05-20,84.1,85.36,83.72,85.04,2390900
FDX,2013-05-21,85.22,86.62,85.1,85.88,2796900
FDX,2013-05-22,85.8,86.49,83.21,83.76,3251200
FDX,2013-05-23,82.9,83.81,82.37,83.3,1649000
FDX,2013-05-24,82.93,82.93,81.83,82.22,2543100
FDX,2013-05-28,83.06,83.3,80.67,81.14,4178600
FDX,2013-05-29,81.09,81.95,80.76,81.15,2446000
FDX,2013-05-30,81.32,81.62,80.59,81.13,2947600
FDX,2013-05-31,80.9,82.35,80.79,80.98,2273500
FDX,2013-06-03,81.12,82.13,80.71,82.12,2263600
FDX,2013-06-04,82.07,83.21,81.91,82.69,3045500
FDX,2013-06-05,82.37,82.54,80.84,81.61,2174500
FDX,2013-06-06,81.54,81.97,80.39,81.4,2478500
FDX,2013-06-07,82.15,83.92,81.93,83.87,2508400
FDX,2013-06-10,83.94,84.04,82.83,82.93,1842300
FDX,2013-06-11,82.04,83.04,81.62,82.41,1563000
FDX,2013-06-12,82.86,83.13,81.77,81.94,1289900
FDX,2013-06-13,82.0,84.06,81.74,83.83,1424300
FDX,2013-06-14,83.77,84.81,83.1,83.44,1534900
FDX,2013-06-17,84.29,84.35,82.23,82.84,2504600
FDX,2013-06-18,83.02,84.5,82.7,83.74,2195300
FDX,2013-06-19,84.99,87.1,83.56,84.64,4496600
FDX,2013-06-20,82.36,82.47,80.12,80.57,4945600
FDX,2013-06-21,81.24,81.68,79.7,81.2,3632400
FDX,2013-06-24,80.28,81.4,79.64,80.73,2710500
FDX,2013-06-25,81.7,82.76,81.39,81.82,2240600
FDX,2013-06-26,82.56,83.64,82.49,82.81,2777200
FDX,2013-06-27,83.47,83.79,83.11,83.65,1941500
FDX,2013-06-28,83.26,83.84,82.99,82.99,2245400
FDX,2013-07-01,83.1,83.96,82.96,83.25,1975900
FDX,2013-07-02,83.14,83.69,82.45,82.73,1740900
FDX,2013-07-03,82.4,82.71,82.11,82.31,783900
FDX,2013-07-05,83.0,83.51,82.65,83.31,1056300
FDX,2013-07-08,83.49,83.76,83.03,83.2,1913400
FDX,2013-07-09,83.76,89.53,83.67,86.83,15122500
FDX,2013-07-10,86.44,89.63,85.87,86.71,6783500
FDX,2013-07-11,87.55,89.22,87.47,87.89,3983100
FDX,2013-07-12,85.93,86.97,85.51,86.11,5071300
FDX,2013-07-15,86.1,87.49,85.98,87.3,2218200
FDX,2013-07-16,87.03,87.53,86.67,87.14,1905800
FDX,2013-07-17,87.21,88.35,86.76,87.77,2141400
FDX,2013-07-18,87.48,91.74,87.42,91.47,4659400
FDX,2013-07-19,91.3,91.3,90.35,90.94,2387500
FDX,2013-07-22,90.98,91.66,90.62,90.71,2305200
FDX,2013-07-23,90.87,90.92,89.61,89.9,2080100
FDX,2013-07-24,90.0,90.24,89.05,89.13,1280500
FDX,2013-07-25,89.14,89.33,85.82,88.28,3956100
FDX,2013-07-26,88.13,88.63,87.67,88.04,1831700
FDX,2013-07-29,87.63,88.03,86.9,87.04,1301400
FDX,2013-07-30,87.66,87.89,86.98,87.18,1241400
FDX,2013-07-31,85.87,90.04,85.87,89.23,5473500
FDX,2013-08-01,89.9,92.88,89.69,92.6,5120900
FDX,2013-08-02,91.53,92.67,91.51,91.89,1717600
FDX,2013-08-05,91.76,92.36,91.55,92.11,1429400
FDX,2013-08-06,92.04,92.47,91.22,91.57,1567800
FDX,2013-08-07,90.93,91.37,90.52,90.9,1598300
FDX,2013-08-08,91.4,92.0,91.34,91.83,1596400
FDX,2013-08-09,91.36,91.91,90.85,91.1,1134200
FDX,2013-08-12,90.56,92.02,90.47,91.79,1720300
FDX,2013-08-13,91.66,92.37,91.09,91.43,1603500
FDX,2013-08-14,91.43,91.83,90.68,91.45,1219200
FDX,2013-08-15,90.92,91.28,90.36,90.95,2224200
FDX,2013-08-16,90.96,91.73,90.44,91.49,1782900
FDX,2013-08-19,91.19,91.93,90.95,91.48,1804400
FDX,2013-08-20,91.42,92.52,90.94,91.94,1525900
FDX,2013-08-21,91.75,91.8,90.5,90.98,1555900
FDX,2013-08-22,91.11,93.27,91.01,93.11,1348700
FDX,2013-08-23,93.11,93.35,92.36,93.18,1193400
FDX,2013-08-26,93.27,95.41,93.23,94.32,2502600
FDX,2013-08-27,93.02,93.54,90.66,91.3,2348200
FDX,2013-08-28,91.3,92.05,90.86,91.34,1119400
FDX,2013-08-29,91.34,92.18,91.14,91.41,927400
FDX,2013-08-30,91.56,91.58,89.94,90.38,1194400
FDX,2013-09-03,91.3,91.53,89.89,90.58,1555100
FDX,2013-09-04,90.45,90.83,90.18,90.59,1665800
FDX,2013-09-05,90.47,92.15,90.47,91.8,1460500
FDX,2013-09-06,92.17,92.55,90.54,91.18,1511800
FDX,2013-09-09,91.38,92.05,90.73,91.97,2203000
FDX,2013-09-10,92.54,93.99,92.51,93.23,1677300
FDX,2013-09-11,93.17,93.29,92.32,92.94,1356400
FDX,2013-09-12,92.81,92.83,90.82,91.37,2306500
FDX,2013-09-13,91.65,91.8,89.68,90.4,2974200
FDX,2013-09-16,91.76,93.57,91.51,92.37,2673200
FDX,2013-09-17,92.64,93.98,92.55,93.3,2575500
FDX,2013-09-18,95.43,98.59,94.84,98.0,6671000
FDX,2013-09-19,96.63,98.95,96.56,98.49,3291200
FDX,2013-09-20,99.03,99.73,98.38,98.49,2624800
FDX,2013-09-23,97.09,97.79,96.2,96.87,2022300
FDX,2013-09-24,96.82,97.68,96.6,96.71,1291200
FDX,2013-09-25,96.98,97.05,95.19,95.74,2426100
FDX,2013-09-26,96.07,96.72,95.15,95.73,1660200
FDX,2013-09-27,95.27,96.04,95.19,95.91,1052100
FDX,2013-09-30,94.89,96.73,94.79,96.19,1709900
FDX,2013-10-01,96.3,97.21,95.99,97.16,1456300
FDX,2013-10-02,96.53,97.25,96.03,97.18,1198500
FDX,2013-10-03,96.83,97.09,94.25,95.72,2162800
FDX,2013-10-04,95.63,96.93,95.28,96.72,1143100
FDX,2013-10-07,95.89,96.4,94.93,95.84,1264700
FDX,2013-10-08,95.75,96.1,94.38,94.48,1164200
FDX,2013-10-09,94.69,95.38,93.78,94.9,1518900
FDX,2013-10-10,96.02,97.04,95.44,96.99,1246900
FDX,2013-10-11,96.49,97.69,96.11,97.68,1041400
FDX,2013-10-14,97.19,97.35,96.38,97.26,899800
FDX,2013-10-15,98.55,103.27,98.5,101.23,6195500
FDX,2013-10-16,101.05,104.83,100.91,103.91,4127600
FDX,2013-10-17,102.83,105.6,102.48,105.53,4344800
FDX,2013-10-18,105.6,106.75,105.13,106.59,2023900
FDX,2013-10-21,106.4,107.79,106.15,107.4,2227800
FDX,2013-10-22,108.64,111.53,108.63,109.33,4792200
FDX,2013-10-23,108.47,109.67,108.12,109.44,2649900
FDX,2013-10-24,109.99,111.27,109.65,110.91,2299400
FDX,2013-10-25,111.24,111.74,110.57,111.32,2464100
FDX,2013-10-28,110.78,112.66,110.62,111.72,3100600
FDX,2013-10-29,112.36,112.45,111.27,112.23,1826700
FDX,2013-10-30,112.16,112.82,111.37,111.96,2302000
FDX,2013-10-31,111.29,111.75,109.43,110.43,3417500
FDX,2013-11-01,111.08,113.58,110.92,113.51,3728600
FDX,2013-11-04,113.51,114.7,113.04,113.9,2474500
FDX,2013-11-05,113.27,115.4,112.78,114.84,2670600
FDX,2013-11-06,115.33,115.47,111.21,111.92,5439500
FDX,2013-11-07,112.16,112.41,109.8,110.05,2846400
FDX,2013-11-08,109.83,111.89,109.82,111.75,2676700
FDX,2013-11-11,111.26,112.26,110.94,111.71,1805000
FDX,2013-11-12,111.11,114.73,110.27,113.49,4789000
FDX,2013-11-13,113.06,114.55,112.4,114.05,3447600
FDX,2013-11-14,114.15,115.07,113.84,115.02,3123700
FDX,2013-11-15,116.72,117.97,116.24,116.88,3644900
FDX,2013-11-18,116.83,117.82,115.31,115.61,2965700
FDX,2013-11-19,115.63,115.76,112.9,112.96,2960600
FDX,2013-11-20,113.25,114.43,113.12,113.45,1716000
FDX,2013-11-21,114.07,117.06,114.01,116.65,2920800
FDX,2013-11-22,116.42,116.71,114.6,115.55,1680100
FDX,2013-11-25,116.17,116.31,115.24,115.67,1234500
FDX,2013-11-26,115.74,116.85,115.5,116.17,1495000
FDX,2013-11-27,116.92,118.25,116.76,117.9,1358600
FDX,2013-11-29,118.4,118.48,116.76,116.92,733100
FDX,2013-12-02,117.3,118.83,116.95,118.19,1953400
FDX,2013-12-03,117.56,118.02,116.06,116.37,1927300
FDX,2013-12-04,116.05,118.02,115.33,116.93,1187900
FDX,2013-12-05,116.25,117.74,116.05,116.52,1161200
FDX,2013-12-06,118.01,118.16,117.23,117.5,1216500
FDX,2013-12-09,117.87,118.02,117.27,117.86,1349300
FDX,2013-12-10,117.86,118.3,116.64,116.87,1538700
FDX,2013-12-11,117.2,117.3,115.06,115.2,1451900
FDX,2013-12-12,115.24,116.06,115.0,115.06,1795700
FDX,2013-12-13,116.47,117.2,115.62,116.37,2583700
FDX,2013-12-16,117.8,118.96,117.2,118.02,3549800
FDX,2013-12-17,117.98,118.29,116.88,117.38,2697000
FDX,2013-12-18,116.54,118.35,115.92,117.91,4825100
FDX,2013-12-19,117.82,118.16,116.25,117.88,2688900
FDX,2013-12-20,117.74,121.29,117.49,120.43,3350200
FDX,2013-12-23,120.94,121.05,119.51,119.99,1461000
FDX,2013-12-24,120.03,120.15,119.11,119.83,750600
FDX,2013-12-26,120.38,121.11,120.11,120.93,1246400
FDX,2013-12-27,120.91,121.4,120.46,121.04,923500
FDX,2013-12-30,121.08,121.42,120.56,120.72,889300
FDX,2013-12-31,120.68,121.63,120.68,121.33,1102600
FDX,2014-01-02,120.59,121.85,117.78,117.95,3360000
FDX,2014-01-03,118.42,119.11,118.07,118.19,2779600
FDX,2014-01-06,120.42,120.68,116.68,117.06,2995000
FDX,2014-01-07,117.59,118.97,117.29,118.68,1702000
FDX,2014-01-08,119.02,119.31,118.14,118.46,1632800
FDX,2014-01-09,118.57,119.64,118.1,119.42,1451600
FDX,2014-01-10,119.16,120.46,118.49,120.36,1714700
FDX,2014-01-13,119.28,120.47,118.35,118.56,1565200
FDX,2014-01-14,118.95,120.53,117.92,120.42,2344500
FDX,2014-01-15,120.49,120.79,119.78,120.3,2692200
FDX,2014-01-16,119.76,120.25,118.95,119.67,1928100
FDX,2014-01-17,118.66,119.72,118.22,118.57,2293000
FDX,2014-01-21,119.59,120.36,118.82,119.96,2509000
FDX,2014-01-22,120.47,120.54,119.52,120.09,1337100
FDX,2014-01-23,119.5,119.82,117.6,118.35,1836300
FDX,2014-01-24,117.44,117.63,113.56,113.57,3089300
FDX,2014-01-27,113.66,114.58,110.62,111.35,4738700
FDX,2014-01-28,111.38,113.62,111.38,113.37,3169700
FDX,2014-01-29,112.09,113.08,111.01,111.27,2647600
FDX,2014-01-30,112.31,113.78,112.29,112.89,1935900
FDX,2014-01-31,111.27,113.89,111.22,112.51,1588500
FDX,2014-02-03,112.18,113.98,108.89,109.23,3184000
FDX,2014-02-04,109.27,110.49,108.16,110.06,2387000
FDX,2014-02-05,109.58,110.48,109.02,109.68,2009200
FDX,2014-02-06,109.82,111.28,109.76,110.41,1908400
FDX,2014-02-07,111.33,112.3,110.44,111.19,2390500
FDX,2014-02-10,110.86,111.44,109.15,109.6,3602500
FDX,2014-02-11,110.05,112.9,109.82,112.36,3256000
FDX,2014-02-12,112.37,112.92,111.18,112.24,1895700
FDX,2014-02-13,111.33,112.52,110.55,112.3,1780700
FDX,2014-02-14,112.22,113.55,112.13,113.01,1436200
FDX,2014-02-18,113.35,113.73,111.67,112.06,2360500
FDX,2014-02-19,111.68,112.67,110.56,110.84,2780900
FDX,2014-02-20,111.13,112.67,110.6,112.23,1787000
FDX,2014-02-21,112.39,114.1,112.33,113.84,1969400
FDX,2014-02-24,114.0,115.6,113.5,113.82,2243200
FDX,2014-02-25,113.8,113.82,111.66,112.1,2588900
FDX,2014-02-26,111.93,113.06,111.35,111.71,1588100
FDX,2014-02-27,111.43,112.95,111.35,112.7,1736100
FDX,2014-02-28,112.4,113.44,111.68,112.52,1904700
FDX,2014-03-03,111.44,113.33,111.44,112.56,1614300
FDX,2014-03-04,113.79,116.16,113.71,115.69,2250100
FDX,2014-03-05,115.82,116.12,115.2,115.54,1292200
FDX,2014-03-06,115.82,116.15,114.93,115.86,1581300
FDX,2014-03-07,116.52,117.09,115.71,116.1,1353800
FDX,2014-03-10,115.76,116.91,115.58,116.47,1720700
FDX,2014-03-11,116.36,116.64,115.49,115.98,1483500
FDX,2014-03-12,115.57,116.7,114.89,116.41,1275600
FDX,2014-03-13,116.89,117.67,114.79,115.47,2286000
FDX,2014-03-14,115.22,116.37,114.91,115.54,2629200
FDX,2014-03-17,116.34,117.1,115.83,116.23,3855000
FDX,2014-03-18,116.24,117.59,116.03,117.07,2578900
FDX,2014-03-19,116.68,119.26,115.86,116.91,3110400
FDX,2014-03-20,115.76,116.36,114.25,115.32,3377700
FDX,2014-03-21,116.17,116.58,114.91,115.56,5017900
FDX,2014-03-24,115.87,115.91,113.94,114.01,3206900
FDX,2014-03-25,113.95,114.62,111.95,113.34,4336800
FDX,2014-03-26,113.61,114.31,111.59,111.62,2870700
FDX,2014-03-27,111.52,112.06,110.92,111.61,3042800
FDX,2014-03-28,111.89,112.7,111.52,111.52,5019100
FDX,2014-03-31,111.95,112.56,111.41,111.99,4368000
FDX,2014-04-01,112.36,113.3,112.17,113.3,2513800
FDX,2014-04-02,113.29,114.22,113.15,113.85,1747800
FDX,2014-04-03,113.8,115.0,113.8,114.3,1987600
FDX,2014-04-04,114.72,115.4,113.09,113.5,1586500
FDX,2014-04-07,113.51,114.06,112.08,112.34,2007500
FDX,2014-04-08,112.39,112.7,111.35,112.28,2016100
FDX,2014-04-09,112.62,113.62,112.32,113.2,1640400
FDX,2014-04-10,113.27,113.47,111.4,111.57,2528300
FDX,2014-04-11,110.65,112.16,110.4,110.86,1927200
FDX,2014-04-14,111.61,112.24,110.81,111.52,2115200
FDX,2014-04-15,111.79,112.35,110.37,111.66,2518400
FDX,2014-04-16,111.98,113.24,111.52,112.99,2696500
FDX,2014-04-17,112.88,114.87,112.88,114.51,2152300
FDX,2014-04-21,114.56,115.55,114.27,115.12,2755300
FDX,2014-04-22,115.35,116.39,115.33,115.76,2173900
FDX,2014-04-23,115.74,115.87,114.84,115.17,1793300
FDX,2014-04-24,115.23,115.82,114.57,114.96,1926700
FDX,2014-04-25,114.91,114.93,113.16,113.38,1118500
FDX,2014-04-28,113.53,114.91,112.8,113.65,1812300
FDX,2014-04-29,113.89,114.66,113.12,114.45,1161200
FDX,2014-04-30,114.51,115.58,113.92,115.11,1810000
FDX,2014-05-01,115.2,115.74,114.38,115.1,813000
FDX,2014-05-02,114.99,116.36,114.99,115.7,966700
FDX,2014-05-05,114.95,115.28,114.06,114.77,959100
FDX,2014-05-06,114.29,115.73,114.09,114.46,1411000
FDX,2014-05-07,115.07,117.15,114.9,117.04,1874300
FDX,2014-05-08,114.73,116.3,114.73,115.49,2394900
FDX,2014-05-09,114.89,116.49,114.23,116.18,2138500
FDX,2014-05-12,116.61,118.56,116.52,118.4,1726700
FDX,2014-05-13,118.52,118.98,118.18,118.39,1085700
FDX,2014-05-14,118.27,118.27,117.35,117.71,1682000
FDX,2014-05-15,117.67,117.72,116.2,117.16,1260700
FDX,2014-05-16,117.28,118.08,116.51,116.78,2067000
FDX,2014-05-19,116.67,117.61,116.45,117.43,3897200
FDX,2014-05-20,117.5,117.83,115.71,116.13,1968400
FDX,2014-05-21,116.84,118.01,116.61,117.47,1586000
FDX,2014-05-22,117.29,118.01,116.87,117.71,1550800
FDX,2014-05-23,118.04,119.91,117.69,119.54,1198100
FDX,2014-05-27,119.98,120.67,119.64,120.17,1894800
FDX,2014-05-28,120.17,121.64,120.13,121.21,1491000
FDX,2014-05-29,121.55,122.16,121.06,122.1,1275500
FDX,2014-05-30,121.97,122.37,121.6,121.79,943200
FDX,2014-06-02,121.91,122.49,121.42,121.86,1285500
FDX,2014-06-03,121.49,122.2,120.45,120.77,1351100
FDX,2014-06-04,120.59,121.07,120.28,120.81,1091200
FDX,2014-06-05,121.21,121.64,120.27,120.51,1953400
FDX,2014-06-06,120.66,121.06,120.2,120.55,2273800
FDX,2014-06-09,120.55,121.99,120.55,121.36,1661900
FDX,2014-06-10,120.78,121.58,120.65,121.48,1087800
FDX,2014-06-11,120.87,120.88,119.91,120.6,1016000
FDX,2014-06-12,120.04,120.2,117.55,117.61,1594000
FDX,2014-06-13,117.88,118.87,117.5,118.5,1266600
FDX,2014-06-16,118.12,118.68,117.64,117.81,1458400
FDX,2014-06-17,117.64,119.35,117.01,118.71,1857000
FDX,2014-06-18,122.97,126.37,122.75,126.02,5650700
FDX,2014-06-19,125.18,126.34,124.22,124.87,3368900
FDX,2014-06-20,125.08,125.6,124.92,125.31,2758700
FDX,2014-06-23,125.21,126.63,125.18,125.96,2654200
FDX,2014-06-24,125.58,127.88,125.58,126.63,3019400
FDX,2014-06-25,126.15,128.5,125.91,128.11,2022300
FDX,2014-06-26,128.05,128.33,126.95,128.17,1163000
FDX,2014-06-27,128.0,128.39,127.55,128.1,1945500
FDX,2014-06-30,128.09,128.32,127.46,128.07,1433000
FDX,2014-07-01,128.6,129.31,128.23,128.92,1445000
FDX,2014-07-02,128.82,129.64,128.66,128.82,1236300
FDX,2014-07-03,129.26,130.07,129.05,129.96,660800
FDX,2014-07-07,129.32,129.53,128.07,128.33,1147900
FDX,2014-07-08,128.06,128.25,126.75,127.89,1207200
FDX,2014-07-09,128.27,128.97,127.59,128.02,822400
FDX,2014-07-10,126.79,127.65,126.41,127.12,984300
FDX,2014-07-11,127.03,128.02,126.84,127.45,839100
FDX,2014-07-14,128.3,128.52,127.73,127.81,1149100
FDX,2014-07-15,126.55,129.16,126.55,128.51,1193500
FDX,2014-07-16,128.93,130.71,128.81,130.61,1424700
FDX,2014-07-17,129.74,131.4,128.37,128.51,1811900
FDX,2014-07-18,128.04,129.57,127.94,129.33,1032400
FDX,2014-07-21,129.04,129.7,128.66,128.89,1030500
FDX,2014-07-22,129.35,130.23,129.29,129.69,1314300
FDX,2014-07-23,129.83,130.19,129.1,129.17,966600
FDX,2014-07-24,129.47,129.65,128.88,129.02,1009900
FDX,2014-07-25,128.6,128.94,127.58,127.63,1269600
FDX,2014-07-28,127.67,128.14,125.47,126.51,1652200
FDX,2014-07-29,125.63,126.79,124.4,124.48,1706200
FDX,2014-07-30,124.67,127.19,124.67,126.36,1390600
FDX,2014-07-31,125.27,126.15,124.06,124.26,1519800
FDX,2014-08-01,124.05,125.2,123.46,124.15,1709100
FDX,2014-08-04,124.63,126.13,124.32,125.91,1444000
FDX,2014-08-05,125.08,125.68,123.65,124.23,860700
FDX,2014-08-06,123.38,123.87,122.74,123.07,1098000
FDX,2014-08-07,124.33,125.56,123.44,123.54,1659200
FDX,2014-08-08,123.71,125.14,123.2,125.08,825500
FDX,2014-08-11,125.9,126.12,124.97,125.45,790900
FDX,2014-08-12,125.48,126.22,125.22,125.58,495400
FDX,2014-08-13,126.06,126.62,125.99,126.35,622500
FDX,2014-08-14,126.6,126.67,125.73,126.6,529000
FDX,2014-08-15,126.94,127.11,124.79,125.82,1071500
FDX,2014-08-18,126.3,127.28,126.25,127.26,1066900
FDX,2014-08-19,127.34,127.41,126.83,126.9,1062800
FDX,2014-08-20,127.04,127.72,126.9,127.44,1476600
FDX,2014-08-21,127.78,127.81,126.9,127.37,817400
FDX,2014-08-22,127.52,127.52,126.09,126.45,1075900
FDX,2014-08-25,127.01,127.36,126.61,126.73,619500
FDX,2014-08-26,126.9,127.23,126.21,126.29,609100
FDX,2014-08-27,126.27,126.73,126.02,126.14,696600
FDX,2014-08-28,125.88,126.06,124.39,125.1,1364300
FDX,2014-08-29,125.55,125.63,124.92,125.11,1227400
FDX,2014-09-02,125.82,127.39,125.52,127.24,1416900
FDX,2014-09-03,127.31,128.77,127.22,128.35,1479300
FDX,2014-09-04,128.78,130.49,128.33,128.63,1748300
FDX,2014-09-05,128.22,129.74,126.99,129.7,1208100
FDX,2014-09-08,129.22,129.82,128.67,129.1,1349200
FDX,2014-09-09,128.92,129.1,127.65,127.92,1001600
FDX,2014-09-10,127.87,127.98,127.08,127.71,993200
FDX,2014-09-11,127.14,129.6,127.08,129.21,1029100
FDX,2014-09-12,129.76,130.53,129.22,130.26,1564600
FDX,2014-09-15,130.46,130.73,128.77,130.49,1684600
FDX,2014-09-16,131.14,131.36,129.65,131.02,2224400
FDX,2014-09-17,135.29,136.94,134.86,135.3,4338900
FDX,2014-09-18,135.37,136.6,134.43,134.63,3393100
FDX,2014-09-19,135.62,135.76,134.13,134.13,4271100
FDX,2014-09-22,133.86,134.57,133.69,133.73,1621300
FDX,2014-09-23,133.5,134.69,133.39,133.85,1357700
FDX,2014-09-24,134.16,135.15,133.68,134.96,1497300
FDX,2014-09-25,134.94,135.13,133.03,133.14,1132900
FDX,2014-09-26,133.48,135.84,133.44,135.35,1239400
FDX,2014-09-29,134.56,137.68,134.3,137.39,2055100
FDX,2014-09-30,137.41,138.79,136.64,136.77,2875900
FDX,2014-10-01,136.39,136.72,133.54,133.97,2429500
FDX,2014-10-02,133.98,134.99,132.75,134.72,1747200
FDX,2014-10-03,136.24,138.29,135.73,137.86,1990300
FDX,2014-10-06,138.31,139.92,134.69,134.9,2687200
FDX,2014-10-07,134.35,134.69,132.18,132.2,1734400
FDX,2014-10-08,132.3,135.91,131.42,135.75,2137500
FDX,2014-10-09,135.12,135.84,132.34,132.58,1450800
FDX,2014-10-10,132.29,133.67,130.03,131.09,2129700
FDX,2014-10-13,131.39,132.8,128.01,128.14,1992400
FDX,2014-10-14,129.51,131.58,129.28,130.22,2605800
FDX,2014-10-15,128.01,130.84,126.06,130.31,2644600
FDX,2014-10-16,128.49,130.79,127.53,128.7,2743800
FDX,2014-10-17,129.81,132.7,129.63,132.25,2613200
FDX,2014-10-20,131.92,132.28,130.47,132.04,1691000
FDX,2014-10-21,133.02,136.33,132.75,135.44,2670300
FDX,2014-10-22,136.17,136.61,134.23,134.24,1872100
FDX,2014-10-23,136.35,138.49,136.04,137.66,2368900
FDX,2014-10-24,138.17,139.34,137.81,138.83,1571100
FDX,2014-10-27,138.72,140.12,138.09,139.96,1530000
FDX,2014-10-28,140.47,142.55,140.31,142.49,1579100
FDX,2014-10-29,142.49,142.53,138.6,140.43,1827400
FDX,2014-10-30,139.94,141.23,138.85,140.02,1670300
FDX,2014-10-31,142.31,143.17,141.49,141.81,2245600
FDX,2014-11-03,141.6,142.0,140.38,141.64,1550800
FDX,2014-11-04,142.09,142.86,141.39,141.44,2429300
FDX,2014-11-05,143.17,143.57,141.64,143.52,1522700
FDX,2014-11-06,143.59,145.64,143.39,145.45,1547900
FDX,2014-11-07,145.63,145.63,143.71,145.05,1238100
FDX,2014-11-10,144.85,145.66,144.06,145.49,1091000
FDX,2014-11-11,145.53,146.45,144.97,145.99,1383200
FDX,2014-11-12,145.43,145.82,144.42,145.54,906100
FDX,2014-11-13,145.72,146.1,144.4,145.34,1552100
FDX,2014-11-14,144.98,146.3,144.66,145.33,1062200
FDX,2014-11-17,145.08,145.38,144.54,145.13,848000
FDX,2014-11-18,145.1,146.39,145.02,145.71,1032100
FDX,2014-11-19,145.71,145.71,144.25,145.44,893700
FDX,2014-11-20,144.94,146.23,144.37,146.13,1092100
FDX,2014-11-21,148.7,149.61,147.29,147.79,2068200
FDX,2014-11-24,148.54,149.48,148.32,148.7,1868600
FDX,2014-11-25,148.63,149.0,147.74,148.13,1964000
FDX,2014-11-26,148.46,148.66,147.84,148.32,765800
FDX,2014-11-28,151.25,152.31,150.37,150.94,1813200
FDX,2014-12-01,151.46,151.61,148.86,150.54,1989600
FDX,2014-12-02,153.43,154.53,152.29,152.81,3416800
FDX,2014-12-03,153.08,153.08,152.05,152.52,1695800
FDX,2014-12-04,152.7,153.12,151.92,152.64,1431400
FDX,2014-12-05,152.7,154.33,152.65,154.2,1246300
FDX,2014-12-08,154.98,155.46,153.55,153.78,1885300
FDX,2014-12-09,152.31,152.48,149.54,151.44,2240900
FDX,2014-12-10,152.15,152.32,149.57,149.65,2079600
FDX,2014-12-11,150.86,151.48,149.72,150.01,2082700
FDX,2014-12-12,149.58,151.38,148.7,149.08,1858500
FDX,2014-12-15,149.96,151.78,148.21,149.49,2486000
FDX,2014-12-16,149.86,151.04,147.79,147.79,2784300
FDX,2014-12-17,144.0,144.17,138.72,142.29,8744900
FDX,2014-12-18,144.98,147.89,144.17,147.89,3803000
FDX,2014-12-19,147.74,149.02,146.17,147.75,3857200
FDX,2014-12-22,148.62,150.18,147.85,150.0,1897700
FDX,2014-12-23,150.71,151.25,149.33,150.06,999200
FDX,2014-12-24,150.14,150.89,149.52,149.62,571700
FDX,2014-12-26,149.75,150.25,148.74,149.18,740800
FDX,2014-12-29,148.38,149.21,148.03,148.85,778800
FDX,2014-12-30,148.09,149.68,147.66,148.41,765900
MNST,2001-01-02,0.04,0.04,0.04,0.04,345600
MNST,2001-01-03,0.04,0.04,0.04,0.04,2908800
MNST,2001-01-04,0.04,0.04,0.04,0.04,1027200
MNST,2001-01-05,0.04,0.04,0.04,0.04,28800
MNST,2001-01-08,0.04,0.04,0.04,0.04,384000
MNST,2001-01-09,0.04,0.04,0.04,0.04,240000
MNST,2001-01-10,0.04,0.04,0.04,0.04,748800
MNST,2001-01-11,0.04,0.04,0.04,0.04,643200
MNST,2001-01-12,0.04,0.04,0.04,0.04,1248000
MNST,2001-01-16,0.04,0.04,0.04,0.04,1603200
MNST,2001-01-17,0.04,0.04,0.04,0.04,1123200
MNST,2001-01-18,0.04,0.04,0.04,0.04,86400
MNST,2001-01-19,0.04,0.04,0.04,0.04,249600
MNST,2001-01-22,0.04,0.04,0.04,0.04,240000
MNST,2001-01-23,0.04,0.04,0.04,0.04,2227200
MNST,2001-01-24,0.04,0.04,0.04,0.04,998400
MNST,2001-01-25,0.04,0.04,0.04,0.04,1267200
MNST,2001-01-26,0.04,0.04,0.04,0.04,172800
MNST,2001-01-29,0.04,0.04,0.04,0.04,3321600
MNST,2001-01-30,0.04,0.04,0.04,0.04,1449600
MNST,2001-01-31,0.04,0.04,0.04,0.04,86400
MNST,2001-02-01,0.04,0.04,0.04,0.04,201600
MNST,2001-02-02,0.04,0.04,0.04,0.04,3465600
MNST,2001-02-05,0.04,0.04,0.04,0.04,835200
MNST,2001-02-06,0.04,0.04,0.04,0.04,182400
MNST,2001-02-07,0.04,0.04,0.04,0.04,355200
MNST,2001-02-08,0.04,0.04,0.04,0.04,364800
MNST,2001-02-09,0.04,0.04,0.04,0.04,614400
MNST,2001-02-12,0.04,0.04,0.04,0.04,451200
MNST,2001-02-13,0.04,0.04,0.04,0.04,1152000
MNST,2001-02-14,0.04,0.04,0.04,0.04,3696000
MNST,2001-02-15,0.04,0.04,0.04,0.04,672000
MNST,2001-02-16,0.04,0.04,0.04,0.04,15667200
MNST,2001-02-20,0.04,0.04,0.04,0.04,1363200
MNST,2001-02-21,0.04,0.05,0.04,0.04,1862400
MNST,2001-02-22,0.04,0.04,0.04,0.04,1324800
MNST,2001-02-23,0.04,0.04,0.04,0.04,144000
MNST,2001-02-26,0.04,0.04,0.04,0.04,3158400
MNST,2001-02-27,0.04,0.04,0.04,0.04,39724800
MNST,2001-02-28,0.04,0.04,0.04,0.04,24988800
MNST,2001-03-01,0.04,0.04,0.04,0.04,912000
MNST,2001-03-02,0.04,0.04,0.04,0.04,489600
MNST,2001-03-05,0.04,0.04,0.04,0.04,1401600
MNST,2001-03-06,0.04,0.04,0.04,0.04,1497600
MNST,2001-03-07,0.04,0.04,0.04,0.04,6681600
MNST,2001-03-08,0.04,0.04,0.04,0.04,115200
MNST,2001-03-09,0.04,0.04,0.04,0.04,432000
MNST,2001-03-12,0.04,0.04,0.04,0.04,412800
MNST,2001-03-13,0.04,0.04,0.04,0.04,883200
MNST,2001-03-14,0.04,0.04,0.04,0.04,422400
MNST,2001-03-15,0.04,0.04,0.04,0.04,2390400
MNST,2001-03-16,0.04,0.04,0.04,0.04,2832000
MNST,2001-03-19,0.04,0.04,0.04,0.04,8515200
MNST,2001-03-20,0.04,0.04,0.04,0.04,2899200
MNST,2001-03-21,0.04,0.04,0.04,0.04,2928000
MNST,2001-03-22,0.04,0.04,0.03,0.04,1881600
MNST,2001-03-23,0.04,0.04,0.04,0.04,883200
MNST,2001-03-26,0.04,0.04,0.03,0.03,1612800
MNST,2001-03-27,0.03,0.03,0.03,0.03,547200
MNST,2001-03-28,0.03,0.03,0.03,0.03,2352000
MNST,2001-03-29,0.03,0.04,0.03,0.04,787200
MNST,2001-03-30,0.04,0.04,0.04,0.04,422400
MNST,2001-04-02,0.03,0.03,0.03,0.03,163200
MNST,2001-04-03,0.03,0.03,0.03,0.03,182400
MNST,2001-04-04,0.03,0.04,0.03,0.03,1219200
MNST,2001-04-05,0.03,0.03,0.03,0.03,0
MNST,2001-04-06,0.03,0.03,0.03,0.03,201600
MNST,2001-04-09,0.03,0.04,0.03,0.04,211200
MNST,2001-04-10,0.04,0.04,0.04,0.04,326400
MNST,2001-04-11,0.04,0.04,0.04,0.04,1478400
MNST,2001-04-12,0.04,0.04,0.03,0.03,1996800
MNST,2001-04-16,0.04,0.04,0.03,0.03,489600
MNST,2001-04-17,0.03,0.03,0.03,0.03,2054400
MNST,2001-04-18,0.03,0.03,0.03,0.03,182400
MNST,2001-04-19,0.03,0.03,0.03,0.03,115200
MNST,2001-04-20,0.03,0.03,0.03,0.03,278400
MNST,2001-04-23,0.03,0.03,0.03,0.03,249600
MNST,2001-04-24,0.03,0.03,0.03,0.03,508800
MNST,2001-04-25,0.03,0.03,0.03,0.03,67200
MNST,2001-04-26,0.03,0.04,0.03,0.03,585600
MNST,2001-04-27,0.03,0.03,0.03,0.03,1555200
MNST,2001-04-30,0.03,0.03,0.03,0.03,96000
MNST,2001-05-01,0.03,0.03,0.03,0.03,2208000
MNST,2001-05-02,0.03,0.03,0.03,0.03,67200
MNST,2001-05-03,0.03,0.03,0.03,0.03,240000
MNST,2001-05-04,0.03,0.03,0.03,0.03,2467200
MNST,2001-05-07,0.03,0.03,0.03,0.03,1353600
MNST,2001-05-08,0.03,0.03,0.03,0.03,8774400
MNST,2001-05-09,0.03,0.03,0.03,0.03,288000
MNST,2001-05-10,0.03,0.03,0.03,0.03,1008000
MNST,2001-05-11,0.03,0.03,0.03,0.03,1219200
MNST,2001-05-14,0.03,0.03,0.03,0.03,3273600
MNST,2001-05-15,0.03,0.03,0.03,0.03,451200
MNST,2001-05-16,0.03,0.03,0.03,0.03,1008000
MNST,2001-05-17,0.03,0.03,0.03,0.03,115200
MNST,2001-05-18,0.03,0.03,0.03,0.03,115200
MNST,2001-05-21,0.03,0.03,0.03,0.03,480000
MNST,2001-05-22,0.03,0.03,0.03,0.03,1488000
MNST,2001-05-23,0.03,0.03,0.03,0.03,739200
MNST,2001-05-24,0.03,0.03,0.03,0.03,86400
MNST,2001-05-25,0.03,0.03,0.03,0.03,403200
MNST,2001-05-29,0.03,0.03,0.03,0.03,163200
MNST,2001-05-30,0.03,0.03,0.03,0.03,259200
MNST,2001-05-31,0.03,0.03,0.03,0.03,345600
MNST,2001-06-01,0.03,0.03,0.03,0.03,0
MNST,2001-06-04,0.03,0.03,0.03,0.03,144000
MNST,2001-06-05,0.03,0.03,0.03,0.03,470400
MNST,2001-06-06,0.03,0.03,0.03,0.03,652800
MNST,2001-06-07,0.03,0.03,0.03,0.03,1843200
MNST,2001-06-08,0.03,0.03,0.03,0.03,710400
MNST,2001-06-11,0.03,0.03,0.03,0.03,700800
MNST,2001-06-12,0.03,0.03,0.03,0.03,172800
MNST,2001-06-13,0.03,0.03,0.03,0.03,336000
MNST,2001-06-14,0.03,0.03,0.03,0.03,172800
MNST,2001-06-15,0.03,0.03,0.03,0.03,432000
MNST,2001-06-18,0.03,0.03,0.03,0.03,556800
MNST,2001-06-19,0.03,0.03,0.03,0.03,249600
MNST,2001-06-20,0.03,0.03,0.03,0.03,652800
MNST,2001-06-21,0.03,0.03,0.03,0.03,1142400
MNST,2001-06-22,0.03,0.03,0.03,0.03,240000
MNST,2001-06-25,0.03,0.03,0.03,0.03,4252800
MNST,2001-06-26,0.03,0.03,0.03,0.03,7382400
MNST,2001-06-27,0.03,0.03,0.03,0.03,2035200
MNST,2001-06-28,0.03,0.03,0.03,0.03,144000
MNST,2001-06-29,0.03,0.04,0.03,0.04,643200
MNST,2001-07-02,0.04,0.04,0.03,0.04,614400
MNST,2001-07-03,0.04,0.04,0.04,0.04,163200
MNST,2001-07-05,0.04,0.04,0.04,0.04,816000
MNST,2001-07-06,0.04,0.04,0.04,0.04,480000
MNST,2001-07-09,0.04,0.04,0.04,0.04,940800
MNST,2001-07-10,0.04,0.04,0.04,0.04,614400
MNST,2001-07-11,0.04,0.04,0.04,0.04,3225600
MNST,2001-07-12,0.04,0.04,0.04,0.04,1161600
MNST,2001-07-13,0.04,0.04,0.04,0.04,691200
MNST,2001-07-16,0.04,0.04,0.04,0.04,1468800
MNST,2001-07-17,0.04,0.04,0.04,0.04,374400
MNST,2001-07-18,0.04,0.04,0.04,0.04,1401600
MNST,2001-07-19,0.04,0.04,0.04,0.04,345600
MNST,2001-07-20,0.04,0.04,0.04,0.04,2179200
MNST,2001-07-23,0.04,0.04,0.04,0.04,787200
MNST,2001-07-24,0.04,0.04,0.04,0.04,691200
MNST,2001-07-25,0.04,0.04,0.04,0.04,681600
MNST,2001-07-26,0.04,0.04,0.04,0.04,48000
MNST,2001-07-27,0.04,0.04,0.04,0.04,528000
MNST,2001-07-30,0.04,0.04,0.04,0.04,902400
MNST,2001-07-31,0.04,0.04,0.04,0.04,912000
MNST,2001-08-01,0.04,0.04,0.04,0.04,393600
MNST,2001-08-02,0.04,0.04,0.04,0.04,1257600
MNST,2001-08-03,0.04,0.04,0.04,0.04,691200
MNST,2001-08-06,0.04,0.04,0.04,0.04,1180800
MNST,2001-08-07,0.04,0.04,0.04,0.04,1622400
MNST,2001-08-08,0.04,0.04,0.04,0.04,422400
MNST,2001-08-09,0.04,0.04,0.04,0.04,3888000
MNST,2001-08-10,0.04,0.04,0.04,0.04,1833600
MNST,2001-08-13,0.04,0.04,0.04,0.04,912000
MNST,2001-08-14,0.04,0.04,0.04,0.04,1219200
MNST,2001-08-15,0.04,0.04,0.04,0.04,182400
MNST,2001-08-16,0.04,0.04,0.04,0.04,336000
MNST,2001-08-17,0.04,0.04,0.04,0.04,1814400
MNST,2001-08-20,0.04,0.04,0.04,0.04,0
MNST,2001-08-21,0.04,0.04,0.04,0.04,307200
MNST,2001-08-22,0.04,0.04,0.04,0.04,172800
MNST,2001-08-23,0.04,0.04,0.04,0.04,480000
MNST,2001-08-24,0.04,0.04,0.04,0.04,0
MNST,2001-08-27,0.04,0.04,0.04,0.04,144000
MNST,2001-08-28,0.04,0.04,0.04,0.04,825600
MNST,2001-08-29,0.04,0.04,0.04,0.04,76800
MNST,2001-08-30,0.04,0.04,0.04,0.04,220800
MNST,2001-08-31,0.04,0.04,0.04,0.04,1968000
MNST,2001-09-04,0.04,0.04,0.04,0.04,76800
MNST,2001-09-05,0.04,0.04,0.04,0.04,691200
MNST,2001-09-06,0.04,0.04,0.04,0.04,2140800
MNST,2001-09-07,0.04,0.04,0.04,0.04,28800
MNST,2001-09-10,0.04,0.04,0.04,0.04,556800
MNST,2001-09-17,0.04,0.04,0.04,0.04,662400
MNST,2001-09-18,0.04,0.04,0.04,0.04,585600
MNST,2001-09-19,0.04,0.04,0.03,0.04,2764800
MNST,2001-09-20,0.03,0.04,0.03,0.04,412800
MNST,2001-09-21,0.03,0.04,0.03,0.04,451200
MNST,2001-09-24,0.04,0.04,0.03,0.04,460800
MNST,2001-09-25,0.04,0.04,0.04,0.04,144000
MNST,2001-09-26,0.04,0.04,0.03,0.03,547200
MNST,2001-09-27,0.03,0.04,0.03,0.04,76800
MNST,2001-09-28,0.03,0.04,0.03,0.04,460800
MNST,2001-10-01,0.04,0.04,0.04,0.04,105600
MNST,2001-10-02,0.04,0.04,0.03,0.03,316800
MNST,2001-10-03,0.03,0.03,0.03,0.03,124800
MNST,2001-10-04,0.03,0.04,0.03,0.03,268800
MNST,2001-10-05,0.04,0.04,0.04,0.04,470400
MNST,2001-10-08,0.03,0.04,0.03,0.04,57600
MNST,2001-10-09,0.04,0.04,0.04,0.04,710400
MNST,2001-10-10,0.04,0.04,0.04,0.04,288000
MNST,2001-10-11,0.04,0.04,0.04,0.04,134400
MNST,2001-10-12,0.04,0.04,0.04,0.04,201600
MNST,2001-10-15,0.04,0.04,0.04,0.04,96000
MNST,2001-10-16,0.04,0.04,0.04,0.04,326400
MNST,2001-10-17,0.04,0.04,0.04,0.04,201600
MNST,2001-10-18,0.04,0.04,0.04,0.04,259200
MNST,2001-10-19,0.04,0.04,0.04,0.04,268800
MNST,2001-10-22,0.04,0.04,0.04,0.04,1526400
MNST,2001-10-23,0.04,0.04,0.04,0.04,307200
MNST,2001-10-24,0.04,0.04,0.04,0.04,921600
MNST,2001-10-25,0.04,0.04,0.04,0.04,0
MNST,2001-10-26,0.04,0.04,0.04,0.04,864000
MNST,2001-10-29,0.04,0.04,0.04,0.04,115200
MNST,2001-10-30,0.04,0.04,0.04,0.04,3321600
MNST,2001-10-31,0.04,0.04,0.04,0.04,278400
MNST,2001-11-01,0.04,0.04,0.04,0.04,2102400
MNST,2001-11-02,0.04,0.04,0.04,0.04,633600
MNST,2001-11-05,0.04,0.04,0.04,0.04,576000
MNST,2001-11-06,0.04,0.04,0.04,0.04,691200
MNST,2001-11-07,0.04,0.04,0.04,0.04,19200
MNST,2001-11-08,0.04,0.04,0.04,0.04,403200
MNST,2001-11-09,0.04,0.04,0.04,0.04,384000
MNST,2001-11-12,0.04,0.04,0.04,0.04,451200
MNST,2001-11-13,0.04,0.04,0.04,0.04,1056000
MNST,2001-11-14,0.04,0.04,0.04,0.04,259200
MNST,2001-11-15,0.04,0.04,0.04,0.04,940800
MNST,2001-11-16,0.04,0.04,0.04,0.04,1651200
MNST,2001-11-19,0.04,0.04,0.04,0.04,614400
MNST,2001-11-20,0.04,0.04,0.04,0.04,1257600
MNST,2001-11-21,0.04,0.04,0.04,0.04,9600
MNST,2001-11-23,0.04,0.04,0.04,0.04,259200
MNST,2001-11-26,0.04,0.04,0.04,0.04,710400
MNST,2001-11-27,0.04,0.04,0.04,0.04,585600
MNST,2001-11-28,0.04,0.04,0.04,0.04,768000
MNST,2001-11-29,0.04,0.04,0.04,0.04,57600
MNST,2001-11-30,0.04,0.04,0.04,0.04,1171200
MNST,2001-12-03,0.04,0.04,0.04,0.04,806400
MNST,2001-12-04,0.04,0.04,0.04,0.04,835200
MNST,2001-12-05,0.04,0.04,0.04,0.04,633600
MNST,2001-12-06,0.04,0.04,0.04,0.04,451200
MNST,2001-12-07,0.04,0.04,0.04,0.04,134400
MNST,2001-12-10,0.04,0.04,0.04,0.04,259200
MNST,2001-12-11,0.04,0.04,0.04,0.04,297600
MNST,2001-12-12,0.04,0.04,0.04,0.04,816000
MNST,2001-12-13,0.04,0.04,0.04,0.04,57600
MNST,2001-12-14,0.04,0.04,0.04,0.04,96000
MNST,2001-12-17,0.04,0.04,0.04,0.04,422400
MNST,2001-12-18,0.04,0.04,0.04,0.04,86400
MNST,2001-12-19,0.04,0.04,0.04,0.04,144000
MNST,2001-12-20,0.04,0.04,0.04,0.04,892800
MNST,2001-12-21,0.04,0.04,0.04,0.04,739200
MNST,2001-12-24,0.04,0.04,0.04,0.04,1852800
MNST,2001-12-26,0.04,0.04,0.04,0.04,1190400
MNST,2001-12-27,0.04,0.04,0.04,0.04,1248000
MNST,2001-12-28,0.04,0.04,0.04,0.04,1257600
MNST,2001-12-31,0.04,0.04,0.04,0.04,1833600
MNST,2002-01-02,0.04,0.05,0.04,0.04,5769600
MNST,2002-01-03,0.04,0.05,0.04,0.04,547200
MNST,2002-01-04,0.04,0.05,0.04,0.04,441600
MNST,2002-01-07,0.04,0.04,0.04,0.04,412800
MNST,2002-01-08,0.04,0.05,0.04,0.05,1200000
MNST,2002-01-09,0.05,0.05,0.04,0.04,38400
MNST,2002-01-10,0.05,0.05,0.04,0.04,3926400
MNST,2002-01-11,0.05,0.05,0.04,0.04,2025600
MNST,2002-01-14,0.04,0.04,0.04,0.04,345600
MNST,2002-01-15,0.04,0.04,0.04,0.04,403200
MNST,2002-01-16,0.04,0.04,0.04,0.04,585600
MNST,2002-01-17,0.04,0.04,0.04,0.04,1209600
MNST,2002-01-18,0.04,0.05,0.04,0.05,1334400
MNST,2002-01-22,0.04,0.04,0.04,0.04,508800
MNST,2002-01-23,0.04,0.04,0.04,0.04,38400
MNST,2002-01-24,0.04,0.04,0.04,0.04,9600
MNST,2002-01-25,0.04,0.04,0.04,0.04,67200
MNST,2002-01-28,0.04,0.04,0.04,0.04,643200
MNST,2002-01-29,0.04,0.04,0.04,0.04,480000
MNST,2002-01-30,0.04,0.04,0.04,0.04,172800
MNST,2002-01-31,0.04,0.04,0.04,0.04,0
MNST,2002-02-01,0.04,0.04,0.04,0.04,892800
MNST,2002-02-04,0.04,0.04,0.04,0.04,1315200
MNST,2002-02-05,0.04,0.04,0.04,0.04,1468800
MNST,2002-02-06,0.04,0.04,0.04,0.04,115200
MNST,2002-02-07,0.04,0.04,0.04,0.04,163200
MNST,2002-02-08,0.04,0.04,0.04,0.04,729600
MNST,2002-02-11,0.04,0.04,0.04,0.04,451200
MNST,2002-02-12,0.04,0.04,0.04,0.04,0
MNST,2002-02-13,0.04,0.04,0.04,0.04,1545600
MNST,2002-02-14,0.04,0.04,0.04,0.04,28800
MNST,2002-02-15,0.04,0.04,0.04,0.04,316800
MNST,2002-02-19,0.04,0.04,0.04,0.04,105600
MNST,2002-02-20,0.04,0.04,0.04,0.04,518400
MNST,2002-02-21,0.04,0.04,0.04,0.04,1065600
MNST,2002-02-22,0.04,0.04,0.04,0.04,2169600
MNST,2002-02-25,0.04,0.04,0.04,0.04,1891200
MNST,2002-02-26,0.04,0.04,0.04,0.04,57600
MNST,2002-02-27,0.04,0.04,0.04,0.04,374400
MNST,2002-02-28,0.04,0.04,0.04,0.04,566400
MNST,2002-03-01,0.04,0.04,0.04,0.04,96000
MNST,2002-03-04,0.04,0.04,0.04,0.04,3811200
MNST,2002-03-05,0.04,0.04,0.04,0.04,518400
MNST,2002-03-06,0.04,0.04,0.04,0.04,9600
MNST,2002-03-07,0.04,0.04,0.04,0.04,1747200
MNST,2002-03-08,0.04,0.04,0.04,0.04,537600
MNST,2002-03-11,0.04,0.04,0.04,0.04,115200
MNST,2002-03-12,0.04,0.04,0.04,0.04,124800
MNST,2002-03-13,0.04,0.04,0.04,0.04,326400
MNST,2002-03-14,0.04,0.04,0.04,0.04,739200
MNST,2002-03-15,0.04,0.04,0.04,0.04,240000
MNST,2002-03-18,0.04,0.04,0.04,0.04,115200
MNST,2002-03-19,0.04,0.04,0.04,0.04,528000
MNST,2002-03-20,0.04,0.04,0.04,0.04,336000
MNST,2002-03-21,0.04,0.04,0.04,0.04,96000
MNST,2002-03-22,0.04,0.04,0.04,0.04,172800
MNST,2002-03-25,0.04,0.04,0.04,0.04,441600
MNST,2002-03-26,0.04,0.04,0.04,0.04,3494400
MNST,2002-03-27,0.04,0.04,0.04,0.04,1094400
MNST,2002-03-28,0.04,0.04,0.04,0.04,4348800
MNST,2002-04-01,0.04,0.04,0.04,0.04,1660800
MNST,2002-04-02,0.04,0.04,0.04,0.04,316800
MNST,2002-04-03,0.04,0.04,0.04,0.04,134400
MNST,2002-04-04,0.04,0.05,0.04,0.04,422400
MNST,2002-04-05,0.04,0.04,0.04,0.04,556800
MNST,2002-04-08,0.04,0.04,0.04,0.04,758400
MNST,2002-04-09,0.05,0.05,0.04,0.05,614400
MNST,2002-04-10,0.04,0.04,0.04,0.04,211200
MNST,2002-04-11,0.04,0.04,0.04,0.04,652800
MNST,2002-04-12,0.04,0.04,0.04,0.04,355200
MNST,2002-04-15,0.04,0.04,0.04,0.04,163200
MNST,2002-04-16,0.04,0.04,0.04,0.04,595200
MNST,2002-04-17,0.04,0.04,0.04,0.04,38400
MNST,2002-04-18,0.04,0.04,0.04,0.04,19200
MNST,2002-04-19,0.04,0.04,0.04,0.04,0
MNST,2002-04-22,0.04,0.04,0.04,0.04,825600
MNST,2002-04-23,0.04,0.04,0.04,0.04,825600
MNST,2002-04-24,0.04,0.04,0.04,0.04,1478400
MNST,2002-04-25,0.04,0.04,0.04,0.04,86400
MNST,2002-04-26,0.04,0.04,0.04,0.04,38400
MNST,2002-04-29,0.04,0.04,0.04,0.04,1094400
MNST,2002-04-30,0.04,0.04,0.04,0.04,576000
MNST,2002-05-01,0.04,0.04,0.04,0.04,105600
MNST,2002-05-02,0.04,0.04,0.04,0.04,816000
MNST,2002-05-03,0.04,0.04,0.04,0.04,585600
MNST,2002-05-06,0.04,0.04,0.04,0.04,163200
MNST,2002-05-07,0.04,0.04,0.04,0.04,259200
MNST,2002-05-08,0.04,0.04,0.04,0.04,67200
MNST,2002-05-09,0.04,0.04,0.04,0.04,451200
MNST,2002-05-10,0.04,0.04,0.04,0.04,768000
MNST,2002-05-13,0.04,0.04,0.04,0.04,288000
MNST,2002-05-14,0.04,0.04,0.04,0.04,38400
MNST,2002-05-15,0.04,0.04,0.04,0.04,259200
MNST,2002-05-16,0.04,0.04,0.04,0.04,134400
MNST,2002-05-17,0.04,0.04,0.04,0.04,1209600
MNST,2002-05-20,0.04,0.04,0.04,0.04,672000
MNST,2002-05-21,0.04,0.04,0.04,0.04,364800
MNST,2002-05-22,0.04,0.04,0.04,0.04,1132800
MNST,2002-05-23,0.04,0.04,0.04,0.04,19200
MNST,2002-05-24,0.04,0.04,0.04,0.04,28800
MNST,2002-05-28,0.04,0.04,0.04,0.04,2073600
MNST,2002-05-29,0.04,0.04,0.04,0.04,28800
MNST,2002-05-30,0.04,0.04,0.04,0.04,2486400
MNST,2002-05-31,0.04,0.04,0.04,0.04,268800
MNST,2002-06-03,0.04,0.04,0.04,0.04,1008000
MNST,2002-06-04,0.04,0.04,0.04,0.04,163200
MNST,2002-06-05,0.04,0.04,0.04,0.04,278400
MNST,2002-06-06,0.04,0.04,0.04,0.04,672000
MNST,2002-06-07,0.04,0.04,0.04,0.04,211200
MNST,2002-06-10,0.04,0.05,0.04,0.04,873600
MNST,2002-06-11,0.04,0.04,0.04,0.04,998400
MNST,2002-06-12,0.04,0.04,0.04,0.04,441600
MNST,2002-06-13,0.04,0.04,0.04,0.04,19200
MNST,2002-06-14,0.04,0.04,0.04,0.04,681600
MNST,2002-06-17,0.04,0.04,0.04,0.04,192000
MNST,2002-06-18,0.04,0.04,0.04,0.04,192000
MNST,2002-06-19,0.04,0.04,0.04,0.04,768000
MNST,2002-06-20,0.04,0.04,0.04,0.04,432000
MNST,2002-06-21,0.04,0.04,0.04,0.04,403200
MNST,2002-06-24,0.04,0.04,0.04,0.04,124800
MNST,2002-06-25,0.04,0.04,0.04,0.04,412800
MNST,2002-06-26,0.04,0.04,0.04,0.04,1094400
MNST,2002-06-27,0.04,0.04,0.04,0.04,393600
MNST,2002-06-28,0.04,0.04,0.04,0.04,259200
MNST,2002-07-01,0.04,0.04,0.04,0.04,268800
MNST,2002-07-02,0.04,0.04,0.04,0.04,1324800
MNST,2002-07-03,0.04,0.04,0.04,0.04,1132800
MNST,2002-07-05,0.04,0.04,0.04,0.04,0
MNST,2002-07-08,0.04,0.04,0.04,0.04,451200
MNST,2002-07-09,0.04,0.04,0.04,0.04,1852800
MNST,2002-07-10,0.04,0.04,0.04,0.04,422400
MNST,2002-07-11,0.04,0.04,0.04,0.04,288000
MNST,2002-07-12,0.04,0.04,0.04,0.04,422400
MNST,2002-07-15,0.04,0.04,0.04,0.04,566400
MNST,2002-07-16,0.04,0.04,0.04,0.04,67200
MNST,2002-07-17,0.04,0.04,0.04,0.04,710400
MNST,2002-07-18,0.04,0.04,0.04,0.04,624000
MNST,2002-07-19,0.04,0.04,0.04,0.04,105600
MNST,2002-07-22,0.04,0.04,0.03,0.04,940800
MNST,2002-07-23,0.04,0.04,0.04,0.04,230400
MNST,2002-07-24,0.04,0.04,0.03,0.04,1622400
MNST,2002-07-25,0.04,0.04,0.03,0.03,3081600
MNST,2002-07-26,0.04,0.04,0.03,0.04,1718400
MNST,2002-07-29,0.04,0.04,0.04,0.04,864000
MNST,2002-07-30,0.04,0.04,0.04,0.04,1248000
MNST,2002-07-31,0.04,0.04,0.04,0.04,873600
MNST,2002-08-01,0.04,0.04,0.04,0.04,528000
MNST,2002-08-02,0.04,0.04,0.04,0.04,76800
MNST,2002-08-05,0.04,0.04,0.04,0.04,412800
MNST,2002-08-06,0.04,0.04,0.04,0.04,537600
MNST,2002-08-07,0.04,0.04,0.04,0.04,393600
MNST,2002-08-08,0.04,0.04,0.04,0.04,28800
MNST,2002-08-09,0.04,0.04,0.04,0.04,297600
MNST,2002-08-12,0.04,0.04,0.04,0.04,969600
MNST,2002-08-13,0.04,0.04,0.04,0.04,220800
MNST,2002-08-14,0.04,0.04,0.04,0.04,115200
MNST,2002-08-15,0.04,0.04,0.04,0.04,480000
MNST,2002-08-16,0.04,0.04,0.04,0.04,355200
MNST,2002-08-19,0.04,0.04,0.04,0.04,1603200
MNST,2002-08-20,0.04,0.04,0.04,0.04,470400
MNST,2002-08-21,0.04,0.04,0.04,0.04,96000
MNST,2002-08-22,0.04,0.04,0.04,0.04,172800
MNST,2002-08-23,0.04,0.04,0.04,0.04,105600
MNST,2002-08-26,0.04,0.04,0.04,0.04,1430400
MNST,2002-08-27,0.04,0.04,0.04,0.04,2764800
MNST,2002-08-28,0.04,0.04,0.04,0.04,681600
MNST,2002-08-29,0.04,0.04,0.04,0.04,67200
MNST,2002-08-30,0.04,0.04,0.04,0.04,288000
MNST,2002-09-03,0.04,0.04,0.04,0.04,662400
MNST,2002-09-04,0.04,0.04,0.04,0.04,240000
MNST,2002-09-05,0.04,0.04,0.04,0.04,374400
MNST,2002-09-06,0.04,0.04,0.04,0.04,595200
MNST,2002-09-09,0.04,0.04,0.04,0.04,163200
MNST,2002-09-10,0.04,0.04,0.04,0.04,528000
MNST,2002-09-11,0.04,0.04,0.04,0.04,364800
MNST,2002-09-12,0.04,0.04,0.04,0.04,182400
MNST,2002-09-13,0.04,0.04,0.04,0.04,614400
MNST,2002-09-16,0.04,0.04,0.04,0.04,768000
MNST,2002-09-17,0.04,0.04,0.04,0.04,604800
MNST,2002-09-18,0.04,0.04,0.04,0.04,662400
MNST,2002-09-19,0.05,0.05,0.04,0.04,691200
MNST,2002-09-20,0.04,0.04,0.04,0.04,556800
MNST,2002-09-23,0.04,0.04,0.04,0.04,96000
MNST,2002-09-24,0.04,0.04,0.04,0.04,201600
MNST,2002-09-25,0.04,0.04,0.04,0.04,259200
MNST,2002-09-26,0.04,0.05,0.04,0.04,96000
MNST,2002-09-27,0.04,0.04,0.04,0.04,124800
MNST,2002-09-30,0.04,0.04,0.04,0.04,374400
MNST,2002-10-01,0.04,0.04,0.04,0.04,316800
MNST,2002-10-02,0.04,0.04,0.04,0.04,1286400
MNST,2002-10-03,0.04,0.04,0.04,0.04,355200
MNST,2002-10-04,0.04,0.04,0.04,0.04,480000
MNST,2002-10-07,0.04,0.04,0.04,0.04,518400
MNST,2002-10-08,0.04,0.04,0.04,0.04,105600
MNST,2002-10-09,0.04,0.04,0.04,0.04,1017600
MNST,2002-10-10,0.04,0.04,0.04,0.04,441600
MNST,2002-10-11,0.04,0.04,0.04,0.04,67200
MNST,2002-10-14,0.04,0.04,0.04,0.04,28800
MNST,2002-10-15,0.04,0.04,0.04,0.04,249600
MNST,2002-10-16,0.04,0.04,0.04,0.04,604800
MNST,2002-10-17,0.04,0.04,0.04,0.04,633600
MNST,2002-10-18,0.04,0.04,0.04,0.04,316800
MNST,2002-10-21,0.04,0.04,0.04,0.04,739200
MNST,2002-10-22,0.04,0.04,0.04,0.04,192000
MNST,2002-10-23,0.04,0.04,0.04,0.04,192000
MNST,2002-10-24,0.04,0.05,0.04,0.04,345600
MNST,2002-10-25,0.04,0.04,0.04,0.04,278400
MNST,2002-10-28,0.04,0.05,0.04,0.05,1180800
MNST,2002-10-29,0.04,0.05,0.04,0.04,153600
MNST,2002-10-30,0.04,0.05,0.04,0.04,288000
MNST,2002-10-31,0.04,0.04,0.04,0.04,528000
MNST,2002-11-01,0.04,0.04,0.04,0.04,182400
MNST,2002-11-04,0.05,0.05,0.04,0.05,1200000
MNST,2002-11-05,0.05,0.05,0.04,0.04,105600
MNST,2002-11-06,0.04,0.04,0.04,0.04,278400
MNST,2002-11-07,0.04,0.04,0.04,0.04,172800
MNST,2002-11-08,0.04,0.04,0.04,0.04,9600
MNST,2002-11-11,0.05,0.05,0.04,0.05,854400
MNST,2002-11-12,0.05,0.05,0.05,0.05,182400
MNST,2002-11-13,0.05,0.05,0.04,0.05,307200
MNST,2002-11-14,0.05,0.05,0.04,0.04,259200
MNST,2002-11-15,0.04,0.04,0.04,0.04,172800
MNST,2002-11-18,0.04,0.04,0.04,0.04,19200
MNST,2002-11-19,0.04,0.04,0.04,0.04,19200
MNST,2002-11-20,0.04,0.04,0.04,0.04,451200
MNST,2002-11-21,0.04,0.04,0.04,0.04,1056000
MNST,2002-11-22,0.04,0.04,0.04,0.04,595200
MNST,2002-11-25,0.04,0.04,0.04,0.04,624000
MNST,2002-11-26,0.04,0.04,0.04,0.04,268800
MNST,2002-11-27,0.04,0.04,0.04,0.04,9600
MNST,2002-11-29,0.04,0.04,0.04,0.04,220800
MNST,2002-12-02,0.04,0.04,0.04,0.04,614400
MNST,2002-12-03,0.04,0.04,0.04,0.04,393600
MNST,2002-12-04,0.04,0.04,0.04,0.04,0
MNST,2002-12-05,0.04,0.04,0.04,0.04,124800
MNST,2002-12-06,0.04,0.04,0.04,0.04,86400
MNST,2002-12-09,0.04,0.04,0.04,0.04,105600
MNST,2002-12-10,0.04,0.04,0.04,0.04,374400
MNST,2002-12-11,0.04,0.04,0.04,0.04,240000
MNST,2002-12-12,0.04,0.04,0.04,0.04,1795200
MNST,2002-12-13,0.04,0.04,0.04,0.04,278400
MNST,2002-12-16,0.04,0.04,0.04,0.04,115200
MNST,2002-12-17,0.04,0.04,0.04,0.04,1660800
MNST,2002-12-18,0.04,0.04,0.04,0.04,662400
MNST,2002-12-19,0.04,0.04,0.04,0.04,115200
MNST,2002-12-20,0.04,0.04,0.04,0.04,576000
MNST,2002-12-23,0.04,0.04,0.04,0.04,403200
MNST,2002-12-24,0.04,0.04,0.04,0.04,0
MNST,2002-12-26,0.04,0.04,0.04,0.04,48000
MNST,2002-12-27,0.04,0.04,0.04,0.04,355200
MNST,2002-12-30,0.04,0.04,0.04,0.04,249600
MNST,2002-12-31,0.04,0.04,0.04,0.04,220800
MNST,2003-01-02,0.04,0.04,0.04,0.04,220800
MNST,2003-01-03,0.04,0.05,0.04,0.04,825600
MNST,2003-01-06,0.05,0.05,0.04,0.04,28800
MNST,2003-01-07,0.04,0.04,0.04,0.04,441600
MNST,2003-01-08,0.04,0.05,0.04,0.04,86400
MNST,2003-01-09,0.04,0.05,0.04,0.04,393600
MNST,2003-01-10,0.04,0.04,0.04,0.04,28800
MNST,2003-01-13,0.04,0.05,0.04,0.05,48000
MNST,2003-01-14,0.04,0.04,0.04,0.04,576000
MNST,2003-01-15,0.04,0.04,0.04,0.04,892800
MNST,2003-01-16,0.04,0.04,0.04,0.04,48000
MNST,2003-01-17,0.04,0.04,0.04,0.04,0
MNST,2003-01-21,0.05,0.05,0.05,0.05,9600
MNST,2003-01-22,0.05,0.05,0.04,0.05,576000
MNST,2003-01-23,0.04,0.05,0.04,0.05,1660800
MNST,2003-01-24,0.05,0.05,0.05,0.05,9600
MNST,2003-01-27,0.05,0.05,0.05,0.05,0
MNST,2003-01-28,0.04,0.05,0.04,0.04,105600
MNST,2003-01-29,0.05,0.05,0.04,0.04,3216000
MNST,2003-01-30,0.05,0.05,0.04,0.04,11644800
MNST,2003-01-31,0.04,0.04,0.04,0.04,0
MNST,2003-02-03,0.05,0.05,0.04,0.04,211200
MNST,2003-02-04,0.05,0.05,0.05,0.05,96000
MNST,2003-02-05,0.04,0.04,0.04,0.04,19200
MNST,2003-02-06,0.04,0.04,0.04,0.04,192000
MNST,2003-02-07,0.04,0.04,0.04,0.04,268800
MNST,2003-02-10,0.04,0.04,0.04,0.04,489600
MNST,2003-02-11,0.04,0.04,0.04,0.04,710400
MNST,2003-02-12,0.04,0.04,0.03,0.04,499200
MNST,2003-02-13,0.04,0.04,0.04,0.04,19200
MNST,2003-02-14,0.04,0.04,0.04,0.04,0
MNST,2003-02-18,0.04,0.04,0.03,0.04,144000
MNST,2003-02-19,0.04,0.04,0.04,0.04,115200
MNST,2003-02-20,0.04,0.04,0.04,0.04,576000
MNST,2003-02-21,0.04,0.04,0.04,0.04,0
MNST,2003-02-24,0.04,0.04,0.04,0.04,192000
MNST,2003-02-25,0.04,0.04,0.04,0.04,364800
MNST,2003-02-26,0.04,0.04,0.04,0.04,384000
MNST,2003-02-27,0.04,0.04,0.04,0.04,115200
MNST,2003-02-28,0.04,0.04,0.04,0.04,192000
MNST,2003-03-03,0.04,0.04,0.04,0.04,268800
MNST,2003-03-04,0.04,0.04,0.04,0.04,211200
MNST,2003-03-05,0.04,0.04,0.04,0.04,28800
MNST,2003-03-06,0.04,0.04,0.04,0.04,0
MNST,2003-03-07,0.04,0.04,0.04,0.04,9600
MNST,2003-03-10,0.04,0.04,0.04,0.04,38400
MNST,2003-03-11,0.04,0.04,0.04,0.04,48000
MNST,2003-03-12,0.04,0.04,0.04,0.04,9600
MNST,2003-03-13,0.04,0.04,0.04,0.04,921600
MNST,2003-03-14,0.04,0.04,0.04,0.04,86400
MNST,2003-03-17,0.04,0.04,0.04,0.04,67200
MNST,2003-03-18,0.04,0.04,0.04,0.04,259200
MNST,2003-03-19,0.04,0.04,0.04,0.04,537600
MNST,2003-03-20,0.04,0.04,0.04,0.04,124800
MNST,2003-03-21,0.04,0.04,0.04,0.04,604800
MNST,2003-03-24,0.04,0.04,0.04,0.04,998400
MNST,2003-03-25,0.04,0.04,0.04,0.04,720000
MNST,2003-03-26,0.04,0.04,0.04,0.04,105600
MNST,2003-03-27,0.04,0.04,0.04,0.04,201600
MNST,2003-03-28,0.04,0.05,0.04,0.04,1353600
MNST,2003-03-31,0.04,0.05,0.04,0.05,451200
MNST,2003-04-01,0.05,0.05,0.04,0.04,652800
MNST,2003-04-02,0.05,0.05,0.04,0.04,614400
MNST,2003-04-03,0.04,0.04,0.04,0.04,105600
MNST,2003-04-04,0.04,0.04,0.04,0.04,48000
MNST,2003-04-07,0.04,0.04,0.04,0.04,1132800
MNST,2003-04-08,0.04,0.04,0.04,0.04,307200
MNST,2003-04-09,0.04,0.04,0.04,0.04,892800
MNST,2003-04-10,0.04,0.04,0.04,0.04,1296000
MNST,2003-04-11,0.04,0.04,0.04,0.04,1449600
MNST,2003-04-14,0.04,0.04,0.04,0.04,172800
MNST,2003-04-15,0.04,0.04,0.04,0.04,249600
MNST,2003-04-16,0.04,0.04,0.04,0.04,278400
MNST,2003-04-17,0.04,0.04,0.04,0.04,163200
MNST,2003-04-21,0.04,0.04,0.04,0.04,211200
MNST,2003-04-22,0.04,0.04,0.04,0.04,48000
MNST,2003-04-23,0.04,0.04,0.04,0.04,96000
MNST,2003-04-24,0.04,0.04,0.04,0.04,499200
MNST,2003-04-25,0.04,0.04,0.04,0.04,700800
MNST,2003-04-28,0.04,0.04,0.04,0.04,0
MNST,2003-04-29,0.04,0.04,0.04,0.04,28800
MNST,2003-04-30,0.04,0.04,0.04,0.04,86400
MNST,2003-05-01,0.04,0.04,0.04,0.04,0
MNST,2003-05-02,0.04,0.04,0.04,0.04,9600
MNST,2003-05-05,0.04,0.04,0.04,0.04,19200
MNST,2003-05-06,0.04,0.04,0.04,0.04,307200
MNST,2003-05-07,0.04,0.04,0.04,0.04,595200
MNST,2003-05-08,0.04,0.04,0.04,0.04,508800
MNST,2003-05-09,0.04,0.04,0.04,0.04,48000
MNST,2003-05-12,0.04,0.05,0.04,0.05,1555200
MNST,2003-05-13,0.04,0.04,0.04,0.04,355200
MNST,2003-05-14,0.04,0.04,0.04,0.04,643200
MNST,2003-05-15,0.04,0.04,0.04,0.04,192000
MNST,2003-05-16,0.04,0.04,0.04,0.04,1862400
MNST,2003-05-19,0.04,0.04,0.04,0.04,268800
MNST,2003-05-20,0.04,0.05,0.04,0.04,624000
MNST,2003-05-21,0.04,0.04,0.04,0.04,57600
MNST,2003-05-22,0.04,0.04,0.04,0.04,0
MNST,2003-05-23,0.04,0.04,0.04,0.04,374400
MNST,2003-05-27,0.04,0.04,0.04,0.04,11116800
MNST,2003-05-28,0.04,0.04,0.04,0.04,931200
MNST,2003-05-29,0.04,0.05,0.04,0.05,412800
MNST,2003-05-30,0.04,0.04,0.04,0.04,38400
MNST,2003-06-02,0.04,0.04,0.04,0.04,307200
MNST,2003-06-03,0.04,0.05,0.04,0.05,2304000
MNST,2003-06-04,0.04,0.04,0.04,0.04,76800
MNST,2003-06-05,0.04,0.04,0.04,0.04,48000
MNST,2003-06-06,0.04,0.04,0.04,0.04,451200
MNST,2003-06-09,0.04,0.04,0.04,0.04,345600
MNST,2003-06-10,0.04,0.05,0.04,0.04,537600
MNST,2003-06-11,0.04,0.05,0.04,0.05,96000
MNST,2003-06-12,0.04,0.05,0.04,0.04,86400
MNST,2003-06-13,0.04,0.05,0.04,0.05,28800
MNST,2003-06-16,0.04,0.04,0.04,0.04,38400
MNST,2003-06-17,0.04,0.05,0.04,0.04,115200
MNST,2003-06-18,0.04,0.04,0.04,0.04,345600
MNST,2003-06-19,0.04,0.04,0.04,0.04,9600
MNST,2003-06-20,0.04,0.04,0.04,0.04,57600
MNST,2003-06-23,0.04,0.04,0.04,0.04,28800
MNST,2003-06-24,0.04,0.04,0.04,0.04,153600
MNST,2003-06-25,0.04,0.04,0.04,0.04,259200
MNST,2003-06-26,0.04,0.04,0.04,0.04,48000
MNST,2003-06-27,0.04,0.04,0.04,0.04,124800
MNST,2003-06-30,0.05,0.05,0.05,0.05,316800
MNST,2003-07-01,0.04,0.04,0.04,0.04,86400
MNST,2003-07-02,0.04,0.05,0.04,0.05,681600
MNST,2003-07-03,0.04,0.04,0.04,0.04,537600
MNST,2003-07-07,0.04,0.05,0.04,0.05,2198400
MNST,2003-07-08,0.04,0.05,0.04,0.05,1008000
MNST,2003-07-09,0.05,0.05,0.05,0.05,1276800
MNST,2003-07-10,0.05,0.05,0.05,0.05,2121600
MNST,2003-07-11,0.05,0.05,0.05,0.05,816000
MNST,2003-07-14,0.05,0.05,0.05,0.05,1478400
MNST,2003-07-15,0.05,0.05,0.05,0.05,1171200
MNST,2003-07-16,0.05,0.06,0.05,0.06,5923200
MNST,2003-07-17,0.06,0.06,0.05,0.05,5030400
MNST,2003-07-18,0.05,0.06,0.05,0.05,1180800
MNST,2003-07-21,0.05,0.05,0.05,0.05,460800
MNST,2003-07-22,0.05,0.05,0.05,0.05,1123200
MNST,2003-07-23,0.05,0.05,0.05,0.05,57600
MNST,2003-07-24,0.05,0.05,0.05,0.05,614400
MNST,2003-07-25,0.05,0.05,0.05,0.05,201600
MNST,2003-07-28,0.05,0.05,0.05,0.05,1132800
MNST,2003-07-29,0.05,0.06,0.05,0.05,1526400
MNST,2003-07-30,0.05,0.05,0.05,0.05,1824000
MNST,2003-07-31,0.05,0.05,0.05,0.05,566400
MNST,2003-08-01,0.05,0.05,0.05,0.05,710400
MNST,2003-08-04,0.05,0.05,0.05,0.05,355200
MNST,2003-08-05,0.05,0.05,0.05,0.05,1708800
MNST,2003-08-06,0.05,0.05,0.05,0.05,508800
MNST,2003-08-07,0.05,0.05,0.05,0.05,326400
MNST,2003-08-08,0.05,0.05,0.05,0.05,412800
MNST,2003-08-11,0.05,0.05,0.05,0.05,259200
MNST,2003-08-12,0.05,0.05,0.05,0.05,1497600
MNST,2003-08-13,0.05,0.06,0.05,0.06,1449600
MNST,2003-08-14,0.06,0.06,0.06,0.06,17376000
MNST,2003-08-15,0.06,0.06,0.06,0.06,2544000
MNST,2003-08-18,0.06,0.06,0.06,0.06,691200
MNST,2003-08-19,0.06,0.06,0.06,0.06,1372800
MNST,2003-08-20,0.06,0.06,0.06,0.06,806400
MNST,2003-08-21,0.06,0.06,0.06,0.06,873600
MNST,2003-08-22,0.06,0.06,0.06,0.06,988800
MNST,2003-08-25,0.06,0.06,0.06,0.06,2035200
MNST,2003-08-26,0.06,0.06,0.06,0.06,950400
MNST,2003-08-27,0.06,0.06,0.06,0.06,681600
MNST,2003-08-28,0.06,0.06,0.06,0.06,144000
MNST,2003-08-29,0.06,0.06,0.06,0.06,1046400
MNST,2003-09-02,0.06,0.06,0.06,0.06,1372800
MNST,2003-09-03,0.06,0.06,0.06,0.06,902400
MNST,2003-09-04,0.06,0.06,0.06,0.06,336000
MNST,2003-09-05,0.06,0.06,0.06,0.06,854400
MNST,2003-09-08,0.06,0.06,0.06,0.06,1238400
MNST,2003-09-09,0.06,0.06,0.06,0.06,960000
MNST,2003-09-10,0.06,0.06,0.06,0.06,240000
MNST,2003-09-11,0.06,0.06,0.06,0.06,96000
MNST,2003-09-12,0.06,0.06,0.06,0.06,1555200
MNST,2003-09-15,0.06,0.06,0.06,0.06,864000
MNST,2003-09-16,0.06,0.06,0.06,0.06,969600
MNST,2003-09-17,0.06,0.06,0.06,0.06,268800
MNST,2003-09-18,0.06,0.06,0.06,0.06,172800
MNST,2003-09-19,0.06,0.06,0.06,0.06,489600
MNST,2003-09-22,0.06,0.06,0.06,0.06,1939200
MNST,2003-09-23,0.06,0.06,0.06,0.06,172800
MNST,2003-09-24,0.06,0.06,0.06,0.06,796800
MNST,2003-09-25,0.06,0.06,0.06,0.06,499200
MNST,2003-09-26,0.06,0.06,0.06,0.06,691200
MNST,2003-09-29,0.06,0.06,0.06,0.06,816000
MNST,2003-09-30,0.06,0.06,0.06,0.06,556800
MNST,2003-10-01,0.06,0.06,0.06,0.06,1612800
MNST,2003-10-02,0.06,0.06,0.06,0.06,1276800
MNST,2003-10-03,0.06,0.06,0.06,0.06,19200
MNST,2003-10-06,0.06,0.06,0.06,0.06,268800
MNST,2003-10-07,0.06,0.06,0.06,0.06,316800
MNST,2003-10-08,0.06,0.06,0.06,0.06,1641600
MNST,2003-10-09,0.06,0.07,0.06,0.07,9216000
MNST,2003-10-10,0.07,0.07,0.07,0.07,3081600
MNST,2003-10-13,0.07,0.07,0.07,0.07,4435200
MNST,2003-10-14,0.07,0.08,0.07,0.07,1728000
MNST,2003-10-15,0.07,0.07,0.07,0.07,892800
MNST,2003-10-16,0.07,0.07,0.07,0.07,3052800
MNST,2003-10-17,0.07,0.07,0.07,0.07,2188800
MNST,2003-10-20,0.07,0.07,0.07,0.07,6096000
MNST,2003-10-21,0.07,0.07,0.07,0.07,3523200
MNST,2003-10-22,0.07,0.07,0.07,0.07,230400
MNST,2003-10-23,0.07,0.07,0.07,0.07,288000
MNST,2003-10-24,0.07,0.07,0.07,0.07,595200
MNST,2003-10-27,0.07,0.07,0.07,0.07,326400
MNST,2003-10-28,0.07,0.07,0.07,0.07,691200
MNST,2003-10-29,0.07,0.07,0.07,0.07,595200
MNST,2003-10-30,0.07,0.07,0.07,0.07,0
MNST,2003-10-31,0.07,0.07,0.07,0.07,364800
MNST,2003-11-03,0.07,0.07,0.07,0.07,2592000
MNST,2003-11-04,0.07,0.07,0.07,0.07,1392000
MNST,2003-11-05,0.07,0.07,0.07,0.07,403200
MNST,2003-11-06,0.07,0.07,0.07,0.07,355200
MNST,2003-11-07,0.07,0.07,0.07,0.07,2198400
MNST,2003-11-10,0.07,0.08,0.07,0.07,691200
MNST,2003-11-11,0.07,0.08,0.07,0.08,2380800
MNST,2003-11-12,0.07,0.08,0.07,0.07,1363200
MNST,2003-11-13,0.08,0.1,0.08,0.09,22924800
MNST,2003-11-14,0.09,0.09,0.09,0.09,7008000
MNST,2003-11-17,0.09,0.09,0.09,0.09,3072000
MNST,2003-11-18,0.09,0.09,0.09,0.09,3321600
MNST,2003-11-19,0.09,0.09,0.09,0.09,1430400
MNST,2003-11-20,0.09,0.09,0.09,0.09,1248000
MNST,2003-11-21,0.09,0.09,0.09,0.09,1190400
MNST,2003-11-24,0.09,0.09,0.09,0.09,1641600
MNST,2003-11-25,0.09,0.09,0.09,0.09,672000
MNST,2003-11-26,0.09,0.09,0.09,0.09,1478400
MNST,2003-11-28,0.09,0.09,0.09,0.09,892800
MNST,2003-12-01,0.09,0.09,0.09,0.09,4108800
MNST,2003-12-02,0.09,0.09,0.09,0.09,547200
MNST,2003-12-03,0.09,0.09,0.09,0.09,2102400
MNST,2003-12-04,0.09,0.09,0.09,0.09,2025600
MNST,2003-12-05,0.09,0.09,0.09,0.09,1516800
MNST,2003-12-08,0.09,0.09,0.09,0.09,2400000
MNST,2003-12-09,0.09,0.09,0.09,0.09,2371200
MNST,2003-12-10,0.09,0.09,0.09,0.09,1017600
MNST,2003-12-11,0.09,0.09,0.09,0.09,4915200
MNST,2003-12-12,0.09,0.09,0.09,0.09,5174400
MNST,2003-12-15,0.09,0.09,0.09,0.09,633600
MNST,2003-12-16,0.09,0.09,0.09,0.09,2966400
MNST,2003-12-17,0.09,0.09,0.09,0.09,681600
MNST,2003-12-18,0.09,0.09,0.09,0.09,297600
MNST,2003-12-19,0.09,0.09,0.09,0.09,921600
MNST,2003-12-22,0.09,0.09,0.09,0.09,547200
MNST,2003-12-23,0.09,0.09,0.09,0.09,921600
MNST,2003-12-24,0.09,0.09,0.09,0.09,768000
MNST,2003-12-26,0.09,0.09,0.09,0.09,240000
MNST,2003-12-29,0.09,0.09,0.09,0.09,1190400
MNST,2003-12-30,0.09,0.09,0.09,0.09,720000
MNST,2003-12-31,0.09,0.09,0.09,0.09,979200
MNST,2004-01-02,0.09,0.09,0.09,0.09,432000
MNST,2004-01-05,0.09,0.09,0.09,0.09,288000
MNST,2004-01-06,0.09,0.09,0.09,0.09,921600
MNST,2004-01-07,0.09,0.09,0.08,0.09,6220800
MNST,2004-01-08,0.08,0.08,0.08,0.08,710400
MNST,2004-01-09,0.08,0.09,0.08,0.08,1545600
MNST,2004-01-12,0.08,0.09,0.08,0.08,1776000
MNST,2004-01-13,0.08,0.09,0.08,0.09,566400
MNST,2004-01-14,0.09,0.09,0.08,0.08,3408000
MNST,2004-01-15,0.09,0.09,0.08,0.08,4867200
MNST,2004-01-16,0.09,0.09,0.08,0.09,422400
MNST,2004-01-20,0.09,0.09,0.08,0.09,2044800
MNST,2004-01-21,0.09,0.1,0.09,0.1,5328000
MNST,2004-01-22,0.1,0.1,0.1,0.1,5040000
MNST,2004-01-23,0.1,0.1,0.1,0.1,979200
MNST,2004-01-26,0.1,0.1,0.1,0.1,1027200
MNST,2004-01-27,0.1,0.1,0.1,0.1,777600
MNST,2004-01-28,0.09,0.1,0.09,0.1,1766400
MNST,2004-01-29,0.09,0.1,0.09,0.1,1334400
MNST,2004-01-30,0.1,0.1,0.09,0.09,1296000
MNST,2004-02-02,0.09,0.11,0.09,0.1,8092800
MNST,2004-02-03,0.11,0.11,0.1,0.11,9657600
MNST,2004-02-04,0.11,0.11,0.11,0.11,2592000
MNST,2004-02-05,0.11,0.11,0.1,0.1,3465600
MNST,2004-02-06,0.1,0.11,0.1,0.1,1680000
MNST,2004-02-09,0.1,0.11,0.1,0.11,3868800
MNST,2004-02-10,0.11,0.11,0.11,0.11,1267200
MNST,2004-02-11,0.11,0.11,0.1,0.11,2208000
MNST,2004-02-12,0.11,0.11,0.1,0.11,1680000
MNST,2004-02-13,0.11,0.12,0.11,0.12,3244800
MNST,2004-02-17,0.12,0.12,0.11,0.12,4396800
MNST,2004-02-18,0.12,0.14,0.12,0.13,9619200
MNST,2004-02-19,0.13,0.13,0.13,0.13,5078400
MNST,2004-02-20,0.13,0.13,0.13,0.13,2860800
MNST,2004-02-23,0.13,0.13,0.12,0.12,4435200
MNST,2004-02-24,0.12,0.12,0.11,0.12,1891200
MNST,2004-02-25,0.11,0.12,0.11,0.12,969600
MNST,2004-02-26,0.12,0.12,0.12,0.12,566400
MNST,2004-02-27,0.12,0.12,0.12,0.12,1468800
MNST,2004-03-01,0.12,0.13,0.12,0.12,1728000
MNST,2004-03-02,0.12,0.12,0.12,0.12,873600
MNST,2004-03-03,0.12,0.13,0.12,0.13,2985600
MNST,2004-03-04,0.14,0.15,0.13,0.14,8486400
MNST,2004-03-05,0.14,0.15,0.14,0.15,4118400
MNST,2004-03-08,0.15,0.15,0.14,0.14,3235200
MNST,2004-03-09,0.14,0.14,0.14,0.14,1430400
MNST,2004-03-10,0.14,0.16,0.14,0.15,5078400
MNST,2004-03-11,0.15,0.15,0.13,0.14,5702400
MNST,2004-03-12,0.13,0.14,0.13,0.14,1920000
MNST,2004-03-15,0.14,0.15,0.14,0.14,5721600
MNST,2004-03-16,0.15,0.15,0.14,0.14,1881600
MNST,2004-03-17,0.14,0.14,0.14,0.14,2304000
MNST,2004-03-18,0.14,0.15,0.14,0.14,1603200
MNST,2004-03-19,0.14,0.14,0.14,0.14,2208000
MNST,2004-03-22,0.14,0.14,0.12,0.12,9840000
MNST,2004-03-23,0.12,0.12,0.11,0.12,12864000
MNST,2004-03-24,0.11,0.13,0.11,0.12,9571200
MNST,2004-03-25,0.12,0.13,0.12,0.13,3436800
MNST,2004-03-26,0.13,0.13,0.13,0.13,3100800
MNST,2004-03-29,0.14,0.14,0.13,0.13,5596800
MNST,2004-03-30,0.13,0.14,0.13,0.13,4886400
MNST,2004-03-31,0.13,0.15,0.13,0.15,6326400
MNST,2004-04-01,0.15,0.16,0.14,0.16,10310400
MNST,2004-04-02,0.18,0.18,0.15,0.15,12336000
MNST,2004-04-05,0.15,0.15,0.15,0.15,6729600
MNST,2004-04-06,0.15,0.15,0.15,0.15,3177600
MNST,2004-04-07,0.15,0.15,0.15,0.15,2083200
MNST,2004-04-08,0.15,0.16,0.15,0.15,2956800
MNST,2004-04-12,0.15,0.16,0.15,0.16,3782400
MNST,2004-04-13,0.16,0.16,0.16,0.16,2112000
MNST,2004-04-14,0.16,0.16,0.15,0.16,2179200
MNST,2004-04-15,0.16,0.16,0.15,0.15,1843200
MNST,2004-04-16,0.15,0.16,0.15,0.15,1075200
MNST,2004-04-19,0.15,0.16,0.15,0.15,835200
MNST,2004-04-20,0.15,0.16,0.15,0.15,2054400
MNST,2004-04-21,0.15,0.15,0.15,0.15,2265600
MNST,2004-04-22,0.15,0.16,0.15,0.16,2083200
MNST,2004-04-23,0.16,0.16,0.14,0.15,6086400
MNST,2004-04-26,0.14,0.16,0.14,0.15,5971200
MNST,2004-04-27,0.15,0.16,0.15,0.15,3216000
MNST,2004-04-28,0.15,0.15,0.15,0.15,816000
MNST,2004-04-29,0.15,0.15,0.14,0.14,3523200
MNST,2004-04-30,0.14,0.15,0.14,0.15,2236800
MNST,2004-05-03,0.14,0.15,0.14,0.14,2476800
MNST,2004-05-04,0.14,0.15,0.14,0.15,2140800
MNST,2004-05-05,0.15,0.15,0.14,0.14,7056000
MNST,2004-05-06,0.15,0.18,0.14,0.17,33302400
MNST,2004-05-07,0.17,0.21,0.16,0.21,82483200
MNST,2004-05-10,0.2,0.21,0.18,0.2,64876800
MNST,2004-05-11,0.21,0.23,0.2,0.22,49526400
MNST,2004-05-12,0.21,0.22,0.2,0.21,26832000
MNST,2004-05-13,0.21,0.21,0.19,0.2,14544000
MNST,2004-05-14,0.2,0.21,0.19,0.21,21792000
MNST,2004-05-17,0.2,0.23,0.19,0.22,43977600
MNST,2004-05-18,0.23,0.23,0.21,0.22,39513600
MNST,2004-05-19,0.23,0.23,0.21,0.22,16598400
MNST,2004-05-20,0.22,0.22,0.21,0.22,15446400
MNST,2004-05-21,0.23,0.24,0.22,0.24,50323200
MNST,2004-05-24,0.26,0.27,0.25,0.26,63292800
MNST,2004-05-25,0.26,0.26,0.24,0.25,42931200
MNST,2004-05-26,0.25,0.26,0.24,0.26,19862400
MNST,2004-05-27,0.26,0.28,0.25,0.28,62870400
MNST,2004-05-28,0.28,0.28,0.26,0.27,33398400
MNST,2004-06-01,0.28,0.28,0.24,0.26,66211200
MNST,2004-06-02,0.25,0.27,0.25,0.26,94492800
MNST,2004-06-03,0.24,0.25,0.23,0.24,112963200
MNST,2004-06-04,0.24,0.25,0.22,0.23,48768000
MNST,2004-06-07,0.22,0.24,0.22,0.24,45148800
MNST,2004-06-08,0.24,0.24,0.23,0.23,15302400
MNST,2004-06-09,0.23,0.23,0.22,0.23,17702400
MNST,2004-06-10,0.23,0.25,0.23,0.24,32784000
MNST,2004-06-14,0.24,0.26,0.23,0.26,51091200
MNST,2004-06-15,0.26,0.26,0.25,0.26,26361600
MNST,2004-06-16,0.26,0.26,0.25,0.26,20102400
MNST,2004-06-17,0.26,0.28,0.26,0.27,38208000
MNST,2004-06-18,0.28,0.3,0.27,0.28,75792000
MNST,2004-06-21,0.29,0.3,0.25,0.25,97987200
MNST,2004-06-22,0.25,0.25,0.23,0.25,72153600
MNST,2004-06-23,0.25,0.26,0.24,0.25,27350400
MNST,2004-06-24,0.25,0.26,0.25,0.25,17059200
MNST,2004-06-25,0.25,0.26,0.25,0.26,59558400
MNST,2004-06-28,0.27,0.28,0.26,0.26,30230400
MNST,2004-06-29,0.27,0.27,0.25,0.25,14784000
MNST,2004-06-30,0.25,0.26,0.25,0.26,18960000
MNST,2004-07-01,0.26,0.26,0.25,0.26,12307200
MNST,2004-07-02,0.26,0.26,0.25,0.25,7123200
MNST,2004-07-06,0.25,0.25,0.23,0.24,32236800
MNST,2004-07-07,0.24,0.24,0.22,0.24,53596800
MNST,2004-07-08,0.24,0.24,0.23,0.23,13718400
MNST,2004-07-09,0.23,0.23,0.21,0.21,26918400
MNST,2004-07-12,0.21,0.22,0.18,0.2,72019200
MNST,2004-07-13,0.2,0.21,0.19,0.2,28790400
MNST,2004-07-14,0.19,0.2,0.19,0.19,18288000
MNST,2004-07-15,0.19,0.2,0.18,0.19,12864000
MNST,2004-07-16,0.2,0.22,0.19,0.21,69868800
MNST,2004-07-19,0.21,0.22,0.2,0.2,53001600
MNST,2004-07-20,0.2,0.21,0.2,0.21,18086400
MNST,2004-07-21,0.21,0.21,0.2,0.21,11510400
MNST,2004-07-22,0.21,0.22,0.2,0.2,16416000
MNST,2004-07-23,0.2,0.2,0.19,0.19,9321600
MNST,2004-07-26,0.19,0.2,0.19,0.2,15168000
MNST,2004-07-27,0.2,0.21,0.2,0.2,12364800
MNST,2004-07-28,0.2,0.2,0.19,0.2,14716800
MNST,2004-07-29,0.2,0.21,0.2,0.21,9523200
MNST,2004-07-30,0.21,0.22,0.21,0.21,14361600
MNST,2004-08-02,0.21,0.23,0.21,0.21,15580800
MNST,2004-08-03,0.21,0.21,0.21,0.21,12844800
MNST,2004-08-04,0.21,0.22,0.21,0.22,19046400
MNST,2004-08-05,0.25,0.26,0.24,0.25,96086400
MNST,2004-08-06,0.23,0.25,0.23,0.24,25392000
MNST,2004-08-09,0.24,0.25,0.24,0.25,18480000
MNST,2004-08-10,0.25,0.25,0.24,0.25,22982400
MNST,2004-08-11,0.24,0.24,0.23,0.24,22972800
MNST,2004-08-12,0.24,0.24,0.23,0.24,7852800
MNST,2004-08-13,0.24,0.24,0.22,0.23,16147200
MNST,2004-08-16,0.23,0.23,0.2,0.2,33878400
MNST,2004-08-17,0.21,0.22,0.2,0.21,22454400
MNST,2004-08-18,0.2,0.23,0.2,0.23,24144000
MNST,2004-08-19,0.22,0.23,0.22,0.22,7180800
MNST,2004-08-20,0.22,0.23,0.22,0.23,9619200
MNST,2004-08-23,0.23,0.25,0.23,0.24,18595200
MNST,2004-08-24,0.25,0.25,0.24,0.25,14092800
MNST,2004-08-25,0.25,0.25,0.24,0.25,9331200
MNST,2004-08-26,0.25,0.25,0.24,0.24,6960000
MNST,2004-08-27,0.25,0.25,0.24,0.24,5116800
MNST,2004-08-30,0.24,0.24,0.24,0.24,8121600
MNST,2004-08-31,0.25,0.25,0.24,0.25,9628800
MNST,2004-09-01,0.25,0.28,0.25,0.28,86131200
MNST,2004-09-02,0.28,0.29,0.27,0.29,74649600
MNST,2004-09-03,0.29,0.29,0.27,0.28,21177600
MNST,2004-09-07,0.29,0.3,0.28,0.28,69792000
MNST,2004-09-08,0.29,0.29,0.28,0.28,18672000
MNST,2004-09-09,0.29,0.29,0.27,0.27,35712000
MNST,2004-09-10,0.28,0.3,0.27,0.3,47635200
MNST,2004-09-13,0.31,0.32,0.26,0.27,197481600
MNST,2004-09-14,0.26,0.28,0.26,0.27,53702400
MNST,2004-09-15,0.27,0.27,0.25,0.26,30576000
MNST,2004-09-16,0.26,0.27,0.26,0.26,20544000
MNST,2004-09-17,0.26,0.27,0.24,0.24,45657600
MNST,2004-09-20,0.24,0.26,0.24,0.25,31286400
MNST,2004-09-21,0.26,0.26,0.24,0.24,50121600
MNST,2004-09-22,0.24,0.25,0.24,0.24,28502400
MNST,2004-09-23,0.24,0.25,0.24,0.24,11203200
MNST,2004-09-24,0.24,0.26,0.24,0.25,14908800
MNST,2004-09-27,0.25,0.25,0.25,0.25,16281600
MNST,2004-09-28,0.25,0.26,0.25,0.25,8371200
MNST,2004-09-29,0.25,0.25,0.25,0.25,10041600
MNST,2004-09-30,0.25,0.25,0.25,0.25,9148800
MNST,2004-10-01,0.25,0.27,0.25,0.26,31248000
MNST,2004-10-04,0.26,0.28,0.26,0.27,29040000
MNST,2004-10-05,0.27,0.27,0.26,0.26,7478400
MNST,2004-10-06,0.26,0.27,0.26,0.27,8736000
MNST,2004-10-07,0.27,0.27,0.27,0.27,7536000
MNST,2004-10-08,0.27,0.27,0.26,0.26,6547200
MNST,2004-10-11,0.26,0.27,0.25,0.26,12643200
MNST,2004-10-12,0.26,0.26,0.26,0.26,7536000
MNST,2004-10-13,0.26,0.26,0.26,0.26,8899200
MNST,2004-10-14,0.26,0.26,0.24,0.24,16771200
MNST,2004-10-15,0.24,0.25,0.24,0.25,20851200
MNST,2004-10-18,0.25,0.26,0.25,0.25,8428800
MNST,2004-10-19,0.26,0.26,0.25,0.26,8409600
MNST,2004-10-20,0.26,0.26,0.25,0.26,6211200
MNST,2004-10-21,0.27,0.27,0.26,0.26,5395200
MNST,2004-10-22,0.26,0.27,0.26,0.26,3619200
MNST,2004-10-25,0.26,0.27,0.26,0.27,6528000
MNST,2004-10-26,0.27,0.27,0.26,0.27,7747200
MNST,2004-10-27,0.27,0.28,0.26,0.27,12451200
MNST,2004-10-28,0.27,0.28,0.27,0.28,6384000
MNST,2004-10-29,0.28,0.28,0.27,0.28,4627200
MNST,2004-11-01,0.28,0.28,0.26,0.26,8524800
MNST,2004-11-02,0.27,0.28,0.26,0.28,12566400
MNST,2004-11-03,0.28,0.29,0.28,0.29,26860800
MNST,2004-11-04,0.31,0.31,0.27,0.27,102739200
MNST,2004-11-05,0.27,0.28,0.27,0.27,15187200
MNST,2004-11-08,0.27,0.28,0.27,0.28,10176000
MNST,2004-11-09,0.28,0.28,0.27,0.28,13209600
MNST,2004-11-10,0.28,0.3,0.28,0.3,37833600
MNST,2004-11-11,0.3,0.33,0.3,0.32,77164800
MNST,2004-11-12,0.32,0.34,0.32,0.33,74044800
MNST,2004-11-15,0.33,0.33,0.32,0.33,21897600
MNST,2004-11-16,0.33,0.33,0.32,0.32,16281600
MNST,2004-11-17,0.33,0.33,0.3,0.31,52329600
MNST,2004-11-18,0.3,0.33,0.3,0.32,43584000
MNST,2004-11-19,0.32,0.34,0.31,0.33,17875200
MNST,2004-11-22,0.33,0.33,0.32,0.33,8419200
MNST,2004-11-23,0.33,0.35,0.32,0.35,25142400
MNST,2004-11-24,0.35,0.36,0.34,0.36,16617600
MNST,2004-11-26,0.36,0.36,0.35,0.35,6297600
MNST,2004-11-29,0.36,0.36,0.35,0.35,13680000
MNST,2004-11-30,0.36,0.36,0.35,0.35,14409600
MNST,2004-12-01,0.35,0.36,0.35,0.36,23107200
MNST,2004-12-02,0.36,0.36,0.36,0.36,12931200
MNST,2004-12-03,0.36,0.37,0.35,0.36,8611200
MNST,2004-12-06,0.36,0.37,0.36,0.37,8659200
MNST,2004-12-07,0.37,0.37,0.34,0.34,17932800
MNST,2004-12-08,0.34,0.35,0.33,0.35,14294400
MNST,2004-12-09,0.34,0.35,0.33,0.34,8515200
MNST,2004-12-10,0.35,0.35,0.34,0.34,5990400
MNST,2004-12-13,0.34,0.35,0.34,0.35,9004800
MNST,2004-12-14,0.35,0.35,0.34,0.34,8246400
MNST,2004-12-15,0.35,0.35,0.34,0.35,5212800
MNST,2004-12-16,0.35,0.35,0.34,0.34,7881600
MNST,2004-12-17,0.34,0.34,0.34,0.34,7104000
MNST,2004-12-20,0.34,0.35,0.33,0.34,7353600
MNST,2004-12-21,0.34,0.34,0.32,0.34,14707200
MNST,2004-12-22,0.34,0.34,0.34,0.34,3657600
MNST,2004-12-23,0.34,0.35,0.34,0.35,22252800
MNST,2004-12-27,0.36,0.36,0.36,0.36,23664000
MNST,2004-12-28,0.36,0.37,0.36,0.36,22464000
MNST,2004-12-29,0.37,0.38,0.37,0.37,21676800
MNST,2004-12-30,0.37,0.38,0.36,0.37,7881600
MNST,2004-12-31,0.38,0.38,0.37,0.38,7948800
MNST,2005-01-03,0.39,0.39,0.37,0.38,17059200
MNST,2005-01-04,0.38,0.38,0.36,0.37,23443200
MNST,2005-01-05,0.36,0.37,0.34,0.35,26649600
MNST,2005-01-06,0.35,0.36,0.34,0.36,15081600
MNST,2005-01-07,0.36,0.36,0.35,0.35,9206400
MNST,2005-01-10,0.35,0.37,0.35,0.36,13152000
MNST,2005-01-11,0.36,0.36,0.35,0.36,12374400
MNST,2005-01-12,0.36,0.36,0.35,0.36,15945600
MNST,2005-01-13,0.36,0.38,0.36,0.37,16531200
MNST,2005-01-14,0.38,0.39,0.37,0.39,14649600
MNST,2005-01-18,0.39,0.41,0.38,0.41,31113600
MNST,2005-01-19,0.41,0.41,0.4,0.4,16473600
MNST,2005-01-20,0.4,0.4,0.38,0.38,14236800
MNST,2005-01-21,0.39,0.4,0.38,0.39,7977600
MNST,2005-01-24,0.39,0.4,0.38,0.4,18240000
MNST,2005-01-25,0.4,0.41,0.4,0.41,11011200
MNST,2005-01-26,0.41,0.41,0.4,0.4,15984000
MNST,2005-01-27,0.4,0.42,0.4,0.41,13036800
MNST,2005-01-28,0.41,0.43,0.41,0.42,24009600
MNST,2005-01-31,0.43,0.44,0.42,0.43,32736000
MNST,2005-02-01,0.43,0.45,0.43,0.45,29433600
MNST,2005-02-02,0.46,0.46,0.44,0.45,26294400
MNST,2005-02-03,0.45,0.46,0.45,0.46,22012800
MNST,2005-02-04,0.47,0.48,0.46,0.48,19603200
MNST,2005-02-07,0.48,0.49,0.48,0.49,23155200
MNST,2005-02-08,0.49,0.49,0.41,0.42,111225600
MNST,2005-02-09,0.41,0.42,0.39,0.4,76809600
MNST,2005-02-10,0.39,0.43,0.39,0.41,45120000
MNST,2005-02-11,0.41,0.41,0.39,0.41,25084800
MNST,2005-02-14,0.42,0.45,0.42,0.45,43152000
MNST,2005-02-15,0.46,0.46,0.44,0.45,31747200
MNST,2005-02-16,0.45,0.45,0.43,0.44,31785600
MNST,2005-02-17,0.44,0.45,0.42,0.42,11952000
MNST,2005-02-18,0.42,0.43,0.41,0.42,18528000
MNST,2005-02-22,0.42,0.42,0.4,0.4,16387200
MNST,2005-02-23,0.4,0.42,0.4,0.41,18470400
MNST,2005-02-24,0.42,0.45,0.41,0.45,33321600
MNST,2005-02-25,0.45,0.46,0.44,0.46,21763200
MNST,2005-02-28,0.46,0.47,0.44,0.46,11865600
MNST,2005-03-01,0.46,0.47,0.46,0.47,16915200
MNST,2005-03-02,0.47,0.48,0.46,0.48,13680000
MNST,2005-03-03,0.48,0.49,0.47,0.48,11328000
MNST,2005-03-04,0.49,0.49,0.47,0.48,12950400
MNST,2005-03-07,0.48,0.48,0.46,0.47,13958400
MNST,2005-03-08,0.47,0.48,0.45,0.47,11644800
MNST,2005-03-09,0.46,0.47,0.44,0.44,27446400
MNST,2005-03-10,0.44,0.45,0.42,0.43,29001600
MNST,2005-03-11,0.43,0.46,0.43,0.45,43276800
MNST,2005-03-14,0.49,0.57,0.48,0.57,313132800
MNST,2005-03-15,0.57,0.61,0.55,0.61,170784000
MNST,2005-03-16,0.6,0.6,0.57,0.58,80707200
MNST,2005-03-17,0.59,0.61,0.57,0.6,37929600
MNST,2005-03-18,0.59,0.6,0.57,0.58,38889600
MNST,2005-03-21,0.58,0.58,0.55,0.56,33724800
MNST,2005-03-22,0.56,0.57,0.54,0.55,32841600
MNST,2005-03-23,0.54,0.56,0.54,0.55,18720000
MNST,2005-03-24,0.56,0.62,0.55,0.62,109248000
MNST,2005-03-28,0.62,0.63,0.58,0.61,73939200
MNST,2005-03-29,0.61,0.63,0.59,0.59,74102400
MNST,2005-03-30,0.59,0.62,0.59,0.62,38553600
MNST,2005-03-31,0.62,0.63,0.6,0.62,68112000
MNST,2005-04-01,0.63,0.64,0.61,0.61,40608000
MNST,2005-04-04,0.62,0.64,0.61,0.63,35452800
MNST,2005-04-05,0.63,0.64,0.62,0.64,23702400
MNST,2005-04-06,0.64,0.64,0.62,0.63,20496000
MNST,2005-04-07,0.63,0.63,0.62,0.63,10579200
MNST,2005-04-08,0.63,0.64,0.61,0.62,16425600
MNST,2005-04-11,0.62,0.63,0.6,0.61,20803200
MNST,2005-04-12,0.61,0.61,0.58,0.6,34195200
MNST,2005-04-13,0.6,0.6,0.59,0.59,14774400
MNST,2005-04-14,0.59,0.59,0.57,0.58,24480000
MNST,2005-04-15,0.57,0.58,0.55,0.56,20995200
MNST,2005-04-18,0.56,0.59,0.55,0.57,46185600
MNST,2005-04-19,0.58,0.59,0.54,0.56,47942400
MNST,2005-04-20,0.57,0.57,0.55,0.55,22281600
MNST,2005-04-21,0.56,0.59,0.56,0.58,36326400
MNST,2005-04-22,0.59,0.59,0.57,0.57,27926400
MNST,2005-04-25,0.58,0.65,0.58,0.65,125232000
MNST,2005-04-26,0.65,0.66,0.61,0.62,69936000
MNST,2005-04-27,0.61,0.63,0.6,0.62,39004800
MNST,2005-04-28,0.62,0.63,0.57,0.58,68457600
MNST,2005-04-29,0.59,0.6,0.56,0.59,46963200
MNST,2005-05-02,0.6,0.64,0.6,0.64,78480000
MNST,2005-05-03,0.65,0.69,0.63,0.68,141840000
MNST,2005-05-04,0.69,0.7,0.66,0.69,72201600
MNST,2005-05-05,0.7,0.71,0.67,0.68,68803200
MNST,2005-05-06,0.68,0.7,0.67,0.69,58550400
MNST,2005-05-09,0.71,0.73,0.69,0.73,101702400
MNST,2005-05-10,0.76,0.77,0.7,0.71,355209600
MNST,2005-05-11,0.72,0.72,0.67,0.71,178310400
MNST,2005-05-12,0.7,0.72,0.68,0.69,144710400
MNST,2005-05-13,0.68,0.68,0.64,0.65,141628800
MNST,2005-05-16,0.65,0.7,0.65,0.69,90931200
MNST,2005-05-17,0.69,0.71,0.69,0.7,65904000
MNST,2005-05-18,0.71,0.73,0.69,0.72,58704000
MNST,2005-05-19,0.73,0.73,0.71,0.72,35424000
MNST,2005-05-20,0.72,0.73,0.71,0.72,25027200
MNST,2005-05-23,0.73,0.75,0.72,0.75,56947200
MNST,2005-05-24,0.75,0.75,0.72,0.73,32889600
MNST,2005-05-25,0.74,0.74,0.72,0.72,29875200
MNST,2005-05-26,0.72,0.75,0.72,0.73,25603200
MNST,2005-05-27,0.74,0.74,0.73,0.74,11001600
MNST,2005-05-31,0.74,0.78,0.73,0.78,53318400
MNST,2005-06-01,0.78,0.8,0.76,0.77,61680000
MNST,2005-06-02,0.78,0.79,0.77,0.78,21811200
MNST,2005-06-03,0.78,0.8,0.76,0.77,32275200
MNST,2005-06-06,0.77,0.82,0.77,0.82,56774400
MNST,2005-06-07,0.82,0.84,0.81,0.84,59769600
MNST,2005-06-08,0.84,0.86,0.81,0.82,49555200
MNST,2005-06-09,0.82,0.85,0.81,0.85,32716800
MNST,2005-06-10,0.85,0.86,0.83,0.85,36019200
MNST,2005-06-13,0.86,0.86,0.84,0.84,32841600
MNST,2005-06-14,0.84,0.85,0.84,0.85,15369600
MNST,2005-06-15,0.84,0.85,0.84,0.84,37833600
MNST,2005-06-16,0.84,0.85,0.82,0.85,28617600
MNST,2005-06-17,0.85,0.85,0.84,0.85,14966400
MNST,2005-06-20,0.84,0.85,0.82,0.84,25958400
MNST,2005-06-21,0.84,0.9,0.84,0.89,79382400
MNST,2005-06-22,0.9,0.92,0.88,0.88,30912000
MNST,2005-06-23,0.89,0.89,0.85,0.86,19219200
MNST,2005-06-24,0.86,0.86,0.79,0.84,77145600
MNST,2005-06-27,0.84,0.87,0.82,0.87,36057600
MNST,2005-06-28,0.87,0.9,0.86,0.89,36105600
MNST,2005-06-29,0.9,0.91,0.88,0.9,31382400
MNST,2005-06-30,0.9,0.92,0.88,0.88,41174400
MNST,2005-07-01,0.9,0.9,0.86,0.88,21763200
MNST,2005-07-05,0.89,0.94,0.88,0.93,34886400
MNST,2005-07-06,0.94,0.94,0.91,0.92,21888000
MNST,2005-07-07,0.91,0.93,0.9,0.92,22252800
MNST,2005-07-08,0.93,0.95,0.92,0.95,21888000
MNST,2005-07-11,0.96,0.99,0.95,0.99,31545600
MNST,2005-07-12,0.99,1.01,0.97,1.0,36844800
MNST,2005-07-13,1.0,1.02,0.98,1.01,24873600
MNST,2005-07-14,1.02,1.05,0.98,1.0,51062400
MNST,2005-07-15,1.0,1.03,0.98,1.02,22003200
MNST,2005-07-18,1.04,1.07,1.04,1.05,59702400
MNST,2005-07-19,1.06,1.12,1.05,1.12,52886400
MNST,2005-07-20,1.11,1.12,1.01,1.06,101472000
MNST,2005-07-21,1.06,1.07,0.99,1.02,54364800
MNST,2005-07-22,1.02,1.03,0.88,0.96,152764800
MNST,2005-07-25,0.93,0.98,0.91,0.94,67756800
MNST,2005-07-26,0.92,0.97,0.92,0.95,52492800
MNST,2005-07-27,0.96,1.02,0.96,1.01,62688000
MNST,2005-07-28,1.03,1.03,0.99,1.0,35308800
MNST,2005-07-29,1.01,1.03,0.95,0.96,43843200
MNST,2005-08-01,0.93,1.0,0.92,0.99,103996800
MNST,2005-08-02,0.99,1.02,0.97,0.97,44870400
MNST,2005-08-03,0.97,1.01,0.96,1.01,42144000
MNST,2005-08-04,1.01,1.01,0.98,1.0,23644800
MNST,2005-08-05,1.0,1.02,0.95,0.95,38265600
MNST,2005-08-08,0.96,1.01,0.95,1.01,67660800
MNST,2005-08-09,1.1,1.11,0.94,0.97,175526400
MNST,2005-08-10,0.96,0.99,0.88,0.9,113520000
MNST,2005-08-11,0.89,0.93,0.86,0.89,74347200
MNST,2005-08-12,0.91,0.92,0.88,0.91,38260800
MNST,2005-08-15,0.91,0.93,0.89,0.92,23438400
MNST,2005-08-16,0.92,0.94,0.89,0.91,26524800
MNST,2005-08-17,0.9,0.93,0.89,0.9,19060800
MNST,2005-08-18,0.89,0.91,0.88,0.89,17625600
MNST,2005-08-19,0.88,0.91,0.88,0.9,20616000
MNST,2005-08-22,0.91,0.96,0.9,0.95,38688000
MNST,2005-08-23,0.96,0.97,0.93,0.93,45153600
MNST,2005-08-24,0.93,0.93,0.89,0.9,32904000
MNST,2005-08-25,0.92,0.96,0.92,0.94,41198400
MNST,2005-08-26,0.94,0.96,0.93,0.94,21628800
MNST,2005-08-29,0.93,0.97,0.93,0.96,16795200
MNST,2005-08-30,0.96,1.0,0.96,0.99,29188800
MNST,2005-08-31,1.0,1.04,0.98,1.03,41980800
MNST,2005-09-01,1.04,1.08,1.03,1.07,31507200
MNST,2005-09-02,1.08,1.08,1.02,1.03,24825600
MNST,2005-09-06,1.04,1.06,1.01,1.05,25526400
MNST,2005-09-07,1.05,1.06,1.05,1.06,15076800
MNST,2005-09-08,1.06,1.07,1.05,1.05,15192000
MNST,2005-09-09,1.06,1.06,1.01,1.02,23587200
MNST,2005-09-12,1.03,1.04,1.0,1.0,20472000
MNST,2005-09-13,1.0,1.02,0.95,0.99,43065600
MNST,2005-09-14,0.98,1.0,0.96,0.97,17664000
MNST,2005-09-15,0.97,0.97,0.92,0.93,30681600
MNST,2005-09-16,0.93,0.96,0.93,0.95,21139200
MNST,2005-09-19,0.95,0.97,0.94,0.95,14020800
MNST,2005-09-20,0.95,0.95,0.89,0.9,36379200
MNST,2005-09-21,0.89,0.91,0.82,0.9,76430400
MNST,2005-09-22,0.9,0.9,0.83,0.84,40190400
MNST,2005-09-23,0.84,0.85,0.83,0.85,18657600
MNST,2005-09-26,0.85,0.89,0.84,0.88,25228800
MNST,2005-09-27,0.88,0.91,0.88,0.89,19056000
MNST,2005-09-28,0.9,0.91,0.88,0.91,21168000
MNST,2005-09-29,0.92,0.97,0.89,0.96,50169600
MNST,2005-09-30,0.96,1.0,0.95,0.98,36446400
MNST,2005-10-03,0.99,1.01,0.98,0.99,102916800
MNST,2005-10-04,0.98,0.99,0.93,0.94,40036800
MNST,2005-10-05,0.93,0.95,0.92,0.93,25219200
MNST,2005-10-06,0.92,0.94,0.91,0.93,21988800
MNST,2005-10-07,0.93,0.96,0.93,0.96,15998400
MNST,2005-10-10,0.96,0.96,0.9,0.91,19065600
MNST,2005-10-11,0.92,0.94,0.91,0.93,21120000
MNST,2005-10-12,0.92,0.94,0.87,0.87,29203200
MNST,2005-10-13,0.87,0.91,0.84,0.88,31420800
MNST,2005-10-14,0.88,0.92,0.88,0.92,19080000
MNST,2005-10-17,0.92,0.94,0.91,0.92,18744000
MNST,2005-10-18,0.92,0.94,0.91,0.93,13608000
MNST,2005-10-19,0.92,0.95,0.9,0.95,19300800
MNST,2005-10-20,0.95,0.96,0.93,0.96,23721600
MNST,2005-10-21,0.96,0.99,0.96,0.98,18240000
MNST,2005-10-24,0.99,1.01,0.99,0.99,22876800
MNST,2005-10-25,0.99,0.99,0.96,0.98,14332800
MNST,2005-10-26,0.97,1.0,0.95,0.96,10473600
MNST,2005-10-27,0.95,0.96,0.92,0.92,18384000
MNST,2005-10-28,0.92,1.01,0.92,1.01,31924800
MNST,2005-10-31,1.01,1.06,1.01,1.05,54988800
MNST,2005-11-01,1.06,1.06,1.03,1.04,21715200
MNST,2005-11-02,1.11,1.21,1.09,1.21,122150400
MNST,2005-11-03,1.24,1.25,1.18,1.18,63600000
MNST,2005-11-04,1.2,1.21,1.16,1.2,31828800
MNST,2005-11-07,1.22,1.25,1.15,1.16,52612800
MNST,2005-11-08,1.16,1.18,1.13,1.18,55233600
MNST,2005-11-09,1.36,1.37,1.28,1.34,252273600
MNST,2005-11-10,1.32,1.42,1.32,1.4,92462400
MNST,2005-11-11,1.4,1.42,1.36,1.41,43329600
MNST,2005-11-14,1.42,1.43,1.4,1.43,32030400
MNST,2005-11-15,1.46,1.51,1.41,1.41,124387200
MNST,2005-11-16,1.4,1.46,1.38,1.46,48907200
MNST,2005-11-17,1.47,1.5,1.44,1.49,35481600
MNST,2005-11-18,1.5,1.51,1.48,1.5,29491200
MNST,2005-11-21,1.5,1.55,1.48,1.54,34972800
MNST,2005-11-22,1.54,1.56,1.51,1.54,29966400
MNST,2005-11-23,1.55,1.55,1.51,1.51,28896000
MNST,2005-11-25,1.52,1.54,1.52,1.54,9652800
MNST,2005-11-28,1.55,1.62,1.54,1.6,52915200
MNST,2005-11-29,1.6,1.65,1.59,1.64,61540800
MNST,2005-11-30,1.65,1.66,1.59,1.62,44880000
MNST,2005-12-01,1.64,1.68,1.62,1.67,45456000
MNST,2005-12-02,1.69,1.73,1.66,1.72,44956800
MNST,2005-12-05,1.71,1.76,1.71,1.75,52387200
MNST,2005-12-06,1.75,1.78,1.74,1.75,39758400
MNST,2005-12-07,1.76,1.77,1.69,1.77,49051200
MNST,2005-12-08,1.77,1.82,1.73,1.74,68985600
MNST,2005-12-09,1.75,1.77,1.71,1.76,36940800
MNST,2005-12-12,1.79,1.83,1.77,1.81,46200000
MNST,2005-12-13,1.82,1.84,1.76,1.8,54139200
MNST,2005-12-14,1.79,1.79,1.73,1.75,47606400
MNST,2005-12-15,1.74,1.75,1.59,1.67,106747200
MNST,2005-12-16,1.67,1.69,1.61,1.61,56366400
MNST,2005-12-19,1.65,1.67,1.61,1.64,43281600
MNST,2005-12-20,1.65,1.76,1.64,1.74,76742400
MNST,2005-12-21,1.73,1.76,1.71,1.74,36624000
MNST,2005-12-22,1.75,1.77,1.73,1.76,29174400
MNST,2005-12-23,1.77,1.78,1.75,1.78,33456000
MNST,2005-12-27,1.78,1.78,1.73,1.73,32395200
MNST,2005-12-28,1.73,1.73,1.67,1.71,42259200
MNST,2005-12-29,1.71,1.71,1.64,1.66,38313600
MNST,2005-12-30,1.64,1.66,1.61,1.64,32236800
MNST,2006-01-03,1.68,1.73,1.66,1.73,35097600
MNST,2006-01-04,1.74,1.75,1.7,1.72,35673600
MNST,2006-01-05,1.72,1.73,1.68,1.7,23798400
MNST,2006-01-06,1.71,1.79,1.7,1.78,48182400
MNST,2006-01-09,1.82,1.92,1.8,1.88,99878400
MNST,2006-01-10,1.88,1.97,1.86,1.9,86971200
MNST,2006-01-11,1.89,1.94,1.88,1.93,46521600
MNST,2006-01-12,1.93,1.97,1.9,1.92,30355200
MNST,2006-01-13,2.02,2.18,2.01,2.17,245913600
MNST,2006-01-17,2.1,2.14,2.04,2.06,138014400
MNST,2006-01-18,2.02,2.03,1.95,1.99,64065600
MNST,2006-01-19,2.02,2.07,2.0,2.01,63441600
MNST,2006-01-20,2.02,2.06,1.96,1.99,36504000
MNST,2006-01-23,2.02,2.02,1.87,1.9,60801600
MNST,2006-01-24,1.92,1.98,1.92,1.97,44068800
MNST,2006-01-25,1.99,1.99,1.9,1.9,30297600
MNST,2006-01-26,1.94,1.95,1.88,1.92,27504000
MNST,2006-01-27,1.93,2.01,1.93,1.95,31046400
MNST,2006-01-30,1.97,1.97,1.79,1.83,70017600
MNST,2006-01-31,1.84,1.87,1.77,1.83,66840000
MNST,2006-02-01,1.82,1.88,1.82,1.87,30921600
MNST,2006-02-02,1.87,1.9,1.79,1.81,41256000
MNST,2006-02-03,1.79,1.86,1.79,1.81,31478400
MNST,2006-02-06,1.84,1.86,1.65,1.68,116937600
MNST,2006-02-07,1.65,1.71,1.62,1.68,44736000
MNST,2006-02-08,1.69,1.77,1.69,1.76,51556800
MNST,2006-02-09,1.78,1.8,1.73,1.74,45460800
MNST,2006-02-10,1.75,1.75,1.66,1.75,37742400
MNST,2006-02-13,1.75,1.75,1.7,1.72,24187200
MNST,2006-02-14,1.73,1.75,1.69,1.69,22051200
MNST,2006-02-15,1.69,1.8,1.69,1.8,39316800
MNST,2006-02-16,1.81,1.9,1.8,1.87,45628800
MNST,2006-02-17,1.89,1.91,1.84,1.9,25425600
MNST,2006-02-21,1.92,1.94,1.85,1.91,21542400
MNST,2006-02-22,1.91,1.91,1.88,1.9,18043200
MNST,2006-02-23,1.91,2.04,1.9,2.02,61267200
MNST,2006-02-24,2.02,2.03,1.94,1.97,31867200
MNST,2006-02-27,1.98,2.03,1.95,1.96,21014400
MNST,2006-02-28,1.96,1.99,1.92,1.94,21888000
MNST,2006-03-01,1.95,1.99,1.94,1.99,19996800
MNST,2006-03-02,1.99,2.07,1.97,2.06,45096000
MNST,2006-03-03,2.06,2.1,2.03,2.06,37680000
MNST,2006-03-06,2.06,2.16,2.05,2.15,41937600
MNST,2006-03-07,2.14,2.14,2.03,2.1,42840000
MNST,2006-03-08,2.08,2.11,2.02,2.09,40372800
MNST,2006-03-09,2.23,2.29,2.03,2.05,258091200
MNST,2006-03-10,2.08,2.22,2.01,2.21,158760000
MNST,2006-03-13,2.22,2.35,2.17,2.31,89870400
MNST,2006-03-14,2.3,2.34,2.23,2.31,54244800
MNST,2006-03-15,2.33,2.39,2.29,2.36,48926400
MNST,2006-03-16,2.38,2.46,2.35,2.37,70689600
MNST,2006-03-17,2.37,2.42,2.32,2.41,49377600
MNST,2006-03-20,2.43,2.43,2.36,2.39,29136000
MNST,2006-03-21,2.33,2.41,2.33,2.33,30499200
MNST,2006-03-22,2.3,2.34,2.27,2.34,38016000
MNST,2006-03-23,2.36,2.41,2.34,2.39,30758400
MNST,2006-03-24,2.38,2.4,2.35,2.36,16478400
MNST,2006-03-27,2.37,2.56,2.36,2.52,62016000
MNST,2006-03-28,2.52,2.59,2.39,2.4,111249600
MNST,2006-03-29,2.42,2.5,2.39,2.49,54556800
MNST,2006-03-30,2.5,2.52,2.44,2.48,34372800
MNST,2006-03-31,2.6,2.64,2.54,2.63,111124800
MNST,2006-04-03,2.69,2.7,2.64,2.65,62577600
MNST,2006-04-04,2.63,2.68,2.61,2.67,38126400
MNST,2006-04-05,2.6,2.68,2.55,2.66,72000000
MNST,2006-04-06,2.66,2.7,2.64,2.68,34689600
MNST,2006-04-07,2.7,2.7,2.61,2.62,30955200
MNST,2006-04-10,2.64,2.65,2.52,2.56,49358400
MNST,2006-04-11,2.57,2.61,2.53,2.57,37468800
MNST,2006-04-12,2.56,2.62,2.54,2.6,24196800
MNST,2006-04-13,2.59,2.65,2.57,2.62,21009600
MNST,2006-04-17,2.65,2.67,2.63,2.66,24494400
MNST,2006-04-18,2.68,2.72,2.67,2.7,34800000
MNST,2006-04-19,2.7,2.77,2.69,2.77,25372800
MNST,2006-04-20,2.78,2.79,2.73,2.77,23904000
MNST,2006-04-21,2.79,2.86,2.77,2.83,30556800
MNST,2006-04-24,2.84,2.93,2.79,2.92,38078400
MNST,2006-04-25,2.92,2.99,2.92,2.97,38092800
MNST,2006-04-26,2.99,3.03,2.84,2.87,83913600
MNST,2006-04-27,2.81,2.91,2.75,2.83,52737600
MNST,2006-04-28,2.88,2.88,2.68,2.7,54878400
MNST,2006-05-01,2.73,2.89,2.72,2.86,56376000
MNST,2006-05-02,2.89,2.96,2.87,2.94,41294400
MNST,2006-05-03,2.95,2.99,2.89,2.9,28200000
MNST,2006-05-04,2.91,2.92,2.83,2.9,34075200
MNST,2006-05-05,2.92,3.11,2.92,3.09,64488000
MNST,2006-05-08,3.14,3.2,3.1,3.16,80548800
MNST,2006-05-09,3.53,3.71,3.44,3.67,310502400
MNST,2006-05-10,3.84,4.21,3.79,4.19,249480000
MNST,2006-05-11,4.15,4.17,3.8,3.84,235060800
MNST,2006-05-12,3.73,3.8,3.56,3.6,166608000
MNST,2006-05-15,3.58,4.06,3.58,4.06,237494400
MNST,2006-05-16,4.04,4.09,3.9,4.02,121540800
MNST,2006-05-17,3.92,4.06,3.85,3.89,101606400
MNST,2006-05-18,3.95,4.0,3.65,3.68,89529600
MNST,2006-05-19,3.73,3.88,3.59,3.82,123388800
MNST,2006-05-22,3.78,3.83,3.62,3.72,95932800
MNST,2006-05-23,3.85,3.88,3.67,3.7,117134400
MNST,2006-05-24,3.69,3.75,3.38,3.54,183355200
MNST,2006-05-25,3.6,3.8,3.55,3.79,125644800
MNST,2006-05-26,3.85,3.86,3.71,3.82,84854400
MNST,2006-05-30,3.79,3.82,3.71,3.74,65664000
MNST,2006-05-31,3.76,3.86,3.68,3.85,86539200
MNST,2006-06-01,3.87,3.89,3.77,3.83,99926400
MNST,2006-06-02,3.87,3.93,3.81,3.84,88603200
MNST,2006-06-05,3.83,3.92,3.74,3.75,82632000
MNST,2006-06-06,3.64,3.7,3.52,3.62,166651200
MNST,2006-06-07,3.63,3.69,3.54,3.55,75211200
MNST,2006-06-08,3.4,3.47,3.25,3.35,139627200
MNST,2006-06-09,3.48,3.54,3.39,3.45,124012800
MNST,2006-06-12,3.61,3.62,3.24,3.25,153105600
MNST,2006-06-13,3.23,3.32,3.08,3.12,156902400
MNST,2006-06-14,3.17,3.29,3.16,3.29,110894400
MNST,2006-06-15,3.34,3.46,3.34,3.4,137155200
MNST,2006-06-16,3.4,3.42,3.31,3.38,72868800
MNST,2006-06-19,3.41,3.44,3.28,3.31,76267200
MNST,2006-06-20,3.32,3.37,3.23,3.35,68553600
MNST,2006-06-21,3.37,3.53,3.31,3.51,83865600
MNST,2006-06-22,3.52,3.58,3.47,3.53,66216000
MNST,2006-06-23,3.53,3.62,3.48,3.58,59553600
MNST,2006-06-26,3.61,3.64,3.54,3.61,66580800
MNST,2006-06-27,3.62,3.63,3.5,3.51,73387200
MNST,2006-06-28,3.52,3.64,3.51,3.63,69897600
MNST,2006-06-29,3.66,3.87,3.65,3.87,110606400
MNST,2006-06-30,3.89,3.97,3.79,3.97,151248000
MNST,2006-07-03,3.99,4.15,3.96,4.13,73089600
MNST,2006-07-05,4.08,4.29,4.0,4.28,172924800
MNST,2006-07-06,4.3,4.39,4.23,4.24,190267200
MNST,2006-07-07,4.25,4.35,4.14,4.25,159009600
MNST,2006-07-10,4.19,4.3,3.81,3.85,138884400
MNST,2006-07-11,3.86,4.23,3.75,4.22,154740000
MNST,2006-07-12,4.21,4.26,4.01,4.1,136935600
MNST,2006-07-13,4.0,4.01,3.86,3.92,108560400
MNST,2006-07-14,3.9,3.9,3.69,3.82,82459200
MNST,2006-07-17,3.81,4.0,3.81,3.93,74323200
MNST,2006-07-18,3.99,4.04,3.83,3.91,56888400
MNST,2006-07-19,3.91,4.02,3.88,3.98,50899200
MNST,2006-07-20,4.02,4.08,3.77,3.78,46717200
MNST,2006-07-21,3.76,3.77,3.48,3.59,66493200
MNST,2006-07-24,3.61,3.82,3.6,3.75,50826000
MNST,2006-07-25,3.73,3.88,3.69,3.88,37209600
MNST,2006-07-26,3.91,3.91,3.75,3.83,30266400
MNST,2006-07-27,3.87,3.91,3.69,3.72,29671200
MNST,2006-07-28,3.76,3.81,3.65,3.73,35422800
MNST,2006-07-31,3.78,3.83,3.65,3.83,32206800
MNST,2006-08-01,3.84,3.9,3.69,3.75,32992800
MNST,2006-08-02,3.76,3.93,3.71,3.84,51700800
MNST,2006-08-03,3.5,3.69,3.36,3.58,106239600
MNST,2006-08-04,3.64,3.64,3.31,3.35,110883600
MNST,2006-08-07,2.68,2.86,2.48,2.49,541976400
MNST,2006-08-08,2.48,2.53,2.36,2.45,270396000
MNST,2006-08-09,2.49,2.54,2.39,2.42,111148800
MNST,2006-08-10,2.38,2.43,2.29,2.32,88266000
MNST,2006-08-11,2.39,2.48,2.37,2.42,118832400
MNST,2006-08-14,2.48,2.56,2.43,2.45,126610800
MNST,2006-08-15,2.52,2.53,2.4,2.41,70251600
MNST,2006-08-16,2.45,2.52,2.39,2.51,68810400
MNST,2006-08-17,2.46,2.54,2.46,2.51,52460400
MNST,2006-08-18,2.49,2.53,2.46,2.51,42768000
MNST,2006-08-21,2.49,2.55,2.45,2.46,44410800
MNST,2006-08-22,2.48,2.54,2.47,2.54,54080400
MNST,2006-08-23,2.54,2.57,2.5,2.54,47764800
MNST,2006-08-24,2.53,2.56,2.46,2.48,68152800
MNST,2006-08-25,2.54,2.54,2.46,2.49,60978000
MNST,2006-08-28,2.5,2.51,2.42,2.44,31363200
MNST,2006-08-29,2.46,2.47,2.42,2.45,40502400
MNST,2006-08-30,2.46,2.47,2.38,2.39,48249600
MNST,2006-08-31,2.38,2.39,2.25,2.3,75842400
MNST,2006-09-01,2.32,2.33,2.28,2.29,48603600
MNST,2006-09-05,2.31,2.37,2.3,2.34,42528000
MNST,2006-09-06,2.32,2.39,2.31,2.31,42210000
MNST,2006-09-07,2.32,2.32,2.27,2.29,21006000
MNST,2006-09-08,2.29,2.31,2.27,2.29,16905600
MNST,2006-09-11,2.27,2.28,2.17,2.22,55930800
MNST,2006-09-12,2.24,2.41,2.22,2.38,63332400
MNST,2006-09-13,2.39,2.52,2.38,2.48,60703200
MNST,2006-09-14,2.6,2.81,2.57,2.78,241972800
MNST,2006-09-15,2.75,2.86,2.67,2.72,122388000
MNST,2006-09-18,2.74,2.8,2.69,2.77,61411200
MNST,2006-09-19,2.8,2.95,2.73,2.93,120596400
MNST,2006-09-20,2.99,3.0,2.88,2.91,95905200
MNST,2006-09-21,2.94,2.95,2.88,2.92,35682000
MNST,2006-09-22,2.93,2.93,2.78,2.79,43340400
MNST,2006-09-25,2.87,2.95,2.81,2.95,80277600
MNST,2006-09-26,2.96,2.97,2.83,2.88,75750000
MNST,2006-09-27,2.85,2.98,2.84,2.91,67484400
MNST,2006-09-28,2.91,2.91,2.84,2.87,34988400
MNST,2006-09-29,2.86,2.88,2.69,2.71,70698000
MNST,2006-10-02,2.67,2.67,2.56,2.63,53973600
MNST,2006-10-03,2.61,2.64,2.55,2.59,39416400
MNST,2006-10-04,2.57,2.7,2.56,2.69,36013200
MNST,2006-10-05,2.69,2.7,2.63,2.64,32996400
MNST,2006-10-06,2.62,2.67,2.57,2.62,35589600
MNST,2006-10-09,2.59,2.66,2.55,2.65,37660800
MNST,2006-10-10,2.65,2.69,2.62,2.67,31390800
MNST,2006-10-11,2.67,2.71,2.61,2.69,24352800
MNST,2006-10-12,2.72,2.72,2.62,2.64,27548400
MNST,2006-10-13,2.61,2.78,2.59,2.73,33187200
MNST,2006-10-16,2.74,2.84,2.71,2.8,36931200
MNST,2006-10-17,2.79,2.8,2.71,2.74,19496400
MNST,2006-10-18,2.75,2.82,2.73,2.78,28653600
MNST,2006-10-19,2.83,2.83,2.7,2.71,33891600
MNST,2006-10-20,2.71,2.76,2.59,2.73,34978800
MNST,2006-10-23,2.73,2.77,2.69,2.73,16632000
MNST,2006-10-24,2.7,2.73,2.66,2.69,17570400
MNST,2006-10-25,2.7,2.74,2.68,2.71,15139200
MNST,2006-10-26,2.72,2.81,2.71,2.79,80451600
MNST,2006-10-27,2.79,2.82,2.69,2.7,31158000
MNST,2006-10-30,2.7,2.7,2.54,2.61,35156400
MNST,2006-10-31,2.59,2.68,2.57,2.65,35521200
MNST,2006-11-01,2.52,2.6,2.48,2.5,59367600
MNST,2006-11-02,2.49,2.55,2.46,2.49,36330000
MNST,2006-11-03,2.46,2.52,2.45,2.52,22078800
MNST,2006-11-06,2.4,2.45,2.29,2.32,111592800
MNST,2006-11-07,2.27,2.31,2.23,2.27,69109200
MNST,2006-11-08,2.27,2.46,2.26,2.42,76137600
MNST,2006-11-09,2.38,2.41,2.06,2.07,231615600
MNST,2006-11-10,2.11,2.24,2.08,2.2,137004000
MNST,2006-11-13,2.28,2.28,2.16,2.19,70633200
MNST,2006-11-14,2.21,2.25,2.17,2.24,35383200
MNST,2006-11-15,2.27,2.38,2.26,2.3,60777600
MNST,2006-11-16,2.35,2.37,2.31,2.33,35602800
MNST,2006-11-17,2.3,2.33,2.27,2.28,23982000
MNST,2006-11-20,2.26,2.31,2.25,2.27,30782400
MNST,2006-11-21,2.27,2.32,2.27,2.32,22528800
MNST,2006-11-22,2.32,2.34,2.27,2.34,25071600
MNST,2006-11-24,2.32,2.37,2.29,2.37,10778400
MNST,2006-11-27,2.35,2.41,2.31,2.32,30967200
MNST,2006-11-28,2.31,2.31,2.25,2.27,22773600
MNST,2006-11-29,2.28,2.34,2.28,2.29,21475200
MNST,2006-11-30,2.29,2.37,2.28,2.34,25636800
MNST,2006-12-01,2.34,2.37,2.29,2.33,25056000
MNST,2006-12-04,2.3,2.4,2.29,2.39,24766800
MNST,2006-12-05,2.38,2.62,2.38,2.61,114290400
MNST,2006-12-06,2.58,2.73,2.57,2.61,90445200
MNST,2006-12-07,2.63,2.69,2.61,2.63,31563600
MNST,2006-12-08,2.7,2.78,2.66,2.75,60314400
MNST,2006-12-11,2.76,2.78,2.72,2.75,30434400
MNST,2006-12-12,2.83,2.96,2.83,2.88,96639600
MNST,2006-12-13,2.87,2.9,2.76,2.8,45475200
MNST,2006-12-14,2.81,2.85,2.74,2.82,27175200
MNST,2006-12-15,2.85,2.85,2.77,2.79,22252800
MNST,2006-12-18,2.78,2.82,2.77,2.78,20005200
MNST,2006-12-19,2.74,2.79,2.68,2.78,27237600
MNST,2006-12-20,2.8,2.9,2.8,2.86,36092400
MNST,2006-12-21,2.85,2.88,2.82,2.84,22653600
MNST,2006-12-22,2.86,2.89,2.81,2.85,26797200
MNST,2006-12-26,2.85,2.87,2.82,2.83,9600000
MNST,2006-12-27,2.84,2.88,2.82,2.87,9967200
MNST,2006-12-28,2.87,2.87,2.82,2.84,10273200
MNST,2006-12-29,2.83,2.84,2.8,2.81,11553600
MNST,2007-01-03,2.82,2.85,2.77,2.83,24748800
MNST,2007-01-04,2.81,2.85,2.79,2.84,27715200
MNST,2007-01-05,2.85,2.86,2.77,2.86,32784000
MNST,2007-01-08,2.84,2.85,2.8,2.83,24787200
MNST,2007-01-09,2.83,3.08,2.82,2.99,87240000
MNST,2007-01-10,2.97,3.2,2.93,3.17,73716000
MNST,2007-01-11,3.19,3.25,3.09,3.13,38047200
MNST,2007-01-12,3.13,3.19,3.12,3.18,22334400
MNST,2007-01-16,3.18,3.18,3.06,3.09,33157200
MNST,2007-01-17,3.09,3.23,3.09,3.2,32458800
MNST,2007-01-18,3.18,3.18,3.01,3.07,28640400
MNST,2007-01-19,3.07,3.12,3.04,3.1,17428800
MNST,2007-01-22,3.17,3.18,3.1,3.12,18741600
MNST,2007-01-23,3.13,3.17,3.11,3.16,13514400
MNST,2007-01-24,3.2,3.2,3.15,3.18,17352000
MNST,2007-01-25,3.18,3.18,3.09,3.11,16603200
MNST,2007-01-26,3.12,3.12,3.05,3.08,10212000
MNST,2007-01-29,3.08,3.14,3.07,3.12,16234800
MNST,2007-01-30,3.14,3.17,3.12,3.15,17385600
MNST,2007-01-31,3.14,3.2,3.12,3.17,14815200
MNST,2007-02-01,3.19,3.27,3.16,3.25,27310800
MNST,2007-02-02,3.26,3.33,3.24,3.3,20480400
MNST,2007-02-05,3.33,3.35,3.23,3.23,23835600
MNST,2007-02-06,3.25,3.3,3.23,3.25,16969200
MNST,2007-02-07,3.24,3.25,3.16,3.2,14216400
MNST,2007-02-08,3.2,3.2,3.06,3.09,24970800
MNST,2007-02-09,3.21,3.43,3.18,3.29,101239200
MNST,2007-02-12,3.42,3.52,3.32,3.49,86348400
MNST,2007-02-13,3.24,3.28,3.11,3.14,106484400
MNST,2007-02-14,3.15,3.19,3.1,3.17,31515600
MNST,2007-02-15,3.18,3.21,3.15,3.17,21950400
MNST,2007-02-16,3.16,3.18,3.07,3.08,26220000
MNST,2007-02-20,3.04,3.08,3.0,3.07,29889600
MNST,2007-02-21,3.07,3.16,3.05,3.16,27966000
MNST,2007-02-22,3.17,3.21,3.12,3.14,23104800
MNST,2007-02-23,3.13,3.17,3.04,3.07,26494800
MNST,2007-02-26,3.11,3.12,3.05,3.08,17995200
MNST,2007-02-27,3.04,3.06,2.71,2.89,57558000
MNST,2007-02-28,2.9,2.97,2.85,2.92,31098000
MNST,2007-03-01,2.85,2.9,2.79,2.89,23000400
MNST,2007-03-02,2.9,2.92,2.83,2.85,20042400
MNST,2007-03-05,2.78,2.83,2.74,2.75,30658800
MNST,2007-03-06,2.79,2.83,2.76,2.79,28252800
MNST,2007-03-07,2.8,2.82,2.76,2.8,17989200
MNST,2007-03-08,2.81,2.9,2.79,2.86,28966800
MNST,2007-03-09,2.89,2.93,2.85,2.88,17884800
MNST,2007-03-12,2.88,2.93,2.85,2.91,20653200
MNST,2007-03-13,2.88,2.94,2.88,2.89,23343600
MNST,2007-03-14,2.87,2.93,2.86,2.92,26326800
MNST,2007-03-15,2.94,3.0,2.92,2.98,20746800
MNST,2007-03-16,2.98,3.0,2.95,2.97,15306000
MNST,2007-03-19,2.99,2.99,2.89,2.91,18961200
MNST,2007-03-20,2.94,2.99,2.92,2.95,18169200
MNST,2007-03-21,2.93,2.95,2.91,2.93,13830000
MNST,2007-03-22,2.93,3.06,2.93,3.06,22659600
MNST,2007-03-23,3.05,3.08,3.0,3.02,12036000
MNST,2007-03-26,3.07,3.12,3.03,3.03,13372800
MNST,2007-03-27,3.03,3.05,2.95,2.96,11581200
MNST,2007-03-28,2.93,3.06,2.9,3.02,34148400
MNST,2007-03-29,3.04,3.05,2.96,3.0,12416400
MNST,2007-03-30,3.09,3.2,3.09,3.16,41054400
MNST,2007-04-02,3.17,3.29,3.17,3.29,32227200
MNST,2007-04-03,3.3,3.32,3.21,3.22,26244000
MNST,2007-04-04,3.23,3.24,3.17,3.17,16107600
MNST,2007-04-05,3.19,3.23,3.17,3.19,18804000
MNST,2007-04-09,3.26,3.26,3.19,3.22,14217600
MNST,2007-04-10,3.21,3.24,3.16,3.17,11119200
MNST,2007-04-11,3.16,3.22,3.11,3.15,14008800
MNST,2007-04-12,3.13,3.23,3.12,3.2,12651600
MNST,2007-04-13,3.21,3.25,3.21,3.22,10554000
MNST,2007-04-16,3.22,3.24,3.16,3.17,13906800
MNST,2007-04-17,3.2,3.24,3.18,3.21,13992000
MNST,2007-04-18,3.21,3.23,3.18,3.22,14036400
MNST,2007-04-19,3.19,3.25,3.17,3.22,21278400
MNST,2007-04-20,3.24,3.25,3.2,3.25,13054800
MNST,2007-04-23,3.29,3.37,3.29,3.32,20631600
MNST,2007-04-24,3.32,3.34,3.23,3.25,19341600
MNST,2007-04-25,3.26,3.28,3.23,3.25,17892000
MNST,2007-04-26,3.26,3.26,3.21,3.22,9938400
MNST,2007-04-27,3.21,3.24,3.19,3.22,12710400
MNST,2007-04-30,3.21,3.29,3.15,3.18,18862800
MNST,2007-05-01,3.19,3.19,3.09,3.11,19083600
MNST,2007-05-02,3.09,3.17,3.07,3.08,20331600
MNST,2007-05-03,3.09,3.14,3.08,3.1,16130400
MNST,2007-05-04,3.13,3.29,3.12,3.28,25881600
MNST,2007-05-07,3.06,3.43,3.0,3.37,149164800
MNST,2007-05-08,3.32,3.34,3.21,3.26,40410000
MNST,2007-05-09,3.24,3.33,3.22,3.29,21902400
MNST,2007-05-10,3.3,3.32,3.23,3.26,19002000
MNST,2007-05-11,3.25,3.28,3.22,3.27,12009600
MNST,2007-05-14,3.24,3.29,3.19,3.2,9667200
MNST,2007-05-15,3.2,3.21,3.15,3.19,17018400
MNST,2007-05-16,3.18,3.23,3.18,3.2,12909600
MNST,2007-05-17,3.19,3.24,3.17,3.23,10798800
MNST,2007-05-18,3.25,3.3,3.21,3.27,10960800
MNST,2007-05-21,3.26,3.3,3.23,3.29,10795200
MNST,2007-05-22,3.23,3.33,3.23,3.27,15211200
MNST,2007-05-23,3.27,3.46,3.26,3.37,27648000
MNST,2007-05-24,3.38,3.41,3.24,3.25,13851600
MNST,2007-05-25,3.28,3.34,3.27,3.29,12933600
MNST,2007-05-29,3.28,3.32,3.27,3.29,7927200
MNST,2007-05-30,3.26,3.35,3.22,3.34,23539200
MNST,2007-05-31,3.33,3.39,3.3,3.32,11114400
MNST,2007-06-01,3.34,3.41,3.31,3.36,14259600
MNST,2007-06-04,3.27,3.34,3.24,3.32,14794800
MNST,2007-06-05,3.3,3.36,3.3,3.33,12309600
MNST,2007-06-06,3.3,3.34,3.26,3.29,10166400
MNST,2007-06-07,3.27,3.32,3.18,3.22,14151600
MNST,2007-06-08,3.21,3.27,3.13,3.26,11026800
MNST,2007-06-11,3.25,3.27,3.2,3.23,11780400
MNST,2007-06-12,3.22,3.25,3.2,3.22,8992800
MNST,2007-06-13,3.23,3.32,3.23,3.3,21763200
MNST,2007-06-14,3.3,3.34,3.28,3.33,16585200
MNST,2007-06-15,3.53,3.72,3.51,3.66,91785600
MNST,2007-06-18,3.68,3.77,3.64,3.69,23781600
MNST,2007-06-19,3.69,3.71,3.63,3.67,22821600
MNST,2007-06-20,3.6,3.77,3.54,3.71,42788400
MNST,2007-06-21,3.72,3.87,3.71,3.85,28196400
MNST,2007-06-22,3.77,3.8,3.68,3.7,45858000
MNST,2007-06-25,3.64,3.77,3.57,3.62,23016000
MNST,2007-06-26,3.65,3.69,3.55,3.58,22969200
MNST,2007-06-27,3.55,3.63,3.54,3.61,15177600
MNST,2007-06-28,3.63,3.67,3.58,3.62,17484000
MNST,2007-06-29,3.64,3.67,3.56,3.58,10399200
MNST,2007-07-02,3.63,3.73,3.62,3.7,19102800
MNST,2007-07-03,3.74,3.74,3.68,3.68,7524000
MNST,2007-07-05,3.71,3.71,3.62,3.64,15102000
MNST,2007-07-06,3.64,3.86,3.63,3.81,32635200
MNST,2007-07-09,3.81,3.88,3.77,3.82,30508800
MNST,2007-07-10,3.83,3.85,3.72,3.74,16862400
MNST,2007-07-11,3.75,3.8,3.67,3.7,15444000
MNST,2007-07-12,3.72,3.78,3.69,3.76,11769600
MNST,2007-07-13,3.73,3.77,3.66,3.68,14792400
MNST,2007-07-16,3.65,3.72,3.62,3.64,9730800
MNST,2007-07-17,3.65,3.69,3.63,3.64,8516400
MNST,2007-07-18,3.62,3.62,3.58,3.61,10662000
MNST,2007-07-19,3.63,3.67,3.62,3.64,7970400
MNST,2007-07-20,3.63,3.65,3.55,3.55,10692000
MNST,2007-07-23,3.6,3.7,3.56,3.67,14649600
MNST,2007-07-24,3.64,3.69,3.57,3.58,11638800
MNST,2007-07-25,3.61,3.64,3.56,3.58,7294800
MNST,2007-07-26,3.54,3.57,3.41,3.48,16982400
MNST,2007-07-27,3.45,3.51,3.41,3.42,8258400
MNST,2007-07-30,3.41,3.48,3.38,3.45,14176800
MNST,2007-07-31,3.48,3.52,3.38,3.38,11672400
MNST,2007-08-01,3.36,3.41,3.21,3.4,21949200
MNST,2007-08-02,3.38,3.47,3.38,3.44,11305200
MNST,2007-08-03,3.47,3.47,3.34,3.34,9429600
MNST,2007-08-06,3.35,3.43,3.23,3.41,13872000
MNST,2007-08-07,3.36,3.5,3.36,3.46,15432000
MNST,2007-08-08,4.05,4.16,3.83,3.91,99384000
MNST,2007-08-09,3.86,4.07,3.83,3.97,40852800
MNST,2007-08-10,3.89,3.91,3.68,3.8,30434400
MNST,2007-08-13,3.85,3.91,3.7,3.77,19790400
MNST,2007-08-14,3.72,3.85,3.71,3.77,17890800
MNST,2007-08-15,3.77,3.79,3.66,3.69,17224800
MNST,2007-08-16,3.64,3.67,3.42,3.48,33429600
MNST,2007-08-17,3.66,3.77,3.42,3.51,25905600
MNST,2007-08-20,3.55,3.7,3.53,3.66,17437200
MNST,2007-08-21,3.69,3.74,3.66,3.67,17905200
MNST,2007-08-22,3.68,3.72,3.66,3.67,16176000
MNST,2007-08-23,3.72,3.72,3.64,3.68,10966800
MNST,2007-08-24,3.68,3.72,3.67,3.68,16063200
MNST,2007-08-27,3.67,3.76,3.67,3.73,11064000
MNST,2007-08-28,3.7,3.73,3.57,3.59,11382000
MNST,2007-08-29,3.62,3.74,3.59,3.72,11696400
MNST,2007-08-30,3.7,3.76,3.65,3.69,12045600
MNST,2007-08-31,3.74,3.76,3.65,3.74,13459200
MNST,2007-09-04,3.75,3.86,3.69,3.83,17995200
MNST,2007-09-05,3.8,3.83,3.77,3.83,16471200
MNST,2007-09-06,3.83,3.96,3.8,3.95,16128000
MNST,2007-09-07,3.89,3.94,3.84,3.89,14148000
MNST,2007-09-10,3.92,3.98,3.84,3.91,12282000
MNST,2007-09-11,3.93,3.98,3.87,3.93,13172400
MNST,2007-09-12,3.92,4.07,3.91,4.03,17284800
MNST,2007-09-13,4.08,4.24,4.06,4.16,33604800
MNST,2007-09-14,4.16,4.21,4.1,4.13,18603600
MNST,2007-09-17,4.12,4.17,4.07,4.08,12439200
MNST,2007-09-18,4.09,4.28,4.08,4.26,14709600
MNST,2007-09-19,4.28,4.31,4.22,4.24,11960400
MNST,2007-09-20,4.21,4.36,4.18,4.25,13705200
MNST,2007-09-21,4.28,4.34,4.26,4.32,15140400
MNST,2007-09-24,4.41,4.57,4.41,4.5,29110800
MNST,2007-09-25,4.52,4.59,4.45,4.57,19191600
MNST,2007-09-26,4.6,4.76,4.59,4.76,24906000
MNST,2007-09-27,4.8,4.83,4.67,4.72,23716800
MNST,2007-09-28,4.67,4.82,4.67,4.72,19845600
MNST,2007-10-01,4.77,4.78,4.69,4.78,21027600
MNST,2007-10-02,4.78,4.8,4.69,4.77,17155200
MNST,2007-10-03,4.69,5.14,4.69,4.92,35502000
MNST,2007-10-04,4.63,5.26,4.59,5.24,69308400
MNST,2007-10-05,5.18,5.27,5.09,5.22,40372800
MNST,2007-10-08,5.19,5.37,5.09,5.34,26920800
MNST,2007-10-09,5.33,5.43,5.23,5.39,25593600
MNST,2007-10-10,5.34,5.44,5.3,5.34,15925200
MNST,2007-10-11,5.35,5.48,5.14,5.19,19171200
MNST,2007-10-12,5.17,5.41,5.15,5.41,13554000
MNST,2007-10-15,5.42,5.44,5.26,5.29,13458000
MNST,2007-10-16,5.29,5.41,5.21,5.39,14556000
MNST,2007-10-17,5.47,5.48,5.39,5.46,17136000
MNST,2007-10-18,5.42,5.7,5.41,5.68,22038000
MNST,2007-10-19,5.62,5.62,5.13,5.13,37426800
MNST,2007-10-22,5.05,5.19,4.92,5.0,38110800
MNST,2007-10-23,5.1,5.21,5.04,5.18,19957200
MNST,2007-10-24,5.14,5.35,5.11,5.34,24578400
MNST,2007-10-25,5.29,5.36,5.26,5.34,17809200
MNST,2007-10-26,5.38,5.67,5.35,5.66,17869200
MNST,2007-10-29,5.67,5.67,5.47,5.48,17763600
MNST,2007-10-30,5.48,5.6,5.43,5.53,10675200
MNST,2007-10-31,5.51,5.7,5.5,5.67,18129600
MNST,2007-11-01,5.55,5.6,5.44,5.44,20413200
MNST,2007-11-02,5.49,5.57,5.26,5.45,24038400
MNST,2007-11-05,5.34,5.41,4.98,5.09,30931200
MNST,2007-11-06,5.13,5.15,4.8,4.84,35046000
MNST,2007-11-07,4.79,4.9,4.69,4.72,22050000
MNST,2007-11-08,3.57,3.72,3.19,3.62,243199200
MNST,2007-11-09,3.63,3.99,3.49,3.87,103869600
MNST,2007-11-12,3.83,4.08,3.63,3.68,58224000
MNST,2007-11-13,3.7,3.83,3.66,3.72,45051600
MNST,2007-11-14,3.8,3.83,3.68,3.7,32996400
MNST,2007-11-15,3.69,3.7,3.55,3.58,34416000
MNST,2007-11-16,3.61,3.62,3.45,3.46,38049600
MNST,2007-11-19,3.38,3.58,3.35,3.51,29932800
MNST,2007-11-20,3.53,3.58,3.42,3.45,30058800
MNST,2007-11-21,3.41,3.43,3.35,3.37,16716000
MNST,2007-11-23,3.41,3.46,3.37,3.42,6381600
MNST,2007-11-26,3.42,3.52,3.39,3.39,13899600
MNST,2007-11-27,3.42,3.45,3.38,3.41,18498000
MNST,2007-11-28,3.52,3.6,3.49,3.57,22731600
MNST,2007-11-29,3.57,3.61,3.49,3.59,15190800
MNST,2007-11-30,3.67,3.72,3.58,3.62,44481600
MNST,2007-12-03,3.6,3.77,3.58,3.71,33805200
MNST,2007-12-04,3.71,3.74,3.59,3.61,16555200
MNST,2007-12-05,3.66,3.85,3.65,3.83,25743600
MNST,2007-12-06,3.86,3.96,3.83,3.94,19233600
MNST,2007-12-07,4.04,4.18,3.98,4.09,22653600
MNST,2007-12-10,4.12,4.18,3.99,4.0,14338800
MNST,2007-12-11,4.01,4.01,3.88,3.9,18142800
MNST,2007-12-12,3.99,4.0,3.86,3.91,20877600
MNST,2007-12-13,3.96,3.99,3.88,3.95,29138400
MNST,2007-12-14,3.97,3.99,3.92,3.97,21333600
MNST,2007-12-17,3.98,3.98,3.78,3.78,28765200
MNST,2007-12-18,3.81,3.82,3.66,3.74,17430000
MNST,2007-12-19,3.75,3.86,3.74,3.86,12039600
MNST,2007-12-20,3.89,3.96,3.81,3.94,18804000
MNST,2007-12-21,4.04,4.05,3.84,3.97,54520800
MNST,2007-12-24,4.01,4.04,3.87,4.02,8796000
MNST,2007-12-26,4.02,4.03,3.91,3.95,9837600
MNST,2007-12-27,3.97,3.97,3.75,3.77,16812000
MNST,2007-12-28,3.8,3.8,3.68,3.71,15855600
MNST,2007-12-31,3.67,3.76,3.67,3.69,14444400
MNST,2008-01-02,3.7,3.75,3.56,3.6,18436800
MNST,2008-01-03,3.58,3.66,3.54,3.58,10791600
MNST,2008-01-04,3.54,3.57,3.43,3.46,16824000
MNST,2008-01-07,3.47,3.51,3.37,3.46,21558000
MNST,2008-01-08,3.49,3.64,3.46,3.56,27672000
MNST,2008-01-09,3.54,3.67,3.52,3.65,25660800
MNST,2008-01-10,3.64,3.8,3.58,3.77,27895200
MNST,2008-01-11,3.72,3.75,3.54,3.59,31330800
MNST,2008-01-14,3.63,3.65,3.57,3.61,16999200
MNST,2008-01-15,3.57,3.59,3.53,3.53,24522000
MNST,2008-01-16,3.52,3.55,3.28,3.33,32206800
MNST,2008-01-17,3.4,3.49,3.34,3.35,34701600
MNST,2008-01-18,3.33,3.48,3.31,3.41,31676400
MNST,2008-01-22,3.13,3.38,3.07,3.33,21670800
MNST,2008-01-23,3.2,3.42,3.17,3.4,24106800
MNST,2008-01-24,3.42,3.54,3.37,3.51,23076000
MNST,2008-01-25,3.55,3.56,3.41,3.42,11774400
MNST,2008-01-28,3.41,3.48,3.39,3.48,10719600
MNST,2008-01-29,3.53,3.55,3.46,3.47,10550400
MNST,2008-01-30,3.4,3.4,3.09,3.1,58890000
MNST,2008-01-31,3.13,3.29,3.13,3.21,48894000
MNST,2008-02-01,3.26,3.28,3.19,3.27,22261200
MNST,2008-02-04,3.27,3.38,3.27,3.34,16492800
MNST,2008-02-05,3.27,3.3,3.23,3.25,16797600
MNST,2008-02-06,3.28,3.3,3.15,3.16,11431200
MNST,2008-02-07,3.13,3.27,3.11,3.24,14264400
MNST,2008-02-08,3.23,3.32,3.16,3.19,15063600
MNST,2008-02-11,3.21,3.25,3.12,3.2,13938000
MNST,2008-02-12,3.27,3.3,3.2,3.22,16014000
MNST,2008-02-13,3.22,3.33,3.21,3.21,14398800
MNST,2008-02-14,3.21,3.28,3.15,3.16,15955200
MNST,2008-02-15,3.18,3.35,3.18,3.34,32480400
MNST,2008-02-19,3.51,3.55,3.42,3.44,32191200
MNST,2008-02-20,3.5,3.56,3.43,3.56,22851600
MNST,2008-02-21,3.57,3.57,3.46,3.48,18958800
MNST,2008-02-22,3.51,3.66,3.49,3.65,24079200
MNST,2008-02-25,3.65,3.74,3.62,3.65,20652000
MNST,2008-02-26,3.62,3.79,3.6,3.67,18589200
MNST,2008-02-27,3.67,3.78,3.63,3.66,26140800
MNST,2008-02-28,3.71,3.73,3.61,3.68,32790000
MNST,2008-02-29,3.38,3.53,3.3,3.46,72080400
MNST,2008-03-03,3.44,3.47,3.31,3.38,28962000
MNST,2008-03-04,3.36,3.44,3.32,3.41,21703200
MNST,2008-03-05,3.41,3.54,3.4,3.51,19816800
MNST,2008-03-06,3.53,3.56,3.43,3.43,23293200
MNST,2008-03-07,3.42,3.48,3.34,3.38,17744400
MNST,2008-03-10,3.39,3.41,3.27,3.27,15780000
MNST,2008-03-11,3.35,3.42,3.23,3.31,25780800
MNST,2008-03-12,3.33,3.52,3.31,3.47,30470400
MNST,2008-03-13,3.4,3.42,3.17,3.33,63446400
MNST,2008-03-14,3.37,3.37,3.19,3.23,31754400
MNST,2008-03-17,3.2,3.22,3.07,3.09,34357200
MNST,2008-03-18,3.12,3.29,3.12,3.27,25426800
MNST,2008-03-19,3.26,3.35,3.18,3.18,19662000
MNST,2008-03-20,3.19,3.24,3.13,3.22,20168400
MNST,2008-03-24,3.26,3.26,3.11,3.16,19095600
MNST,2008-03-25,3.12,3.23,3.12,3.18,22477200
MNST,2008-03-26,3.18,3.18,3.09,3.11,19639200
MNST,2008-03-27,3.09,3.13,2.99,3.0,26262000
MNST,2008-03-28,2.99,3.03,2.87,2.89,34164000
MNST,2008-03-31,2.9,2.96,2.87,2.94,24996000
MNST,2008-04-01,3.13,3.31,3.11,3.3,52436400
MNST,2008-04-02,3.3,3.3,3.2,3.24,26936400
MNST,2008-04-03,3.22,3.23,3.18,3.2,26402400
MNST,2008-04-04,3.25,3.28,3.18,3.19,18393600
MNST,2008-04-07,3.21,3.23,3.15,3.16,20582400
MNST,2008-04-08,3.14,3.15,3.06,3.07,39372000
MNST,2008-04-09,3.06,3.08,3.02,3.03,35984400
MNST,2008-04-10,3.04,3.07,2.96,3.04,34328400
MNST,2008-04-11,3.03,3.03,2.92,2.93,29505600
MNST,2008-04-14,2.92,2.97,2.86,2.86,22629600
MNST,2008-04-15,2.92,2.92,2.83,2.84,26304000
MNST,2008-04-16,2.87,2.87,2.67,2.74,63932400
MNST,2008-04-17,2.77,2.77,2.69,2.71,24850800
MNST,2008-04-18,2.75,2.78,2.66,2.68,25357200
MNST,2008-04-21,2.66,2.78,2.61,2.76,39234000
MNST,2008-04-22,2.75,2.77,2.65,2.67,26253600
MNST,2008-04-23,2.68,2.71,2.64,2.71,17347200
MNST,2008-04-24,2.7,2.7,2.56,2.63,33516000
MNST,2008-04-25,2.7,2.82,2.69,2.81,61674000
MNST,2008-04-28,2.81,2.81,2.74,2.75,25212000
MNST,2008-04-29,2.75,2.89,2.75,2.88,30368400
MNST,2008-04-30,2.89,3.05,2.88,2.95,44601600
MNST,2008-05-01,2.96,3.0,2.84,2.91,31758000
MNST,2008-05-02,2.93,2.95,2.9,2.93,23275200
MNST,2008-05-05,2.96,2.98,2.89,2.91,24111600
MNST,2008-05-06,2.89,2.99,2.89,2.94,22904400
MNST,2008-05-07,2.97,3.01,2.93,2.97,42036000
MNST,2008-05-08,2.4,2.65,2.38,2.51,250286400
MNST,2008-05-09,2.49,2.5,2.35,2.38,113350800
MNST,2008-05-12,2.4,2.52,2.38,2.52,68887200
MNST,2008-05-13,2.52,2.53,2.4,2.47,64083600
MNST,2008-05-14,2.49,2.51,2.42,2.43,33154800
MNST,2008-05-15,2.45,2.52,2.43,2.48,30405600
MNST,2008-05-16,2.5,2.52,2.43,2.46,24896400
MNST,2008-05-19,2.46,2.48,2.38,2.39,31417200
MNST,2008-05-20,2.38,2.41,2.33,2.37,38700000
MNST,2008-05-21,2.38,2.39,2.33,2.35,26769600
MNST,2008-05-22,2.37,2.42,2.35,2.41,25185600
MNST,2008-05-23,2.37,2.41,2.34,2.4,32869200
MNST,2008-05-27,2.42,2.48,2.41,2.46,44023200
MNST,2008-05-28,2.52,2.6,2.52,2.59,49546800
MNST,2008-05-29,2.59,2.61,2.56,2.58,23989200
MNST,2008-05-30,2.6,2.62,2.52,2.6,33289200
MNST,2008-06-02,2.62,2.67,2.58,2.64,40455600
MNST,2008-06-03,2.65,2.7,2.6,2.64,31148400
MNST,2008-06-04,2.62,2.76,2.61,2.73,76687200
MNST,2008-06-05,2.75,2.95,2.74,2.93,66202800
MNST,2008-06-06,2.9,2.91,2.8,2.87,62454000
MNST,2008-06-09,2.88,2.93,2.88,2.91,45186000
MNST,2008-06-10,2.88,2.91,2.85,2.88,29857200
MNST,2008-06-11,2.89,2.9,2.76,2.82,28608000
MNST,2008-06-12,2.82,2.82,2.65,2.73,62090400
MNST,2008-06-13,2.78,2.87,2.77,2.86,34593600
MNST,2008-06-16,2.85,3.16,2.79,3.14,52408800
MNST,2008-06-17,3.07,3.07,2.97,2.97,40670400
MNST,2008-06-18,2.97,3.04,2.89,2.99,31550400
MNST,2008-06-19,2.99,3.02,2.93,2.96,21678000
MNST,2008-06-20,2.96,2.97,2.84,2.85,42810000
MNST,2008-06-23,2.84,2.94,2.82,2.83,25251600
MNST,2008-06-24,2.82,2.83,2.59,2.6,48049200
MNST,2008-06-25,2.62,2.68,2.61,2.62,22814400
MNST,2008-06-26,2.59,2.61,2.45,2.46,38894400
MNST,2008-06-27,2.45,2.49,2.41,2.43,35425200
MNST,2008-06-30,2.42,2.44,2.39,2.4,29684400
MNST,2008-07-01,2.41,2.43,2.29,2.34,31722000
MNST,2008-07-02,2.33,2.38,2.25,2.26,39366000
MNST,2008-07-03,2.25,2.29,2.01,2.1,49248000
MNST,2008-07-07,2.11,2.4,2.11,2.38,56365200
MNST,2008-07-08,2.35,2.49,2.33,2.41,46534800
MNST,2008-07-09,2.25,2.29,2.02,2.05,87992400
MNST,2008-07-10,2.03,2.15,1.99,2.12,57432000
MNST,2008-07-11,2.04,2.1,1.99,2.04,37279200
MNST,2008-07-14,2.07,2.08,1.95,2.03,39967200
MNST,2008-07-15,2.0,2.03,1.94,1.97,25089600
MNST,2008-07-16,1.98,2.0,1.92,1.98,29724000
MNST,2008-07-17,2.01,2.05,1.98,2.04,32988000
MNST,2008-07-18,2.03,2.08,2.01,2.02,29224800
MNST,2008-07-21,2.08,2.08,2.01,2.05,18150000
MNST,2008-07-22,2.06,2.12,2.01,2.11,33786000
MNST,2008-07-23,2.1,2.21,2.08,2.2,30633600
MNST,2008-07-24,2.2,2.2,2.01,2.01,31778400
MNST,2008-07-25,2.03,2.05,1.99,2.02,16480800
MNST,2008-07-28,2.02,2.04,1.99,2.0,21818400
MNST,2008-07-29,2.01,2.07,2.0,2.05,29403600
MNST,2008-07-30,2.05,2.08,2.02,2.03,15676800
MNST,2008-07-31,1.97,1.99,1.89,1.9,74040000
MNST,2008-08-01,1.9,1.92,1.86,1.89,69454800
MNST,2008-08-04,1.88,1.88,1.78,1.78,54066000
MNST,2008-08-05,1.83,1.86,1.8,1.83,59152800
MNST,2008-08-06,1.83,1.87,1.78,1.82,33920400
MNST,2008-08-07,1.79,1.82,1.78,1.8,67183200
MNST,2008-08-08,1.79,2.0,1.72,1.94,81030000
MNST,2008-08-11,1.94,2.17,1.94,2.16,51382800
MNST,2008-08-12,2.25,2.41,2.22,2.27,82984800
MNST,2008-08-13,2.25,2.27,2.18,2.25,25518000
MNST,2008-08-14,2.23,2.63,2.21,2.5,140631600
MNST,2008-08-15,2.5,2.52,2.38,2.39,56085600
MNST,2008-08-18,2.41,2.49,2.34,2.38,27404400
MNST,2008-08-19,2.37,2.5,2.33,2.34,23053200
MNST,2008-08-20,2.36,2.56,2.34,2.52,39434400
MNST,2008-08-21,2.48,2.5,2.42,2.44,30830400
MNST,2008-08-22,2.42,2.49,2.41,2.46,26271600
MNST,2008-08-25,2.4,2.46,2.35,2.37,21327600
MNST,2008-08-26,2.36,2.42,2.32,2.35,21561600
MNST,2008-08-27,2.34,2.39,2.28,2.31,15091200
MNST,2008-08-28,2.32,2.34,2.29,2.29,22425600
MNST,2008-08-29,2.27,2.37,2.26,2.29,17479200
MNST,2008-09-02,2.34,2.34,2.2,2.23,27244800
MNST,2008-09-03,2.23,2.3,2.19,2.2,23468400
MNST,2008-09-04,2.18,2.2,2.07,2.09,31544400
MNST,2008-09-05,2.07,2.16,2.03,2.13,27003600
MNST,2008-09-08,2.15,2.2,1.87,1.99,40546800
MNST,2008-09-09,1.96,2.05,1.94,1.97,49027200
MNST,2008-09-10,2.01,2.01,1.96,2.0,31809600
MNST,2008-09-11,1.97,2.07,1.93,2.05,29174400
MNST,2008-09-12,2.02,2.06,2.0,2.03,43543200
MNST,2008-09-15,1.96,2.08,1.96,1.98,40333200
MNST,2008-09-16,1.98,2.06,1.93,1.97,25484400
MNST,2008-09-17,1.93,2.0,1.88,1.93,46106400
MNST,2008-09-18,2.02,2.38,2.02,2.26,82466400
MNST,2008-09-19,2.27,2.54,2.27,2.53,113608800
MNST,2008-09-22,2.61,2.63,2.41,2.47,53074800
MNST,2008-09-23,2.43,2.67,2.42,2.62,83145600
MNST,2008-09-24,2.6,2.7,2.18,2.59,48429600
MNST,2008-09-25,2.62,2.75,2.47,2.73,28314000
MNST,2008-09-26,2.58,2.71,2.5,2.62,18148800
MNST,2008-09-29,2.58,2.59,2.24,2.34,22381200
MNST,2008-09-30,2.44,2.54,2.29,2.52,16024800
MNST,2008-10-01,2.46,2.61,2.39,2.6,31401600
MNST,2008-10-02,2.6,2.64,2.32,2.39,22240800
MNST,2008-10-03,2.42,2.69,2.36,2.66,35437200
MNST,2008-10-06,2.29,2.49,2.23,2.42,61242000
MNST,2008-10-07,2.44,2.46,2.16,2.3,32113200
MNST,2008-10-08,2.13,2.37,2.1,2.22,26977200
MNST,2008-10-09,2.28,2.3,1.81,1.95,32062800
MNST,2008-10-10,1.85,2.17,1.71,2.07,26744400
MNST,2008-10-13,2.16,2.29,2.08,2.22,21949200
MNST,2008-10-14,2.27,2.33,2.14,2.17,23628000
MNST,2008-10-15,2.26,2.26,2.01,2.01,26118000
MNST,2008-10-16,2.03,2.07,1.79,1.92,31059600
MNST,2008-10-17,1.9,2.0,1.83,1.88,24081600
MNST,2008-10-20,1.97,2.1,1.88,2.1,20844000
MNST,2008-10-21,2.05,2.25,2.01,2.01,23540400
MNST,2008-10-22,1.94,2.1,1.88,1.95,19239600
MNST,2008-10-23,1.97,2.05,1.79,1.91,40248000
MNST,2008-10-24,1.72,1.83,1.72,1.76,19540800
MNST,2008-10-27,1.73,1.86,1.71,1.75,12278400
MNST,2008-10-28,1.8,2.01,1.72,2.0,18226800
MNST,2008-10-29,1.97,2.06,1.89,1.99,13872000
MNST,2008-10-30,1.92,2.16,1.92,2.12,19516800
MNST,2008-10-31,2.08,2.22,2.07,2.11,14198400
MNST,2008-11-03,2.12,2.23,2.12,2.14,15279600
MNST,2008-11-04,2.22,2.23,2.14,2.17,16033200
MNST,2008-11-05,2.17,2.19,2.02,2.02,12302400
MNST,2008-11-06,2.01,2.06,1.87,1.92,21771600
MNST,2008-11-07,2.08,2.13,1.94,2.08,28303200
MNST,2008-11-10,2.12,2.15,2.05,2.14,11571600
MNST,2008-11-11,2.13,2.21,2.07,2.14,14734800
MNST,2008-11-12,2.11,2.14,2.07,2.09,15031200
MNST,2008-11-13,2.08,2.2,2.02,2.19,21111600
MNST,2008-11-14,2.11,2.24,2.08,2.11,29742000
MNST,2008-11-17,2.09,2.17,2.06,2.08,17271600
MNST,2008-11-18,2.09,2.13,2.06,2.12,23494800
MNST,2008-11-19,2.12,2.18,2.04,2.04,21320400
MNST,2008-11-20,2.03,2.13,1.99,2.01,27158400
MNST,2008-11-21,2.04,2.08,1.92,2.05,29094000
MNST,2008-11-24,2.08,2.15,2.06,2.11,24963600
MNST,2008-11-25,2.18,2.33,2.11,2.3,28288800
MNST,2008-11-26,2.29,2.5,2.25,2.45,25455600
MNST,2008-11-28,2.42,2.49,2.4,2.48,7048800
MNST,2008-12-01,2.43,2.44,2.25,2.26,24208800
MNST,2008-12-02,2.31,2.38,2.25,2.35,16753200
MNST,2008-12-03,2.3,2.36,2.25,2.32,27534000
MNST,2008-12-04,2.26,2.45,2.22,2.28,27763200
MNST,2008-12-05,2.27,2.47,2.25,2.46,17997600
MNST,2008-12-08,2.41,2.5,2.36,2.38,24253200
MNST,2008-12-09,2.37,2.45,2.31,2.37,19309200
MNST,2008-12-10,2.39,2.45,2.36,2.4,11908800
MNST,2008-12-11,2.37,2.44,2.33,2.34,26289600
MNST,2008-12-12,2.4,2.46,2.3,2.44,13938000
MNST,2008-12-15,2.48,2.51,2.38,2.4,22896000
MNST,2008-12-16,2.41,2.56,2.41,2.53,22890000
MNST,2008-12-17,2.52,2.71,2.5,2.69,43033200
MNST,2008-12-18,2.66,2.83,2.66,2.75,25244400
MNST,2008-12-19,2.71,2.82,2.71,2.74,21754800
MNST,2008-12-22,2.75,2.78,2.57,2.67,17037600
MNST,2008-12-23,2.68,2.77,2.67,2.75,14424000
MNST,2008-12-24,2.76,2.81,2.75,2.81,5584800
MNST,2008-12-26,2.82,2.84,2.79,2.83,6266400
MNST,2008-12-29,2.83,2.83,2.73,2.77,6769200
MNST,2008-12-30,2.76,2.88,2.73,2.86,15242400
MNST,2008-12-31,2.85,2.9,2.77,2.79,13465200
MNST,2009-01-02,2.75,2.92,2.75,2.9,14136000
MNST,2009-01-05,2.88,2.95,2.85,2.88,12664800
MNST,2009-01-06,2.89,2.95,2.81,2.83,11989200
MNST,2009-01-07,2.81,2.86,2.72,2.75,15561600
MNST,2009-01-08,2.76,2.78,2.68,2.72,20866800
MNST,2009-01-09,2.72,2.72,2.62,2.67,13592400
MNST,2009-01-12,2.74,2.74,2.57,2.6,14421600
MNST,2009-01-13,2.6,2.66,2.56,2.65,18038400
MNST,2009-01-14,2.61,2.64,2.53,2.57,14108400
MNST,2009-01-15,2.58,2.7,2.53,2.68,16767600
MNST,2009-01-16,2.71,2.83,2.7,2.81,22384800
MNST,2009-01-20,2.84,2.87,2.71,2.73,18073200
MNST,2009-01-21,2.74,2.81,2.67,2.78,15832800
MNST,2009-01-22,2.74,2.79,2.68,2.76,13818000
MNST,2009-01-23,2.72,2.79,2.69,2.75,12728400
MNST,2009-01-26,2.76,2.84,2.76,2.82,18673200
MNST,2009-01-27,2.85,2.89,2.81,2.88,13722000
MNST,2009-01-28,2.91,2.94,2.89,2.93,18577200
MNST,2009-01-29,2.9,2.99,2.87,2.91,12069600
MNST,2009-01-30,2.96,2.96,2.77,2.79,18862800
MNST,2009-02-02,2.75,2.83,2.67,2.81,13516800
MNST,2009-02-03,2.82,2.91,2.78,2.88,15816000
MNST,2009-02-04,2.88,2.95,2.84,2.88,14493600
MNST,2009-02-05,2.83,2.93,2.81,2.92,16068000
MNST,2009-02-06,2.94,3.02,2.93,3.02,20106000
MNST,2009-02-09,3.02,3.02,2.92,2.95,14122800
MNST,2009-02-10,2.92,2.98,2.87,2.88,16528800
MNST,2009-02-11,2.89,2.93,2.83,2.9,12610800
MNST,2009-02-12,2.84,2.89,2.81,2.88,18038400
MNST,2009-02-13,2.88,2.99,2.87,2.94,18470400
MNST,2009-02-17,2.9,2.9,2.82,2.85,14748000
MNST,2009-02-18,2.86,2.94,2.82,2.94,24357600
MNST,2009-02-19,2.96,2.98,2.87,2.87,19200000
MNST,2009-02-20,2.85,2.85,2.75,2.83,25036800
MNST,2009-02-23,2.84,2.87,2.67,2.67,22764000
MNST,2009-02-24,2.7,2.8,2.67,2.79,20275200
MNST,2009-02-25,2.79,2.79,2.69,2.7,15165600
MNST,2009-02-26,2.71,2.75,2.58,2.58,22782000
MNST,2009-02-27,2.62,2.94,2.62,2.77,45086400
MNST,2009-03-02,2.74,2.8,2.71,2.75,31424400
MNST,2009-03-03,2.77,2.86,2.76,2.83,29328000
MNST,2009-03-04,2.85,2.99,2.83,2.93,34717200
MNST,2009-03-05,2.96,2.97,2.83,2.85,25260000
MNST,2009-03-06,2.88,2.95,2.83,2.95,33679200
MNST,2009-03-09,2.94,3.04,2.92,2.98,17374800
MNST,2009-03-10,2.98,3.08,2.98,3.03,21642000
MNST,2009-03-11,3.07,3.07,2.94,2.96,20468400
MNST,2009-03-12,2.97,3.06,2.97,3.04,25203600
MNST,2009-03-13,3.05,3.09,2.98,3.08,21186000
MNST,2009-03-16,3.1,3.1,2.99,3.0,21495600
MNST,2009-03-17,3.0,3.08,2.94,3.07,19642800
MNST,2009-03-18,3.04,3.07,2.96,3.0,25831200
MNST,2009-03-19,3.01,3.03,2.9,2.95,15873600
MNST,2009-03-20,2.98,3.01,2.91,2.92,22557600
MNST,2009-03-23,2.97,3.05,2.92,3.05,22458000
MNST,2009-03-24,3.02,3.07,3.0,3.03,19171200
MNST,2009-03-25,2.94,2.96,2.86,2.95,37548000
MNST,2009-03-26,2.94,3.06,2.91,3.06,27636000
MNST,2009-03-27,3.03,3.06,2.98,2.99,12111600
MNST,2009-03-30,2.98,2.99,2.93,2.96,15234000
MNST,2009-03-31,3.04,3.04,2.96,3.0,18067200
MNST,2009-04-01,2.96,3.02,2.91,3.02,17540400
MNST,2009-04-02,3.06,3.13,3.03,3.09,17954400
MNST,2009-04-03,3.09,3.12,3.03,3.1,8246400
MNST,2009-04-06,3.06,3.08,3.02,3.06,9273600
MNST,2009-04-07,3.02,3.03,2.95,2.96,12330000
MNST,2009-04-08,3.0,3.03,2.95,3.01,11924400
MNST,2009-04-09,3.06,3.1,3.02,3.09,13042800
MNST,2009-04-13,3.06,3.08,3.01,3.05,8602800
MNST,2009-04-14,3.04,3.06,2.97,2.98,11536800
MNST,2009-04-15,3.03,3.03,2.93,2.98,7952400
MNST,2009-04-16,3.0,3.06,2.97,3.05,12597600
MNST,2009-04-17,3.04,3.11,2.99,3.09,13592400
MNST,2009-04-20,3.04,3.11,3.0,3.05,12646800
MNST,2009-04-21,3.0,3.09,3.0,3.08,15434400
MNST,2009-04-22,3.08,3.12,3.03,3.1,13524000
MNST,2009-04-23,3.08,3.32,3.05,3.29,38760000
MNST,2009-04-24,3.29,3.35,3.26,3.32,18679200
MNST,2009-04-27,3.22,3.39,3.22,3.32,16892400
MNST,2009-04-28,3.33,3.38,3.27,3.33,18336000
MNST,2009-04-29,3.35,3.44,3.34,3.43,15933600
MNST,2009-04-30,3.44,3.47,3.37,3.4,15428400
MNST,2009-05-01,3.4,3.44,3.36,3.42,10861200
MNST,2009-05-04,3.44,3.49,3.38,3.49,13221600
MNST,2009-05-05,3.52,3.54,3.41,3.47,21188400
MNST,2009-05-06,3.51,3.51,3.28,3.3,23727600
MNST,2009-05-07,3.33,3.37,3.17,3.17,28605600
MNST,2009-05-08,3.45,3.62,3.29,3.55,44232000
MNST,2009-05-11,3.51,3.66,3.47,3.62,31071600
MNST,2009-05-12,3.61,3.67,3.57,3.63,27177600
MNST,2009-05-13,3.62,3.64,3.53,3.56,19260000
MNST,2009-05-14,3.54,3.59,3.52,3.57,12256800
MNST,2009-05-15,3.58,3.58,3.52,3.55,10951200
MNST,2009-05-18,3.59,3.6,3.48,3.53,17083200
MNST,2009-05-19,3.5,3.51,3.42,3.46,21373200
MNST,2009-05-20,3.51,3.51,3.41,3.43,14569200
MNST,2009-05-21,3.39,3.41,3.26,3.31,19510800
MNST,2009-05-22,3.33,3.37,3.27,3.28,8060400
MNST,2009-05-26,3.23,3.4,3.23,3.36,11374800
MNST,2009-05-27,3.37,3.38,3.3,3.3,16867200
MNST,2009-05-28,3.38,3.38,3.12,3.19,22653600
MNST,2009-05-29,3.18,3.19,2.99,3.06,41868000
MNST,2009-06-01,3.05,3.05,2.94,3.01,32102400
MNST,2009-06-02,3.06,3.13,3.0,3.05,22146000
MNST,2009-06-03,3.11,3.11,3.0,3.03,12256800
MNST,2009-06-04,3.04,3.06,3.01,3.05,10395600
MNST,2009-06-05,3.03,3.04,2.67,2.7,92707200
MNST,2009-06-08,2.67,2.81,2.67,2.79,43338000
MNST,2009-06-09,2.82,2.85,2.81,2.83,25713600
MNST,2009-06-10,2.85,2.85,2.71,2.73,26167200
MNST,2009-06-11,2.72,2.78,2.69,2.7,15128400
MNST,2009-06-12,2.68,2.7,2.58,2.6,36253200
MNST,2009-06-15,2.6,2.6,2.48,2.56,26974800
MNST,2009-06-16,2.59,2.59,2.53,2.55,19062000
MNST,2009-06-17,2.55,2.57,2.49,2.51,27915600
MNST,2009-06-18,2.5,2.57,2.47,2.56,17271600
MNST,2009-06-19,2.58,2.59,2.54,2.56,17851200
MNST,2009-06-22,2.53,2.53,2.47,2.49,16407600
MNST,2009-06-23,2.52,2.56,2.49,2.55,22972800
MNST,2009-06-24,2.55,2.6,2.52,2.53,16225200
MNST,2009-06-25,2.51,2.6,2.51,2.59,17360400
MNST,2009-06-26,2.61,2.66,2.54,2.65,23918400
MNST,2009-06-29,2.65,2.66,2.58,2.6,24642000
MNST,2009-06-30,2.59,2.61,2.55,2.57,17170800
MNST,2009-07-01,2.6,2.64,2.57,2.6,18476400
MNST,2009-07-02,2.58,2.6,2.5,2.51,14301600
MNST,2009-07-06,2.45,2.51,2.44,2.47,20397600
MNST,2009-07-07,2.47,2.48,2.4,2.4,21086400
MNST,2009-07-08,2.43,2.44,2.33,2.36,28778400
MNST,2009-07-09,2.37,2.41,2.33,2.39,16785600
MNST,2009-07-10,2.39,2.4,2.37,2.38,16273200
MNST,2009-07-13,2.39,2.42,2.33,2.42,20259600
MNST,2009-07-14,2.42,2.45,2.4,2.43,10642800
MNST,2009-07-15,2.44,2.49,2.42,2.47,11822400
MNST,2009-07-16,2.46,2.49,2.43,2.45,10892400
MNST,2009-07-17,2.46,2.47,2.43,2.46,9674400
MNST,2009-07-20,2.45,2.47,2.42,2.46,19892400
MNST,2009-07-21,2.47,2.48,2.38,2.43,18511200
MNST,2009-07-22,2.41,2.44,2.4,2.42,17620800
MNST,2009-07-23,2.43,2.52,2.43,2.51,20110800
MNST,2009-07-24,2.48,2.49,2.42,2.47,15966000
MNST,2009-07-27,2.46,2.47,2.42,2.44,18364800
MNST,2009-07-28,2.43,2.49,2.43,2.47,16640400
MNST,2009-07-29,2.51,2.53,2.43,2.44,11952000
MNST,2009-07-30,2.49,2.51,2.48,2.49,20070000
MNST,2009-07-31,2.49,2.6,2.48,2.58,25460400
MNST,2009-08-03,2.63,2.69,2.6,2.69,25753200
MNST,2009-08-04,2.68,2.74,2.67,2.72,17770800
MNST,2009-08-05,2.73,2.73,2.62,2.65,14494800
MNST,2009-08-06,2.65,2.66,2.56,2.56,28308000
MNST,2009-08-07,2.88,3.09,2.88,3.01,111177600
MNST,2009-08-10,2.96,2.98,2.84,2.85,27558000
MNST,2009-08-11,2.9,2.9,2.76,2.79,22797600
MNST,2009-08-12,2.77,2.8,2.74,2.74,19359600
MNST,2009-08-13,2.75,2.79,2.72,2.74,13836000
MNST,2009-08-14,2.73,2.77,2.69,2.72,14220000
MNST,2009-08-17,2.66,2.7,2.63,2.65,12250800
MNST,2009-08-18,2.65,2.69,2.65,2.66,12529200
MNST,2009-08-19,2.65,2.69,2.63,2.67,14200800
MNST,2009-08-20,2.67,2.77,2.67,2.73,17652000
MNST,2009-08-21,2.77,2.8,2.73,2.76,11139600
MNST,2009-08-24,2.75,2.81,2.73,2.74,13603200
MNST,2009-08-25,2.74,2.77,2.71,2.72,9253200
MNST,2009-08-26,2.69,2.73,2.68,2.7,13089600
MNST,2009-08-27,2.68,2.73,2.66,2.72,10746000
MNST,2009-08-28,2.74,2.78,2.72,2.73,14539200
MNST,2009-08-31,2.71,2.74,2.69,2.72,12061200
MNST,2009-09-01,2.72,2.76,2.65,2.66,22198800
MNST,2009-09-02,2.64,2.69,2.6,2.66,22598400
MNST,2009-09-03,2.67,2.69,2.64,2.68,13161600
MNST,2009-09-04,2.66,2.71,2.65,2.67,12124800
MNST,2009-09-08,2.68,2.8,2.68,2.76,19323600
MNST,2009-09-09,2.76,2.78,2.7,2.71,12069600
MNST,2009-09-10,2.71,2.81,2.7,2.79,16582800
MNST,2009-09-11,2.73,2.8,2.73,2.75,8094000
MNST,2009-09-14,2.72,2.74,2.68,2.7,9559200
MNST,2009-09-15,2.68,2.7,2.66,2.7,10783200
MNST,2009-09-16,2.7,2.77,2.67,2.77,11556000
MNST,2009-09-17,2.79,2.92,2.75,2.88,19621200
MNST,2009-09-18,2.89,2.94,2.85,2.91,19400400
MNST,2009-09-21,2.95,3.01,2.92,3.0,21408000
MNST,2009-09-22,3.0,3.05,2.97,3.0,14978400
MNST,2009-09-23,3.01,3.03,2.95,2.95,13970400
MNST,2009-09-24,2.94,2.97,2.91,2.94,10778400
MNST,2009-09-25,2.95,3.01,2.95,3.0,17479200
MNST,2009-09-28,3.01,3.05,2.97,3.04,12471600
MNST,2009-09-29,3.06,3.09,3.02,3.06,10738800
MNST,2009-09-30,3.07,3.1,3.0,3.06,11602800
MNST,2009-10-01,3.05,3.11,2.95,2.99,12702000
MNST,2009-10-02,2.96,3.03,2.95,3.02,8968800
MNST,2009-10-05,3.02,3.02,2.97,3.0,10544400
MNST,2009-10-06,3.01,3.05,2.98,3.05,10830000
MNST,2009-10-07,3.04,3.07,3.02,3.06,8043600
MNST,2009-10-08,3.07,3.11,3.05,3.08,13393200
MNST,2009-10-09,2.98,3.1,2.98,3.08,10740000
MNST,2009-10-12,3.06,3.13,3.06,3.1,8985600
MNST,2009-10-13,3.1,3.14,3.06,3.13,12714000
MNST,2009-10-14,3.14,3.16,3.11,3.16,9800400
MNST,2009-10-15,3.14,3.17,3.12,3.14,14491200
MNST,2009-10-16,3.12,3.16,3.09,3.14,10330800
MNST,2009-10-19,3.15,3.17,3.12,3.16,6770400
MNST,2009-10-20,3.14,3.16,3.1,3.13,7140000
MNST,2009-10-21,3.11,3.15,3.08,3.09,9477600
MNST,2009-10-22,3.09,3.15,3.06,3.13,8502000
MNST,2009-10-23,3.13,3.15,3.08,3.12,5510400
MNST,2009-10-26,3.13,3.2,3.12,3.14,9019200
MNST,2009-10-27,3.15,3.16,3.11,3.12,5770800
MNST,2009-10-28,3.1,3.13,3.05,3.06,8067600
MNST,2009-10-29,3.06,3.08,2.98,3.08,9146400
MNST,2009-10-30,3.07,3.08,2.98,3.01,9050400
MNST,2009-11-02,3.01,3.08,2.97,3.04,7089600
MNST,2009-11-03,3.04,3.07,3.0,3.05,7344000
MNST,2009-11-04,3.12,3.12,2.99,3.06,8427600
MNST,2009-11-05,3.07,3.1,3.02,3.08,15943200
MNST,2009-11-06,2.78,2.92,2.75,2.87,54252000
MNST,2009-11-09,2.88,2.9,2.83,2.87,17767200
MNST,2009-11-10,2.85,2.89,2.84,2.87,18240000
MNST,2009-11-11,2.87,2.91,2.86,2.9,12034800
MNST,2009-11-12,2.9,2.91,2.85,2.86,10476000
MNST,2009-11-13,2.87,2.94,2.87,2.93,16558800
MNST,2009-11-16,2.94,2.99,2.92,2.97,9086400
MNST,2009-11-17,2.96,2.97,2.93,2.95,6888000
MNST,2009-11-18,2.93,2.94,2.91,2.91,14517600
MNST,2009-11-19,2.9,2.93,2.88,2.93,10389600
MNST,2009-11-20,2.96,2.96,2.89,2.95,11868000
MNST,2009-11-23,3.0,3.03,2.97,2.97,13064400
MNST,2009-11-24,2.98,2.99,2.91,2.92,8611200
MNST,2009-11-25,2.92,2.94,2.87,2.92,7149600
MNST,2009-11-27,2.86,2.93,2.84,2.9,4978800
MNST,2009-11-30,2.88,2.92,2.86,2.91,8584800
MNST,2009-12-01,2.92,2.98,2.91,2.97,9702000
MNST,2009-12-02,2.97,3.02,2.94,2.97,8458800
MNST,2009-12-03,2.99,3.0,2.94,2.94,5683200
MNST,2009-12-04,2.96,3.0,2.93,2.96,6919200
MNST,2009-12-07,2.94,2.97,2.92,2.94,6205200
MNST,2009-12-08,2.91,2.95,2.88,2.92,7546800
MNST,2009-12-09,2.91,2.93,2.87,2.92,8059200
MNST,2009-12-10,2.94,2.99,2.94,2.97,9711600
MNST,2009-12-11,2.96,2.99,2.93,2.95,9824400
MNST,2009-12-14,2.95,3.0,2.95,2.99,7804800
MNST,2009-12-15,2.99,2.99,2.94,2.95,8144400
MNST,2009-12-16,2.96,3.08,2.96,3.03,15639600
MNST,2009-12-17,3.0,3.04,2.97,3.01,11308800
MNST,2009-12-18,3.04,3.08,3.0,3.08,54163200
MNST,2009-12-21,3.09,3.1,3.05,3.1,10081200
MNST,2009-12-22,3.1,3.15,3.1,3.13,7086000
MNST,2009-12-23,3.13,3.24,3.12,3.21,11272800
MNST,2009-12-24,3.24,3.24,3.2,3.21,3116400
MNST,2009-12-28,3.22,3.28,3.22,3.26,4298400
MNST,2009-12-29,3.26,3.27,3.23,3.26,4666800
MNST,2009-12-30,3.26,3.28,3.23,3.24,4042800
MNST,2009-12-31,3.25,3.26,3.2,3.2,4873200
MNST,2010-01-04,3.22,3.28,3.21,3.27,7760400
MNST,2010-01-05,3.28,3.29,3.25,3.29,7568400
MNST,2010-01-06,3.3,3.39,3.25,3.35,11278800
MNST,2010-01-07,3.34,3.36,3.33,3.34,5018400
MNST,2010-01-08,3.35,3.36,3.31,3.36,3927600
MNST,2010-01-11,3.35,3.38,3.34,3.36,5781600
MNST,2010-01-12,3.35,3.36,3.27,3.33,6076800
MNST,2010-01-13,3.33,3.39,3.31,3.38,10640400
MNST,2010-01-14,3.37,3.41,3.35,3.38,7443600
MNST,2010-01-15,3.38,3.41,3.34,3.37,7465200
MNST,2010-01-19,3.37,3.43,3.33,3.41,6002400
MNST,2010-01-20,3.4,3.41,3.36,3.4,7314000
MNST,2010-01-21,3.41,3.46,3.37,3.38,9970800
MNST,2010-01-22,3.37,3.38,3.3,3.3,7233600
MNST,2010-01-25,3.32,3.32,3.26,3.29,4939200
MNST,2010-01-26,3.29,3.32,3.25,3.27,5305200
MNST,2010-01-27,3.28,3.3,3.23,3.29,5883600
MNST,2010-01-28,3.28,3.28,3.22,3.24,4132800
MNST,2010-01-29,3.25,3.27,3.2,3.2,7893600
MNST,2010-02-01,3.22,3.27,3.19,3.27,11420400
MNST,2010-02-02,3.28,3.29,3.17,3.26,6264000
MNST,2010-02-03,3.24,3.27,3.23,3.24,4620000
MNST,2010-02-04,3.24,3.24,3.17,3.17,6052800
MNST,2010-02-05,3.18,3.25,3.15,3.23,10164000
MNST,2010-02-08,3.24,3.25,3.18,3.2,4854000
MNST,2010-02-09,3.23,3.27,3.21,3.23,5949600
MNST,2010-02-10,3.22,3.24,3.17,3.21,4210800
MNST,2010-02-11,3.21,3.27,3.19,3.26,5518800
MNST,2010-02-12,3.24,3.28,3.23,3.27,6519600
MNST,2010-02-16,3.28,3.29,3.24,3.25,5184000
MNST,2010-02-17,3.25,3.3,3.23,3.29,8931600
MNST,2010-02-18,3.3,3.4,3.3,3.38,9345600
MNST,2010-02-19,3.38,3.43,3.3,3.4,7668000
MNST,2010-02-22,3.41,3.42,3.36,3.38,5442000
MNST,2010-02-23,3.37,3.41,3.32,3.32,7946400
MNST,2010-02-24,3.34,3.36,3.29,3.34,11876400
MNST,2010-02-25,3.31,3.5,3.3,3.37,34256400
MNST,2010-02-26,3.4,3.47,3.36,3.46,18368400
MNST,2010-03-01,3.48,3.53,3.47,3.49,16219200
MNST,2010-03-02,3.47,3.5,3.43,3.48,22808400
MNST,2010-03-03,3.5,3.5,3.43,3.45,15814800
MNST,2010-03-04,3.46,3.48,3.44,3.48,8000400
MNST,2010-03-05,3.48,3.48,3.42,3.45,9511200
MNST,2010-03-08,3.44,3.45,3.43,3.43,4550400
MNST,2010-03-09,3.42,3.45,3.41,3.41,11194800
MNST,2010-03-10,3.41,3.44,3.39,3.41,7869600
MNST,2010-03-11,3.4,3.45,3.39,3.45,7748400
MNST,2010-03-12,3.46,3.5,3.46,3.5,11521200
MNST,2010-03-15,3.51,3.55,3.48,3.5,14276400
MNST,2010-03-16,3.49,3.52,3.46,3.52,8830800
MNST,2010-03-17,3.53,3.59,3.52,3.55,7480800
MNST,2010-03-18,3.54,3.55,3.51,3.52,5413200
MNST,2010-03-19,3.56,3.63,3.48,3.58,21294000
MNST,2010-03-22,3.57,3.64,3.53,3.57,8288400
MNST,2010-03-23,3.58,3.62,3.58,3.61,8632800
MNST,2010-03-24,3.61,3.63,3.6,3.6,4460400
MNST,2010-03-25,3.62,3.65,3.6,3.61,5902800
MNST,2010-03-26,3.62,3.64,3.58,3.6,7624800
MNST,2010-03-29,3.62,3.64,3.57,3.59,4473600
MNST,2010-03-30,3.59,3.64,3.56,3.61,11923200
MNST,2010-03-31,3.61,3.66,3.59,3.62,7705200
MNST,2010-04-01,3.63,3.65,3.6,3.62,6433200
MNST,2010-04-05,3.63,3.65,3.62,3.63,7057200
MNST,2010-04-06,3.61,3.65,3.6,3.63,5833200
MNST,2010-04-07,3.64,3.64,3.54,3.55,7629600
MNST,2010-04-08,3.55,3.55,3.49,3.5,6984000
MNST,2010-04-09,3.51,3.54,3.47,3.54,9250800
MNST,2010-04-12,3.55,3.56,3.45,3.5,9108000
MNST,2010-04-13,3.49,3.52,3.49,3.51,3654000
MNST,2010-04-14,3.53,3.53,3.5,3.53,4177200
MNST,2010-04-15,3.53,3.53,3.48,3.48,4858800
MNST,2010-04-16,3.48,3.5,3.46,3.47,4197600
MNST,2010-04-19,3.47,3.47,3.41,3.46,4550400
MNST,2010-04-20,3.46,3.48,3.41,3.44,7575600
MNST,2010-04-21,3.43,3.51,3.42,3.44,10257600
MNST,2010-04-22,3.43,3.45,3.4,3.44,5756400
MNST,2010-04-23,3.46,3.61,3.44,3.59,16106400
MNST,2010-04-26,3.6,3.61,3.57,3.59,7370400
MNST,2010-04-27,3.56,3.59,3.55,3.55,5853600
MNST,2010-04-28,3.56,3.58,3.55,3.57,3933600
MNST,2010-04-29,3.58,3.72,3.58,3.7,18596400
MNST,2010-04-30,3.71,3.75,3.67,3.68,7075200
MNST,2010-05-03,3.67,3.67,3.6,3.65,8900400
MNST,2010-05-04,3.62,3.63,3.56,3.62,7142400
MNST,2010-05-05,3.59,3.66,3.57,3.6,6529200
MNST,2010-05-06,3.59,3.64,2.0,3.55,17700000
MNST,2010-05-07,2.94,3.22,2.85,3.11,133518000
MNST,2010-05-10,3.17,3.22,3.08,3.22,47134800
MNST,2010-05-11,3.21,3.34,3.19,3.33,16843200
MNST,2010-05-12,3.35,3.37,3.3,3.36,9105600
MNST,2010-05-13,3.34,3.36,3.25,3.27,10948800
MNST,2010-05-14,3.22,3.27,3.22,3.25,9802800
MNST,2010-05-17,3.25,3.28,3.19,3.25,9848400
MNST,2010-05-18,3.4,3.45,3.3,3.32,21240000
MNST,2010-05-19,3.31,3.35,3.28,3.29,12361200
MNST,2010-05-20,3.24,3.28,3.21,3.22,15309600
MNST,2010-05-21,3.2,3.23,3.16,3.19,16362000
MNST,2010-05-24,3.19,3.22,3.18,3.18,10814400
MNST,2010-05-25,3.13,3.16,3.1,3.13,20187600
MNST,2010-05-26,3.13,3.22,3.11,3.17,17649600
MNST,2010-05-27,3.22,3.29,3.21,3.27,10244400
MNST,2010-05-28,3.26,3.33,3.25,3.25,7628400
MNST,2010-06-01,3.25,3.28,3.2,3.2,10207200
MNST,2010-06-02,3.21,3.28,3.19,3.28,15126000
MNST,2010-06-03,3.29,3.34,3.27,3.31,12661200
MNST,2010-06-04,3.26,3.36,3.26,3.3,13796400
MNST,2010-06-07,3.32,3.32,3.25,3.25,7413600
MNST,2010-06-08,3.25,3.25,3.11,3.16,35512800
MNST,2010-06-09,3.17,3.25,3.17,3.2,10900800
MNST,2010-06-10,3.24,3.25,3.21,3.23,5929200
MNST,2010-06-11,3.22,3.27,3.13,3.24,9772800
MNST,2010-06-14,3.25,3.28,3.2,3.24,9914400
MNST,2010-06-15,3.23,3.29,3.22,3.27,7891200
MNST,2010-06-16,3.25,3.29,3.24,3.25,6939600
MNST,2010-06-17,3.26,3.29,3.24,3.27,6781200
MNST,2010-06-18,3.27,3.32,3.25,3.29,11749200
MNST,2010-06-21,3.31,3.38,3.3,3.33,11108400
MNST,2010-06-22,3.34,3.34,3.28,3.29,9205200
MNST,2010-06-23,3.29,3.29,3.24,3.27,6804000
MNST,2010-06-24,3.25,3.34,3.23,3.3,18268800
MNST,2010-06-25,3.3,3.33,3.27,3.31,18196800
MNST,2010-06-28,3.32,3.38,3.29,3.37,11452800
MNST,2010-06-29,3.33,3.34,3.28,3.29,10351200
MNST,2010-06-30,3.29,3.33,3.26,3.26,8838000
MNST,2010-07-01,3.24,3.29,3.17,3.27,15033600
MNST,2010-07-02,3.29,3.37,3.28,3.34,12080400
MNST,2010-07-06,3.37,3.42,3.35,3.4,9726000
MNST,2010-07-07,3.41,3.52,3.41,3.47,15570000
MNST,2010-07-08,3.49,3.51,3.44,3.5,16442400
MNST,2010-07-09,3.49,3.57,3.48,3.56,11186400
MNST,2010-07-12,3.54,3.54,3.42,3.45,10599600
MNST,2010-07-13,3.47,3.48,3.44,3.46,6660000
MNST,2010-07-14,3.46,3.48,3.44,3.48,8966400
MNST,2010-07-15,3.49,3.51,3.46,3.51,4495200
MNST,2010-07-16,3.5,3.5,3.42,3.42,4472400
MNST,2010-07-19,3.42,3.44,3.37,3.43,5061600
MNST,2010-07-20,3.39,3.53,3.38,3.52,8011200
MNST,2010-07-21,3.53,3.57,3.51,3.54,8566800
MNST,2010-07-22,3.57,3.62,3.55,3.58,11421600
MNST,2010-07-23,3.58,3.6,3.56,3.58,12723600
MNST,2010-07-26,3.58,3.6,3.56,3.6,5692800
MNST,2010-07-27,3.61,3.62,3.58,3.59,4093200
MNST,2010-07-28,3.58,3.59,3.48,3.49,11095200
MNST,2010-07-29,3.52,3.55,3.43,3.48,10000800
MNST,2010-07-30,3.46,3.51,3.42,3.49,12643200
MNST,2010-08-02,3.54,3.54,3.47,3.49,10060800
MNST,2010-08-03,3.49,3.53,3.46,3.49,14185200
MNST,2010-08-04,3.51,3.52,3.47,3.48,10375200
MNST,2010-08-05,3.46,3.48,3.4,3.46,18442800
MNST,2010-08-06,3.65,3.75,3.6,3.72,41666400
MNST,2010-08-09,3.73,3.82,3.72,3.79,17286000
MNST,2010-08-10,3.73,3.79,3.71,3.78,13753200
MNST,2010-08-11,3.72,3.75,3.71,3.72,7677600
MNST,2010-08-12,3.67,3.74,3.64,3.72,7856400
MNST,2010-08-13,3.71,3.76,3.69,3.69,7587600
MNST,2010-08-16,3.68,3.71,3.65,3.7,4898400
MNST,2010-08-17,3.71,3.79,3.71,3.76,7455600
MNST,2010-08-18,3.75,3.81,3.73,3.78,4923600
MNST,2010-08-19,3.78,3.82,3.74,3.8,8504400
MNST,2010-08-20,3.78,3.82,3.76,3.81,7068000
MNST,2010-08-23,3.82,3.89,3.8,3.84,9285600
MNST,2010-08-24,3.8,3.83,3.76,3.78,7215600
MNST,2010-08-25,3.77,3.78,3.7,3.74,7675200
MNST,2010-08-26,3.76,3.76,3.72,3.74,4729200
MNST,2010-08-27,3.77,3.83,3.72,3.82,9182400
MNST,2010-08-30,3.8,3.83,3.74,3.75,6033600
MNST,2010-08-31,3.73,3.77,3.72,3.75,12609600
MNST,2010-09-01,3.79,3.83,3.77,3.81,7026000
MNST,2010-09-02,3.83,3.86,3.8,3.85,6381600
MNST,2010-09-03,3.87,3.95,3.83,3.94,13780800
MNST,2010-09-07,3.93,3.99,3.89,3.96,14790000
MNST,2010-09-08,3.99,4.0,3.88,3.89,11869200
MNST,2010-09-09,3.9,3.93,3.82,3.85,7540800
MNST,2010-09-10,3.85,3.85,3.81,3.82,7678800
MNST,2010-09-13,3.84,3.87,3.82,3.85,6315600
MNST,2010-09-14,3.85,3.91,3.85,3.87,17624400
MNST,2010-09-15,3.85,3.88,3.84,3.85,10290000
MNST,2010-09-16,3.85,3.88,3.82,3.82,8523600
MNST,2010-09-17,3.82,3.82,3.79,3.79,14445600
MNST,2010-09-20,3.8,3.83,3.78,3.82,9652800
MNST,2010-09-21,3.83,3.83,3.78,3.81,7090800
MNST,2010-09-22,3.8,3.84,3.77,3.78,4736400
MNST,2010-09-23,3.76,3.82,3.71,3.79,6367200
MNST,2010-09-24,3.83,3.87,3.81,3.86,9037200
MNST,2010-09-27,3.87,3.95,3.86,3.93,12020400
MNST,2010-09-28,3.95,3.99,3.87,3.94,6376800
MNST,2010-09-29,3.92,3.93,3.89,3.9,3907200
MNST,2010-09-30,3.9,3.95,3.87,3.88,8448000
MNST,2010-10-01,3.91,3.91,3.83,3.91,5756400
MNST,2010-10-04,3.91,3.92,3.79,3.81,7023600
MNST,2010-10-05,3.83,3.93,3.83,3.91,6961200
MNST,2010-10-06,3.93,3.98,3.9,3.96,8335200
MNST,2010-10-07,3.96,3.97,3.86,3.91,6084000
MNST,2010-10-08,3.93,3.95,3.89,3.93,8366400
MNST,2010-10-11,3.94,3.97,3.92,3.95,4252800
MNST,2010-10-12,3.94,4.03,3.94,3.99,9770400
MNST,2010-10-13,3.99,4.07,3.98,4.04,11208000
MNST,2010-10-14,4.05,4.24,4.02,4.23,18856800
MNST,2010-10-15,4.24,4.27,4.12,4.18,17280000
MNST,2010-10-18,4.17,4.22,4.15,4.17,7537200
MNST,2010-10-19,4.14,4.18,4.1,4.14,6110400
MNST,2010-10-20,4.16,4.26,4.15,4.2,8697600
MNST,2010-10-21,4.21,4.26,4.16,4.19,5372400
MNST,2010-10-22,4.21,4.4,4.18,4.31,13788000
MNST,2010-10-25,4.34,4.36,4.3,4.3,5988000
MNST,2010-10-26,4.28,4.3,4.24,4.28,6640800
MNST,2010-10-27,4.25,4.27,4.23,4.24,6202800
MNST,2010-10-28,4.28,4.32,4.26,4.28,5260800
MNST,2010-10-29,4.28,4.29,4.25,4.27,5588400
MNST,2010-11-01,4.29,4.32,4.27,4.29,5971200
MNST,2010-11-02,4.32,4.35,4.26,4.27,7203600
MNST,2010-11-03,4.28,4.31,4.24,4.27,8959200
MNST,2010-11-04,4.33,4.33,4.25,4.26,11356800
MNST,2010-11-05,4.24,4.38,4.19,4.3,19383600
MNST,2010-11-08,4.29,4.29,4.23,4.25,9007200
MNST,2010-11-09,4.25,4.27,4.15,4.17,10209600
MNST,2010-11-10,4.16,4.19,4.1,4.13,8724000
MNST,2010-11-11,4.09,4.16,4.07,4.15,10591200
MNST,2010-11-12,4.14,4.2,4.11,4.18,7437600
MNST,2010-11-15,4.17,4.18,4.12,4.14,5502000
MNST,2010-11-16,4.13,4.16,4.1,4.14,7004400
MNST,2010-11-17,4.13,4.17,4.11,4.15,7309200
MNST,2010-11-18,4.18,4.21,4.16,4.18,11638800
MNST,2010-11-19,4.19,4.45,4.18,4.41,20006400
MNST,2010-11-22,4.42,4.43,4.36,4.41,10332000
MNST,2010-11-23,4.38,4.4,4.34,4.37,7262400
MNST,2010-11-24,4.39,4.51,4.38,4.5,11692800
MNST,2010-11-26,4.47,4.56,4.46,4.53,8413200
MNST,2010-11-29,4.5,4.5,4.42,4.43,10773600
MNST,2010-11-30,4.39,4.46,4.38,4.43,11282400
MNST,2010-12-01,4.48,4.48,4.34,4.38,13161600
MNST,2010-12-02,4.37,4.42,4.37,4.41,6576000
MNST,2010-12-03,4.41,4.41,4.37,4.4,4112400
MNST,2010-12-06,4.38,4.42,4.32,4.41,8151600
MNST,2010-12-07,4.44,4.45,4.38,4.41,6036000
MNST,2010-12-08,4.33,4.34,4.21,4.25,26709600
MNST,2010-12-09,4.26,4.28,4.17,4.18,12513600
MNST,2010-12-10,4.2,4.21,4.08,4.09,22423200
MNST,2010-12-13,4.11,4.13,4.02,4.09,21445200
MNST,2010-12-14,4.09,4.3,4.07,4.25,22668000
MNST,2010-12-15,4.23,4.25,4.2,4.21,11928000
MNST,2010-12-16,4.22,4.23,4.2,4.23,8949600
MNST,2010-12-17,4.23,4.45,4.21,4.4,23658000
MNST,2010-12-20,4.39,4.41,4.34,4.4,7402800
MNST,2010-12-21,4.49,4.56,4.45,4.49,13974000
MNST,2010-12-22,4.5,4.53,4.44,4.5,7869600
MNST,2010-12-23,4.5,4.51,4.45,4.46,3571200
MNST,2010-12-27,4.46,4.46,4.4,4.44,2236800
MNST,2010-12-28,4.42,4.43,4.37,4.38,4525200
MNST,2010-12-29,4.38,4.4,4.35,4.39,5176800
MNST,2010-12-30,4.38,4.41,4.38,4.4,2265600
MNST,2010-12-31,4.38,4.4,4.36,4.36,5329200
MNST,2011-01-03,4.39,4.5,4.39,4.46,9212400
MNST,2011-01-04,4.48,4.48,4.35,4.36,9948000
MNST,2011-01-05,4.36,4.37,4.31,4.33,5887200
MNST,2011-01-06,4.35,4.54,4.31,4.47,12776400
MNST,2011-01-07,4.48,4.5,4.37,4.45,6769200
MNST,2011-01-10,4.43,4.47,4.4,4.46,5270400
MNST,2011-01-11,4.47,4.47,4.43,4.44,4726800
MNST,2011-01-12,4.47,4.48,4.4,4.43,7437600
MNST,2011-01-13,4.44,4.46,4.39,4.43,8475600
MNST,2011-01-14,4.41,4.54,4.4,4.54,7227600
MNST,2011-01-18,4.52,4.58,4.51,4.58,7665600
MNST,2011-01-19,4.57,4.58,4.47,4.52,10906800
MNST,2011-01-20,4.5,4.59,4.49,4.59,14494800
MNST,2011-01-21,4.61,4.69,4.59,4.64,12777600
MNST,2011-01-24,4.67,4.67,4.55,4.57,8336400
MNST,2011-01-25,4.57,4.63,4.54,4.61,7771200
MNST,2011-01-26,4.63,4.72,4.62,4.67,12008400
MNST,2011-01-27,4.66,4.68,4.6,4.64,6728400
MNST,2011-01-28,4.65,4.73,4.58,4.6,7196400
MNST,2011-01-31,4.59,4.75,4.56,4.72,14229600
MNST,2011-02-01,4.75,4.84,4.72,4.83,16168800
MNST,2011-02-02,4.82,4.87,4.77,4.79,6798000
MNST,2011-02-03,4.79,4.8,4.68,4.75,9216000
MNST,2011-02-04,4.77,4.82,4.74,4.74,7251600
MNST,2011-02-07,4.76,4.79,4.61,4.65,15114000
MNST,2011-02-08,4.65,4.69,4.58,4.64,12021600
MNST,2011-02-09,4.64,4.68,4.56,4.59,9548400
MNST,2011-02-10,4.57,4.65,4.55,4.6,8949600
MNST,2011-02-11,4.58,4.81,4.56,4.71,10453200
MNST,2011-02-14,4.71,4.75,4.64,4.7,4837200
MNST,2011-02-15,4.69,4.76,4.68,4.75,6033600
MNST,2011-02-16,4.76,4.78,4.73,4.77,6271200
MNST,2011-02-17,4.77,4.81,4.72,4.78,6594000
MNST,2011-02-18,4.8,4.82,4.75,4.77,6434400
MNST,2011-02-22,4.73,4.74,4.63,4.64,8338800
MNST,2011-02-23,4.63,4.74,4.61,4.66,10809600
MNST,2011-02-24,4.65,4.66,4.54,4.56,14473200
MNST,2011-02-25,4.61,4.99,4.6,4.92,47727600
MNST,2011-02-28,4.91,4.91,4.78,4.8,17689200
MNST,2011-03-01,4.77,4.8,4.68,4.7,12060000
MNST,2011-03-02,4.68,4.72,4.59,4.61,12438000
MNST,2011-03-03,4.63,4.74,4.63,4.71,17247600
MNST,2011-03-04,4.71,4.71,4.63,4.68,5869200
MNST,2011-03-07,4.69,4.69,4.6,4.66,7935600
MNST,2011-03-08,4.65,4.69,4.62,4.67,8828400
MNST,2011-03-09,4.67,4.71,4.6,4.7,6654000
MNST,2011-03-10,4.65,4.71,4.62,4.7,8338800
MNST,2011-03-11,4.57,4.64,4.46,4.61,13780800
MNST,2011-03-14,4.6,4.62,4.54,4.61,8017200
MNST,2011-03-15,4.48,4.6,4.44,4.57,7993200
MNST,2011-03-16,4.55,4.65,4.5,4.57,9519600
MNST,2011-03-17,4.63,4.65,4.55,4.58,7605600
MNST,2011-03-18,4.61,4.62,4.55,4.61,10149600
MNST,2011-03-21,4.65,4.69,4.57,4.57,10094400
MNST,2011-03-22,4.58,4.6,4.54,4.58,12798000
MNST,2011-03-23,4.58,4.76,4.56,4.75,9169200
MNST,2011-03-24,4.76,4.82,4.72,4.82,7802400
MNST,2011-03-25,4.85,4.99,4.85,4.92,11035200
MNST,2011-03-28,4.92,4.95,4.85,4.86,4618800
MNST,2011-03-29,4.87,4.95,4.84,4.91,6765600
MNST,2011-03-30,4.93,5.03,4.92,5.02,7814400
MNST,2011-03-31,5.03,5.04,4.99,5.02,6739200
MNST,2011-04-01,5.03,5.09,4.98,5.08,7040400
MNST,2011-04-04,5.08,5.11,5.05,5.09,3520800
MNST,2011-04-05,5.08,5.12,5.06,5.08,6776400
MNST,2011-04-06,5.09,5.19,5.09,5.16,9247200
MNST,2011-04-07,5.15,5.24,5.13,5.17,12999600
MNST,2011-04-08,5.2,5.27,5.13,5.16,6536400
MNST,2011-04-11,5.18,5.29,5.16,5.19,7213200
MNST,2011-04-12,5.17,5.19,5.14,5.15,6760800
MNST,2011-04-13,5.19,5.2,5.14,5.17,4140000
MNST,2011-04-14,5.17,5.23,5.14,5.22,5062800
MNST,2011-04-15,5.24,5.29,5.2,5.27,5714400
MNST,2011-04-18,5.24,5.26,5.2,5.23,9262800
MNST,2011-04-19,5.23,5.29,5.23,5.28,8814000
MNST,2011-04-20,5.34,5.39,5.29,5.32,10347600
MNST,2011-04-21,5.31,5.44,5.31,5.44,15502800
MNST,2011-04-25,5.44,5.44,5.38,5.38,7040400
MNST,2011-04-26,5.39,5.49,5.36,5.48,8047200
MNST,2011-04-27,5.5,5.52,5.47,5.51,7777200
MNST,2011-04-28,5.49,5.54,5.46,5.52,7350000
MNST,2011-04-29,5.52,5.54,5.48,5.51,9360000
MNST,2011-05-02,5.52,5.54,5.42,5.43,5958000
MNST,2011-05-03,5.41,5.41,5.22,5.29,15600000
MNST,2011-05-04,5.29,5.32,5.23,5.23,8226000
MNST,2011-05-05,5.19,5.23,5.13,5.16,12054000
MNST,2011-05-06,5.42,5.72,5.37,5.39,29757600
MNST,2011-05-09,5.41,5.49,5.34,5.46,11584800
MNST,2011-05-10,5.45,5.48,5.43,5.46,7398000
MNST,2011-05-11,5.44,5.46,5.4,5.42,8512800
MNST,2011-05-12,5.39,5.58,5.39,5.56,8088000
MNST,2011-05-13,5.54,5.57,5.51,5.54,7524000
MNST,2011-05-16,5.52,5.6,5.5,5.56,9381600
MNST,2011-05-17,5.52,5.6,5.51,5.59,8164800
MNST,2011-05-18,5.59,5.68,5.53,5.68,10082400
MNST,2011-05-19,5.71,5.76,5.68,5.74,7906800
MNST,2011-05-20,5.75,5.83,5.72,5.8,10042800
MNST,2011-05-23,5.73,5.78,5.73,5.77,6583200
MNST,2011-05-24,5.79,5.83,5.77,5.8,6080400
MNST,2011-05-25,5.79,5.94,5.75,5.89,11679600
MNST,2011-05-26,5.87,5.9,5.84,5.9,7719600
MNST,2011-05-27,5.93,5.95,5.89,5.91,3546000
MNST,2011-05-31,5.97,6.0,5.9,5.97,9897600
MNST,2011-06-01,5.97,6.15,5.96,6.02,10381200
MNST,2011-06-02,6.02,6.06,5.98,6.03,7936800
MNST,2011-06-03,5.96,6.1,5.96,6.07,6898800
MNST,2011-06-06,6.07,6.09,5.98,6.01,6733200
MNST,2011-06-07,6.04,6.05,5.97,5.97,8226000
MNST,2011-06-08,5.98,6.07,5.96,6.06,10716000
MNST,2011-06-09,6.07,6.13,6.06,6.09,8595600
MNST,2011-06-10,6.06,6.09,5.95,5.97,6930000
MNST,2011-06-13,5.99,6.03,5.93,5.99,5635200
MNST,2011-06-14,5.99,6.09,5.99,6.08,5588400
MNST,2011-06-15,6.05,6.07,5.98,6.02,5876400
MNST,2011-06-16,6.0,6.05,5.89,5.89,12200400
MNST,2011-06-17,5.94,6.06,5.93,6.03,12195600
MNST,2011-06-20,6.0,6.16,6.0,6.15,8226000
MNST,2011-06-21,6.18,6.26,6.17,6.25,9955200
MNST,2011-06-22,6.26,6.31,6.21,6.23,9316800
MNST,2011-06-23,6.17,6.27,6.14,6.25,10178400
MNST,2011-06-24,6.28,6.63,6.28,6.5,28330800
MNST,2011-06-27,6.52,6.64,6.52,6.59,13227600
MNST,2011-06-28,6.62,6.74,6.6,6.69,18325200
MNST,2011-06-29,6.73,6.82,6.67,6.67,14824800
MNST,2011-06-30,6.68,6.77,6.62,6.75,13862400
MNST,2011-07-01,6.76,6.99,6.74,6.97,16698000
MNST,2011-07-05,6.99,7.0,6.83,6.85,13166400
MNST,2011-07-06,6.88,6.94,6.86,6.92,13488000
MNST,2011-07-07,6.95,7.0,6.8,6.81,19321200
MNST,2011-07-08,6.72,6.76,6.52,6.75,17274000
MNST,2011-07-11,6.69,6.69,6.57,6.59,12258000
MNST,2011-07-12,6.58,6.59,6.45,6.49,17643600
MNST,2011-07-13,6.53,6.64,6.53,6.57,12171600
MNST,2011-07-14,6.57,6.67,6.48,6.52,9511200
MNST,2011-07-15,6.54,6.56,6.48,6.52,10382400
MNST,2011-07-18,6.52,6.54,6.41,6.49,9301200
MNST,2011-07-19,6.58,6.85,6.58,6.79,25372800
MNST,2011-07-20,6.76,6.79,6.67,6.73,10100400
MNST,2011-07-21,6.77,6.86,6.73,6.82,9349200
MNST,2011-07-22,6.79,6.79,6.68,6.71,7497600
MNST,2011-07-25,6.63,6.66,6.58,6.6,9487200
MNST,2011-07-26,6.62,6.64,6.46,6.46,11132400
MNST,2011-07-27,6.43,6.43,6.21,6.27,20419200
MNST,2011-07-28,6.27,6.56,6.26,6.44,14964000
MNST,2011-07-29,6.36,6.47,6.3,6.39,10088400
MNST,2011-08-01,6.46,6.51,6.32,6.38,11302800
MNST,2011-08-02,6.34,6.41,6.18,6.18,12346800
MNST,2011-08-03,6.18,6.31,6.11,6.31,13126800
MNST,2011-08-04,6.23,6.27,5.82,5.84,21304800
MNST,2011-08-05,5.92,6.51,5.85,6.33,29078400
MNST,2011-08-08,6.16,6.25,5.74,5.74,20826000
MNST,2011-08-09,5.86,6.31,5.8,6.31,24325200
MNST,2011-08-10,6.18,6.49,6.07,6.37,19063200
MNST,2011-08-11,6.4,6.8,6.32,6.75,17958000
MNST,2011-08-12,6.81,6.83,6.67,6.74,11240400
MNST,2011-08-15,6.79,6.8,6.64,6.75,10236000
MNST,2011-08-16,6.68,6.76,6.65,6.66,11307600
MNST,2011-08-17,6.69,6.75,6.65,6.74,7773600
MNST,2011-08-18,6.6,6.75,6.57,6.72,17980800
MNST,2011-08-19,6.59,6.76,6.58,6.63,18076800
MNST,2011-08-22,6.74,6.77,6.55,6.65,13550400
MNST,2011-08-23,6.71,7.13,6.67,7.06,31080000
MNST,2011-08-24,7.12,7.28,6.98,7.2,24198000
MNST,2011-08-25,7.23,7.23,7.03,7.04,12766800
MNST,2011-08-26,7.01,7.11,6.78,7.05,16942800
MNST,2011-08-29,7.17,7.43,7.17,7.42,17301600
MNST,2011-08-30,7.41,7.52,7.33,7.47,13418400
MNST,2011-08-31,7.48,7.49,6.81,7.11,44540400
MNST,2011-09-01,7.11,7.31,6.99,7.01,16148400
MNST,2011-09-02,6.82,7.12,6.58,6.97,16676400
MNST,2011-09-06,6.78,7.13,6.77,7.11,13178400
MNST,2011-09-07,7.23,7.24,7.03,7.09,13555200
MNST,2011-09-08,7.03,7.32,6.99,7.27,15801600
MNST,2011-09-09,7.23,7.28,7.11,7.2,14901600
MNST,2011-09-12,7.07,7.2,7.05,7.18,11715600
MNST,2011-09-13,7.21,7.4,7.1,7.37,13593600
MNST,2011-09-14,7.37,7.44,7.26,7.36,15069600
MNST,2011-09-15,7.44,7.45,7.22,7.33,17023200
MNST,2011-09-16,7.37,7.78,7.35,7.68,39614400
MNST,2011-09-19,7.59,7.79,7.55,7.69,17516400
MNST,2011-09-20,7.7,7.84,7.58,7.66,17605200
MNST,2011-09-21,7.69,7.89,7.58,7.58,15279600
MNST,2011-09-22,7.38,7.49,7.2,7.45,16783200
MNST,2011-09-23,7.41,7.44,7.17,7.32,15980400
MNST,2011-09-26,7.4,7.55,7.23,7.54,12224400
MNST,2011-09-27,7.68,7.78,7.49,7.53,17151600
MNST,2011-09-28,7.54,7.66,7.42,7.44,9529200
MNST,2011-09-29,7.57,7.63,7.22,7.36,9842400
MNST,2011-09-30,7.3,7.47,7.17,7.27,8556000
MNST,2011-10-03,7.24,7.26,6.64,6.65,25970400
MNST,2011-10-04,6.54,6.81,6.37,6.81,22110000
MNST,2011-10-05,6.84,6.99,6.74,6.94,11949600
MNST,2011-10-06,6.94,7.15,6.9,7.03,14068800
MNST,2011-10-07,7.05,7.3,7.05,7.17,14084400
MNST,2011-10-10,7.27,7.39,7.26,7.31,7232400
MNST,2011-10-11,7.28,7.54,7.2,7.51,10740000
MNST,2011-10-12,7.58,7.79,7.54,7.6,17358000
MNST,2011-10-13,7.61,7.76,7.59,7.7,10693200
MNST,2011-10-14,7.82,8.08,7.79,7.86,15012000
MNST,2011-10-17,7.81,7.99,7.71,7.75,7838400
MNST,2011-10-18,7.76,7.83,7.68,7.75,8059200
MNST,2011-10-19,7.75,7.9,7.62,7.62,8154000
MNST,2011-10-20,7.62,7.73,7.55,7.58,9292800
MNST,2011-10-21,7.69,7.78,7.64,7.73,9782400
MNST,2011-10-24,7.76,7.76,7.64,7.66,13665600
MNST,2011-10-25,7.62,7.63,6.95,7.04,36420000
MNST,2011-10-26,7.03,7.12,6.81,6.92,27966000
MNST,2011-10-27,7.1,7.4,6.99,7.12,20401200
MNST,2011-10-28,7.12,7.27,7.06,7.23,9812400
MNST,2011-10-31,7.2,7.59,7.18,7.42,18738000
MNST,2011-11-01,7.2,7.26,7.05,7.16,15182400
MNST,2011-11-02,7.22,7.46,7.2,7.35,13497600
MNST,2011-11-03,7.41,7.57,7.23,7.51,17059200
MNST,2011-11-04,7.33,8.11,7.25,7.96,38271600
MNST,2011-11-07,7.98,8.03,7.69,7.79,11689200
MNST,2011-11-08,7.83,7.89,7.67,7.87,8335200
MNST,2011-11-09,7.68,7.72,7.47,7.51,13359600
MNST,2011-11-10,7.62,7.63,7.43,7.5,12280800
MNST,2011-11-11,7.58,7.83,7.52,7.79,7690800
MNST,2011-11-14,7.8,7.84,7.73,7.77,6049200
MNST,2011-11-15,7.73,7.95,7.72,7.91,7714800
MNST,2011-11-16,7.84,7.94,7.75,7.77,10155600
MNST,2011-11-17,7.79,7.8,7.54,7.62,6643200
MNST,2011-11-18,7.64,7.65,7.54,7.58,4075200
MNST,2011-11-21,7.46,7.5,7.29,7.34,10231200
MNST,2011-11-22,7.33,7.44,7.28,7.41,5342400
MNST,2011-11-23,7.32,7.35,7.15,7.15,7669200
MNST,2011-11-25,7.14,7.22,7.04,7.09,5107200
MNST,2011-11-28,7.28,7.5,7.27,7.46,8960400
MNST,2011-11-29,7.52,7.64,7.4,7.43,6685200
MNST,2011-11-30,7.55,7.74,7.55,7.68,8450400
MNST,2011-12-01,7.61,7.77,7.58,7.67,5738400
MNST,2011-12-02,7.75,7.88,7.73,7.82,7185600
MNST,2011-12-05,7.87,7.89,7.75,7.8,7195200
MNST,2011-12-06,7.81,7.95,7.78,7.92,9006000
MNST,2011-12-07,7.89,7.99,7.82,7.98,7602000
MNST,2011-12-08,7.93,8.04,7.91,7.95,7392000
MNST,2011-12-09,7.95,8.1,7.88,8.1,7306800
MNST,2011-12-12,8.04,8.05,7.84,7.98,11551200
MNST,2011-12-13,8.02,8.06,7.86,7.89,10088400
MNST,2011-12-14,7.87,7.87,7.7,7.73,8448000
MNST,2011-12-15,7.79,7.82,7.59,7.66,12320400
MNST,2011-12-16,7.75,8.07,7.72,7.99,48126000
MNST,2011-12-19,8.02,8.2,7.91,7.94,10922400
MNST,2011-12-20,8.02,8.13,8.02,8.09,8832000
MNST,2011-12-21,8.09,8.12,7.97,8.08,4291200
MNST,2011-12-22,8.08,8.12,7.96,7.97,4208400
MNST,2011-12-23,7.91,7.91,7.69,7.91,8956800
MNST,2011-12-27,7.91,7.97,7.89,7.92,4102800
MNST,2011-12-28,7.9,7.9,7.62,7.64,7736400
MNST,2011-12-29,7.68,7.82,7.65,7.81,6552000
MNST,2011-12-30,7.83,7.83,7.68,7.68,5073600
MNST,2012-01-03,7.8,7.89,7.59,7.71,9556800
MNST,2012-01-04,7.68,7.75,7.62,7.72,4840800
MNST,2012-01-05,7.76,7.85,7.66,7.82,8409600
MNST,2012-01-06,7.87,8.04,7.84,7.95,8970000
MNST,2012-01-09,7.95,8.04,7.88,7.99,4220400
MNST,2012-01-10,8.03,8.06,7.9,7.94,5086800
MNST,2012-01-11,7.89,7.93,7.7,7.7,5034000
MNST,2012-01-12,7.76,7.93,7.68,7.92,6033600
MNST,2012-01-13,7.95,8.1,7.85,8.08,9595200
MNST,2012-01-17,8.35,8.46,8.27,8.38,20980800
MNST,2012-01-18,8.45,8.47,8.27,8.33,8425200
MNST,2012-01-19,8.33,8.56,8.33,8.41,12166800
MNST,2012-01-20,8.44,8.73,8.42,8.71,13719600
MNST,2012-01-23,8.73,8.76,8.59,8.75,9348000
MNST,2012-01-24,8.69,8.9,8.67,8.86,9460800
MNST,2012-01-25,8.83,9.05,8.77,9.04,8881200
MNST,2012-01-26,9.03,9.06,8.83,8.87,7587600
MNST,2012-01-27,8.89,9.03,8.88,8.96,7999200
MNST,2012-01-30,8.78,8.95,8.6,8.79,10627200
MNST,2012-01-31,8.76,8.83,8.7,8.71,9602400
MNST,2012-02-01,8.8,8.81,8.64,8.73,10920000
MNST,2012-02-02,8.83,8.91,8.76,8.82,11947200
MNST,2012-02-03,8.88,8.9,8.76,8.81,10050000
MNST,2012-02-06,8.79,8.88,8.75,8.78,5869200
MNST,2012-02-07,8.76,8.89,8.71,8.84,5412000
MNST,2012-02-08,8.83,9.19,8.83,8.92,15001200
MNST,2012-02-09,8.94,9.04,8.92,9.03,5821200
MNST,2012-02-10,8.9,9.05,8.9,9.02,5326800
MNST,2012-02-13,9.14,9.16,9.03,9.11,4870800
MNST,2012-02-14,9.15,9.19,9.07,9.19,4778400
MNST,2012-02-15,9.19,9.27,8.86,8.88,17630400
MNST,2012-02-16,8.95,9.01,8.74,8.83,8788800
MNST,2012-02-17,8.79,9.01,8.79,8.87,6091200
MNST,2012-02-21,8.89,8.94,8.82,8.94,5994000
MNST,2012-02-22,8.87,9.22,8.87,9.18,11197800
MNST,2012-02-23,9.27,9.43,9.06,9.15,14046600
MNST,2012-02-24,9.06,9.49,8.88,9.4,16587000
MNST,2012-02-27,9.36,9.65,9.27,9.55,10645200
MNST,2012-02-28,9.64,9.64,9.45,9.5,8490000
MNST,2012-02-29,9.53,9.6,9.48,9.53,10452000
MNST,2012-03-01,9.54,9.61,9.48,9.57,9750000
MNST,2012-03-02,9.6,9.77,9.55,9.77,8755800
MNST,2012-03-05,9.77,9.81,9.58,9.61,9871800
MNST,2012-03-06,9.6,9.74,9.39,9.41,9115800
MNST,2012-03-07,9.41,9.51,9.38,9.45,4520400
MNST,2012-03-08,9.49,9.64,9.45,9.61,6856200
MNST,2012-03-09,9.68,9.98,9.67,9.93,8663400
MNST,2012-03-12,9.99,9.99,9.86,9.93,5744400
MNST,2012-03-13,10.0,10.1,9.93,10.1,6280200
MNST,2012-03-14,10.09,10.11,9.86,9.87,6009000
MNST,2012-03-15,9.91,9.95,9.86,9.95,4627800
MNST,2012-03-16,9.94,10.03,9.85,9.92,6933000
MNST,2012-03-19,9.93,10.01,9.82,9.95,3575400
MNST,2012-03-20,9.92,10.11,9.86,10.07,3722400
MNST,2012-03-21,10.08,10.19,9.97,10.07,8615400
MNST,2012-03-22,10.01,10.18,9.97,10.14,4039800
MNST,2012-03-23,10.15,10.2,10.05,10.09,3562800
MNST,2012-03-26,10.22,10.27,10.14,10.24,4249200
MNST,2012-03-27,10.24,10.35,10.19,10.31,4384800
MNST,2012-03-28,10.28,10.38,10.2,10.3,3334200
MNST,2012-03-29,10.39,10.47,10.23,10.43,4756200
MNST,2012-03-30,10.53,10.53,10.34,10.35,6443400
MNST,2012-04-02,10.36,10.6,10.3,10.55,6084000
MNST,2012-04-03,10.52,10.7,10.51,10.63,7118400
MNST,2012-04-04,10.58,10.6,10.35,10.41,6784200
MNST,2012-04-05,10.39,10.61,10.33,10.56,6389400
MNST,2012-04-09,10.47,10.55,10.39,10.48,3655800
MNST,2012-04-10,10.49,10.5,10.11,10.15,8284800
MNST,2012-04-11,10.19,10.54,10.19,10.52,5718000
MNST,2012-04-12,10.61,10.61,10.38,10.43,4915800
MNST,2012-04-13,10.41,10.92,10.4,10.71,8658600
MNST,2012-04-16,10.88,10.88,10.53,10.56,7884600
MNST,2012-04-17,10.61,10.7,10.51,10.63,5531400
MNST,2012-04-18,10.61,10.75,10.58,10.69,3721800
MNST,2012-04-19,10.64,10.7,10.48,10.53,4521600
MNST,2012-04-20,10.6,10.66,10.55,10.59,5202000
MNST,2012-04-23,10.52,10.54,10.27,10.52,5062200
MNST,2012-04-24,10.54,10.58,10.41,10.48,5716200
MNST,2012-04-25,10.62,10.62,10.49,10.59,5608200
MNST,2012-04-26,10.58,10.94,10.55,10.9,7102200
MNST,2012-04-27,10.97,10.99,10.84,10.92,7722600
MNST,2012-04-30,10.92,13.99,10.68,10.83,114374400
MNST,2012-05-01,10.83,11.33,10.67,11.13,48493200
MNST,2012-05-02,11.14,11.54,11.05,11.44,12880800
MNST,2012-05-03,11.49,11.49,11.14,11.18,11274600
MNST,2012-05-04,11.13,11.27,11.05,11.12,12640800
MNST,2012-05-07,11.07,11.44,10.92,11.26,14175000
MNST,2012-05-08,11.21,11.27,10.86,10.91,16909800
MNST,2012-05-09,10.83,11.0,10.53,10.89,14608200
MNST,2012-05-10,12.33,12.49,11.84,11.86,46532400
MNST,2012-05-11,11.88,12.02,11.8,11.93,11287200
MNST,2012-05-14,11.83,11.88,11.71,11.81,7063800
MNST,2012-05-15,11.83,12.04,11.78,11.93,8401200
MNST,2012-05-16,11.94,12.02,11.86,11.91,7920000
MNST,2012-05-17,11.91,12.0,11.62,11.62,8318400
MNST,2012-05-18,11.65,11.68,11.38,11.43,9048000
MNST,2012-05-21,11.47,11.61,11.27,11.59,7045200
MNST,2012-05-22,11.66,11.81,11.57,11.65,7633200
MNST,2012-05-23,11.6,11.67,11.47,11.67,5028000
MNST,2012-05-24,11.69,12.17,11.59,12.16,16240200
MNST,2012-05-25,12.15,12.16,11.85,11.93,10259400
MNST,2012-05-29,12.23,12.23,11.98,12.17,9183600
MNST,2012-05-30,12.07,12.3,11.91,12.27,10196400
MNST,2012-05-31,12.29,12.33,12.03,12.1,7342800
MNST,2012-06-01,11.9,12.07,11.72,11.76,7493400
MNST,2012-06-04,11.82,12.19,11.81,12.19,9607800
MNST,2012-06-05,12.15,12.24,11.98,12.14,8866800
MNST,2012-06-06,12.27,12.56,12.2,12.32,9288600
MNST,2012-06-07,12.51,12.51,12.24,12.42,8238600
MNST,2012-06-08,12.36,12.84,12.34,12.68,14253600
MNST,2012-06-11,12.88,12.92,12.44,12.47,8781600
MNST,2012-06-12,12.57,12.6,12.35,12.56,7080000
MNST,2012-06-13,12.59,12.62,12.4,12.46,5265600
MNST,2012-06-14,12.49,12.78,12.48,12.72,6339600
MNST,2012-06-15,12.74,13.13,12.69,13.11,13110000
MNST,2012-06-18,13.13,13.17,12.96,13.12,8092200
MNST,2012-06-19,12.96,12.99,12.61,12.69,14230800
MNST,2012-06-20,12.71,12.77,12.48,12.55,10912800
MNST,2012-06-21,12.63,12.69,12.44,12.46,8924400
MNST,2012-06-22,12.73,12.73,12.2,12.27,22573200
MNST,2012-06-25,12.13,12.4,11.89,12.31,14637000
MNST,2012-06-26,12.36,12.49,12.23,12.44,9585600
MNST,2012-06-27,12.48,12.52,11.74,11.85,17584200
MNST,2012-06-28,11.72,11.73,11.06,11.44,228187200
MNST,2012-06-29,11.84,12.05,11.65,11.87,19521600
MNST,2012-07-02,11.99,12.5,11.79,12.46,20966400
MNST,2012-07-03,12.44,12.5,12.21,12.48,7242000
MNST,2012-07-05,12.46,12.49,12.28,12.35,6196800
MNST,2012-07-06,12.24,12.27,12.08,12.24,6046800
MNST,2012-07-09,12.24,12.29,12.03,12.09,8884200
MNST,2012-07-10,12.17,12.27,12.06,12.11,7611000
MNST,2012-07-11,12.07,12.13,11.77,11.96,11259000
MNST,2012-07-12,11.84,12.04,11.81,11.97,6521400
MNST,2012-07-13,11.96,12.33,11.96,12.29,6317400
MNST,2012-07-16,12.25,12.31,12.06,12.09,8140200
MNST,2012-07-17,12.15,12.2,11.7,11.97,8361600
MNST,2012-07-18,11.88,12.1,11.85,11.98,6273000
MNST,2012-07-19,12.01,12.03,11.21,11.31,23193000
MNST,2012-07-20,11.3,11.33,10.5,10.83,33952800
MNST,2012-07-23,10.42,11.17,10.29,11.03,21414000
MNST,2012-07-24,11.01,11.01,10.62,10.91,14945400
MNST,2012-07-25,10.95,11.1,10.92,11.1,9440400
MNST,2012-07-26,11.21,11.4,11.18,11.29,7964400
MNST,2012-07-27,11.5,11.61,11.29,11.36,13048800
MNST,2012-07-30,11.45,11.46,11.19,11.37,6142800
MNST,2012-07-31,11.33,11.35,11.05,11.07,7140600
MNST,2012-08-01,11.08,11.25,10.76,10.81,8697000
MNST,2012-08-02,10.76,10.83,10.61,10.69,9688800
MNST,2012-08-03,10.84,11.16,10.8,11.13,7956000
MNST,2012-08-06,11.17,11.23,10.98,11.0,6784200
MNST,2012-08-07,11.03,11.52,11.01,11.48,12486600
MNST,2012-08-08,11.42,11.44,11.18,11.3,25306800
MNST,2012-08-09,10.47,10.7,10.16,10.2,68519400
MNST,2012-08-10,9.74,9.74,8.92,9.05,69972600
MNST,2012-08-13,8.88,9.13,8.67,8.88,41950200
MNST,2012-08-14,9.03,9.78,9.02,9.77,46611600
MNST,2012-08-15,9.77,9.85,9.59,9.8,28956600
MNST,2012-08-16,9.76,10.07,9.73,10.04,23508600
MNST,2012-08-17,10.1,10.19,10.02,10.14,18360000
MNST,2012-08-20,10.16,10.16,9.9,10.07,14035200
MNST,2012-08-21,10.05,10.23,10.02,10.11,16593000
MNST,2012-08-22,10.06,10.26,10.05,10.22,6786600
MNST,2012-08-23,10.17,10.19,9.9,9.94,17402400
MNST,2012-08-24,9.91,10.07,9.82,9.96,13498200
MNST,2012-08-27,9.97,10.04,9.85,10.01,12339600
MNST,2012-08-28,9.82,10.06,9.76,9.91,18779400
MNST,2012-08-29,9.89,9.97,9.85,9.88,13257000
MNST,2012-08-30,9.85,9.86,9.71,9.76,6933000
MNST,2012-08-31,9.84,9.86,9.73,9.82,7596000
MNST,2012-09-04,9.75,9.78,9.52,9.54,12217800
MNST,2012-09-05,9.5,9.51,9.14,9.26,17312400
MNST,2012-09-06,9.31,9.73,9.3,9.68,11907600
MNST,2012-09-07,9.68,9.75,9.62,9.7,10152000
MNST,2012-09-10,9.8,9.8,9.44,9.54,14352000
MNST,2012-09-11,9.47,9.5,9.34,9.39,12438600
MNST,2012-09-12,9.28,9.28,8.44,8.46,43733400
MNST,2012-09-13,8.38,8.95,8.37,8.9,25154400
MNST,2012-09-14,8.95,9.02,8.73,8.96,15318600
MNST,2012-09-17,8.98,9.05,8.85,8.87,13920000
MNST,2012-09-18,8.84,8.86,8.69,8.73,13285800
MNST,2012-09-19,8.73,9.1,8.73,8.96,14998800
MNST,2012-09-20,8.96,9.4,8.96,9.25,17573400
MNST,2012-09-21,9.35,9.39,9.06,9.12,21455400
MNST,2012-09-24,9.02,9.1,8.94,9.07,13421400
MNST,2012-09-25,9.09,9.14,8.99,9.0,10676400
MNST,2012-09-26,8.98,9.06,8.87,8.89,10723800
MNST,2012-09-27,8.9,8.99,8.81,8.91,7491000
MNST,2012-09-28,8.92,9.05,8.89,9.01,10073400
MNST,2012-10-01,9.05,9.33,9.0,9.17,14029800
MNST,2012-10-02,9.22,9.22,9.06,9.11,8586600
MNST,2012-10-03,9.14,9.22,9.02,9.06,8226600
MNST,2012-10-04,9.08,9.29,9.03,9.23,7853400
MNST,2012-10-05,9.28,9.54,9.23,9.51,11496000
MNST,2012-10-08,9.47,9.53,9.44,9.5,8292000
MNST,2012-10-09,9.45,9.54,9.42,9.46,10105800
MNST,2012-10-10,8.94,9.18,8.92,8.94,21450000
MNST,2012-10-11,9.08,9.13,9.02,9.07,12875400
MNST,2012-10-12,9.07,9.54,9.07,9.51,22376400
MNST,2012-10-15,9.58,9.73,9.54,9.72,15625200
MNST,2012-10-16,9.77,9.85,9.71,9.74,10955400
MNST,2012-10-17,9.77,9.79,9.52,9.53,8226600
MNST,2012-10-18,9.56,9.57,9.3,9.34,12186600
MNST,2012-10-19,9.33,9.33,8.75,8.89,20137200
MNST,2012-10-22,8.91,8.92,7.27,7.62,130982400
MNST,2012-10-23,7.43,7.43,6.68,6.85,115570200
MNST,2012-10-24,7.16,8.02,7.1,7.99,76578600
MNST,2012-10-25,7.97,8.01,7.7,7.85,30768000
MNST,2012-10-26,7.8,7.85,7.4,7.64,22588800
MNST,2012-10-31,7.64,7.66,7.34,7.44,15544800
MNST,2012-11-01,7.45,7.6,7.18,7.5,16723200
MNST,2012-11-02,7.3,7.49,7.14,7.34,15296400
MNST,2012-11-05,7.33,7.55,7.3,7.51,11941800
MNST,2012-11-06,7.53,7.62,7.4,7.51,12078600
MNST,2012-11-07,7.42,7.62,7.35,7.49,21836400
MNST,2012-11-08,6.72,7.5,6.66,7.4,49003800
MNST,2012-11-09,7.37,7.6,7.34,7.54,14010600
MNST,2012-11-12,7.61,7.61,7.49,7.53,12120000
MNST,2012-11-13,7.55,7.79,7.53,7.73,12664800
MNST,2012-11-14,7.74,7.74,7.45,7.46,10689600
MNST,2012-11-15,7.11,7.49,7.07,7.47,26449200
MNST,2012-11-16,7.47,7.78,7.43,7.58,19580400
MNST,2012-11-19,7.68,7.74,7.43,7.54,13090800
MNST,2012-11-20,7.52,7.63,7.35,7.48,13284600
MNST,2012-11-21,7.52,7.65,7.45,7.62,7798800
MNST,2012-11-23,7.63,7.67,7.54,7.66,3493200
MNST,2012-11-26,7.65,7.71,7.61,7.65,8430600
MNST,2012-11-27,7.64,8.86,7.59,8.66,79086000
MNST,2012-11-28,8.64,8.64,8.34,8.56,25371600
MNST,2012-11-29,8.68,8.73,8.52,8.61,10782000
MNST,2012-11-30,8.65,8.72,8.55,8.68,12842400
MNST,2012-12-03,8.73,8.76,8.59,8.65,9726600
MNST,2012-12-04,8.65,8.7,8.47,8.61,10474800
MNST,2012-12-05,8.64,8.76,8.59,8.6,10077000
MNST,2012-12-06,8.65,8.67,8.5,8.64,13014600
MNST,2012-12-07,8.65,8.82,8.53,8.8,8230200
MNST,2012-12-10,8.84,9.0,8.74,8.81,12229200
MNST,2012-12-11,9.1,9.41,8.97,9.15,23611800
MNST,2012-12-12,9.23,9.56,9.17,9.47,23880600
MNST,2012-12-13,9.44,9.49,9.1,9.11,14430000
MNST,2012-12-14,9.1,9.11,8.88,8.9,14217600
MNST,2012-12-17,8.91,8.97,8.78,8.79,14917800
MNST,2012-12-18,8.82,8.98,8.69,8.92,12089400
MNST,2012-12-19,8.91,8.95,8.7,8.84,7638000
MNST,2012-12-20,8.86,8.9,8.65,8.69,8068800
MNST,2012-12-21,8.6,8.73,8.47,8.68,15480600
MNST,2012-12-24,8.68,8.74,8.58,8.74,2749800
MNST,2012-12-26,8.73,8.79,8.65,8.67,3745800
MNST,2012-12-27,8.69,8.78,8.61,8.7,5577000
MNST,2012-12-28,8.64,8.72,8.63,8.65,3612000
MNST,2012-12-31,8.65,8.83,8.62,8.81,7015200
MNST,2013-01-02,8.95,9.06,8.9,9.04,12178200
MNST,2013-01-03,9.01,9.03,8.66,8.7,12885600
MNST,2013-01-04,8.71,8.8,8.64,8.65,9684600
MNST,2013-01-07,8.65,8.72,8.18,8.34,21012600
MNST,2013-01-08,8.34,8.47,8.22,8.45,12936600
MNST,2013-01-09,8.48,8.48,8.31,8.39,5792400
MNST,2013-01-10,8.47,8.47,8.0,8.13,14666400
MNST,2013-01-11,8.14,8.51,8.13,8.49,13538400
MNST,2013-01-14,8.39,8.49,8.3,8.46,8382000
MNST,2013-01-15,8.46,8.56,8.42,8.51,6737400
MNST,2013-01-16,8.46,8.52,8.34,8.43,6780600
MNST,2013-01-17,8.47,8.49,8.14,8.31,16668000
MNST,2013-01-18,8.32,8.32,7.63,7.97,35643000
MNST,2013-01-22,7.99,8.1,7.83,8.09,13617600
MNST,2013-01-23,8.13,8.16,7.96,8.01,10529400
MNST,2013-01-24,8.09,8.14,7.82,7.88,10100400
MNST,2013-01-25,7.89,7.97,7.76,7.78,9442200
MNST,2013-01-28,7.82,7.97,7.79,7.91,7900800
MNST,2013-01-29,7.94,8.04,7.84,7.87,10693200
MNST,2013-01-30,7.89,8.15,7.88,8.03,8514000
MNST,2013-01-31,7.98,8.06,7.82,7.98,9706200
MNST,2013-02-01,8.06,8.11,7.88,7.94,11120400
MNST,2013-02-04,7.93,8.0,7.87,7.93,7060800
MNST,2013-02-05,8.01,8.16,7.91,8.06,10194000
MNST,2013-02-06,8.03,8.37,8.03,8.24,10092000
MNST,2013-02-07,8.27,8.28,7.98,8.02,9757800
MNST,2013-02-08,8.05,8.09,7.74,7.81,13138800
MNST,2013-02-11,7.82,7.96,7.78,7.91,7174800
MNST,2013-02-12,7.9,7.93,7.76,7.79,7131600
MNST,2013-02-13,7.78,8.22,7.66,7.95,19333800
MNST,2013-02-14,7.95,8.03,7.74,7.95,12087000
MNST,2013-02-15,7.9,8.65,7.85,8.51,41102400
MNST,2013-02-19,8.44,8.46,8.17,8.28,16012800
MNST,2013-02-20,8.28,8.49,8.19,8.44,13824000
MNST,2013-02-21,8.41,8.6,8.19,8.29,13656000
MNST,2013-02-22,8.31,8.59,8.3,8.45,8073000
MNST,2013-02-25,8.51,8.6,8.27,8.27,9625200
MNST,2013-02-26,8.29,8.32,8.04,8.16,8894400
MNST,2013-02-27,8.14,8.38,8.06,8.27,15608400
MNST,2013-02-28,8.77,8.98,8.38,8.41,39705600
MNST,2013-03-01,8.36,8.5,8.18,8.44,16489200
MNST,2013-03-04,8.39,8.39,8.19,8.3,12112800
MNST,2013-03-05,8.31,8.38,8.13,8.18,11636400
MNST,2013-03-06,8.19,8.22,8.04,8.11,10685400
MNST,2013-03-07,8.18,8.19,7.94,7.96,14464800
MNST,2013-03-08,8.01,8.03,7.87,7.89,10369800
MNST,2013-03-11,7.87,7.9,7.64,7.85,14514000
MNST,2013-03-12,7.82,7.86,7.56,7.7,14858400
MNST,2013-03-13,7.75,7.98,7.71,7.85,13792200
MNST,2013-03-14,7.84,7.95,7.78,7.86,7502400
MNST,2013-03-15,7.86,8.09,7.83,8.06,24073800
MNST,2013-03-18,8.01,8.03,7.93,8.02,10801800
MNST,2013-03-19,8.05,8.39,8.04,8.29,18652800
MNST,2013-03-20,8.32,8.52,8.28,8.5,8967600
MNST,2013-03-21,8.42,8.5,8.34,8.39,9561000
MNST,2013-03-22,8.12,8.35,8.01,8.08,17971800
MNST,2013-03-25,8.12,8.15,8.01,8.06,9662400
MNST,2013-03-26,8.1,8.17,8.06,8.14,7210200
MNST,2013-03-27,8.07,8.11,7.9,8.0,10407000
MNST,2013-03-28,8.01,8.01,7.87,7.96,9250800
MNST,2013-04-01,7.96,8.01,7.86,7.94,7198800
MNST,2013-04-02,7.99,8.2,7.94,8.1,10492200
MNST,2013-04-03,8.06,8.14,7.97,8.05,8527800
MNST,2013-04-04,8.08,8.38,8.03,8.38,16533600
MNST,2013-04-05,8.26,8.37,8.19,8.28,10923600
MNST,2013-04-08,8.31,8.69,8.28,8.67,19797000
MNST,2013-04-09,8.72,8.95,8.65,8.78,17143800
MNST,2013-04-10,8.76,9.24,8.76,9.13,16059600
MNST,2013-04-11,9.18,9.32,9.13,9.31,14491200
MNST,2013-04-12,9.32,9.49,9.18,9.46,11936400
MNST,2013-04-15,9.44,9.6,9.21,9.22,13958400
MNST,2013-04-16,9.25,9.46,9.21,9.41,9809400
MNST,2013-04-17,9.35,9.64,9.24,9.28,12231600
MNST,2013-04-18,9.26,9.44,9.16,9.2,7885800
MNST,2013-04-19,9.15,9.39,9.12,9.28,7675800
MNST,2013-04-22,9.28,9.38,9.21,9.27,9118800
MNST,2013-04-23,9.32,9.55,9.29,9.45,8209200
MNST,2013-04-24,9.49,9.76,9.49,9.58,16030800
MNST,2013-04-25,9.62,9.66,9.46,9.48,13252800
MNST,2013-04-26,9.42,9.52,9.41,9.44,6775800
MNST,2013-04-29,9.44,9.47,9.38,9.42,5776800
MNST,2013-04-30,9.4,9.47,9.24,9.4,7663200
MNST,2013-05-01,9.24,9.38,9.15,9.32,11553600
MNST,2013-05-02,9.29,9.42,9.24,9.25,6081600
MNST,2013-05-03,9.33,9.72,9.33,9.57,8461800
MNST,2013-05-06,9.55,9.57,9.22,9.36,11587800
MNST,2013-05-07,9.38,9.54,9.29,9.52,10263000
MNST,2013-05-08,9.53,9.63,9.39,9.49,21033000
MNST,2013-05-09,8.54,9.0,8.46,9.0,56634000
MNST,2013-05-10,9.0,9.06,8.85,9.04,17023800
MNST,2013-05-13,8.95,9.15,8.81,8.97,19346400
MNST,2013-05-14,9.21,9.46,9.08,9.4,18938400
MNST,2013-05-15,9.38,9.65,9.33,9.63,12793200
MNST,2013-05-16,9.6,9.81,9.53,9.53,12023400
MNST,2013-05-17,9.58,9.59,9.35,9.48,8932800
MNST,2013-05-20,9.42,9.47,9.29,9.38,7724400
MNST,2013-05-21,9.38,9.48,9.32,9.4,12181200
MNST,2013-05-22,9.54,9.89,9.44,9.48,13189200
MNST,2013-05-23,9.45,9.49,9.34,9.46,7306800
MNST,2013-05-24,9.4,9.42,9.25,9.32,6523800
MNST,2013-05-28,9.41,9.48,9.21,9.25,6388800
MNST,2013-05-29,9.2,9.25,9.04,9.15,7462200
MNST,2013-05-30,9.18,9.26,9.12,9.14,5770800
MNST,2013-05-31,9.13,9.27,9.09,9.1,9145200
MNST,2013-06-03,9.07,9.14,8.93,8.99,10964400
MNST,2013-06-04,9.38,9.97,9.29,9.93,33546600
MNST,2013-06-05,9.88,10.25,9.71,9.77,23247600
MNST,2013-06-06,9.8,9.99,9.73,9.96,12659400
MNST,2013-06-07,9.97,10.39,9.93,10.27,19469400
MNST,2013-06-10,10.31,10.39,10.22,10.37,6955200
MNST,2013-06-11,10.27,10.4,10.22,10.23,6027600
MNST,2013-06-12,10.29,10.41,10.28,10.32,7366800
MNST,2013-06-13,10.28,10.35,10.22,10.33,8708400
MNST,2013-06-14,10.28,10.49,9.78,9.88,16423800
MNST,2013-06-17,9.95,10.2,9.86,9.94,11307600
MNST,2013-06-18,10.0,10.06,9.86,9.94,6446400
MNST,2013-06-19,9.93,10.13,9.71,9.73,9066600
MNST,2013-06-20,9.63,9.65,9.32,9.34,8249400
MNST,2013-06-21,9.35,9.48,9.1,9.37,17733600
MNST,2013-06-24,9.34,9.53,9.25,9.47,10023600
MNST,2013-06-25,9.53,9.63,9.47,9.53,6333000
MNST,2013-06-26,9.59,9.72,9.56,9.62,5067000
MNST,2013-06-27,9.67,9.95,9.67,9.94,7354800
MNST,2013-06-28,10.02,10.3,9.97,10.14,17829600
MNST,2013-07-01,10.18,10.31,10.1,10.14,7990800
MNST,2013-07-02,10.05,10.13,9.98,10.07,6657600
MNST,2013-07-03,10.02,10.1,9.93,10.04,3201000
MNST,2013-07-05,10.13,10.16,9.98,10.1,2859000
MNST,2013-07-08,10.19,10.22,10.05,10.1,4726800
MNST,2013-07-09,10.14,10.23,9.95,9.96,5611200
MNST,2013-07-10,9.94,10.02,9.86,9.93,6418200
MNST,2013-07-11,10.05,10.16,9.99,10.07,6397200
MNST,2013-07-12,10.09,10.16,9.9,9.98,6993000
MNST,2013-07-15,10.15,10.19,10.07,10.13,9394800
MNST,2013-07-16,10.15,10.17,10.06,10.1,6934800
MNST,2013-07-17,10.15,10.62,10.15,10.45,13161600
MNST,2013-07-18,10.63,10.63,10.38,10.54,7112400
MNST,2013-07-19,10.57,10.61,10.4,10.56,6450600
MNST,2013-07-22,10.66,10.81,10.63,10.77,9570600
MNST,2013-07-23,10.77,10.81,10.65,10.77,5768400
MNST,2013-07-24,10.77,10.81,10.4,10.54,7774800
MNST,2013-07-25,10.49,10.57,10.43,10.55,4194600
MNST,2013-07-26,10.45,10.53,10.33,10.48,3279000
MNST,2013-07-29,10.54,10.6,10.07,10.1,11219400
MNST,2013-07-30,10.16,10.27,10.02,10.05,12546600
MNST,2013-07-31,10.12,10.28,10.07,10.16,14675400
MNST,2013-08-01,10.24,10.49,10.24,10.42,7339800
MNST,2013-08-02,10.44,10.58,10.42,10.56,4716000
MNST,2013-08-05,10.57,10.6,10.41,10.57,3871800
MNST,2013-08-06,10.56,10.6,10.4,10.5,6262200
MNST,2013-08-07,10.47,10.56,10.4,10.41,9476400
MNST,2013-08-08,10.47,10.61,10.4,10.58,14110800
MNST,2013-08-09,10.67,11.02,10.61,10.62,27754800
MNST,2013-08-12,10.54,10.55,10.18,10.46,12138000
MNST,2013-08-13,10.52,10.59,10.27,10.3,7612200
MNST,2013-08-14,10.27,10.3,10.06,10.1,8203800
MNST,2013-08-15,10.01,10.03,9.76,9.76,8628600
MNST,2013-08-16,9.73,9.8,9.6,9.71,6829200
MNST,2013-08-19,9.71,9.89,9.66,9.85,7020600
MNST,2013-08-20,9.85,9.93,9.77,9.87,6403800
MNST,2013-08-21,9.86,9.96,9.81,9.83,6564000
MNST,2013-08-22,9.82,10.03,9.81,10.02,3166800
MNST,2013-08-23,10.06,10.19,9.88,9.93,9538200
MNST,2013-08-26,9.92,9.99,9.78,9.83,5496600
MNST,2013-08-27,9.72,9.76,9.65,9.66,5240400
MNST,2013-08-28,9.66,9.74,9.59,9.61,4786800
MNST,2013-08-29,9.57,9.65,9.49,9.5,5680800
MNST,2013-08-30,9.54,9.58,9.46,9.56,5641200
MNST,2013-09-03,9.69,9.7,8.99,9.0,27336600
MNST,2013-09-04,8.96,9.44,8.92,9.34,16129200
MNST,2013-09-05,9.37,9.41,9.3,9.36,5967600
MNST,2013-09-06,9.41,9.41,9.19,9.21,6612000
MNST,2013-09-09,9.18,9.39,9.15,9.37,7377000
MNST,2013-09-10,9.42,9.42,9.3,9.34,6380400
MNST,2013-09-11,9.3,9.37,9.21,9.25,8845800
MNST,2013-09-12,9.22,9.24,9.15,9.18,5715600
MNST,2013-09-13,9.19,9.23,9.06,9.18,5977200
MNST,2013-09-16,9.3,9.43,9.25,9.29,4428600
MNST,2013-09-17,9.33,9.64,9.3,9.51,6816600
MNST,2013-09-18,9.51,9.69,9.41,9.67,7373400
MNST,2013-09-19,9.71,9.79,9.35,9.36,11311800
MNST,2013-09-20,9.27,9.34,8.98,9.32,34071600
MNST,2013-09-23,9.15,9.3,9.06,9.14,9068400
MNST,2013-09-24,9.21,9.26,9.1,9.12,5667600
MNST,2013-09-25,9.1,9.2,8.99,9.06,4936800
MNST,2013-09-26,9.07,9.15,8.84,8.93,7582200
MNST,2013-09-27,8.9,8.94,8.8,8.85,6228000
MNST,2013-09-30,8.82,8.83,8.64,8.71,10145400
MNST,2013-10-01,8.74,8.77,8.67,8.77,10020000
MNST,2013-10-02,8.66,8.71,8.62,8.7,12307200
MNST,2013-10-03,8.68,8.69,8.6,8.62,10867800
MNST,2013-10-04,8.64,8.74,8.59,8.65,11257200
MNST,2013-10-07,8.57,8.67,8.52,8.61,8760600
MNST,2013-10-08,8.59,9.11,8.54,8.93,23241600
MNST,2013-10-09,8.92,9.08,8.82,8.88,16886400
MNST,2013-10-10,8.94,8.98,8.82,8.98,5784600
MNST,2013-10-11,8.93,8.99,8.85,8.96,5729400
MNST,2013-10-14,8.89,9.23,8.88,9.19,8242200
MNST,2013-10-15,9.16,9.29,9.13,9.26,10531800
MNST,2013-10-16,9.31,9.47,9.28,9.41,9503400
MNST,2013-10-17,9.46,9.77,9.42,9.57,13821600
MNST,2013-10-18,9.66,9.77,9.53,9.62,10223400
MNST,2013-10-21,9.66,9.69,9.51,9.57,8469600
MNST,2013-10-22,9.58,9.68,9.56,9.6,4789800
MNST,2013-10-23,9.52,9.62,9.45,9.46,5895600
MNST,2013-10-24,9.47,9.6,9.4,9.56,10051200
MNST,2013-10-25,9.6,9.73,9.57,9.69,4895400
MNST,2013-10-28,9.82,9.83,9.69,9.75,6339600
MNST,2013-10-29,9.79,9.83,9.67,9.76,6265800
MNST,2013-10-30,9.72,9.82,9.58,9.67,4248600
MNST,2013-10-31,9.66,9.7,9.52,9.54,5875800
MNST,2013-11-01,9.59,9.62,9.41,9.45,6219000
MNST,2013-11-04,9.46,9.56,9.43,9.45,6715800
MNST,2013-11-05,9.47,9.7,9.42,9.59,6454200
MNST,2013-11-06,9.59,9.67,9.48,9.64,7143000
MNST,2013-11-07,9.62,9.64,9.51,9.52,11299200
MNST,2013-11-08,9.32,9.61,9.07,9.19,19995600
MNST,2013-11-11,9.2,9.34,9.18,9.3,9010800
MNST,2013-11-12,9.26,9.42,9.24,9.33,9909600
MNST,2013-11-13,9.32,9.52,9.27,9.52,7484400
MNST,2013-11-14,9.55,9.69,9.52,9.62,6393600
MNST,2013-11-15,9.75,9.75,9.44,9.58,7201200
MNST,2013-11-18,9.61,9.66,9.5,9.51,7439400
MNST,2013-11-19,9.49,9.6,9.46,9.51,7653000
MNST,2013-11-20,9.52,9.57,9.46,9.48,8059200
MNST,2013-11-21,9.48,9.59,9.46,9.52,8332200
MNST,2013-11-22,9.51,9.58,9.49,9.55,10115400
MNST,2013-11-25,9.61,9.76,9.51,9.54,10422600
MNST,2013-11-26,9.62,9.83,9.6,9.8,15808800
MNST,2013-11-27,9.86,10.0,9.8,9.98,7101000
MNST,2013-11-29,10.0,10.04,9.85,9.86,3033000
MNST,2013-12-02,10.27,10.27,9.88,9.92,12728400
MNST,2013-12-03,9.86,10.23,9.86,10.21,14110800
MNST,2013-12-04,10.17,10.43,10.1,10.41,13588800
MNST,2013-12-05,10.36,10.42,10.2,10.38,8723400
MNST,2013-12-06,10.48,10.56,10.36,10.51,6309000
MNST,2013-12-09,10.51,10.55,10.45,10.52,4791000
MNST,2013-12-10,10.52,10.57,10.49,10.55,6468600
MNST,2013-12-11,10.59,10.6,10.44,10.45,5928000
MNST,2013-12-12,10.4,10.46,10.22,10.27,6994200
MNST,2013-12-13,10.32,10.38,10.22,10.24,5151000
MNST,2013-12-16,10.61,10.7,10.49,10.6,12078600
MNST,2013-12-17,10.28,10.67,10.28,10.56,9212400
MNST,2013-12-18,10.58,10.88,10.51,10.86,11219400
MNST,2013-12-19,10.9,11.09,10.77,11.04,11376000
MNST,2013-12-20,11.1,11.24,11.03,11.04,12839400
MNST,2013-12-23,11.07,11.23,11.06,11.19,8278200
MNST,2013-12-24,11.23,11.24,11.1,11.23,1774200
MNST,2013-12-26,11.2,11.29,11.16,11.24,3586200
MNST,2013-12-27,11.29,11.39,11.17,11.24,3111600
MNST,2013-12-30,11.26,11.37,11.24,11.3,3765600
MNST,2013-12-31,11.32,11.34,11.22,11.3,3508800
MNST,2014-01-02,11.31,11.33,11.11,11.13,9180600
MNST,2014-01-03,11.38,11.38,11.21,11.25,9709200
MNST,2014-01-06,11.24,11.29,11.07,11.08,13118400
MNST,2014-01-07,11.21,11.44,11.19,11.29,11219400
MNST,2014-01-08,11.36,11.59,11.35,11.4,15684600
MNST,2014-01-09,11.44,11.46,11.18,11.26,8235600
MNST,2014-01-10,11.27,11.73,11.22,11.64,19736400
MNST,2014-01-13,11.74,11.75,11.52,11.62,16212600
MNST,2014-01-14,11.64,11.64,11.46,11.54,7801200
MNST,2014-01-15,11.52,11.56,11.38,11.52,5227200
MNST,2014-01-16,11.56,11.64,11.49,11.59,3859800
MNST,2014-01-17,11.45,11.58,11.45,11.52,5018400
MNST,2014-01-21,11.59,11.72,11.54,11.63,7510200
MNST,2014-01-22,11.63,11.69,11.57,11.65,4761000
MNST,2014-01-23,11.55,11.62,11.4,11.51,5485200
MNST,2014-01-24,11.45,11.45,11.16,11.26,6771000
MNST,2014-01-27,11.29,11.35,11.19,11.29,9027600
MNST,2014-01-28,11.31,11.54,11.26,11.49,9421800
MNST,2014-01-29,11.43,11.44,11.27,11.3,7228800
MNST,2014-01-30,11.35,11.53,11.32,11.44,7293600
MNST,2014-01-31,11.16,11.41,11.05,11.32,7919400
MNST,2014-02-03,11.35,11.4,11.07,11.16,10996800
MNST,2014-02-04,11.21,11.27,11.09,11.23,8440200
MNST,2014-02-05,11.15,11.23,11.09,11.11,10924800
MNST,2014-02-06,11.16,11.41,11.1,11.34,9531600
MNST,2014-02-07,11.35,11.57,11.16,11.41,9872400
MNST,2014-02-10,11.3,11.8,11.19,11.78,8362800
MNST,2014-02-11,11.82,12.21,11.81,12.16,15078600
MNST,2014-02-12,12.22,12.22,11.93,11.97,10945800
MNST,2014-02-13,11.88,11.92,11.72,11.89,8886600
MNST,2014-02-14,11.83,11.98,11.8,11.93,5589000
MNST,2014-02-18,12.0,12.04,11.84,12.0,6723600
MNST,2014-02-19,11.97,12.2,11.91,12.19,7809000
MNST,2014-02-20,12.2,12.51,12.2,12.45,11912400
MNST,2014-02-21,12.53,12.57,12.38,12.47,10288200
MNST,2014-02-24,12.5,12.6,12.41,12.42,11507400
MNST,2014-02-25,12.26,12.29,11.86,11.9,15132000
MNST,2014-02-26,11.93,11.98,11.82,11.83,8216400
MNST,2014-02-27,12.01,12.01,11.78,11.86,12622800
MNST,2014-02-28,12.45,12.58,12.13,12.33,25474200
MNST,2014-03-03,12.22,12.32,12.03,12.1,12388200
MNST,2014-03-04,12.14,12.43,12.14,12.41,14382000
MNST,2014-03-05,12.36,12.37,12.22,12.24,7623600
MNST,2014-03-06,12.32,12.36,12.13,12.14,7121400
MNST,2014-03-07,12.15,12.27,12.09,12.23,8716200
MNST,2014-03-10,12.22,12.26,12.14,12.22,4514400
MNST,2014-03-11,12.18,12.34,12.15,12.28,7983000
MNST,2014-03-12,12.19,12.25,12.11,12.21,4713600
MNST,2014-03-13,12.25,12.27,11.62,11.69,12428400
MNST,2014-03-14,11.68,11.82,11.66,11.68,7928400
MNST,2014-03-17,11.76,11.89,11.69,11.82,9486000
MNST,2014-03-18,11.84,11.93,11.81,11.83,4972200
MNST,2014-03-19,11.85,11.92,11.54,11.6,6846600
MNST,2014-03-20,11.53,11.66,11.49,11.61,5028600
MNST,2014-03-21,11.75,11.82,11.44,11.47,12768600
MNST,2014-03-24,11.51,11.55,11.29,11.31,8728200
MNST,2014-03-25,11.42,11.55,11.31,11.37,7153800
MNST,2014-03-26,11.4,11.5,11.36,11.36,5688000
MNST,2014-03-27,11.37,11.49,11.35,11.43,6237600
MNST,2014-03-28,11.52,11.63,11.45,11.58,4700400
MNST,2014-03-31,11.66,11.73,11.56,11.57,7415400
MNST,2014-04-01,11.62,11.92,11.59,11.84,7486800
MNST,2014-04-02,11.82,11.87,11.6,11.61,5083800
MNST,2014-04-03,11.6,11.62,11.33,11.34,8309400
MNST,2014-04-04,11.37,11.48,11.1,11.11,11058600
MNST,2014-04-07,11.07,11.21,10.95,11.14,7492800
MNST,2014-04-08,11.12,11.17,10.9,10.98,7659000
MNST,2014-04-09,11.04,11.51,10.97,11.48,12240600
MNST,2014-04-10,11.36,11.46,10.65,10.67,19749600
MNST,2014-04-11,10.59,10.81,10.53,10.55,15054600
MNST,2014-04-14,10.7,10.82,10.55,10.66,5745600
MNST,2014-04-15,10.73,10.83,10.53,10.65,7201800
MNST,2014-04-16,10.59,10.92,10.59,10.9,8927400
MNST,2014-04-17,10.92,11.28,10.83,11.26,9601200
MNST,2014-04-21,11.21,11.25,10.99,11.2,4867200
MNST,2014-04-22,11.19,11.36,11.13,11.29,5557200
MNST,2014-04-23,11.27,11.31,11.12,11.18,4777800
MNST,2014-04-24,11.27,11.3,11.08,11.12,4915800
MNST,2014-04-25,11.18,11.25,10.9,10.96,6054600
MNST,2014-04-28,11.03,11.13,10.92,11.12,6761400
MNST,2014-04-29,11.15,11.19,11.05,11.07,3886200
MNST,2014-04-30,11.04,11.23,10.93,11.16,5087400
MNST,2014-05-01,11.18,11.2,11.04,11.16,3025800
MNST,2014-05-02,11.2,11.21,11.04,11.15,3727800
MNST,2014-05-05,11.01,11.19,10.96,11.09,4773600
MNST,2014-05-06,11.06,11.14,10.97,11.01,3438600
MNST,2014-05-07,11.02,11.13,10.86,10.86,10716000
MNST,2014-05-08,10.84,11.14,10.83,11.02,10069800
MNST,2014-05-09,10.62,11.29,10.5,11.16,19951200
MNST,2014-05-12,11.25,11.74,11.2,11.68,11854200
MNST,2014-05-13,11.73,11.83,11.66,11.68,8268000
MNST,2014-05-14,11.7,11.81,11.59,11.72,5299200
MNST,2014-05-15,11.69,11.75,11.6,11.71,6772800
MNST,2014-05-16,11.71,11.8,11.56,11.76,5568600
MNST,2014-05-19,11.7,11.88,11.65,11.74,4555200
MNST,2014-05-20,11.62,11.66,11.49,11.57,6052800
MNST,2014-05-21,11.64,11.75,11.52,11.63,5731800
MNST,2014-05-22,11.61,11.64,11.52,11.56,5304600
MNST,2014-05-23,11.59,11.64,11.51,11.61,3174600
MNST,2014-05-27,11.61,11.65,11.4,11.44,7417200
MNST,2014-05-28,11.49,11.58,11.37,11.41,7480200
MNST,2014-05-29,11.45,11.55,11.41,11.5,5085000
MNST,2014-05-30,11.51,11.6,11.45,11.56,6643800
MNST,2014-06-02,11.55,11.65,11.43,11.5,7253400
MNST,2014-06-03,11.42,11.42,11.05,11.12,20994000
MNST,2014-06-04,11.26,11.37,11.14,11.35,11409000
MNST,2014-06-05,11.34,11.43,11.27,11.34,10257600
MNST,2014-06-06,11.38,11.41,11.32,11.38,6213000
MNST,2014-06-09,11.4,11.4,11.32,11.38,4767600
MNST,2014-06-10,11.39,11.7,11.34,11.65,8039400
MNST,2014-06-11,11.56,11.78,11.56,11.67,5980200
MNST,2014-06-12,11.67,11.81,11.61,11.77,6192000
MNST,2014-06-13,11.67,11.68,11.32,11.48,13481400
MNST,2014-06-16,11.47,11.77,11.39,11.73,9949200
MNST,2014-06-17,11.67,11.74,11.51,11.71,5947800
MNST,2014-06-18,11.69,11.99,11.66,11.9,9572400
MNST,2014-06-19,12.08,12.21,12.0,12.12,12655800
MNST,2014-06-20,12.15,12.16,11.99,12.11,10311600
MNST,2014-06-23,12.12,12.23,12.06,12.21,8181600
MNST,2014-06-24,12.15,12.15,11.86,11.87,8298000
MNST,2014-06-25,11.87,11.9,11.7,11.74,5426400
MNST,2014-06-26,11.74,11.74,11.64,11.65,4699800
MNST,2014-06-27,11.65,11.71,11.52,11.54,9630000
MNST,2014-06-30,11.57,11.84,11.55,11.84,10375800
MNST,2014-07-01,11.81,11.83,11.63,11.69,5193600
MNST,2014-07-02,11.67,11.84,11.63,11.64,5300400
MNST,2014-07-03,11.67,11.77,11.65,11.69,6237000
MNST,2014-07-07,11.69,11.76,11.61,11.66,4861800
MNST,2014-07-08,11.65,11.66,11.53,11.56,7929600
MNST,2014-07-09,11.56,11.64,11.48,11.5,7745400
MNST,2014-07-10,11.38,11.82,11.28,11.81,8868000
MNST,2014-07-11,11.9,12.0,11.69,11.83,6196200
MNST,2014-07-14,11.83,11.9,11.7,11.72,7263000
MNST,2014-07-15,11.67,11.72,11.34,11.51,13413000
MNST,2014-07-16,11.42,11.5,11.17,11.18,11387400
MNST,2014-07-17,11.16,11.17,11.04,11.05,11316000
MNST,2014-07-18,11.12,11.31,11.04,11.3,6907800
MNST,2014-07-21,11.03,11.12,10.77,10.79,15445800
MNST,2014-07-22,10.79,11.06,10.79,10.91,9959400
MNST,2014-07-23,10.91,11.01,10.82,10.9,7110000
MNST,2014-07-24,10.96,11.14,10.92,11.11,7630800
MNST,2014-07-25,11.09,11.21,11.07,11.17,6341400
MNST,2014-07-28,10.86,11.03,10.75,10.83,12348600
MNST,2014-07-29,10.85,10.94,10.81,10.85,6393000
MNST,2014-07-30,10.93,10.94,10.72,10.81,8388600
MNST,2014-07-31,10.75,10.81,10.64,10.66,12799800
MNST,2014-08-01,10.71,10.94,10.69,10.87,10080000
MNST,2014-08-04,10.91,10.99,10.84,10.93,7248000
MNST,2014-08-05,10.87,10.99,10.74,10.85,8980800
MNST,2014-08-06,10.71,11.04,10.71,11.01,9816600
MNST,2014-08-07,11.05,11.08,10.81,10.85,9991800
MNST,2014-08-08,11.56,11.87,11.41,11.57,19402800
MNST,2014-08-11,11.65,11.76,11.5,11.69,8137200
MNST,2014-08-12,11.7,11.81,11.67,11.78,6896400
MNST,2014-08-13,11.81,11.89,11.78,11.86,4558800
MNST,2014-08-14,11.87,11.97,11.82,11.94,11869800
MNST,2014-08-15,15.41,15.82,15.01,15.58,118096800
MNST,2014-08-18,15.33,15.39,14.68,14.74,40990800
MNST,2014-08-19,14.78,14.94,14.67,14.84,19142400
MNST,2014-08-20,14.85,14.96,14.65,14.75,11927400
MNST,2014-08-21,14.73,14.86,14.54,14.58,12566400
MNST,2014-08-22,14.58,14.64,14.33,14.4,15723000
MNST,2014-08-25,14.46,14.58,14.38,14.4,7717800
MNST,2014-08-26,14.38,14.68,14.38,14.5,8829600
MNST,2014-08-27,14.45,14.56,14.39,14.43,5639400
MNST,2014-08-28,14.39,14.7,14.34,14.69,7674600
MNST,2014-08-29,14.75,14.79,14.62,14.73,6375600
MNST,2014-09-02,14.8,15.15,14.75,14.96,11725800
MNST,2014-09-03,14.95,15.12,14.85,15.06,7495800
MNST,2014-09-04,15.05,15.09,14.8,14.81,7360200
MNST,2014-09-05,14.81,14.88,14.7,14.87,5056800
MNST,2014-09-08,14.82,14.99,14.75,14.98,6531000
MNST,2014-09-09,14.93,15.07,14.9,14.95,9520800
MNST,2014-09-10,14.93,15.31,14.93,15.27,8016000
MNST,2014-09-11,15.19,15.28,15.11,15.16,6459600
MNST,2014-09-12,15.16,15.19,14.92,14.98,5166600
MNST,2014-09-15,14.94,15.0,14.86,15.0,3796800
MNST,2014-09-16,14.93,15.12,14.86,15.1,5061600
MNST,2014-09-17,15.12,15.24,15.05,15.14,4306200
MNST,2014-09-18,15.18,15.23,14.97,15.07,4809000
MNST,2014-09-19,15.16,15.16,14.93,14.96,17668200
MNST,2014-09-22,15.16,15.46,15.13,15.4,10846800
MNST,2014-09-23,15.39,15.42,15.08,15.09,5506200
MNST,2014-09-24,15.1,15.34,15.1,15.28,6082200
MNST,2014-09-25,15.3,15.3,14.82,14.92,6134400
MNST,2014-09-26,14.89,15.11,14.82,15.09,4458000
MNST,2014-09-29,14.92,15.28,14.92,15.22,5092800
MNST,2014-09-30,15.16,15.39,15.13,15.28,7980600
MNST,2014-10-01,15.27,15.27,15.03,15.09,7108800
MNST,2014-10-02,15.14,15.23,14.97,15.09,6372600
MNST,2014-10-03,15.16,15.42,15.1,15.34,17768400
MNST,2014-10-06,15.41,15.42,15.19,15.4,8014800
MNST,2014-10-07,15.27,15.54,15.26,15.4,8493000
MNST,2014-10-08,15.47,16.15,15.36,16.08,12373800
MNST,2014-10-09,16.12,16.18,15.82,15.91,12463800
MNST,2014-10-10,15.93,16.15,15.8,15.81,7717800
MNST,2014-10-13,15.72,15.76,15.47,15.49,6155400
MNST,2014-10-14,15.61,15.85,15.52,15.75,7705200
MNST,2014-10-15,15.63,15.79,15.17,15.24,14546400
MNST,2014-10-16,15.01,15.22,14.93,15.14,7454400
MNST,2014-10-17,15.2,15.47,15.12,15.35,6198000
MNST,2014-10-20,15.34,15.9,15.3,15.89,6503400
MNST,2014-10-21,15.87,16.51,15.87,16.39,12714000
MNST,2014-10-22,16.44,16.48,16.31,16.36,6640800
MNST,2014-10-23,16.5,16.59,16.22,16.27,5461200
MNST,2014-10-24,16.39,16.42,16.19,16.32,3981000
MNST,2014-10-27,16.21,16.33,16.19,16.32,3359400
MNST,2014-10-28,16.37,16.39,16.21,16.24,6697200
MNST,2014-10-29,16.25,16.51,16.22,16.44,6645000
MNST,2014-10-30,16.38,16.56,16.26,16.52,5034000
MNST,2014-10-31,16.87,16.9,16.54,16.81,6657600
MNST,2014-11-03,16.81,17.15,16.8,16.87,5832600
MNST,2014-11-04,16.92,16.92,16.66,16.67,5438400
MNST,2014-11-05,16.83,17.05,16.44,16.53,6579000
MNST,2014-11-06,16.62,16.9,16.6,16.75,9784200
MNST,2014-11-07,17.3,18.09,17.16,18.07,17169000
MNST,2014-11-10,18.02,18.1,17.72,17.96,7500600
MNST,2014-11-11,17.93,17.98,17.74,17.83,4964400
MNST,2014-11-12,17.74,18.0,17.63,17.99,4110000
MNST,2014-11-13,18.06,18.26,17.8,18.03,7290600
MNST,2014-11-14,18.06,18.09,17.86,17.99,2906400
MNST,2014-11-17,18.0,18.35,17.94,18.34,4474200
MNST,2014-11-18,18.25,18.44,18.1,18.29,4407600
MNST,2014-11-19,18.33,18.41,18.22,18.38,3327000
MNST,2014-11-20,18.31,18.45,18.23,18.36,3923400
MNST,2014-11-21,18.58,18.58,18.11,18.24,7984800
MNST,2014-11-24,18.24,18.34,18.07,18.13,5692200
MNST,2014-11-25,18.23,18.49,18.16,18.41,4975200
MNST,2014-11-26,18.39,18.45,18.26,18.4,2721000
MNST,2014-11-28,18.52,18.92,18.44,18.69,2736000
MNST,2014-12-01,18.5,18.71,18.4,18.55,4852800
MNST,2014-12-02,18.44,18.53,18.05,18.26,6858600
MNST,2014-12-03,18.24,18.26,17.64,17.83,14277000
MNST,2014-12-04,17.86,18.0,17.57,17.77,7495800
MNST,2014-12-05,17.89,17.93,17.71,17.78,6001800
MNST,2014-12-08,17.79,18.03,17.62,17.75,5791200
MNST,2014-12-09,17.56,17.75,17.2,17.74,7474200
MNST,2014-12-10,17.67,17.96,17.66,17.75,5497800
MNST,2014-12-11,17.84,18.26,17.64,18.07,5900400
MNST,2014-12-12,17.88,18.06,17.5,17.52,4693200
MNST,2014-12-15,17.67,17.73,17.41,17.5,6908400
MNST,2014-12-16,17.75,18.37,17.62,17.71,7402800
MNST,2014-12-17,17.8,18.18,17.56,18.09,5410800
MNST,2014-12-18,18.33,18.69,18.13,18.69,6681000
MNST,2014-12-19,18.67,18.84,18.49,18.6,12126000
MNST,2014-12-22,18.61,18.91,18.54,18.69,4284600
MNST,2014-12-23,18.83,18.89,18.48,18.67,3669600
MNST,2014-12-24,18.68,18.92,18.64,18.76,1660200
MNST,2014-12-26,18.74,18.83,18.57,18.58,2110200
MNST,2014-12-29,18.54,18.61,18.3,18.54,3091800
MNST,2014-12-30,18.44,18.55,18.26,18.26,3120600
