Ticker,Date,Open,High,Low,Close,Volume
APH,1996-01-02,0.33,0.33,0.32,0.32,4652800
APH,1996-01-03,0.32,0.32,0.31,0.31,8096000
APH,1996-01-04,0.31,0.32,0.31,0.31,8697600
APH,1996-01-05,0.31,0.31,0.31,0.31,2969600
APH,1996-01-08,0.31,0.31,0.3,0.31,1056000
APH,1996-01-09,0.31,0.31,0.3,0.3,6240000
APH,1996-01-10,0.3,0.3,0.29,0.29,5996800
APH,1996-01-11,0.29,0.29,0.29,0.29,9344000
APH,1996-01-12,0.29,0.29,0.29,0.29,8409600
APH,1996-01-15,0.29,0.3,0.29,0.29,10790400
APH,1996-01-16,0.29,0.3,0.29,0.29,2982400
APH,1996-01-17,0.28,0.29,0.28,0.29,21644800
APH,1996-01-18,0.29,0.29,0.29,0.29,25753600
APH,1996-01-19,0.29,0.29,0.29,0.29,23974400
APH,1996-01-22,0.29,0.29,0.29,0.29,17011200
APH,1996-01-23,0.3,0.3,0.29,0.29,17344000
APH,1996-01-24,0.29,0.31,0.29,0.3,33804800
APH,1996-01-25,0.3,0.3,0.29,0.29,9932800
APH,1996-01-26,0.29,0.29,0.28,0.28,6995200
APH,1996-01-29,0.28,0.28,0.28,0.28,17536000
APH,1996-01-30,0.27,0.29,0.27,0.29,6745600
APH,1996-01-31,0.28,0.29,0.28,0.29,3788800
APH,1996-02-01,0.29,0.3,0.29,0.3,11756800
APH,1996-02-02,0.3,0.32,0.3,0.32,41382400
APH,1996-02-05,0.31,0.32,0.31,0.32,12640000
APH,1996-02-06,0.32,0.32,0.32,0.32,33203200
APH,1996-02-07,0.32,0.32,0.32,0.32,8966400
APH,1996-02-08,0.32,0.32,0.32,0.32,9004800
APH,1996-02-09,0.32,0.34,0.32,0.34,25657600
APH,1996-02-12,0.34,0.34,0.33,0.33,12908800
APH,1996-02-13,0.33,0.33,0.32,0.33,5158400
APH,1996-02-14,0.33,0.33,0.32,0.33,14272000
APH,1996-02-15,0.32,0.32,0.31,0.31,10169600
APH,1996-02-16,0.32,0.33,0.31,0.32,6483200
APH,1996-02-20,0.32,0.32,0.31,0.32,7820800
APH,1996-02-21,0.32,0.32,0.32,0.32,5216000
APH,1996-02-22,0.32,0.32,0.32,0.32,6304000
APH,1996-02-23,0.33,0.34,0.33,0.34,19897600
APH,1996-02-26,0.33,0.34,0.33,0.34,8281600
APH,1996-02-27,0.34,0.35,0.34,0.35,13280000
APH,1996-02-28,0.35,0.35,0.34,0.34,8556800
APH,1996-02-29,0.34,0.34,0.33,0.33,5568000
APH,1996-03-01,0.33,0.33,0.33,0.33,4332800
APH,1996-03-04,0.33,0.34,0.33,0.34,24160000
APH,1996-03-05,0.33,0.35,0.33,0.34,7430400
APH,1996-03-06,0.34,0.35,0.34,0.35,16953600
APH,1996-03-07,0.35,0.35,0.35,0.35,6988800
APH,1996-03-08,0.34,0.34,0.33,0.33,8992000
APH,1996-03-11,0.34,0.35,0.34,0.34,14508800
APH,1996-03-12,0.34,0.34,0.33,0.33,12774400
APH,1996-03-13,0.33,0.34,0.33,0.34,8230400
APH,1996-03-14,0.34,0.34,0.33,0.34,7168000
APH,1996-03-15,0.34,0.34,0.33,0.34,13401600
APH,1996-03-18,0.34,0.34,0.34,0.34,8409600
APH,1996-03-19,0.34,0.34,0.33,0.34,3507200
APH,1996-03-20,0.34,0.34,0.33,0.33,4473600
APH,1996-03-21,0.33,0.34,0.33,0.34,4921600
APH,1996-03-22,0.34,0.34,0.34,0.34,6924800
APH,1996-03-25,0.34,0.34,0.34,0.34,2598400
APH,1996-03-26,0.34,0.34,0.33,0.33,3468800
APH,1996-03-27,0.33,0.33,0.32,0.32,8032000
APH,1996-03-28,0.32,0.32,0.32,0.32,4204800
APH,1996-03-29,0.32,0.32,0.31,0.32,5913600
APH,1996-04-01,0.32,0.32,0.31,0.31,8883200
APH,1996-04-02,0.31,0.31,0.31,0.31,5401600
APH,1996-04-03,0.31,0.31,0.31,0.31,5798400
APH,1996-04-04,0.31,0.31,0.31,0.31,1913600
APH,1996-04-08,0.31,0.31,0.3,0.3,9030400
APH,1996-04-09,0.31,0.31,0.3,0.3,10208000
APH,1996-04-10,0.3,0.31,0.3,0.31,3187200
APH,1996-04-11,0.31,0.31,0.31,0.31,8652800
APH,1996-04-12,0.31,0.31,0.3,0.31,5420800
APH,1996-04-15,0.31,0.31,0.31,0.31,19942400
APH,1996-04-16,0.31,0.32,0.31,0.31,16185600
APH,1996-04-17,0.31,0.32,0.31,0.32,6924800
APH,1996-04-18,0.32,0.33,0.32,0.33,9216000
APH,1996-04-19,0.33,0.34,0.33,0.34,9651200
APH,1996-04-22,0.34,0.34,0.34,0.34,4339200
APH,1996-04-23,0.34,0.34,0.33,0.33,2150400
APH,1996-04-24,0.33,0.34,0.33,0.34,6630400
APH,1996-04-25,0.34,0.35,0.34,0.34,17369600
APH,1996-04-26,0.35,0.36,0.34,0.36,9318400
APH,1996-04-29,0.36,0.36,0.36,0.36,6380800
APH,1996-04-30,0.36,0.36,0.36,0.36,7008000
APH,1996-05-01,0.35,0.36,0.35,0.36,5312000
APH,1996-05-02,0.36,0.36,0.35,0.35,5721600
APH,1996-05-03,0.35,0.35,0.34,0.35,6316800
APH,1996-05-06,0.35,0.35,0.33,0.34,5004800
APH,1996-05-07,0.34,0.35,0.34,0.35,8313600
APH,1996-05-08,0.35,0.35,0.34,0.34,14092800
APH,1996-05-09,0.34,0.34,0.34,0.34,18931200
APH,1996-05-10,0.34,0.34,0.34,0.34,5907200
APH,1996-05-13,0.34,0.34,0.34,0.34,6611200
APH,1996-05-14,0.34,0.37,0.34,0.36,15520000
APH,1996-05-15,0.37,0.37,0.36,0.37,17446400
APH,1996-05-16,0.37,0.37,0.37,0.37,6764800
APH,1996-05-17,0.37,0.37,0.37,0.37,7872000
APH,1996-05-20,0.37,0.37,0.37,0.37,10201600
APH,1996-05-21,0.37,0.37,0.36,0.36,1984000
APH,1996-05-22,0.36,0.37,0.36,0.36,6553600
APH,1996-05-23,0.36,0.36,0.36,0.36,3212800
APH,1996-05-24,0.36,0.36,0.36,0.36,3609600
APH,1996-05-28,0.36,0.36,0.35,0.35,4281600
APH,1996-05-29,0.35,0.35,0.34,0.35,10387200
APH,1996-05-30,0.34,0.35,0.34,0.34,3897600
APH,1996-05-31,0.34,0.35,0.34,0.35,3891200
APH,1996-06-03,0.35,0.35,0.34,0.34,7232000
APH,1996-06-04,0.34,0.35,0.34,0.34,6323200
APH,1996-06-05,0.34,0.35,0.34,0.35,17094400
APH,1996-06-06,0.35,0.35,0.33,0.34,19040000
APH,1996-06-07,0.33,0.34,0.33,0.33,5651200
APH,1996-06-10,0.33,0.33,0.33,0.33,7558400
APH,1996-06-11,0.33,0.33,0.33,0.33,16473600
APH,1996-06-12,0.33,0.33,0.32,0.33,9363200
APH,1996-06-13,0.33,0.33,0.33,0.33,2419200
APH,1996-06-14,0.33,0.33,0.33,0.33,5926400
APH,1996-06-17,0.33,0.33,0.33,0.33,10022400
APH,1996-06-18,0.33,0.33,0.32,0.32,3065600
APH,1996-06-19,0.32,0.32,0.32,0.32,7513600
APH,1996-06-20,0.32,0.32,0.31,0.31,10188800
APH,1996-06-21,0.31,0.31,0.3,0.3,6777600
APH,1996-06-24,0.3,0.3,0.27,0.28,44499200
APH,1996-06-25,0.28,0.28,0.27,0.27,56640000
APH,1996-06-26,0.28,0.29,0.27,0.28,58265600
APH,1996-06-27,0.29,0.29,0.29,0.29,23820800
APH,1996-06-28,0.29,0.31,0.29,0.31,14656000
APH,1996-07-01,0.31,0.31,0.29,0.29,16115200
APH,1996-07-02,0.29,0.29,0.28,0.29,17164800
APH,1996-07-03,0.28,0.28,0.28,0.28,7948800
APH,1996-07-05,0.27,0.28,0.27,0.28,7801600
APH,1996-07-08,0.27,0.28,0.27,0.27,6764800
APH,1996-07-09,0.27,0.27,0.27,0.27,16006400
APH,1996-07-10,0.27,0.27,0.26,0.26,17152000
APH,1996-07-11,0.26,0.26,0.26,0.26,5459200
APH,1996-07-12,0.26,0.26,0.26,0.26,14572800
APH,1996-07-15,0.26,0.26,0.25,0.26,3488000
APH,1996-07-16,0.26,0.27,0.25,0.26,10873600
APH,1996-07-17,0.26,0.28,0.26,0.28,6905600
APH,1996-07-18,0.28,0.28,0.28,0.28,3385600
APH,1996-07-19,0.28,0.28,0.27,0.27,1856000
APH,1996-07-22,0.27,0.27,0.27,0.27,4403200
APH,1996-07-23,0.27,0.28,0.27,0.27,3808000
APH,1996-07-24,0.27,0.27,0.27,0.27,3238400
APH,1996-07-25,0.27,0.27,0.26,0.26,15910400
APH,1996-07-26,0.27,0.27,0.27,0.27,6566400
APH,1996-07-29,0.27,0.27,0.27,0.27,4819200
APH,1996-07-30,0.27,0.27,0.26,0.26,9094400
APH,1996-07-31,0.26,0.26,0.26,0.26,5971200
APH,1996-08-01,0.26,0.27,0.26,0.26,9203200
APH,1996-08-02,0.27,0.27,0.27,0.27,3840000
APH,1996-08-05,0.27,0.27,0.27,0.27,5548800
APH,1996-08-06,0.27,0.27,0.27,0.27,1324800
APH,1996-08-07,0.27,0.27,0.27,0.27,12646400
APH,1996-08-08,0.27,0.27,0.27,0.27,1888000
APH,1996-08-09,0.27,0.27,0.27,0.27,4563200
APH,1996-08-12,0.27,0.28,0.27,0.27,14502400
APH,1996-08-13,0.27,0.27,0.26,0.26,4544000
APH,1996-08-14,0.26,0.26,0.26,0.26,6982400
APH,1996-08-15,0.26,0.27,0.26,0.27,3776000
APH,1996-08-16,0.27,0.27,0.26,0.27,3411200
APH,1996-08-19,0.26,0.27,0.26,0.27,9779200
APH,1996-08-20,0.27,0.27,0.27,0.27,1401600
APH,1996-08-21,0.27,0.27,0.27,0.27,3244800
APH,1996-08-22,0.27,0.27,0.26,0.27,6636800
APH,1996-08-23,0.27,0.27,0.27,0.27,2246400
APH,1996-08-26,0.27,0.27,0.26,0.26,1740800
APH,1996-08-27,0.26,0.27,0.26,0.27,6374400
APH,1996-08-28,0.27,0.27,0.27,0.27,3212800
APH,1996-08-29,0.27,0.27,0.27,0.27,6886400
APH,1996-08-30,0.27,0.27,0.27,0.27,3884800
APH,1996-09-03,0.26,0.26,0.26,0.26,3961600
APH,1996-09-04,0.26,0.26,0.26,0.26,9356800
APH,1996-09-05,0.26,0.26,0.26,0.26,2041600
APH,1996-09-06,0.26,0.26,0.26,0.26,7712000
APH,1996-09-09,0.26,0.26,0.26,0.26,13068800
APH,1996-09-10,0.26,0.26,0.26,0.26,21337600
APH,1996-09-11,0.26,0.27,0.26,0.26,10905600
APH,1996-09-12,0.26,0.27,0.26,0.27,28576000
APH,1996-09-13,0.27,0.28,0.27,0.28,11443200
APH,1996-09-16,0.28,0.3,0.28,0.3,13651200
APH,1996-09-17,0.3,0.3,0.29,0.29,3859200
APH,1996-09-18,0.29,0.29,0.29,0.29,6137600
APH,1996-09-19,0.28,0.29,0.28,0.29,12230400
APH,1996-09-20,0.29,0.3,0.29,0.3,5984000
APH,1996-09-23,0.29,0.3,0.29,0.3,3782400
APH,1996-09-24,0.29,0.3,0.29,0.3,6848000
APH,1996-09-25,0.3,0.3,0.3,0.3,4339200
APH,1996-09-26,0.3,0.31,0.3,0.31,2848000
APH,1996-09-27,0.3,0.3,0.3,0.3,2892800
APH,1996-09-30,0.3,0.31,0.29,0.31,9075200
APH,1996-10-01,0.31,0.31,0.31,0.31,4339200
APH,1996-10-02,0.31,0.31,0.3,0.3,2771200
APH,1996-10-03,0.3,0.3,0.3,0.3,3328000
APH,1996-10-04,0.3,0.3,0.3,0.3,3782400
APH,1996-10-07,0.3,0.3,0.29,0.29,6099200
APH,1996-10-08,0.29,0.29,0.28,0.28,11321600
APH,1996-10-09,0.28,0.29,0.28,0.29,6643200
APH,1996-10-10,0.28,0.29,0.28,0.29,19968000
APH,1996-10-11,0.29,0.29,0.29,0.29,27014400
APH,1996-10-14,0.29,0.29,0.29,0.29,30124800
APH,1996-10-15,0.29,0.29,0.29,0.29,4934400
APH,1996-10-16,0.29,0.29,0.28,0.28,32211200
APH,1996-10-17,0.28,0.28,0.28,0.28,12262400
APH,1996-10-18,0.28,0.28,0.27,0.27,47884800
APH,1996-10-21,0.27,0.27,0.26,0.26,7552000
APH,1996-10-22,0.27,0.27,0.26,0.27,7200000
APH,1996-10-23,0.26,0.27,0.26,0.27,10297600
APH,1996-10-24,0.27,0.27,0.26,0.26,12646400
APH,1996-10-25,0.26,0.27,0.26,0.27,4339200
APH,1996-10-28,0.27,0.27,0.26,0.26,8512000
APH,1996-10-29,0.26,0.26,0.26,0.26,17990400
APH,1996-10-30,0.26,0.27,0.26,0.27,20473600
APH,1996-10-31,0.27,0.27,0.27,0.27,2284800
APH,1996-11-01,0.27,0.27,0.27,0.27,1062400
APH,1996-11-04,0.27,0.27,0.27,0.27,3449600
APH,1996-11-05,0.27,0.28,0.27,0.28,6771200
APH,1996-11-06,0.28,0.28,0.28,0.28,3673600
APH,1996-11-07,0.27,0.28,0.27,0.28,9708800
APH,1996-11-08,0.28,0.28,0.27,0.28,11532800
APH,1996-11-11,0.28,0.28,0.27,0.28,2809600
APH,1996-11-12,0.28,0.28,0.28,0.28,5587200
APH,1996-11-13,0.28,0.29,0.28,0.29,5811200
APH,1996-11-14,0.29,0.29,0.29,0.29,6310400
APH,1996-11-15,0.29,0.3,0.29,0.29,5689600
APH,1996-11-18,0.28,0.29,0.28,0.28,6252800
APH,1996-11-19,0.28,0.28,0.28,0.28,4102400
APH,1996-11-20,0.28,0.28,0.28,0.28,3289600
APH,1996-11-21,0.28,0.29,0.28,0.29,3020800
APH,1996-11-22,0.28,0.29,0.28,0.29,5574400
APH,1996-11-25,0.29,0.29,0.29,0.29,4083200
APH,1996-11-26,0.29,0.29,0.29,0.29,2752000
APH,1996-11-27,0.29,0.29,0.29,0.29,4544000
APH,1996-11-29,0.29,0.29,0.29,0.29,1254400
APH,1996-12-02,0.29,0.29,0.28,0.28,6566400
APH,1996-12-03,0.29,0.3,0.29,0.29,5862400
APH,1996-12-04,0.29,0.3,0.29,0.3,6720000
APH,1996-12-05,0.3,0.3,0.3,0.3,2899200
APH,1996-12-06,0.29,0.3,0.28,0.3,3980800
APH,1996-12-09,0.3,0.3,0.3,0.3,4844800
APH,1996-12-10,0.3,0.3,0.29,0.29,10873600
APH,1996-12-11,0.29,0.29,0.29,0.29,3244800
APH,1996-12-12,0.29,0.29,0.29,0.29,3430400
APH,1996-12-13,0.29,0.29,0.28,0.29,7033600
APH,1996-12-16,0.29,0.29,0.28,0.28,3788800
APH,1996-12-17,0.28,0.29,0.28,0.28,5606400
APH,1996-12-18,0.28,0.29,0.28,0.29,4620800
APH,1996-12-19,0.29,0.29,0.28,0.28,7475200
APH,1996-12-20,0.28,0.28,0.28,0.28,13376000
APH,1996-12-23,0.28,0.28,0.28,0.28,8038400
APH,1996-12-24,0.28,0.28,0.27,0.28,6009600
APH,1996-12-26,0.28,0.28,0.28,0.28,3507200
APH,1996-12-27,0.28,0.29,0.28,0.28,15430400
APH,1996-12-30,0.29,0.29,0.29,0.29,6617600
APH,1996-12-31,0.29,0.3,0.29,0.3,3532800
APH,1997-01-02,0.3,0.3,0.29,0.3,12243200
APH,1997-01-03,0.3,0.3,0.3,0.3,6310400
APH,1997-01-06,0.3,0.31,0.3,0.31,3212800
APH,1997-01-07,0.31,0.31,0.3,0.3,11968000
APH,1997-01-08,0.3,0.3,0.3,0.3,5939200
APH,1997-01-09,0.3,0.3,0.3,0.3,6937600
APH,1997-01-10,0.3,0.3,0.29,0.3,13241600
APH,1997-01-13,0.3,0.3,0.29,0.29,4742400
APH,1997-01-14,0.29,0.3,0.29,0.29,8633600
APH,1997-01-15,0.29,0.3,0.29,0.3,10867200
APH,1997-01-16,0.3,0.31,0.3,0.3,43635200
APH,1997-01-17,0.3,0.31,0.3,0.3,12652800
APH,1997-01-20,0.31,0.32,0.31,0.32,11865600
APH,1997-01-21,0.31,0.31,0.31,0.31,12851200
APH,1997-01-22,0.31,0.32,0.31,0.31,8633600
APH,1997-01-23,0.35,0.35,0.34,0.35,220096000
APH,1997-01-24,0.35,0.35,0.35,0.35,64345600
APH,1997-01-27,0.35,0.35,0.35,0.35,46937600
APH,1997-01-28,0.35,0.35,0.35,0.35,24678400
APH,1997-01-29,0.35,0.35,0.35,0.35,9849600
APH,1997-01-30,0.35,0.35,0.35,0.35,46316800
APH,1997-01-31,0.35,0.35,0.35,0.35,22387200
APH,1997-02-03,0.35,0.35,0.35,0.35,19392000
APH,1997-02-04,0.35,0.35,0.35,0.35,17689600
APH,1997-02-05,0.35,0.35,0.34,0.35,10515200
APH,1997-02-06,0.34,0.35,0.34,0.35,10054400
APH,1997-02-07,0.34,0.34,0.34,0.34,35257600
APH,1997-02-10,0.34,0.34,0.34,0.34,33196800
APH,1997-02-11,0.34,0.34,0.34,0.34,24096000
APH,1997-02-12,0.34,0.34,0.34,0.34,14316800
APH,1997-02-13,0.34,0.34,0.34,0.34,7360000
APH,1997-02-14,0.34,0.34,0.34,0.34,7270400
APH,1997-02-18,0.34,0.34,0.34,0.34,1676800
APH,1997-02-19,0.34,0.34,0.34,0.34,5241600
APH,1997-02-20,0.34,0.34,0.34,0.34,34304000
APH,1997-02-21,0.34,0.34,0.34,0.34,6956800
APH,1997-02-24,0.34,0.34,0.34,0.34,11468800
APH,1997-02-25,0.34,0.34,0.34,0.34,1811200
APH,1997-02-26,0.34,0.34,0.34,0.34,4377600
APH,1997-02-27,0.34,0.34,0.34,0.34,7116800
APH,1997-02-28,0.34,0.34,0.34,0.34,8921600
APH,1997-03-03,0.35,0.35,0.34,0.34,12307200
APH,1997-03-04,0.34,0.34,0.34,0.34,29817600
APH,1997-03-05,0.34,0.34,0.34,0.34,19980800
APH,1997-03-06,0.34,0.34,0.34,0.34,4883200
APH,1997-03-07,0.34,0.34,0.34,0.34,41312000
APH,1997-03-10,0.34,0.35,0.34,0.34,11872000
APH,1997-03-11,0.34,0.34,0.34,0.34,10630400
APH,1997-03-12,0.34,0.34,0.34,0.34,11532800
APH,1997-03-13,0.34,0.34,0.34,0.34,7379200
APH,1997-03-14,0.34,0.34,0.34,0.34,9484800
APH,1997-03-17,0.34,0.34,0.34,0.34,11468800
APH,1997-03-18,0.34,0.34,0.34,0.34,25664000
APH,1997-03-19,0.34,0.34,0.34,0.34,15680000
APH,1997-03-20,0.34,0.34,0.34,0.34,16812800
APH,1997-03-21,0.34,0.34,0.34,0.34,25344000
APH,1997-03-24,0.34,0.34,0.34,0.34,8614400
APH,1997-03-25,0.34,0.34,0.34,0.34,17587200
APH,1997-03-26,0.34,0.34,0.34,0.34,2912000
APH,1997-03-27,0.34,0.34,0.34,0.34,3219200
APH,1997-03-31,0.34,0.34,0.34,0.34,8121600
APH,1997-04-01,0.34,0.34,0.34,0.34,9100800
APH,1997-04-02,0.34,0.34,0.34,0.34,10099200
APH,1997-04-03,0.34,0.34,0.33,0.33,10848000
APH,1997-04-04,0.33,0.34,0.33,0.33,4768000
APH,1997-04-07,0.33,0.34,0.33,0.34,5529600
APH,1997-04-08,0.34,0.34,0.34,0.34,10163200
APH,1997-04-09,0.34,0.34,0.34,0.34,6176000
APH,1997-04-10,0.34,0.34,0.33,0.34,1939200
APH,1997-04-11,0.33,0.33,0.33,0.33,6796800
APH,1997-04-14,0.33,0.33,0.31,0.33,16128000
APH,1997-04-15,0.33,0.34,0.33,0.34,44268800
APH,1997-04-16,0.34,0.34,0.34,0.34,8659200
APH,1997-04-17,0.34,0.34,0.34,0.34,6931200
APH,1997-04-18,0.34,0.34,0.34,0.34,12697600
APH,1997-04-21,0.34,0.34,0.34,0.34,3654400
APH,1997-04-22,0.34,0.34,0.34,0.34,4211200
APH,1997-04-23,0.34,0.34,0.34,0.34,2329600
APH,1997-04-24,0.34,0.34,0.34,0.34,7987200
APH,1997-04-25,0.34,0.34,0.34,0.34,1043200
APH,1997-04-28,0.34,0.34,0.34,0.34,1888000
APH,1997-04-29,0.34,0.34,0.34,0.34,17504000
APH,1997-04-30,0.34,0.34,0.34,0.34,56908800
APH,1997-05-01,0.34,0.34,0.34,0.34,26572800
APH,1997-05-02,0.34,0.35,0.34,0.34,133216000
APH,1997-05-05,0.35,0.35,0.35,0.35,9299200
APH,1997-05-06,0.35,0.35,0.35,0.35,9203200
APH,1997-05-07,0.35,0.35,0.34,0.34,7302400
APH,1997-05-08,0.35,0.35,0.34,0.34,11609600
APH,1997-05-09,0.35,0.35,0.34,0.35,12947200
APH,1997-05-12,0.35,0.35,0.35,0.35,14624000
APH,1997-05-13,0.35,0.35,0.35,0.35,52128000
APH,1997-05-14,0.35,0.35,0.35,0.35,20300800
APH,1997-05-15,0.35,0.35,0.35,0.35,1376000
APH,1997-05-16,0.35,0.35,0.35,0.35,3660800
APH,1997-05-19,0.35,0.39,0.35,0.38,14016000
APH,1997-05-20,0.38,0.38,0.37,0.37,3046400
APH,1997-05-21,0.38,0.38,0.37,0.38,4179200
APH,1997-05-22,0.38,0.38,0.37,0.37,3315200
APH,1997-05-23,0.37,0.37,0.36,0.37,4736000
APH,1997-05-27,0.37,0.37,0.36,0.37,2739200
APH,1997-05-28,0.38,0.38,0.37,0.38,1459200
APH,1997-05-29,0.38,0.38,0.38,0.38,2483200
APH,1997-05-30,0.38,0.38,0.38,0.38,428800
APH,1997-06-02,0.38,0.38,0.37,0.38,1388800
APH,1997-06-03,0.38,0.38,0.38,0.38,492800
APH,1997-06-04,0.38,0.38,0.38,0.38,198400
APH,1997-06-05,0.38,0.38,0.38,0.38,665600
APH,1997-06-06,0.38,0.38,0.38,0.38,185600
APH,1997-06-09,0.38,0.38,0.38,0.38,1158400
APH,1997-06-10,0.38,0.4,0.38,0.4,9510400
APH,1997-06-11,0.4,0.41,0.4,0.41,3353600
APH,1997-06-12,0.41,0.41,0.41,0.41,1625600
APH,1997-06-13,0.41,0.42,0.41,0.42,2649600
APH,1997-06-16,0.42,0.42,0.41,0.41,851200
APH,1997-06-17,0.41,0.41,0.41,0.41,480000
APH,1997-06-18,0.41,0.41,0.41,0.41,3129600
APH,1997-06-19,0.41,0.42,0.41,0.42,4460800
APH,1997-06-20,0.42,0.43,0.42,0.43,691200
APH,1997-06-23,0.43,0.43,0.42,0.43,2182400
APH,1997-06-24,0.43,0.44,0.43,0.44,416000
APH,1997-06-25,0.44,0.46,0.44,0.46,864000
APH,1997-06-26,0.46,0.47,0.46,0.47,4396800
APH,1997-06-27,0.48,0.48,0.48,0.48,2406400
APH,1997-06-30,0.49,0.53,0.49,0.53,6163200
APH,1997-07-01,0.52,0.56,0.52,0.55,2604800
APH,1997-07-02,0.55,0.55,0.54,0.54,1779200
APH,1997-07-03,0.54,0.55,0.54,0.55,1542400
APH,1997-07-07,0.55,0.55,0.54,0.55,1644800
APH,1997-07-08,0.55,0.57,0.55,0.57,1478400
APH,1997-07-09,0.57,0.57,0.57,0.57,1190400
APH,1997-07-10,0.57,0.57,0.56,0.56,2572800
APH,1997-07-11,0.56,0.57,0.56,0.57,403200
APH,1997-07-14,0.57,0.59,0.57,0.58,4198400
APH,1997-07-15,0.58,0.59,0.58,0.59,1856000
APH,1997-07-16,0.59,0.59,0.59,0.59,1868800
APH,1997-07-17,0.59,0.59,0.58,0.58,1702400
APH,1997-07-18,0.57,0.57,0.56,0.56,940800
APH,1997-07-21,0.56,0.56,0.55,0.55,985600
APH,1997-07-22,0.55,0.55,0.55,0.55,108800
APH,1997-07-23,0.55,0.55,0.55,0.55,691200
APH,1997-07-24,0.55,0.55,0.55,0.55,812800
APH,1997-07-25,0.55,0.55,0.55,0.55,166400
APH,1997-07-28,0.55,0.55,0.55,0.55,115200
APH,1997-07-29,0.55,0.55,0.55,0.55,288000
APH,1997-07-30,0.55,0.55,0.55,0.55,300800
APH,1997-07-31,0.55,0.56,0.55,0.56,268800
APH,1997-08-01,0.56,0.57,0.56,0.57,748800
APH,1997-08-04,0.57,0.57,0.57,0.57,512000
APH,1997-08-05,0.57,0.57,0.57,0.57,384000
APH,1997-08-06,0.57,0.58,0.57,0.58,153600
APH,1997-08-07,0.58,0.59,0.58,0.59,153600
APH,1997-08-08,0.58,0.58,0.57,0.57,838400
APH,1997-08-11,0.57,0.57,0.56,0.56,1209600
APH,1997-08-12,0.56,0.56,0.56,0.56,115200
APH,1997-08-13,0.56,0.56,0.56,0.56,64000
APH,1997-08-14,0.56,0.56,0.55,0.55,480000
APH,1997-08-15,0.55,0.55,0.55,0.55,345600
APH,1997-08-18,0.55,0.55,0.54,0.54,288000
APH,1997-08-19,0.54,0.54,0.54,0.54,121600
APH,1997-08-20,0.54,0.54,0.54,0.54,793600
APH,1997-08-21,0.54,0.54,0.54,0.54,627200
APH,1997-08-22,0.54,0.54,0.54,0.54,364800
APH,1997-08-25,0.54,0.54,0.54,0.54,70400
APH,1997-08-26,0.54,0.54,0.54,0.54,230400
APH,1997-08-27,0.54,0.54,0.54,0.54,108800
APH,1997-08-28,0.54,0.54,0.54,0.54,166400
APH,1997-08-29,0.53,0.53,0.53,0.53,1209600
APH,1997-09-02,0.53,0.53,0.53,0.53,544000
APH,1997-09-03,0.53,0.53,0.53,0.53,147200
APH,1997-09-04,0.53,0.53,0.53,0.53,179200
APH,1997-09-05,0.53,0.54,0.53,0.54,614400
APH,1997-09-08,0.54,0.54,0.54,0.54,147200
APH,1997-09-09,0.54,0.55,0.54,0.55,313600
APH,1997-09-10,0.55,0.55,0.55,0.55,620800
APH,1997-09-11,0.55,0.56,0.55,0.56,172800
APH,1997-09-12,0.56,0.57,0.56,0.57,243200
APH,1997-09-15,0.57,0.57,0.57,0.57,576000
APH,1997-09-16,0.57,0.57,0.57,0.57,115200
APH,1997-09-17,0.57,0.57,0.57,0.57,89600
APH,1997-09-18,0.57,0.57,0.57,0.57,83200
APH,1997-09-19,0.57,0.57,0.56,0.57,384000
APH,1997-09-22,0.56,0.58,0.56,0.58,1222400
APH,1997-09-23,0.58,0.59,0.58,0.59,249600
APH,1997-09-24,0.59,0.59,0.59,0.59,492800
APH,1997-09-25,0.59,0.59,0.59,0.59,0
APH,1997-09-26,0.59,0.59,0.59,0.59,19200
APH,1997-09-29,0.59,0.59,0.59,0.59,44800
APH,1997-09-30,0.59,0.59,0.58,0.58,473600
APH,1997-10-01,0.58,0.6,0.58,0.6,1875200
APH,1997-10-02,0.6,0.61,0.6,0.6,377600
APH,1997-10-03,0.6,0.62,0.6,0.61,736000
APH,1997-10-06,0.62,0.64,0.62,0.63,1753600
APH,1997-10-07,0.67,0.68,0.67,0.68,3436800
APH,1997-10-08,0.68,0.68,0.67,0.67,1056000
APH,1997-10-09,0.67,0.68,0.67,0.68,422400
APH,1997-10-10,0.68,0.68,0.68,0.68,684800
APH,1997-10-13,0.68,0.68,0.67,0.67,428800
APH,1997-10-14,0.68,0.68,0.67,0.67,352000
APH,1997-10-15,0.67,0.69,0.67,0.69,723200
APH,1997-10-16,0.69,0.7,0.69,0.7,2835200
APH,1997-10-17,0.7,0.73,0.7,0.72,3257600
APH,1997-10-20,0.73,0.73,0.72,0.73,2022400
APH,1997-10-21,0.74,0.76,0.74,0.76,2112000
APH,1997-10-22,0.76,0.76,0.75,0.75,716800
APH,1997-10-23,0.74,0.75,0.72,0.73,1843200
APH,1997-10-24,0.72,0.72,0.72,0.72,102400
APH,1997-10-27,0.72,0.72,0.68,0.68,2067200
APH,1997-10-28,0.66,0.68,0.66,0.68,1497600
APH,1997-10-29,0.68,0.69,0.68,0.69,1734400
APH,1997-10-30,0.69,0.69,0.68,0.69,1299200
APH,1997-10-31,0.69,0.7,0.69,0.7,1120000
APH,1997-11-03,0.7,0.71,0.7,0.71,2092800
APH,1997-11-04,0.71,0.71,0.7,0.71,249600
APH,1997-11-05,0.7,0.71,0.7,0.71,268800
APH,1997-11-06,0.71,0.72,0.7,0.72,870400
APH,1997-11-07,0.7,0.7,0.7,0.7,723200
APH,1997-11-10,0.7,0.7,0.69,0.69,377600
APH,1997-11-11,0.69,0.69,0.67,0.67,800000
APH,1997-11-12,0.67,0.68,0.67,0.67,672000
APH,1997-11-13,0.67,0.67,0.66,0.66,832000
APH,1997-11-14,0.66,0.66,0.66,0.66,620800
APH,1997-11-17,0.66,0.68,0.66,0.68,544000
APH,1997-11-18,0.69,0.7,0.69,0.69,800000
APH,1997-11-19,0.7,0.7,0.69,0.69,243200
APH,1997-11-20,0.69,0.72,0.68,0.71,806400
APH,1997-11-21,0.72,0.72,0.7,0.7,486400
APH,1997-11-24,0.71,0.71,0.68,0.69,659200
APH,1997-11-25,0.69,0.69,0.68,0.68,57600
APH,1997-11-26,0.68,0.68,0.68,0.68,12800
APH,1997-11-28,0.69,0.69,0.69,0.69,115200
APH,1997-12-01,0.69,0.69,0.69,0.69,608000
APH,1997-12-02,0.69,0.71,0.69,0.71,806400
APH,1997-12-03,0.71,0.71,0.71,0.71,550400
APH,1997-12-04,0.71,0.71,0.7,0.7,76800
APH,1997-12-05,0.7,0.7,0.7,0.7,128000
APH,1997-12-08,0.71,0.71,0.69,0.69,1043200
APH,1997-12-09,0.69,0.7,0.69,0.7,3104000
APH,1997-12-10,0.7,0.7,0.7,0.7,358400
APH,1997-12-11,0.7,0.7,0.68,0.68,595200
APH,1997-12-12,0.68,0.68,0.68,0.68,172800
APH,1997-12-15,0.68,0.68,0.67,0.67,300800
APH,1997-12-16,0.67,0.68,0.67,0.68,537600
APH,1997-12-17,0.68,0.68,0.68,0.68,83200
APH,1997-12-18,0.68,0.68,0.68,0.68,371200
APH,1997-12-19,0.68,0.7,0.68,0.7,1331200
APH,1997-12-22,0.7,0.72,0.7,0.72,1120000
APH,1997-12-23,0.72,0.73,0.72,0.73,710400
APH,1997-12-24,0.74,0.74,0.74,0.74,300800
APH,1997-12-26,0.74,0.74,0.74,0.74,531200
APH,1997-12-29,0.74,0.75,0.74,0.75,678400
APH,1997-12-30,0.75,0.76,0.75,0.75,928000
APH,1997-12-31,0.76,0.77,0.75,0.75,499200
APH,1998-01-02,0.76,0.76,0.75,0.76,2387200
APH,1998-01-05,0.76,0.76,0.76,0.76,710400
APH,1998-01-06,0.75,0.75,0.74,0.74,2438400
APH,1998-01-07,0.74,0.74,0.74,0.74,262400
APH,1998-01-08,0.74,0.74,0.74,0.74,185600
APH,1998-01-09,0.74,0.74,0.73,0.73,1369600
APH,1998-01-12,0.73,0.73,0.73,0.73,1043200
APH,1998-01-13,0.72,0.72,0.71,0.72,1152000
APH,1998-01-14,0.72,0.74,0.72,0.74,1478400
APH,1998-01-15,0.76,0.76,0.75,0.75,1331200
APH,1998-01-16,0.75,0.76,0.74,0.74,883200
APH,1998-01-20,0.74,0.75,0.74,0.75,755200
APH,1998-01-21,0.75,0.78,0.75,0.78,1600000
APH,1998-01-22,0.78,0.78,0.77,0.78,1305600
APH,1998-01-23,0.78,0.8,0.78,0.78,1081600
APH,1998-01-26,0.78,0.78,0.77,0.77,1113600
APH,1998-01-27,0.77,0.77,0.77,0.77,1184000
APH,1998-01-28,0.77,0.77,0.75,0.75,1164800
APH,1998-01-29,0.75,0.75,0.74,0.74,448000
APH,1998-01-30,0.74,0.74,0.73,0.73,857600
APH,1998-02-02,0.73,0.73,0.72,0.73,2617600
APH,1998-02-03,0.73,0.77,0.73,0.77,1171200
APH,1998-02-04,0.79,0.8,0.79,0.8,1625600
APH,1998-02-05,0.8,0.8,0.79,0.79,1216000
APH,1998-02-06,0.79,0.79,0.79,0.79,339200
APH,1998-02-09,0.79,0.8,0.79,0.8,672000
APH,1998-02-10,0.8,0.81,0.8,0.81,345600
APH,1998-02-11,0.81,0.82,0.81,0.81,236800
APH,1998-02-12,0.81,0.82,0.81,0.82,102400
APH,1998-02-13,0.82,0.83,0.82,0.83,204800
APH,1998-02-17,0.83,0.83,0.82,0.82,576000
APH,1998-02-18,0.82,0.83,0.82,0.83,268800
APH,1998-02-19,0.82,0.82,0.82,0.82,454400
APH,1998-02-20,0.82,0.82,0.82,0.82,160000
APH,1998-02-23,0.82,0.84,0.82,0.84,864000
APH,1998-02-24,0.84,0.84,0.83,0.83,243200
APH,1998-02-25,0.83,0.84,0.83,0.84,876800
APH,1998-02-26,0.84,0.84,0.84,0.84,166400
APH,1998-02-27,0.84,0.85,0.84,0.85,1254400
APH,1998-03-02,0.85,0.85,0.85,0.85,1062400
APH,1998-03-03,0.85,0.85,0.84,0.84,185600
APH,1998-03-04,0.85,0.85,0.84,0.85,595200
APH,1998-03-05,0.84,0.85,0.84,0.85,364800
APH,1998-03-06,0.85,0.87,0.85,0.87,1184000
APH,1998-03-09,0.84,0.85,0.83,0.85,3347200
APH,1998-03-10,0.85,0.85,0.83,0.83,761600
APH,1998-03-11,0.83,0.83,0.82,0.83,576000
APH,1998-03-12,0.82,0.82,0.82,0.82,364800
APH,1998-03-13,0.82,0.82,0.81,0.81,339200
APH,1998-03-16,0.8,0.84,0.8,0.84,972800
APH,1998-03-17,0.84,0.84,0.84,0.84,134400
APH,1998-03-18,0.84,0.84,0.84,0.84,416000
APH,1998-03-19,0.84,0.84,0.8,0.8,2118400
APH,1998-03-20,0.8,0.8,0.8,0.8,518400
APH,1998-03-23,0.8,0.8,0.79,0.79,217600
APH,1998-03-24,0.79,0.79,0.79,0.79,172800
APH,1998-03-25,0.79,0.8,0.79,0.8,691200
APH,1998-03-26,0.8,0.8,0.79,0.79,396800
APH,1998-03-27,0.79,0.79,0.79,0.79,0
APH,1998-03-30,0.79,0.79,0.78,0.78,441600
APH,1998-03-31,0.78,0.78,0.77,0.78,320000
APH,1998-04-01,0.78,0.8,0.78,0.79,857600
APH,1998-04-02,0.79,0.79,0.79,0.79,224000
APH,1998-04-03,0.79,0.79,0.77,0.77,1196800
APH,1998-04-06,0.77,0.77,0.77,0.77,224000
APH,1998-04-07,0.77,0.78,0.77,0.78,2137600
APH,1998-04-08,0.78,0.79,0.78,0.78,1683200
APH,1998-04-09,0.79,0.79,0.78,0.79,1363200
APH,1998-04-13,0.8,0.8,0.79,0.79,230400
APH,1998-04-14,0.79,0.8,0.79,0.8,89600
APH,1998-04-15,0.8,0.81,0.8,0.81,652800
APH,1998-04-16,0.81,0.82,0.81,0.82,2105600
APH,1998-04-17,0.82,0.82,0.81,0.81,140800
APH,1998-04-20,0.81,0.82,0.81,0.82,1632000
APH,1998-04-21,0.82,0.83,0.81,0.83,3692800
APH,1998-04-22,0.83,0.83,0.82,0.83,448000
APH,1998-04-23,0.83,0.83,0.82,0.82,96000
APH,1998-04-24,0.82,0.82,0.81,0.81,710400
APH,1998-04-27,0.8,0.8,0.79,0.8,384000
APH,1998-04-28,0.8,0.8,0.8,0.8,57600
APH,1998-04-29,0.8,0.81,0.8,0.81,422400
APH,1998-04-30,0.81,0.83,0.81,0.83,851200
APH,1998-05-01,0.83,0.83,0.83,0.83,435200
APH,1998-05-04,0.83,0.83,0.83,0.83,358400
APH,1998-05-05,0.82,0.82,0.81,0.81,454400
APH,1998-05-06,0.81,0.81,0.81,0.81,185600
APH,1998-05-07,0.81,0.81,0.81,0.81,70400
APH,1998-05-08,0.81,0.81,0.8,0.81,115200
APH,1998-05-11,0.8,0.81,0.8,0.81,256000
APH,1998-05-12,0.81,0.81,0.8,0.8,96000
APH,1998-05-13,0.8,0.8,0.79,0.79,345600
APH,1998-05-14,0.78,0.78,0.78,0.78,128000
APH,1998-05-15,0.78,0.79,0.78,0.79,896000
APH,1998-05-18,0.78,0.78,0.77,0.77,428800
APH,1998-05-19,0.77,0.77,0.77,0.77,659200
APH,1998-05-20,0.78,0.78,0.77,0.77,172800
APH,1998-05-21,0.77,0.77,0.77,0.77,19200
APH,1998-05-22,0.77,0.77,0.77,0.77,288000
APH,1998-05-26,0.76,0.76,0.73,0.74,1350400
APH,1998-05-27,0.74,0.74,0.73,0.74,1299200
APH,1998-05-28,0.74,0.74,0.74,0.74,76800
APH,1998-05-29,0.74,0.74,0.74,0.74,172800
APH,1998-06-01,0.74,0.74,0.72,0.72,601600
APH,1998-06-02,0.72,0.72,0.72,0.72,531200
APH,1998-06-03,0.72,0.72,0.71,0.71,128000
APH,1998-06-04,0.71,0.71,0.71,0.71,32000
APH,1998-06-05,0.71,0.71,0.71,0.71,364800
APH,1998-06-08,0.72,0.73,0.72,0.73,601600
APH,1998-06-09,0.73,0.73,0.72,0.72,108800
APH,1998-06-10,0.72,0.72,0.71,0.71,704000
APH,1998-06-11,0.71,0.71,0.69,0.69,1369600
APH,1998-06-12,0.68,0.69,0.67,0.69,652800
APH,1998-06-15,0.69,0.69,0.64,0.64,2822400
APH,1998-06-16,0.65,0.66,0.65,0.65,2054400
APH,1998-06-17,0.65,0.66,0.65,0.66,953600
APH,1998-06-18,0.66,0.66,0.62,0.64,3488000
APH,1998-06-19,0.63,0.64,0.63,0.63,902400
APH,1998-06-22,0.63,0.63,0.62,0.62,505600
APH,1998-06-23,0.62,0.62,0.61,0.61,435200
APH,1998-06-24,0.61,0.61,0.61,0.61,844800
APH,1998-06-25,0.61,0.61,0.59,0.59,1280000
APH,1998-06-26,0.59,0.59,0.57,0.57,595200
APH,1998-06-29,0.57,0.57,0.57,0.57,224000
APH,1998-06-30,0.56,0.56,0.53,0.53,2995200
APH,1998-07-01,0.53,0.53,0.48,0.49,3539200
APH,1998-07-02,0.49,0.54,0.49,0.54,2675200
APH,1998-07-06,0.54,0.56,0.54,0.54,1721600
APH,1998-07-07,0.54,0.55,0.54,0.54,569600
APH,1998-07-08,0.54,0.55,0.54,0.54,467200
APH,1998-07-09,0.54,0.54,0.5,0.5,2732800
APH,1998-07-10,0.5,0.51,0.5,0.51,595200
APH,1998-07-13,0.51,0.51,0.51,0.51,518400
APH,1998-07-14,0.51,0.52,0.51,0.52,243200
APH,1998-07-15,0.52,0.58,0.52,0.58,1900800
APH,1998-07-16,0.58,0.58,0.56,0.57,1248000
APH,1998-07-17,0.57,0.58,0.57,0.57,838400
APH,1998-07-20,0.57,0.58,0.57,0.58,512000
APH,1998-07-21,0.58,0.6,0.58,0.6,684800
APH,1998-07-22,0.6,0.6,0.59,0.59,249600
APH,1998-07-23,0.59,0.59,0.57,0.57,524800
APH,1998-07-24,0.58,0.58,0.57,0.57,371200
APH,1998-07-27,0.57,0.57,0.56,0.56,217600
APH,1998-07-28,0.56,0.56,0.56,0.56,704000
APH,1998-07-29,0.56,0.56,0.55,0.55,1248000
APH,1998-07-30,0.55,0.55,0.55,0.55,787200
APH,1998-07-31,0.55,0.55,0.54,0.54,2956800
APH,1998-08-03,0.54,0.54,0.54,0.54,1657600
APH,1998-08-04,0.54,0.54,0.53,0.54,1798400
APH,1998-08-05,0.54,0.54,0.52,0.52,1670400
APH,1998-08-06,0.52,0.52,0.51,0.51,588800
APH,1998-08-07,0.51,0.51,0.5,0.5,844800
APH,1998-08-10,0.5,0.5,0.49,0.49,1100800
APH,1998-08-11,0.49,0.49,0.48,0.48,236800
APH,1998-08-12,0.48,0.48,0.47,0.47,524800
APH,1998-08-13,0.47,0.47,0.46,0.46,3872000
APH,1998-08-14,0.46,0.48,0.46,0.47,2163200
APH,1998-08-17,0.47,0.49,0.47,0.48,1376000
APH,1998-08-18,0.48,0.48,0.48,0.48,1843200
APH,1998-08-19,0.48,0.48,0.47,0.47,2796800
APH,1998-08-20,0.47,0.47,0.47,0.47,211200
APH,1998-08-21,0.46,0.46,0.45,0.46,1350400
APH,1998-08-24,0.45,0.45,0.44,0.44,480000
APH,1998-08-25,0.45,0.45,0.41,0.42,2438400
APH,1998-08-26,0.41,0.42,0.41,0.42,716800
APH,1998-08-27,0.42,0.46,0.42,0.46,2822400
APH,1998-08-28,0.46,0.46,0.45,0.45,582400
APH,1998-08-31,0.43,0.43,0.4,0.4,761600
APH,1998-09-01,0.4,0.41,0.4,0.41,1011200
APH,1998-09-02,0.41,0.43,0.41,0.43,652800
APH,1998-09-03,0.43,0.44,0.43,0.43,339200
APH,1998-09-04,0.43,0.43,0.43,0.43,230400
APH,1998-09-08,0.43,0.46,0.43,0.46,1177600
APH,1998-09-09,0.46,0.46,0.46,0.46,793600
APH,1998-09-10,0.45,0.45,0.43,0.44,1491200
APH,1998-09-11,0.44,0.45,0.44,0.45,857600
APH,1998-09-14,0.46,0.46,0.45,0.45,377600
APH,1998-09-15,0.45,0.45,0.44,0.45,288000
APH,1998-09-16,0.45,0.45,0.43,0.44,665600
APH,1998-09-17,0.44,0.44,0.42,0.43,243200
APH,1998-09-18,0.44,0.45,0.44,0.45,812800
APH,1998-09-21,0.45,0.45,0.45,0.45,192000
APH,1998-09-22,0.45,0.46,0.45,0.45,1158400
APH,1998-09-23,0.45,0.46,0.45,0.45,377600
APH,1998-09-24,0.45,0.45,0.45,0.45,300800
APH,1998-09-25,0.45,0.45,0.45,0.45,390400
APH,1998-09-28,0.46,0.46,0.45,0.45,70400
APH,1998-09-29,0.46,0.46,0.45,0.45,179200
APH,1998-09-30,0.46,0.47,0.46,0.47,454400
APH,1998-10-01,0.47,0.47,0.47,0.47,288000
APH,1998-10-02,0.47,0.47,0.47,0.47,371200
APH,1998-10-05,0.47,0.47,0.42,0.43,441600
APH,1998-10-06,0.42,0.42,0.41,0.41,627200
APH,1998-10-07,0.41,0.41,0.4,0.4,313600
APH,1998-10-08,0.4,0.4,0.38,0.39,396800
APH,1998-10-09,0.4,0.4,0.39,0.4,953600
APH,1998-10-12,0.4,0.4,0.4,0.4,121600
APH,1998-10-13,0.41,0.41,0.38,0.38,876800
APH,1998-10-14,0.38,0.39,0.37,0.39,1075200
APH,1998-10-15,0.39,0.39,0.37,0.37,1184000
APH,1998-10-16,0.37,0.39,0.37,0.39,3296000
APH,1998-10-19,0.4,0.41,0.4,0.4,1811200
APH,1998-10-20,0.41,0.41,0.41,0.41,748800
APH,1998-10-21,0.42,0.42,0.41,0.41,518400
APH,1998-10-22,0.41,0.43,0.41,0.43,569600
APH,1998-10-23,0.43,0.43,0.42,0.42,358400
APH,1998-10-26,0.42,0.44,0.42,0.44,755200
APH,1998-10-27,0.44,0.45,0.44,0.44,601600
APH,1998-10-28,0.44,0.44,0.44,0.44,300800
APH,1998-10-29,0.44,0.45,0.44,0.45,256000
APH,1998-10-30,0.45,0.45,0.45,0.45,396800
APH,1998-11-02,0.45,0.45,0.45,0.45,217600
APH,1998-11-03,0.45,0.45,0.44,0.45,371200
APH,1998-11-04,0.45,0.45,0.45,0.45,140800
APH,1998-11-05,0.45,0.47,0.45,0.47,1113600
APH,1998-11-06,0.47,0.48,0.47,0.47,1363200
APH,1998-11-09,0.48,0.48,0.47,0.47,262400
APH,1998-11-10,0.47,0.48,0.47,0.47,249600
APH,1998-11-11,0.47,0.47,0.47,0.47,307200
APH,1998-11-12,0.47,0.47,0.46,0.46,409600
APH,1998-11-13,0.46,0.46,0.45,0.45,2764800
APH,1998-11-16,0.44,0.44,0.44,0.44,448000
APH,1998-11-17,0.44,0.44,0.44,0.44,179200
APH,1998-11-18,0.44,0.44,0.44,0.44,480000
APH,1998-11-19,0.44,0.44,0.44,0.44,70400
APH,1998-11-20,0.43,0.44,0.43,0.43,473600
APH,1998-11-23,0.44,0.45,0.44,0.44,825600
APH,1998-11-24,0.45,0.45,0.44,0.44,1235200
APH,1998-11-25,0.44,0.45,0.44,0.45,294400
APH,1998-11-27,0.45,0.45,0.45,0.45,160000
APH,1998-11-30,0.45,0.45,0.44,0.44,844800
APH,1998-12-01,0.44,0.45,0.44,0.44,268800
APH,1998-12-02,0.42,0.42,0.4,0.4,876800
APH,1998-12-03,0.41,0.42,0.41,0.42,1260800
APH,1998-12-04,0.41,0.41,0.41,0.41,659200
APH,1998-12-07,0.4,0.4,0.4,0.4,652800
APH,1998-12-08,0.4,0.4,0.4,0.4,422400
APH,1998-12-09,0.4,0.4,0.4,0.4,1120000
APH,1998-12-10,0.4,0.4,0.4,0.4,4070400
APH,1998-12-11,0.4,0.41,0.4,0.41,352000
APH,1998-12-14,0.41,0.41,0.4,0.41,819200
APH,1998-12-15,0.4,0.42,0.4,0.42,550400
APH,1998-12-16,0.42,0.42,0.41,0.41,390400
APH,1998-12-17,0.41,0.41,0.4,0.41,371200
APH,1998-12-18,0.41,0.42,0.41,0.42,384000
APH,1998-12-21,0.42,0.42,0.41,0.41,646400
APH,1998-12-22,0.41,0.42,0.41,0.42,652800
APH,1998-12-23,0.42,0.42,0.42,0.42,377600
APH,1998-12-24,0.43,0.43,0.43,0.43,166400
APH,1998-12-28,0.43,0.43,0.41,0.41,851200
APH,1998-12-29,0.41,0.41,0.4,0.4,908800
APH,1998-12-30,0.4,0.4,0.4,0.4,179200
APH,1998-12-31,0.4,0.41,0.4,0.41,550400
APH,1999-01-04,0.41,0.41,0.4,0.4,710400
APH,1999-01-05,0.4,0.4,0.4,0.4,1331200
APH,1999-01-06,0.4,0.41,0.4,0.41,1702400
APH,1999-01-07,0.41,0.41,0.41,0.41,7136000
APH,1999-01-08,0.41,0.42,0.41,0.42,748800
APH,1999-01-11,0.42,0.42,0.42,0.42,704000
APH,1999-01-12,0.43,0.43,0.42,0.42,467200
APH,1999-01-13,0.42,0.43,0.42,0.43,614400
APH,1999-01-14,0.44,0.45,0.43,0.44,256000
APH,1999-01-15,0.44,0.45,0.44,0.45,313600
APH,1999-01-19,0.45,0.46,0.45,0.46,224000
APH,1999-01-20,0.46,0.47,0.46,0.47,422400
APH,1999-01-21,0.46,0.46,0.45,0.45,435200
APH,1999-01-22,0.45,0.45,0.45,0.45,217600
APH,1999-01-25,0.45,0.45,0.43,0.43,768000
APH,1999-01-26,0.43,0.44,0.43,0.44,467200
APH,1999-01-27,0.44,0.44,0.43,0.43,403200
APH,1999-01-28,0.43,0.44,0.43,0.44,192000
APH,1999-01-29,0.43,0.44,0.43,0.44,780800
APH,1999-02-01,0.44,0.44,0.44,0.44,89600
APH,1999-02-02,0.43,0.43,0.42,0.43,614400
APH,1999-02-03,0.43,0.43,0.43,0.43,1030400
APH,1999-02-04,0.43,0.43,0.42,0.42,1798400
APH,1999-02-05,0.42,0.42,0.42,0.42,582400
APH,1999-02-08,0.43,0.44,0.43,0.44,934400
APH,1999-02-09,0.44,0.45,0.44,0.45,467200
APH,1999-02-10,0.45,0.45,0.45,0.45,524800
APH,1999-02-11,0.45,0.45,0.44,0.44,985600
APH,1999-02-12,0.45,0.46,0.45,0.45,1625600
APH,1999-02-16,0.48,0.48,0.47,0.47,1216000
APH,1999-02-17,0.48,0.5,0.48,0.5,1318400
APH,1999-02-18,0.51,0.52,0.5,0.5,2041600
APH,1999-02-19,0.5,0.5,0.5,0.5,620800
APH,1999-02-22,0.5,0.5,0.5,0.5,1273600
APH,1999-02-23,0.5,0.52,0.5,0.5,1401600
APH,1999-02-24,0.5,0.5,0.48,0.48,1049600
APH,1999-02-25,0.48,0.49,0.48,0.48,492800
APH,1999-02-26,0.48,0.48,0.48,0.48,582400
APH,1999-03-01,0.49,0.49,0.49,0.49,320000
APH,1999-03-02,0.49,0.49,0.48,0.48,332800
APH,1999-03-03,0.48,0.48,0.47,0.47,921600
APH,1999-03-04,0.47,0.47,0.47,0.47,377600
APH,1999-03-05,0.47,0.48,0.47,0.48,352000
APH,1999-03-08,0.48,0.49,0.48,0.49,358400
APH,1999-03-09,0.49,0.5,0.49,0.49,179200
APH,1999-03-10,0.49,0.5,0.49,0.5,665600
APH,1999-03-11,0.5,0.5,0.5,0.5,236800
APH,1999-03-12,0.5,0.5,0.49,0.5,1273600
APH,1999-03-15,0.49,0.5,0.49,0.5,640000
APH,1999-03-16,0.5,0.5,0.5,0.5,467200
APH,1999-03-17,0.5,0.51,0.5,0.5,755200
APH,1999-03-18,0.5,0.5,0.5,0.5,64000
APH,1999-03-19,0.49,0.49,0.48,0.48,550400
APH,1999-03-22,0.48,0.48,0.48,0.48,800000
APH,1999-03-23,0.48,0.48,0.48,0.48,268800
APH,1999-03-24,0.48,0.48,0.48,0.48,640000
APH,1999-03-25,0.48,0.48,0.48,0.48,345600
APH,1999-03-26,0.49,0.49,0.49,0.49,403200
APH,1999-03-29,0.49,0.49,0.49,0.49,224000
APH,1999-03-30,0.49,0.5,0.49,0.5,153600
APH,1999-03-31,0.5,0.52,0.5,0.52,2355200
APH,1999-04-01,0.53,0.54,0.53,0.54,4780800
APH,1999-04-05,0.53,0.53,0.53,0.53,1068800
APH,1999-04-06,0.53,0.54,0.52,0.52,2988800
APH,1999-04-07,0.52,0.52,0.52,0.52,742400
APH,1999-04-08,0.52,0.53,0.52,0.52,1152000
APH,1999-04-09,0.53,0.54,0.52,0.54,1056000
APH,1999-04-12,0.54,0.54,0.53,0.54,2233600
APH,1999-04-13,0.54,0.54,0.54,0.54,1664000
APH,1999-04-14,0.54,0.54,0.53,0.54,2496000
APH,1999-04-15,0.53,0.55,0.53,0.53,3481600
APH,1999-04-16,0.53,0.54,0.53,0.53,1536000
APH,1999-04-19,0.53,0.53,0.53,0.53,588800
APH,1999-04-20,0.53,0.53,0.53,0.53,294400
APH,1999-04-21,0.53,0.53,0.53,0.53,1440000
APH,1999-04-22,0.53,0.53,0.51,0.52,582400
APH,1999-04-23,0.51,0.51,0.51,0.51,268800
APH,1999-04-26,0.51,0.51,0.51,0.51,352000
APH,1999-04-27,0.51,0.51,0.5,0.5,371200
APH,1999-04-28,0.5,0.5,0.5,0.5,364800
APH,1999-04-29,0.48,0.48,0.47,0.47,1120000
APH,1999-04-30,0.47,0.47,0.47,0.47,544000
APH,1999-05-03,0.47,0.48,0.47,0.47,1369600
APH,1999-05-04,0.47,0.48,0.47,0.48,1862400
APH,1999-05-05,0.48,0.49,0.48,0.49,326400
APH,1999-05-06,0.49,0.51,0.49,0.5,1024000
APH,1999-05-07,0.5,0.5,0.5,0.5,121600
APH,1999-05-10,0.5,0.52,0.5,0.52,230400
APH,1999-05-11,0.51,0.52,0.51,0.52,812800
APH,1999-05-12,0.52,0.53,0.52,0.53,1382400
APH,1999-05-13,0.53,0.53,0.52,0.53,748800
APH,1999-05-14,0.52,0.52,0.51,0.51,467200
APH,1999-05-17,0.51,0.51,0.49,0.49,876800
APH,1999-05-18,0.5,0.5,0.5,0.5,160000
APH,1999-05-19,0.5,0.51,0.5,0.5,544000
APH,1999-05-20,0.5,0.51,0.5,0.51,851200
APH,1999-05-21,0.51,0.51,0.51,0.51,428800
APH,1999-05-24,0.51,0.51,0.51,0.51,889600
APH,1999-05-25,0.5,0.5,0.5,0.5,1011200
APH,1999-05-26,0.51,0.51,0.51,0.51,313600
APH,1999-05-27,0.51,0.51,0.5,0.5,403200
APH,1999-05-28,0.51,0.51,0.51,0.51,320000
APH,1999-06-01,0.51,0.51,0.51,0.51,774400
APH,1999-06-02,0.51,0.51,0.51,0.51,1612800
APH,1999-06-03,0.51,0.51,0.51,0.51,211200
APH,1999-06-04,0.51,0.51,0.51,0.51,256000
APH,1999-06-07,0.5,0.51,0.5,0.51,512000
APH,1999-06-08,0.51,0.51,0.51,0.51,243200
APH,1999-06-09,0.51,0.51,0.51,0.51,563200
APH,1999-06-10,0.51,0.51,0.51,0.51,640000
APH,1999-06-11,0.51,0.51,0.51,0.51,2144000
APH,1999-06-14,0.51,0.51,0.51,0.51,2579200
APH,1999-06-15,0.52,0.52,0.51,0.51,979200
APH,1999-06-16,0.51,0.52,0.51,0.51,684800
APH,1999-06-17,0.51,0.52,0.51,0.52,281600
APH,1999-06-18,0.52,0.52,0.52,0.52,1094400
APH,1999-06-21,0.52,0.52,0.52,0.52,224000
APH,1999-06-22,0.52,0.52,0.52,0.52,1843200
APH,1999-06-23,0.52,0.52,0.52,0.52,44800
APH,1999-06-24,0.52,0.53,0.52,0.53,1523200
APH,1999-06-25,0.53,0.54,0.53,0.54,307200
APH,1999-06-28,0.54,0.54,0.54,0.54,1414400
APH,1999-06-29,0.54,0.54,0.54,0.54,288000
APH,1999-06-30,0.54,0.54,0.54,0.54,825600
APH,1999-07-01,0.54,0.54,0.53,0.54,281600
APH,1999-07-02,0.54,0.54,0.53,0.54,576000
APH,1999-07-06,0.54,0.54,0.53,0.53,179200
APH,1999-07-07,0.53,0.53,0.53,0.53,409600
APH,1999-07-08,0.53,0.53,0.53,0.53,812800
APH,1999-07-09,0.53,0.53,0.53,0.53,928000
APH,1999-07-12,0.53,0.54,0.53,0.54,544000
APH,1999-07-13,0.54,0.54,0.54,0.54,582400
APH,1999-07-14,0.54,0.54,0.53,0.54,1856000
APH,1999-07-15,0.54,0.59,0.54,0.59,26009600
APH,1999-07-16,0.59,0.63,0.59,0.62,18188800
APH,1999-07-19,0.61,0.62,0.61,0.61,2732800
APH,1999-07-20,0.61,0.61,0.6,0.61,3148800
APH,1999-07-21,0.61,0.61,0.6,0.6,4659200
APH,1999-07-22,0.58,0.58,0.58,0.58,1657600
APH,1999-07-23,0.58,0.58,0.58,0.58,345600
APH,1999-07-26,0.58,0.58,0.57,0.57,934400
APH,1999-07-27,0.57,0.58,0.57,0.58,2348800
APH,1999-07-28,0.58,0.59,0.58,0.59,7891200
APH,1999-07-29,0.59,0.59,0.58,0.58,2368000
APH,1999-07-30,0.58,0.58,0.58,0.58,486400
APH,1999-08-02,0.58,0.59,0.58,0.58,448000
APH,1999-08-03,0.58,0.58,0.57,0.58,556800
APH,1999-08-04,0.57,0.58,0.57,0.58,838400
APH,1999-08-05,0.58,0.58,0.57,0.58,1964800
APH,1999-08-06,0.58,0.58,0.58,0.58,57600
APH,1999-08-09,0.58,0.58,0.58,0.58,390400
APH,1999-08-10,0.58,0.58,0.57,0.57,659200
APH,1999-08-11,0.57,0.57,0.57,0.57,492800
APH,1999-08-12,0.57,0.57,0.57,0.57,1152000
APH,1999-08-13,0.57,0.57,0.57,0.57,1881600
APH,1999-08-16,0.57,0.57,0.57,0.57,2886400
APH,1999-08-17,0.57,0.57,0.57,0.57,627200
APH,1999-08-18,0.57,0.58,0.57,0.58,2393600
APH,1999-08-19,0.58,0.58,0.57,0.58,940800
APH,1999-08-20,0.58,0.59,0.58,0.58,3091200
APH,1999-08-23,0.58,0.58,0.57,0.58,3763200
APH,1999-08-24,0.58,0.58,0.57,0.57,1632000
APH,1999-08-25,0.57,0.59,0.57,0.59,7097600
APH,1999-08-26,0.59,0.6,0.59,0.6,6080000
APH,1999-08-27,0.6,0.65,0.6,0.64,3692800
APH,1999-08-30,0.64,0.64,0.63,0.64,1414400
APH,1999-08-31,0.64,0.64,0.63,0.63,1171200
APH,1999-09-01,0.63,0.64,0.63,0.63,684800
APH,1999-09-02,0.63,0.63,0.62,0.62,844800
APH,1999-09-03,0.63,0.64,0.63,0.64,1292800
APH,1999-09-07,0.64,0.64,0.63,0.64,1088000
APH,1999-09-08,0.64,0.67,0.64,0.66,3571200
APH,1999-09-09,0.66,0.66,0.65,0.66,1484800
APH,1999-09-10,0.66,0.68,0.66,0.68,1100800
APH,1999-09-13,0.68,0.71,0.68,0.7,1772800
APH,1999-09-14,0.71,0.73,0.7,0.71,4166400
APH,1999-09-15,0.71,0.72,0.7,0.7,1190400
APH,1999-09-16,0.7,0.73,0.7,0.73,1856000
APH,1999-09-17,0.73,0.77,0.73,0.74,6560000
APH,1999-09-20,0.75,0.75,0.74,0.75,838400
APH,1999-09-21,0.75,0.75,0.74,0.74,3526400
APH,1999-09-22,0.74,0.74,0.73,0.73,806400
APH,1999-09-23,0.73,0.73,0.71,0.71,608000
APH,1999-09-24,0.71,0.71,0.69,0.69,1043200
APH,1999-09-27,0.68,0.68,0.67,0.68,1049600
APH,1999-09-28,0.67,0.67,0.66,0.66,934400
APH,1999-09-29,0.66,0.67,0.65,0.67,1395200
APH,1999-09-30,0.67,0.68,0.67,0.67,1382400
APH,1999-10-01,0.67,0.7,0.67,0.7,3616000
APH,1999-10-04,0.7,0.71,0.69,0.69,812800
APH,1999-10-05,0.69,0.71,0.68,0.69,1171200
APH,1999-10-06,0.69,0.7,0.69,0.69,652800
APH,1999-10-07,0.69,0.69,0.68,0.69,307200
APH,1999-10-08,0.69,0.69,0.68,0.68,723200
APH,1999-10-11,0.68,0.68,0.67,0.68,1036800
APH,1999-10-12,0.69,0.69,0.67,0.69,3084800
APH,1999-10-13,0.68,0.68,0.66,0.66,934400
APH,1999-10-14,0.68,0.68,0.65,0.65,2624000
APH,1999-10-15,0.63,0.63,0.62,0.63,2848000
APH,1999-10-18,0.63,0.64,0.63,0.64,1056000
APH,1999-10-19,0.64,0.66,0.64,0.66,1088000
APH,1999-10-20,0.66,0.67,0.66,0.67,2611200
APH,1999-10-21,0.67,0.68,0.67,0.67,512000
APH,1999-10-22,0.67,0.69,0.67,0.69,940800
APH,1999-10-25,0.69,0.7,0.69,0.69,665600
APH,1999-10-26,0.69,0.71,0.69,0.7,1337600
APH,1999-10-27,0.71,0.74,0.71,0.73,2035200
APH,1999-10-28,0.73,0.78,0.73,0.78,3174400
APH,1999-10-29,0.78,0.81,0.78,0.8,2464000
APH,1999-11-01,0.81,0.82,0.79,0.8,1868800
APH,1999-11-02,0.8,0.82,0.8,0.82,1939200
APH,1999-11-03,0.82,0.83,0.8,0.81,1280000
APH,1999-11-04,0.82,0.86,0.82,0.83,3200000
APH,1999-11-05,0.83,0.84,0.83,0.83,1331200
APH,1999-11-08,0.83,0.85,0.83,0.85,1696000
APH,1999-11-09,0.85,0.86,0.85,0.86,1145600
APH,1999-11-10,0.86,0.87,0.86,0.87,1427200
APH,1999-11-11,0.87,0.87,0.87,0.87,678400
APH,1999-11-12,0.87,0.87,0.86,0.87,1760000
APH,1999-11-15,0.87,0.94,0.87,0.92,5158400
APH,1999-11-16,0.92,0.92,0.91,0.92,358400
APH,1999-11-17,0.92,0.92,0.92,0.92,921600
APH,1999-11-18,0.91,0.94,0.9,0.92,11065600
APH,1999-11-19,0.92,0.92,0.9,0.9,934400
APH,1999-11-22,0.9,0.92,0.9,0.92,1164800
APH,1999-11-23,0.91,0.93,0.91,0.92,1836800
APH,1999-11-24,0.92,0.92,0.9,0.9,1164800
APH,1999-11-26,0.9,0.9,0.89,0.89,403200
APH,1999-11-29,0.89,0.92,0.89,0.91,1862400
APH,1999-11-30,0.91,0.93,0.91,0.92,1248000
APH,1999-12-01,0.92,0.92,0.92,0.92,1088000
APH,1999-12-02,0.92,0.93,0.92,0.92,870400
APH,1999-12-03,0.92,0.93,0.92,0.92,947200
APH,1999-12-06,0.93,0.93,0.93,0.93,793600
APH,1999-12-07,0.93,0.95,0.93,0.94,3955200
APH,1999-12-08,0.95,0.97,0.94,0.94,176480000
APH,1999-12-09,0.94,0.94,0.86,0.86,30963200
APH,1999-12-10,0.9,0.91,0.87,0.89,44640000
APH,1999-12-13,0.89,0.9,0.86,0.88,8480000
APH,1999-12-14,0.88,0.88,0.88,0.88,28761600
APH,1999-12-15,0.88,0.9,0.87,0.88,18361600
APH,1999-12-16,0.88,0.88,0.87,0.87,3846400
APH,1999-12-17,0.89,0.9,0.88,0.89,8524800
APH,1999-12-20,0.88,0.89,0.87,0.88,5580800
APH,1999-12-21,0.9,0.9,0.88,0.88,4345600
APH,1999-12-22,0.88,0.89,0.88,0.88,1548800
APH,1999-12-23,0.88,0.9,0.88,0.89,7808000
APH,1999-12-27,0.9,0.9,0.88,0.89,5728000
APH,1999-12-28,0.89,0.9,0.89,0.9,2720000
APH,1999-12-29,0.9,0.91,0.9,0.9,1913600
APH,1999-12-30,0.9,0.91,0.89,0.89,1580800
APH,1999-12-31,0.9,0.9,0.89,0.9,2092800
APH,2000-01-03,0.91,0.92,0.9,0.91,8403200
APH,2000-01-04,0.9,0.91,0.88,0.88,6726400
APH,2000-01-05,0.88,0.88,0.84,0.86,7289600
APH,2000-01-06,0.86,0.86,0.83,0.84,3123200
APH,2000-01-07,0.84,0.84,0.82,0.84,7244800
APH,2000-01-10,0.85,0.89,0.85,0.88,3052800
APH,2000-01-11,0.89,0.91,0.88,0.9,4966400
APH,2000-01-12,0.92,1.06,0.92,1.03,52172800
APH,2000-01-13,1.03,1.05,1.0,1.02,11059200
APH,2000-01-14,1.01,1.06,1.01,1.04,4608000
APH,2000-01-18,1.07,1.1,1.06,1.07,10246400
APH,2000-01-19,1.06,1.08,1.04,1.06,7673600
APH,2000-01-20,1.07,1.09,1.05,1.05,6252800
APH,2000-01-21,1.05,1.06,1.01,1.01,4723200
APH,2000-01-24,1.01,1.05,0.99,1.0,6003200
APH,2000-01-25,1.0,1.0,0.96,0.97,3251200
APH,2000-01-26,0.97,1.0,0.95,0.99,5376000
APH,2000-01-27,0.99,1.01,0.97,0.97,4403200
APH,2000-01-28,0.97,0.98,0.92,0.93,2208000
APH,2000-01-31,0.93,0.94,0.9,0.92,5376000
APH,2000-02-01,0.92,0.92,0.9,0.91,3251200
APH,2000-02-02,0.91,0.95,0.91,0.93,2841600
APH,2000-02-03,0.94,0.94,0.93,0.94,2899200
APH,2000-02-04,0.94,0.95,0.94,0.95,1849600
APH,2000-02-07,0.94,0.95,0.93,0.93,1625600
APH,2000-02-08,0.94,0.97,0.94,0.94,4128000
APH,2000-02-09,0.94,0.94,0.91,0.92,2329600
APH,2000-02-10,0.92,0.92,0.9,0.9,1862400
APH,2000-02-11,0.9,0.91,0.89,0.9,2752000
APH,2000-02-14,0.9,1.11,0.89,1.11,48448000
APH,2000-02-15,1.11,1.11,1.0,1.02,16332800
APH,2000-02-16,1.02,1.06,1.02,1.06,9843200
APH,2000-02-17,1.04,1.05,1.02,1.03,4057600
APH,2000-02-18,1.03,1.03,0.97,0.98,4262400
APH,2000-02-22,0.97,0.97,0.94,0.96,6035200
APH,2000-02-23,0.97,0.98,0.93,0.98,5817600
APH,2000-02-24,0.98,1.01,0.98,1.0,4979200
APH,2000-02-25,1.0,1.04,0.99,1.0,7321600
APH,2000-02-28,1.0,1.01,0.99,1.01,7859200
APH,2000-02-29,1.01,1.1,1.01,1.08,8032000
APH,2000-03-01,1.08,1.16,1.08,1.16,8390400
APH,2000-03-02,1.15,1.15,1.1,1.11,7404800
APH,2000-03-03,1.12,1.14,1.11,1.11,2937600
APH,2000-03-06,1.11,1.13,1.1,1.12,7251200
APH,2000-03-07,1.12,1.12,1.06,1.06,3078400
APH,2000-03-08,1.05,1.06,0.99,1.03,5856000
APH,2000-03-09,1.03,1.05,1.02,1.04,2489600
APH,2000-03-10,1.15,1.19,1.13,1.17,25632000
APH,2000-03-13,1.13,1.15,1.11,1.13,6028800
APH,2000-03-14,1.13,1.16,1.09,1.09,5139200
APH,2000-03-15,1.16,1.22,1.13,1.17,24646400
APH,2000-03-16,1.17,1.2,1.15,1.2,6566400
APH,2000-03-17,1.19,1.29,1.18,1.28,13696000
APH,2000-03-20,1.28,1.29,1.25,1.26,9120000
APH,2000-03-21,1.26,1.27,1.24,1.25,7942400
APH,2000-03-22,1.26,1.28,1.26,1.27,2931200
APH,2000-03-23,1.27,1.33,1.27,1.33,5248000
APH,2000-03-24,1.32,1.4,1.31,1.31,13401600
APH,2000-03-27,1.29,1.41,1.29,1.4,9433600
APH,2000-03-28,1.4,1.4,1.34,1.35,5152000
APH,2000-03-29,1.36,1.39,1.3,1.3,6387200
APH,2000-03-30,1.3,1.32,1.29,1.3,8723200
APH,2000-03-31,1.32,1.39,1.31,1.38,9139200
APH,2000-04-03,1.38,1.38,1.36,1.36,8448000
APH,2000-04-04,1.35,1.38,1.22,1.37,13164800
APH,2000-04-05,1.36,1.41,1.35,1.41,6348800
APH,2000-04-06,1.43,1.5,1.42,1.49,10502400
APH,2000-04-07,1.52,1.63,1.5,1.6,13446400
APH,2000-04-10,1.62,1.62,1.56,1.59,11206400
APH,2000-04-11,1.56,1.59,1.5,1.59,7980800
APH,2000-04-12,1.59,1.62,1.54,1.56,14592000
APH,2000-04-13,1.54,1.55,1.46,1.53,15129600
APH,2000-04-14,1.5,1.5,1.24,1.25,11488000
APH,2000-04-17,1.26,1.35,1.26,1.31,16268800
APH,2000-04-18,1.34,1.54,1.34,1.52,14246400
APH,2000-04-19,1.58,1.59,1.52,1.56,7046400
APH,2000-04-20,1.56,1.57,1.5,1.53,5024000
APH,2000-04-24,1.51,1.52,1.47,1.49,5472000
APH,2000-04-25,1.56,1.64,1.54,1.62,14060800
APH,2000-04-26,1.62,1.72,1.57,1.57,8547200
APH,2000-04-27,1.55,1.69,1.53,1.62,10419200
APH,2000-04-28,1.62,1.73,1.61,1.72,7497600
APH,2000-05-01,1.68,1.68,1.55,1.62,13596800
APH,2000-05-02,1.6,1.66,1.56,1.6,6342400
APH,2000-05-03,1.56,1.56,1.37,1.4,8630400
APH,2000-05-04,1.43,1.49,1.4,1.48,5680000
APH,2000-05-05,1.47,1.59,1.47,1.59,7100800
APH,2000-05-08,1.59,1.68,1.59,1.62,6585600
APH,2000-05-09,1.6,1.62,1.38,1.45,8169600
APH,2000-05-10,1.44,1.44,1.26,1.29,8780800
APH,2000-05-11,1.3,1.37,1.29,1.37,6899200
APH,2000-05-12,1.41,1.46,1.39,1.4,11273600
APH,2000-05-15,1.35,1.37,1.31,1.36,8076800
APH,2000-05-16,1.38,1.43,1.32,1.33,17299200
APH,2000-05-17,1.32,1.33,1.29,1.33,110688000
APH,2000-05-18,1.35,1.42,1.33,1.4,72342400
APH,2000-05-19,1.39,1.39,1.33,1.34,17155200
APH,2000-05-22,1.34,1.36,1.23,1.28,28806400
APH,2000-05-23,1.29,1.32,1.26,1.26,18976000
APH,2000-05-24,1.26,1.26,1.17,1.22,14147200
APH,2000-05-25,1.22,1.26,1.2,1.2,8563200
APH,2000-05-26,1.22,1.24,1.17,1.21,5430400
APH,2000-05-30,1.21,1.3,1.21,1.3,7875200
APH,2000-05-31,1.28,1.3,1.21,1.24,10448000
APH,2000-06-01,1.26,1.34,1.26,1.33,12531200
APH,2000-06-02,1.43,1.43,1.32,1.38,16736000
APH,2000-06-05,1.37,1.37,1.32,1.33,11302400
APH,2000-06-06,1.33,1.38,1.33,1.34,6816000
APH,2000-06-07,1.34,1.37,1.34,1.36,5504000
APH,2000-06-08,1.36,1.37,1.34,1.35,3276800
APH,2000-06-09,1.38,1.4,1.36,1.4,4115200
APH,2000-06-12,1.4,1.43,1.33,1.35,5932800
APH,2000-06-13,1.4,1.4,1.27,1.34,8620800
APH,2000-06-14,1.34,1.38,1.32,1.33,4291200
APH,2000-06-15,1.48,1.56,1.43,1.53,27286400
APH,2000-06-16,1.56,1.62,1.52,1.55,9776000
APH,2000-06-19,1.56,1.59,1.52,1.59,10700800
APH,2000-06-20,1.56,1.62,1.53,1.59,9724800
APH,2000-06-21,1.59,1.72,1.58,1.69,7686400
APH,2000-06-22,1.69,1.71,1.65,1.69,8608000
APH,2000-06-23,1.69,1.7,1.67,1.68,10841600
APH,2000-06-26,1.68,1.7,1.65,1.66,10880000
APH,2000-06-27,1.67,1.69,1.59,1.6,10710400
APH,2000-06-28,1.61,1.76,1.59,1.71,12524800
APH,2000-06-29,1.71,1.71,1.64,1.65,12608000
APH,2000-06-30,1.65,1.8,1.61,1.79,21881600
APH,2000-07-03,1.79,1.84,1.78,1.83,7129600
APH,2000-07-05,1.84,1.88,1.78,1.79,18467200
APH,2000-07-06,1.79,1.81,1.72,1.78,11948800
APH,2000-07-07,1.8,1.86,1.78,1.85,8588800
APH,2000-07-10,1.86,1.87,1.83,1.85,6777600
APH,2000-07-11,1.85,1.89,1.81,1.84,9948800
APH,2000-07-12,1.84,1.9,1.83,1.89,6329600
APH,2000-07-13,1.89,1.89,1.8,1.85,9344000
APH,2000-07-14,1.86,1.86,1.81,1.84,4524800
APH,2000-07-17,1.8,1.87,1.8,1.86,5228800
APH,2000-07-18,1.87,1.89,1.77,1.77,9401600
APH,2000-07-19,1.76,1.86,1.71,1.83,10697600
APH,2000-07-20,1.84,1.89,1.77,1.79,10028800
APH,2000-07-21,1.78,1.78,1.65,1.74,6198400
APH,2000-07-24,1.74,1.82,1.74,1.75,3795200
APH,2000-07-25,1.76,1.78,1.71,1.72,5584000
APH,2000-07-26,1.74,1.74,1.66,1.68,6505600
APH,2000-07-27,1.61,1.61,1.49,1.5,21628800
APH,2000-07-28,1.5,1.57,1.31,1.52,26060800
APH,2000-07-31,1.42,1.44,1.34,1.42,13952000
APH,2000-08-01,1.44,1.47,1.4,1.44,8684800
APH,2000-08-02,1.42,1.48,1.41,1.45,11225600
APH,2000-08-03,1.41,1.41,1.37,1.39,11347200
APH,2000-08-04,1.41,1.47,1.4,1.46,14428800
APH,2000-08-07,1.47,1.59,1.47,1.53,10544000
APH,2000-08-08,1.59,1.59,1.52,1.54,8048000
APH,2000-08-09,1.56,1.62,1.55,1.55,7664000
APH,2000-08-10,1.55,1.59,1.55,1.56,5408000
APH,2000-08-11,1.54,1.57,1.51,1.52,3664000
APH,2000-08-14,1.5,1.55,1.49,1.54,2806400
APH,2000-08-15,1.56,1.61,1.56,1.59,2422400
APH,2000-08-16,1.63,1.72,1.62,1.64,9984000
APH,2000-08-17,1.62,1.69,1.61,1.67,6643200
APH,2000-08-18,1.67,1.7,1.65,1.68,3184000
APH,2000-08-21,1.7,1.73,1.7,1.72,3881600
APH,2000-08-22,1.72,1.76,1.67,1.68,7459200
APH,2000-08-23,1.68,1.71,1.67,1.68,4886400
APH,2000-08-24,1.68,1.7,1.67,1.68,5321600
APH,2000-08-25,1.68,1.69,1.66,1.67,4073600
APH,2000-08-28,1.66,1.68,1.64,1.65,2140800
APH,2000-08-29,1.68,1.69,1.66,1.69,2992000
APH,2000-08-30,1.71,1.82,1.71,1.77,12163200
APH,2000-08-31,1.79,1.82,1.73,1.73,6435200
APH,2000-09-01,1.75,1.86,1.75,1.8,9056000
APH,2000-09-05,1.81,1.85,1.78,1.8,5625600
APH,2000-09-06,1.8,1.82,1.76,1.76,4390400
APH,2000-09-07,1.76,1.79,1.73,1.76,5388800
APH,2000-09-08,1.76,1.76,1.7,1.71,2704000
APH,2000-09-11,1.71,1.79,1.7,1.76,5552000
APH,2000-09-12,1.77,1.78,1.72,1.72,5548800
APH,2000-09-13,1.7,1.7,1.65,1.67,4409600
APH,2000-09-14,1.67,1.72,1.67,1.68,4316800
APH,2000-09-15,1.68,1.68,1.62,1.63,2195200
APH,2000-09-18,1.61,1.64,1.55,1.56,6092800
APH,2000-09-19,1.58,1.62,1.57,1.59,4822400
APH,2000-09-20,1.59,1.59,1.54,1.56,3558400
APH,2000-09-21,1.55,1.56,1.53,1.55,4694400
APH,2000-09-22,1.53,1.54,1.49,1.5,3897600
APH,2000-09-25,1.52,1.54,1.46,1.49,8099200
APH,2000-09-26,1.48,1.52,1.46,1.48,5843200
APH,2000-09-27,1.5,1.52,1.45,1.45,5494400
APH,2000-09-28,1.48,1.5,1.45,1.49,5894400
APH,2000-09-29,1.53,1.56,1.52,1.54,7328000
APH,2000-10-02,1.57,1.57,1.5,1.53,4640000
APH,2000-10-03,1.55,1.55,1.5,1.5,6604800
APH,2000-10-04,1.5,1.56,1.47,1.55,7379200
APH,2000-10-05,1.56,1.56,1.53,1.54,4947200
APH,2000-10-06,1.54,1.55,1.49,1.52,2681600
APH,2000-10-09,1.53,1.53,1.47,1.51,3139200
APH,2000-10-10,1.49,1.5,1.43,1.44,6512000
APH,2000-10-11,1.39,1.52,1.35,1.52,11059200
APH,2000-10-12,1.52,1.56,1.38,1.41,5110400
APH,2000-10-13,1.41,1.58,1.38,1.57,6121600
APH,2000-10-16,1.62,1.62,1.52,1.59,5795200
APH,2000-10-17,1.66,1.71,1.56,1.58,12368000
APH,2000-10-18,1.55,1.63,1.51,1.55,9977600
APH,2000-10-19,1.64,1.78,1.62,1.76,11564800
APH,2000-10-20,1.79,1.81,1.75,1.76,6339200
APH,2000-10-23,1.77,1.85,1.76,1.83,5148800
APH,2000-10-24,1.81,1.83,1.77,1.79,6864000
APH,2000-10-25,1.75,1.75,1.68,1.69,5401600
APH,2000-10-26,1.68,1.71,1.63,1.71,4912000
APH,2000-10-27,1.71,1.73,1.69,1.7,3360000
APH,2000-10-30,1.69,1.72,1.64,1.72,3254400
APH,2000-10-31,1.71,1.76,1.71,1.74,6662400
APH,2000-11-01,1.75,1.75,1.73,1.75,3164800
APH,2000-11-02,1.76,1.76,1.74,1.76,2620800
APH,2000-11-03,1.76,1.78,1.74,1.76,2374400
APH,2000-11-06,1.76,1.76,1.72,1.73,3200000
APH,2000-11-07,1.73,1.73,1.71,1.72,2860800
APH,2000-11-08,1.72,1.75,1.72,1.73,2179200
APH,2000-11-09,1.72,1.73,1.67,1.69,4086400
APH,2000-11-10,1.65,1.65,1.6,1.63,2400000
APH,2000-11-13,1.61,1.62,1.54,1.62,3664000
APH,2000-11-14,1.64,1.68,1.63,1.68,2300800
APH,2000-11-15,1.69,1.76,1.67,1.75,3145600
APH,2000-11-16,1.75,1.75,1.7,1.71,3414400
APH,2000-11-17,1.71,1.72,1.67,1.71,1465600
APH,2000-11-20,1.7,1.7,1.58,1.59,4710400
APH,2000-11-21,1.57,1.64,1.57,1.63,3984000
APH,2000-11-22,1.61,1.62,1.58,1.61,2931200
APH,2000-11-24,1.61,1.61,1.42,1.42,12345600
APH,2000-11-27,1.54,1.63,1.5,1.63,16380800
APH,2000-11-28,1.61,1.61,1.51,1.52,9894400
APH,2000-11-29,1.51,1.56,1.51,1.55,5568000
APH,2000-11-30,1.54,1.54,1.29,1.44,17353600
APH,2000-12-01,1.46,1.5,1.43,1.47,8428800
APH,2000-12-04,1.48,1.48,1.41,1.43,6256000
APH,2000-12-05,1.44,1.47,1.44,1.46,9987200
APH,2000-12-06,1.48,1.52,1.45,1.46,5136000
APH,2000-12-07,1.45,1.48,1.43,1.48,2777600
APH,2000-12-08,1.51,1.57,1.5,1.54,5404800
APH,2000-12-11,1.56,1.63,1.56,1.6,6358400
APH,2000-12-12,1.59,1.59,1.52,1.52,2297600
APH,2000-12-13,1.54,1.55,1.48,1.48,4339200
APH,2000-12-14,1.48,1.5,1.42,1.43,4396800
APH,2000-12-15,1.41,1.41,1.19,1.2,32435200
APH,2000-12-18,1.24,1.26,1.06,1.16,34566400
APH,2000-12-19,1.17,1.19,1.05,1.08,25107200
APH,2000-12-20,1.06,1.06,0.87,0.92,82339200
APH,2000-12-21,0.92,0.96,0.89,0.9,38624000
APH,2000-12-22,0.92,1.0,0.9,0.93,22188800
APH,2000-12-26,0.94,0.96,0.91,0.92,13782400
APH,2000-12-27,0.93,0.97,0.92,0.93,21248000
APH,2000-12-28,0.93,0.97,0.93,0.96,19353600
APH,2000-12-29,0.98,1.06,0.98,1.06,21456000
FDX,1996-01-02,11.74,11.8,11.62,11.76,804664
FDX,1996-01-03,11.8,12.08,11.8,11.86,944153
FDX,1996-01-04,12.14,12.22,12.0,12.12,1042936
FDX,1996-01-05,12.08,12.08,11.92,11.98,732686
FDX,1996-01-08,12.0,12.1,12.0,12.1,284934
FDX,1996-01-09,12.12,12.12,11.76,11.9,859765
FDX,1996-01-10,11.94,11.98,11.64,11.64,680068
FDX,1996-01-11,11.66,11.7,11.48,11.7,1091087
FDX,1996-01-12,11.66,11.68,11.5,11.68,1265820
FDX,1996-01-15,11.46,11.54,11.14,11.16,1356165
FDX,1996-01-16,11.24,11.24,10.7,11.12,2051125
FDX,1996-01-17,11.14,11.2,11.04,11.1,674111
FDX,1996-01-18,11.14,11.16,11.06,11.14,520227
FDX,1996-01-19,11.12,11.32,11.12,11.22,1289647
FDX,1996-01-22,11.24,11.32,11.16,11.3,805161
FDX,1996-01-23,11.34,11.58,11.26,11.4,751550
FDX,1996-01-24,11.44,11.5,11.32,11.48,470091
FDX,1996-01-25,11.44,11.58,11.42,11.42,736658
FDX,1996-01-26,11.46,11.5,11.36,11.38,856786
FDX,1996-01-29,11.38,11.44,11.24,11.26,314221
FDX,1996-01-30,11.32,11.36,11.12,11.28,743111
FDX,1996-01-31,11.36,12.2,11.36,12.18,1581034
FDX,1996-02-01,12.14,12.22,12.02,12.08,1020102
FDX,1996-02-02,12.04,12.24,12.02,12.08,645320
FDX,1996-02-05,12.08,12.08,11.8,11.82,778852
FDX,1996-02-06,11.82,12.08,11.8,12.0,1285180
FDX,1996-02-07,12.06,12.12,12.02,12.04,387688
FDX,1996-02-08,12.04,12.54,12.04,12.4,872175
FDX,1996-02-09,12.4,12.4,12.18,12.22,1484236
FDX,1996-02-12,12.1,12.18,12.0,12.16,963016
FDX,1996-02-13,12.12,12.22,12.08,12.12,1687760
FDX,1996-02-14,12.16,12.26,12.12,12.12,1187389
FDX,1996-02-15,12.16,12.22,11.8,11.82,578802
FDX,1996-02-16,11.82,11.82,11.68,11.68,840405
FDX,1996-02-20,11.68,11.84,11.5,11.78,530652
FDX,1996-02-21,11.78,12.14,11.78,12.09,731694
FDX,1996-02-22,12.14,12.44,12.14,12.42,1029534
FDX,1996-02-23,12.4,12.48,12.1,12.18,693471
FDX,1996-02-26,12.14,12.14,11.96,11.98,2017866
FDX,1996-02-27,11.94,12.06,11.92,11.96,570364
FDX,1996-02-28,11.98,12.16,11.8,11.8,594687
FDX,1996-02-29,11.8,12.04,11.8,11.84,886074
FDX,1996-03-01,11.9,11.9,11.66,11.86,1236036
FDX,1996-03-04,11.9,12.2,11.9,11.96,691485
FDX,1996-03-05,11.94,12.08,11.9,12.06,1198806
FDX,1996-03-06,12.1,12.14,11.84,11.88,393645
FDX,1996-03-07,11.88,11.88,11.56,11.64,1756760
FDX,1996-03-08,11.6,11.62,11.22,11.28,1633156
FDX,1996-03-11,11.28,11.82,11.22,11.62,637378
FDX,1996-03-12,11.58,11.72,11.48,11.66,681557
FDX,1996-03-13,11.66,11.78,11.62,11.74,390667
FDX,1996-03-14,11.74,11.8,11.44,11.52,1023080
FDX,1996-03-15,11.28,11.56,11.02,11.2,3819798
FDX,1996-03-18,11.22,11.42,11.22,11.32,1115411
FDX,1996-03-19,11.48,11.6,11.38,11.42,1021591
FDX,1996-03-20,11.44,11.44,11.3,11.38,559443
FDX,1996-03-21,11.48,11.48,11.26,11.32,737650
FDX,1996-03-22,11.34,11.44,11.3,11.44,919829
FDX,1996-03-25,11.46,11.46,11.24,11.28,1158598
FDX,1996-03-26,11.26,11.34,11.26,11.3,1135763
FDX,1996-03-27,11.3,11.3,11.14,11.14,875153
FDX,1996-03-28,11.16,11.44,11.16,11.42,989822
FDX,1996-03-29,11.54,11.6,11.18,11.18,1549264
FDX,1996-04-01,11.24,11.5,11.24,11.5,889052
FDX,1996-04-02,11.5,11.6,11.42,11.56,1275252
FDX,1996-04-03,11.54,11.72,11.5,11.66,855297
FDX,1996-04-04,11.7,12.06,11.68,11.88,735168
FDX,1996-04-08,11.72,11.72,11.48,11.5,808139
FDX,1996-04-09,11.5,11.74,11.48,11.66,535616
FDX,1996-04-10,11.66,11.76,11.58,11.6,518738
FDX,1996-04-11,11.58,11.64,11.44,11.46,757010
FDX,1996-04-12,11.46,11.62,11.46,11.48,290394
FDX,1996-04-15,11.52,12.06,11.52,12.0,1319431
FDX,1996-04-16,12.04,12.2,11.94,12.02,728715
FDX,1996-04-17,11.98,12.02,11.94,11.98,308761
FDX,1996-04-18,12.02,12.28,12.02,12.16,637378
FDX,1996-04-19,12.18,12.2,12.04,12.16,566889
FDX,1996-04-22,12.16,12.36,12.08,12.2,583270
FDX,1996-04-23,12.2,12.22,11.94,12.1,456688
FDX,1996-04-24,12.36,12.72,12.36,12.66,1508063
FDX,1996-04-25,12.7,13.04,12.7,13.04,1219655
FDX,1996-04-26,13.12,13.2,12.9,13.06,1368575
FDX,1996-04-29,13.02,13.02,12.88,12.96,1179943
FDX,1996-04-30,12.92,12.94,12.74,12.92,894513
FDX,1996-05-01,12.88,12.88,12.74,12.8,383221
FDX,1996-05-02,12.72,12.72,12.5,12.66,590716
FDX,1996-05-03,12.62,12.66,12.32,12.46,615040
FDX,1996-05-06,12.44,12.44,12.34,12.44,482997
FDX,1996-05-07,12.44,12.5,12.36,12.36,469098
FDX,1996-05-08,12.38,12.38,12.28,12.38,471084
FDX,1996-05-09,12.38,12.58,12.38,12.48,674111
FDX,1996-05-10,12.52,12.58,12.48,12.58,598658
FDX,1996-05-13,12.58,12.64,12.58,12.64,632910
FDX,1996-05-14,12.68,12.68,12.4,12.54,564903
FDX,1996-05-15,12.62,12.9,12.6,12.86,1168029
FDX,1996-05-16,12.8,12.9,12.74,12.82,451724
FDX,1996-05-17,12.88,12.92,12.86,12.86,577810
FDX,1996-05-20,12.88,13.02,12.8,12.94,389178
FDX,1996-05-21,12.98,13.06,12.94,13.0,296351
FDX,1996-05-22,13.0,13.08,12.98,13.0,536608
FDX,1996-05-23,13.04,13.04,12.68,12.78,794736
FDX,1996-05-24,12.82,12.92,12.82,12.84,331099
FDX,1996-05-28,12.8,12.82,12.32,12.34,728715
FDX,1996-05-29,12.46,12.58,12.34,12.36,530155
FDX,1996-05-30,12.38,12.46,12.32,12.38,379746
FDX,1996-05-31,12.36,12.38,12.16,12.26,242740
FDX,1996-06-03,12.26,12.38,12.18,12.3,226358
FDX,1996-06-04,12.38,12.38,12.28,12.3,605608
FDX,1996-06-05,12.34,12.42,12.26,12.42,407048
FDX,1996-06-06,12.46,12.6,12.44,12.44,532637
FDX,1996-06-07,12.24,12.3,12.06,12.26,803672
FDX,1996-06-10,12.3,12.48,12.24,12.26,419954
FDX,1996-06-11,12.26,12.46,12.26,12.38,804168
FDX,1996-06-12,12.36,12.76,12.36,12.62,861750
FDX,1996-06-13,12.62,12.68,12.62,12.64,505832
FDX,1996-06-14,12.64,12.7,12.64,12.66,495904
FDX,1996-06-17,12.64,12.68,12.58,12.62,541572
FDX,1996-06-18,12.6,12.88,12.58,12.66,931743
FDX,1996-06-19,12.62,12.7,12.52,12.66,572846
FDX,1996-06-20,12.66,12.92,12.64,12.92,789772
FDX,1996-06-21,12.92,13.08,12.88,13.04,1205756
FDX,1996-06-24,13.04,13.1,13.0,13.04,640852
FDX,1996-06-25,13.04,13.06,12.98,13.04,2017866
FDX,1996-06-26,13.0,13.08,12.9,12.92,669147
FDX,1996-06-27,12.86,13.02,12.84,13.0,545047
FDX,1996-06-28,13.02,13.14,12.98,13.12,1110447
FDX,1996-07-01,13.08,13.4,13.06,13.28,1032512
FDX,1996-07-02,13.24,13.3,13.1,13.2,1682300
FDX,1996-07-03,13.24,13.34,13.24,13.3,994289
FDX,1996-07-05,13.26,13.26,12.98,12.98,195085
FDX,1996-07-08,12.92,12.98,12.84,12.86,854304
FDX,1996-07-09,12.88,12.92,12.72,12.78,904441
FDX,1996-07-10,12.76,12.8,12.58,12.68,1302554
FDX,1996-07-11,12.64,12.66,12.24,12.36,1781580
FDX,1996-07-12,12.38,12.46,12.3,12.3,1156612
FDX,1996-07-15,12.32,12.4,12.2,12.22,1291633
FDX,1996-07-16,12.1,12.12,11.78,11.96,1353683
FDX,1996-07-17,12.0,12.18,11.96,12.08,1220151
FDX,1996-07-18,12.12,12.78,12.04,12.76,1307518
FDX,1996-07-19,12.6,12.6,12.34,12.46,872671
FDX,1996-07-22,12.42,12.42,12.18,12.32,548522
FDX,1996-07-23,12.32,12.48,12.28,12.34,1016131
FDX,1996-07-24,12.24,12.3,12.24,12.3,1220648
FDX,1996-07-25,12.3,12.44,12.18,12.34,900470
FDX,1996-07-26,12.34,12.36,12.28,12.3,379250
FDX,1996-07-29,12.3,12.3,12.24,12.26,523206
FDX,1996-07-30,12.26,12.3,12.2,12.3,849837
FDX,1996-07-31,12.28,12.44,12.28,12.44,517745
FDX,1996-08-01,12.48,12.62,12.44,12.54,578306
FDX,1996-08-02,12.58,12.68,12.58,12.58,1183914
FDX,1996-08-05,12.52,12.52,12.46,12.48,1816328
FDX,1996-08-06,12.48,12.48,12.32,12.32,963016
FDX,1996-08-07,12.36,12.36,12.16,12.26,1471330
FDX,1996-08-08,12.22,12.24,12.08,12.16,2968968
FDX,1996-08-09,12.2,12.22,12.1,12.14,344998
FDX,1996-08-12,12.16,12.16,12.0,12.08,962520
FDX,1996-08-13,12.08,12.1,12.02,12.04,961030
FDX,1996-08-14,11.98,12.04,11.96,12.04,759492
FDX,1996-08-15,12.04,12.08,12.0,12.02,633903
FDX,1996-08-16,12.04,12.04,11.96,11.96,557457
FDX,1996-08-19,11.96,11.96,11.82,11.86,1285180
FDX,1996-08-20,11.88,11.94,11.8,11.9,988829
FDX,1996-08-21,11.76,11.98,11.68,11.92,1406301
FDX,1996-08-22,11.94,11.98,11.84,11.88,717794
FDX,1996-08-23,11.92,12.06,11.8,12.0,1017620
FDX,1996-08-26,11.96,12.02,11.9,11.94,546536
FDX,1996-08-27,11.94,12.06,11.92,12.06,768924
FDX,1996-08-28,12.06,12.18,12.04,12.14,690989
FDX,1996-08-29,12.14,12.14,12.02,12.06,653759
FDX,1996-08-30,12.04,12.04,11.96,11.98,320674
FDX,1996-09-03,11.86,11.92,11.78,11.86,1123353
FDX,1996-09-04,11.88,11.9,11.7,11.76,2072470
FDX,1996-09-05,11.74,11.74,11.6,11.6,920822
FDX,1996-09-06,11.62,12.0,11.62,11.9,817571
FDX,1996-09-09,11.94,12.04,11.92,12.0,434846
FDX,1996-09-10,12.0,12.16,12.0,12.04,684536
FDX,1996-09-11,12.02,12.02,11.84,12.0,923800
FDX,1996-09-12,11.98,12.02,11.92,11.92,1286172
FDX,1996-09-13,12.0,12.04,11.94,12.0,549515
FDX,1996-09-16,12.02,12.12,11.88,11.94,1093569
FDX,1996-09-17,11.92,12.1,11.66,12.0,2927767
FDX,1996-09-18,12.0,12.02,11.92,11.98,734672
FDX,1996-09-19,11.96,12.0,11.92,11.98,657730
FDX,1996-09-20,12.08,12.48,12.06,12.4,1956809
FDX,1996-09-23,12.28,12.3,12.1,12.28,1228094
FDX,1996-09-24,12.28,12.32,12.22,12.3,1261352
FDX,1996-09-25,12.3,12.46,12.28,12.42,646809
FDX,1996-09-26,12.38,12.42,12.36,12.38,872175
FDX,1996-09-27,12.38,12.62,12.36,12.54,483494
FDX,1996-09-30,12.52,12.7,12.52,12.68,853808
FDX,1996-10-01,12.68,13.04,12.6,13.02,1541818
FDX,1996-10-02,13.14,13.16,13.04,13.08,1643084
FDX,1996-10-03,13.1,13.26,13.1,13.22,1251424
FDX,1996-10-04,13.26,13.5,13.22,13.44,1932982
FDX,1996-10-07,13.46,13.48,13.34,13.34,851822
FDX,1996-10-08,13.3,13.3,13.2,13.2,729212
FDX,1996-10-09,13.22,13.22,13.0,13.12,1248446
FDX,1996-10-10,13.08,13.2,12.98,12.98,983865
FDX,1996-10-11,13.0,13.14,13.0,13.06,984858
FDX,1996-10-14,13.06,13.08,13.0,13.02,582277
FDX,1996-10-15,13.04,13.1,12.98,13.1,1269791
FDX,1996-10-16,13.14,13.14,12.86,12.9,1876888
FDX,1996-10-17,13.0,13.02,12.76,12.82,995778
FDX,1996-10-18,12.9,12.9,12.8,12.8,973937
FDX,1996-10-21,12.8,12.96,12.8,12.8,894016
FDX,1996-10-22,12.8,12.8,12.7,12.8,376271
FDX,1996-10-23,12.74,12.8,12.68,12.74,688507
FDX,1996-10-24,12.78,12.88,12.72,12.76,781830
FDX,1996-10-25,12.74,12.74,12.66,12.68,198560
FDX,1996-10-28,12.72,12.84,12.6,12.6,935714
FDX,1996-10-29,12.6,12.6,12.42,12.5,809132
FDX,1996-10-30,12.44,12.52,12.42,12.46,1089598
FDX,1996-10-31,12.46,12.88,12.44,12.88,937700
FDX,1996-11-01,12.88,12.92,12.64,12.82,638867
FDX,1996-11-04,12.86,13.34,12.86,13.28,1384956
FDX,1996-11-05,13.36,13.68,13.24,13.28,820549
FDX,1996-11-06,13.2,13.24,12.96,13.08,452717
FDX,1996-11-07,12.96,13.56,12.96,13.56,545792
FDX,1996-11-08,13.56,13.68,13.48,13.68,703399
FDX,1996-11-11,13.68,13.68,13.44,13.48,912631
FDX,1996-11-12,13.52,13.76,13.44,13.68,1790763
FDX,1996-11-13,13.68,13.68,13.44,13.44,637626
FDX,1996-11-14,13.48,13.64,13.48,13.52,376519
FDX,1996-11-15,13.56,13.56,13.36,13.4,889549
FDX,1996-11-18,13.48,13.6,13.4,13.44,544054
FDX,1996-11-19,13.44,13.48,13.36,13.44,456688
FDX,1996-11-20,13.44,13.56,13.36,13.48,926779
FDX,1996-11-21,13.56,13.88,13.52,13.52,678579
FDX,1996-11-22,13.56,13.64,13.52,13.56,763215
FDX,1996-11-25,13.64,14.24,13.64,14.16,1303298
FDX,1996-11-26,14.2,14.4,14.12,14.36,1112929
FDX,1996-11-27,14.4,14.4,14.0,14.0,341523
FDX,1996-11-29,13.92,14.16,13.92,14.16,208488
FDX,1996-12-02,14.04,14.32,13.88,14.12,627946
FDX,1996-12-03,14.08,14.2,13.92,13.92,301067
FDX,1996-12-04,13.96,13.96,13.64,13.8,614543
FDX,1996-12-05,13.8,13.84,13.64,13.72,475551
FDX,1996-12-06,13.48,13.72,13.24,13.56,642093
FDX,1996-12-09,13.6,13.72,13.44,13.64,464134
FDX,1996-12-10,13.6,14.0,13.56,13.84,1366589
FDX,1996-12-11,13.68,13.72,13.48,13.64,462893
FDX,1996-12-12,13.68,13.68,12.84,12.84,770165
FDX,1996-12-13,13.12,13.6,13.12,13.32,1634645
FDX,1996-12-16,13.4,13.72,13.24,13.24,724496
FDX,1996-12-17,13.12,13.48,13.12,13.4,599651
FDX,1996-12-18,13.36,13.48,12.92,13.12,899725
FDX,1996-12-19,13.2,13.72,13.16,13.64,473814
FDX,1996-12-20,14.0,14.0,13.72,13.8,1443779
FDX,1996-12-23,13.64,13.76,13.52,13.64,335566
FDX,1996-12-24,13.72,13.8,13.64,13.64,376768
FDX,1996-12-26,13.72,14.08,13.72,14.0,628194
FDX,1996-12-27,14.08,14.08,14.0,14.04,247952
FDX,1996-12-30,14.08,14.36,14.08,14.28,693719
FDX,1996-12-31,14.24,14.36,14.24,14.24,982872
FDX,1997-01-02,14.2,14.24,13.88,13.96,994786
FDX,1997-01-03,14.04,14.24,13.96,14.24,647554
FDX,1997-01-06,14.24,14.32,13.96,13.96,832463
FDX,1997-01-07,13.88,14.2,13.84,13.92,457184
FDX,1997-01-08,13.84,13.96,13.44,13.64,1428639
FDX,1997-01-09,13.68,14.08,13.68,14.04,433605
FDX,1997-01-10,14.04,14.08,13.76,14.0,464879
FDX,1997-01-13,13.84,14.08,13.84,14.0,604863
FDX,1997-01-14,14.08,14.36,14.04,14.24,2125833
FDX,1997-01-15,14.16,14.68,14.04,14.52,1472322
FDX,1997-01-16,14.68,14.88,14.44,14.84,1691731
FDX,1997-01-17,14.88,15.08,14.84,15.08,1608336
FDX,1997-01-20,15.12,15.32,15.04,15.2,839909
FDX,1997-01-21,15.16,15.52,14.92,15.4,854801
FDX,1997-01-22,15.28,15.56,14.96,15.56,1142465
FDX,1997-01-23,15.6,15.88,15.4,15.52,1499376
FDX,1997-01-24,15.48,15.52,15.36,15.44,626457
FDX,1997-01-27,15.44,15.44,14.96,14.96,641597
FDX,1997-01-28,15.0,15.24,14.88,15.04,910894
FDX,1997-01-29,15.6,15.92,15.44,15.8,1848594
FDX,1997-01-30,15.96,16.28,15.72,16.2,1440305
FDX,1997-01-31,16.2,17.09,16.2,16.4,1501114
FDX,1997-02-03,16.44,16.48,16.16,16.32,1364852
FDX,1997-02-04,16.4,16.44,16.16,16.2,669395
FDX,1997-02-05,16.2,16.2,16.04,16.08,852071
FDX,1997-02-06,16.04,16.12,15.92,16.0,961030
FDX,1997-02-07,16.08,16.4,16.0,16.32,525439
FDX,1997-02-10,16.4,16.6,16.2,16.24,415735
FDX,1997-02-11,16.24,16.36,16.08,16.32,424918
FDX,1997-02-12,16.24,16.28,16.12,16.2,1321913
FDX,1997-02-13,16.2,16.81,16.2,16.68,1107468
FDX,1997-02-14,16.81,17.01,16.6,16.77,813351
FDX,1997-02-18,16.64,16.81,16.56,16.64,865970
FDX,1997-02-19,16.56,16.64,16.48,16.56,439562
FDX,1997-02-20,16.52,16.64,16.44,16.6,606849
FDX,1997-02-21,16.64,16.68,16.48,16.68,501116
FDX,1997-02-24,16.68,17.05,16.6,16.89,1445517
FDX,1997-02-25,16.89,17.01,16.77,17.01,914617
FDX,1997-02-26,17.01,17.01,16.64,16.77,938196
FDX,1997-02-27,16.72,16.77,16.28,16.28,507073
FDX,1997-02-28,16.32,16.64,16.28,16.48,729956
FDX,1997-03-03,16.48,16.77,16.4,16.6,857283
FDX,1997-03-04,16.6,17.09,16.48,16.97,579051
FDX,1997-03-05,16.97,17.45,16.85,17.41,761229
FDX,1997-03-06,17.45,17.89,17.29,17.73,1089598
FDX,1997-03-07,17.69,17.69,17.49,17.61,631669
FDX,1997-03-10,17.61,17.69,17.45,17.53,876146
FDX,1997-03-11,17.45,17.49,17.25,17.29,1632660
FDX,1997-03-12,17.21,17.69,17.21,17.53,1584757
FDX,1997-03-13,17.53,17.57,17.29,17.57,1506078
FDX,1997-03-14,17.53,17.57,17.13,17.33,902455
FDX,1997-03-17,17.37,17.73,17.17,17.69,1097044
FDX,1997-03-18,17.65,18.09,17.65,18.01,1301313
FDX,1997-03-19,17.93,17.93,17.37,17.49,1273514
FDX,1997-03-20,17.49,17.69,17.41,17.61,1733181
FDX,1997-03-21,18.01,18.01,17.81,18.01,1080663
FDX,1997-03-24,17.93,18.25,17.81,18.21,1057828
FDX,1997-03-25,18.21,18.53,18.09,18.29,1497391
FDX,1997-03-26,18.09,18.13,17.37,17.45,1762716
FDX,1997-03-27,17.61,17.73,17.17,17.25,1039710
FDX,1997-03-31,17.21,17.21,16.64,16.68,948124
FDX,1997-04-01,16.68,16.89,16.56,16.81,783319
FDX,1997-04-02,16.81,16.81,16.24,16.24,1547031
FDX,1997-04-03,16.16,16.44,16.08,16.36,1209230
FDX,1997-04-04,16.16,17.05,16.12,17.05,1191112
FDX,1997-04-07,17.13,17.21,16.89,17.09,709852
FDX,1997-04-08,17.09,17.09,16.72,17.01,600148
FDX,1997-04-09,17.09,17.09,16.56,16.64,478033
FDX,1997-04-10,16.64,16.77,16.52,16.52,319930
FDX,1997-04-11,16.52,16.52,16.12,16.12,408537
FDX,1997-04-14,16.16,16.24,15.84,16.24,417472
FDX,1997-04-15,16.48,16.89,16.44,16.77,729708
FDX,1997-04-16,16.85,17.21,16.68,17.17,900718
FDX,1997-04-17,17.21,17.33,16.93,16.93,723007
FDX,1997-04-18,16.97,17.29,16.97,17.21,461900
FDX,1997-04-21,17.17,17.21,16.4,16.56,426904
FDX,1997-04-22,16.64,17.69,16.64,17.65,1195828
FDX,1997-04-23,17.45,17.45,17.05,17.09,1224371
FDX,1997-04-24,17.09,17.25,17.01,17.05,1309255
FDX,1997-04-25,16.97,16.97,16.56,16.56,481756
FDX,1997-04-28,16.64,16.72,16.52,16.56,994289
FDX,1997-04-29,16.72,16.81,16.72,16.81,1180687
FDX,1997-04-30,16.81,17.29,16.77,17.29,2953084
FDX,1997-05-01,17.13,17.21,17.05,17.09,1047900
FDX,1997-05-02,17.17,17.37,17.01,17.37,708115
FDX,1997-05-05,17.37,17.37,17.05,17.37,562173
FDX,1997-05-06,17.37,17.49,17.09,17.21,893520
FDX,1997-05-07,17.29,17.49,17.29,17.37,1009926
FDX,1997-05-08,17.37,17.85,17.33,17.41,738643
FDX,1997-05-09,17.53,17.61,17.25,17.37,339538
FDX,1997-05-12,17.41,17.53,17.41,17.45,350955
FDX,1997-05-13,17.61,17.73,17.33,17.53,448001
FDX,1997-05-14,17.61,17.61,17.25,17.25,389674
FDX,1997-05-15,17.33,17.41,16.97,17.13,488706
FDX,1997-05-16,17.13,17.17,16.85,16.85,988581
FDX,1997-05-19,16.97,17.13,16.97,17.09,354181
FDX,1997-05-20,17.09,17.09,16.97,17.05,327872
FDX,1997-05-21,17.05,17.09,16.32,16.52,1115659
FDX,1997-05-22,16.56,16.77,16.56,16.72,717794
FDX,1997-05-23,16.64,16.93,16.64,16.93,412757
FDX,1997-05-27,16.77,16.77,16.4,16.4,890790
FDX,1997-05-28,16.48,16.52,16.24,16.4,968228
FDX,1997-05-29,16.56,16.68,16.4,16.56,727474
FDX,1997-05-30,16.56,16.97,16.52,16.77,712582
FDX,1997-06-02,16.93,17.05,16.81,17.01,623975
FDX,1997-06-03,16.93,17.21,16.89,16.97,518242
FDX,1997-06-04,16.97,17.05,16.85,17.01,394638
FDX,1997-06-05,17.01,17.53,17.01,17.33,544303
FDX,1997-06-06,17.21,18.01,17.21,18.01,656241
FDX,1997-06-09,18.01,18.05,17.53,17.65,797715
FDX,1997-06-10,17.65,17.65,17.37,17.45,440555
FDX,1997-06-11,17.37,17.53,17.29,17.37,335566
FDX,1997-06-12,17.45,17.49,17.33,17.41,508562
FDX,1997-06-13,17.45,18.25,17.45,18.21,827251
FDX,1997-06-16,18.25,18.25,17.93,18.01,407544
FDX,1997-06-17,17.93,18.37,17.93,18.17,404814
FDX,1997-06-18,18.21,18.85,18.17,18.73,540331
FDX,1997-06-19,18.77,19.09,18.69,18.93,742118
FDX,1997-06-20,18.73,19.09,18.65,19.05,1093569
FDX,1997-06-23,18.97,18.97,18.61,18.69,548026
FDX,1997-06-24,18.85,19.05,18.59,18.97,502605
FDX,1997-06-25,18.89,18.89,18.41,18.45,403077
FDX,1997-06-26,18.37,18.85,18.27,18.69,371804
FDX,1997-06-27,18.77,18.97,18.43,18.43,670636
FDX,1997-06-30,18.45,18.53,18.21,18.53,779348
FDX,1997-07-01,18.65,18.97,18.57,18.75,1234050
FDX,1997-07-02,18.83,19.05,18.73,18.85,928020
FDX,1997-07-03,18.87,18.99,18.85,18.93,377512
FDX,1997-07-07,19.13,19.55,19.13,19.25,757506
FDX,1997-07-08,19.13,19.41,19.13,19.23,561428
FDX,1997-07-09,19.21,19.21,18.61,18.67,1381729
FDX,1997-07-10,18.67,18.69,18.41,18.43,1310248
FDX,1997-07-11,18.69,18.75,18.41,18.57,832959
FDX,1997-07-14,18.53,18.63,18.05,18.07,909653
FDX,1997-07-15,18.13,18.61,18.11,18.51,1748569
FDX,1997-07-16,18.93,19.49,18.93,19.45,1359640
FDX,1997-07-17,19.45,19.45,19.17,19.21,887067
FDX,1997-07-18,19.17,19.25,18.73,19.21,1095058
FDX,1997-07-21,19.21,19.45,18.89,18.89,455199
FDX,1997-07-22,19.05,19.25,19.03,19.21,611068
FDX,1997-07-23,19.21,19.25,18.87,18.99,562918
FDX,1997-07-24,19.05,19.53,18.99,19.49,1012160
FDX,1997-07-25,19.77,19.87,19.41,19.49,1126828
FDX,1997-07-28,19.49,19.71,19.03,19.13,434350
FDX,1997-07-29,19.17,19.65,19.05,19.47,766193
FDX,1997-07-30,19.47,20.41,19.47,20.31,559939
FDX,1997-07-31,20.31,20.99,20.01,20.67,1342266
FDX,1997-08-01,20.63,20.67,20.09,20.15,876891
FDX,1997-08-04,20.33,20.85,20.33,20.39,1608832
FDX,1997-08-05,20.91,20.93,20.65,20.79,750060
FDX,1997-08-06,20.87,21.13,20.87,21.07,675849
FDX,1997-08-07,20.99,20.99,20.51,20.57,661701
FDX,1997-08-08,20.49,20.49,20.11,20.11,411267
FDX,1997-08-11,20.11,20.65,20.11,20.47,683295
FDX,1997-08-12,20.69,20.85,20.57,20.73,603374
FDX,1997-08-13,20.81,20.97,20.61,20.89,1078925
FDX,1997-08-14,21.01,21.17,20.89,21.01,1231320
FDX,1997-08-15,20.97,21.29,20.91,20.91,1504837
FDX,1997-08-18,20.91,21.43,20.89,21.19,1250432
FDX,1997-08-19,21.11,21.79,21.01,21.45,1671379
FDX,1997-08-20,21.45,22.27,21.45,22.15,784312
FDX,1997-08-21,22.41,22.55,22.21,22.41,1175723
FDX,1997-08-22,22.21,22.25,22.09,22.19,885329
FDX,1997-08-25,22.11,22.31,21.83,21.93,700917
FDX,1997-08-26,21.93,21.93,21.53,21.53,1447502
FDX,1997-08-27,21.53,21.53,21.29,21.47,1006699
FDX,1997-08-28,21.47,21.47,21.09,21.11,806402
FDX,1997-08-29,21.03,21.37,20.97,21.27,757755
FDX,1997-09-02,21.29,21.65,21.29,21.51,849092
FDX,1997-09-03,21.63,22.05,21.63,21.87,1421441
FDX,1997-09-04,21.91,22.05,21.77,21.77,594935
FDX,1997-09-05,21.85,21.97,21.85,21.91,803920
FDX,1997-09-08,22.05,22.55,22.05,22.29,692478
FDX,1997-09-09,22.29,22.35,22.05,22.09,417472
FDX,1997-09-10,21.93,22.19,21.85,21.91,460907
FDX,1997-09-11,21.77,21.93,21.47,21.49,523206
FDX,1997-09-12,21.57,21.81,21.21,21.57,494414
FDX,1997-09-15,21.55,22.81,21.55,22.81,1523700
FDX,1997-09-16,24.17,24.41,24.01,24.25,3194334
FDX,1997-09-17,24.57,24.57,24.07,24.09,2907167
FDX,1997-09-18,24.05,25.27,24.03,25.25,1465621
FDX,1997-09-19,25.21,27.05,24.89,26.21,3595425
FDX,1997-09-22,26.17,26.57,26.01,26.43,1914615
FDX,1997-09-23,26.45,26.45,25.69,25.93,938444
FDX,1997-09-24,25.81,25.89,25.53,25.73,1942413
FDX,1997-09-25,25.73,26.05,25.57,25.71,1704141
FDX,1997-09-26,25.71,25.75,25.53,25.65,1636134
FDX,1997-09-29,25.61,25.65,25.41,25.41,1889547
FDX,1997-09-30,25.41,25.77,25.27,25.61,919581
FDX,1997-10-01,25.69,25.77,25.33,25.61,1030278
FDX,1997-10-02,25.61,25.61,25.41,25.61,875153
FDX,1997-10-03,25.69,26.01,24.43,25.21,1693965
FDX,1997-10-06,24.89,25.25,23.87,24.09,4318184
FDX,1997-10-07,24.01,24.41,23.37,24.37,6360870
FDX,1997-10-08,24.35,24.37,23.73,23.81,3215183
FDX,1997-10-09,23.69,23.73,23.25,23.53,2042438
FDX,1997-10-10,23.45,23.49,22.67,22.85,2095056
FDX,1997-10-13,22.89,23.85,22.89,23.85,3067504
FDX,1997-10-14,24.33,24.37,23.69,24.25,2913868
FDX,1997-10-15,24.17,24.45,24.01,24.43,1987337
FDX,1997-10-16,24.45,24.47,23.73,23.81,1046908
FDX,1997-10-17,23.65,23.65,23.09,23.43,886074
FDX,1997-10-20,23.47,23.73,23.23,23.71,1575325
FDX,1997-10-21,23.81,24.35,23.69,24.33,1537847
FDX,1997-10-22,24.33,24.33,23.91,24.15,1478776
FDX,1997-10-23,23.65,23.73,23.37,23.41,827002
FDX,1997-10-24,23.55,23.61,22.41,22.41,1618760
FDX,1997-10-27,21.93,22.15,20.33,20.33,2430623
FDX,1997-10-28,19.85,21.05,19.29,20.97,4075692
FDX,1997-10-29,21.21,21.81,21.11,21.25,1866216
FDX,1997-10-30,21.25,21.65,20.93,21.15,1553236
FDX,1997-10-31,21.21,21.57,21.07,21.37,1141224
FDX,1997-11-03,21.53,21.87,21.37,21.79,1405805
FDX,1997-11-04,21.79,21.79,21.33,21.61,880117
FDX,1997-11-05,21.63,21.73,21.43,21.47,785801
FDX,1997-11-06,21.49,21.71,21.31,21.67,881606
FDX,1997-11-07,21.29,21.67,21.19,21.67,1791011
FDX,1997-11-10,21.45,21.55,20.57,20.59,1561178
FDX,1997-11-11,20.59,20.71,20.49,20.61,1652764
FDX,1997-11-12,20.37,20.37,19.77,19.77,1122857
FDX,1997-11-13,19.85,20.01,19.47,19.65,1551002
FDX,1997-11-14,19.77,20.25,19.73,20.15,1456189
FDX,1997-11-17,20.15,20.69,20.15,20.45,1343010
FDX,1997-11-18,20.47,20.51,20.05,20.07,1143706
FDX,1997-11-19,20.03,20.05,19.55,19.55,1316453
FDX,1997-11-20,19.71,20.79,19.71,20.73,2950105
FDX,1997-11-21,20.73,20.93,20.59,20.91,1473315
FDX,1997-11-24,20.79,20.91,20.57,20.63,984361
FDX,1997-11-25,20.65,20.93,20.55,20.77,689500
FDX,1997-11-26,21.21,21.77,20.87,21.37,1988330
FDX,1997-11-28,21.53,21.57,21.39,21.47,330602
FDX,1997-12-01,21.69,22.31,21.69,22.31,1413003
FDX,1997-12-02,22.13,22.41,22.07,22.09,942664
FDX,1997-12-03,22.09,22.15,21.25,21.67,1329111
FDX,1997-12-04,21.75,21.91,21.49,21.49,1112681
FDX,1997-12-05,21.49,21.57,21.33,21.47,599651
FDX,1997-12-08,21.47,22.01,21.47,21.93,2178203
FDX,1997-12-09,21.93,21.95,21.57,21.71,1092328
FDX,1997-12-10,21.59,21.69,21.47,21.57,1727968
FDX,1997-12-11,20.49,20.53,19.41,19.97,2538590
FDX,1997-12-12,20.29,20.77,20.27,20.65,3312725
FDX,1997-12-15,20.67,20.67,20.09,20.13,1591707
FDX,1997-12-16,20.07,20.09,19.37,19.53,1401834
FDX,1997-12-17,19.61,19.67,19.25,19.33,1174234
FDX,1997-12-18,19.33,19.33,18.01,18.19,4281698
FDX,1997-12-19,18.09,18.13,17.75,18.05,2865965
FDX,1997-12-22,17.97,18.35,17.97,18.11,1444772
FDX,1997-12-23,18.17,18.27,18.07,18.11,1098037
FDX,1997-12-24,18.27,18.29,18.13,18.23,873664
FDX,1997-12-26,18.25,18.55,18.25,18.51,587986
FDX,1997-12-29,18.57,18.57,18.33,18.37,1177709
FDX,1997-12-30,18.53,19.87,18.49,19.47,2527172
FDX,1997-12-31,19.51,19.69,19.31,19.55,2351447
FDX,1998-01-02,19.53,19.71,19.41,19.47,819060
FDX,1998-01-05,19.67,19.67,19.49,19.57,771654
FDX,1998-01-06,19.57,20.63,19.49,20.45,2595676
FDX,1998-01-07,20.45,20.91,20.29,20.69,1813349
FDX,1998-01-08,20.87,21.23,20.73,20.77,2249437
FDX,1998-01-09,20.69,20.73,19.99,20.03,1948122
FDX,1998-01-12,19.45,20.29,19.43,20.01,1775126
FDX,1998-01-13,20.21,20.39,20.09,20.25,987091
FDX,1998-01-14,20.45,20.45,20.03,20.05,1221144
FDX,1998-01-15,20.03,20.47,19.87,20.33,2133031
FDX,1998-01-16,20.53,21.65,20.53,21.09,3263830
FDX,1998-01-20,21.13,21.33,21.05,21.27,1600394
FDX,1998-01-21,21.27,21.41,21.13,21.13,1088605
FDX,1998-01-22,21.29,21.55,20.99,21.03,868948
FDX,1998-01-23,21.23,21.31,20.43,20.49,1471330
FDX,1998-01-26,20.49,20.79,20.43,20.47,990566
FDX,1998-01-27,20.63,20.71,20.43,20.53,1361377
FDX,1998-01-28,20.53,21.33,20.53,21.27,2117394
FDX,1998-01-29,21.27,21.27,20.81,21.01,3118137
FDX,1998-01-30,20.57,21.01,20.53,20.83,1266068
FDX,1998-02-02,21.53,21.65,21.33,21.59,2558446
FDX,1998-02-03,21.53,21.69,21.41,21.69,952840
FDX,1998-02-04,21.53,22.19,21.49,22.07,1627447
FDX,1998-02-05,22.05,22.05,21.25,21.31,1965248
FDX,1998-02-06,21.31,21.31,21.13,21.19,1432610
FDX,1998-02-09,21.27,21.67,21.17,21.67,974681
FDX,1998-02-10,21.75,21.99,21.65,21.79,1166044
FDX,1998-02-11,21.77,21.81,21.41,21.45,798459
FDX,1998-02-12,21.49,22.01,21.45,21.95,1340032
FDX,1998-02-13,21.95,22.01,21.75,21.89,1214443
FDX,1998-02-17,21.99,22.05,21.67,21.73,627201
FDX,1998-02-18,21.73,21.73,21.13,21.53,1417967
FDX,1998-02-19,21.61,21.61,21.05,21.05,1044922
FDX,1998-02-20,21.09,21.09,20.61,21.01,1664429
FDX,1998-02-23,20.99,21.49,20.99,21.13,1104242
FDX,1998-02-24,20.97,20.97,20.73,20.81,909157
FDX,1998-02-25,21.13,21.55,20.99,21.53,888556
FDX,1998-02-26,21.41,21.43,20.91,21.15,1902701
FDX,1998-02-27,21.11,21.13,20.35,20.39,3518980
FDX,1998-03-02,20.19,20.69,20.09,20.37,2805405
FDX,1998-03-03,20.37,20.81,20.35,20.81,2999497
FDX,1998-03-04,20.89,20.89,20.49,20.57,1186148
FDX,1998-03-05,20.33,20.57,20.25,20.49,1151648
FDX,1998-03-06,20.41,20.97,20.41,20.97,1068749
FDX,1998-03-09,20.95,21.39,20.93,21.25,1264331
FDX,1998-03-10,21.25,21.85,21.25,21.73,1833205
FDX,1998-03-11,21.65,21.77,21.37,21.41,1455445
FDX,1998-03-12,21.37,21.73,21.13,21.65,1223130
FDX,1998-03-13,21.67,22.17,21.67,22.09,1955816
FDX,1998-03-16,22.13,22.73,22.09,22.63,1373787
FDX,1998-03-17,22.81,23.37,22.63,23.35,1976417
FDX,1998-03-18,22.89,23.51,22.85,23.49,2072966
FDX,1998-03-19,23.43,23.67,22.73,22.75,1741868
FDX,1998-03-20,23.05,23.05,22.31,22.41,2177459
FDX,1998-03-23,21.93,21.93,21.59,21.77,2334569
FDX,1998-03-24,21.73,22.09,21.55,21.55,2061301
FDX,1998-03-25,21.65,21.85,20.41,20.81,3341020
FDX,1998-03-26,20.81,22.21,20.81,22.19,5239750
FDX,1998-03-27,22.41,22.41,21.79,21.93,2301559
FDX,1998-03-30,21.89,21.99,21.63,21.85,1314964
FDX,1998-03-31,22.09,22.93,22.03,22.77,1983863
FDX,1998-04-01,22.79,23.17,22.79,23.03,1664677
FDX,1998-04-02,23.05,23.11,22.85,23.11,994786
FDX,1998-04-03,23.11,23.21,22.81,22.93,1224122
FDX,1998-04-06,23.37,23.37,22.93,22.99,1587735
FDX,1998-04-07,22.65,22.71,22.29,22.29,1415733
FDX,1998-04-08,22.37,22.77,22.35,22.65,905930
FDX,1998-04-09,22.75,23.41,22.71,23.27,1702156
FDX,1998-04-13,23.31,23.37,22.59,23.37,1434348
FDX,1998-04-14,23.33,23.55,23.19,23.37,955074
FDX,1998-04-15,23.29,23.63,23.29,23.45,1473315
FDX,1998-04-16,23.43,24.01,23.39,23.77,2828239
FDX,1998-04-17,23.77,23.81,23.37,23.67,1310248
FDX,1998-04-20,23.59,23.69,23.05,23.33,946138
FDX,1998-04-21,23.33,23.59,23.31,23.59,1120127
FDX,1998-04-22,23.37,23.41,23.13,23.17,1171752
FDX,1998-04-23,23.09,23.17,22.79,22.85,750557
FDX,1998-04-24,22.77,22.81,22.33,22.73,1142713
FDX,1998-04-27,22.29,22.33,21.77,21.83,1009181
FDX,1998-04-28,22.09,22.17,21.35,21.53,1285180
FDX,1998-04-29,21.55,21.71,21.51,21.61,1122360
FDX,1998-04-30,21.77,22.03,21.67,21.77,1215435
FDX,1998-05-01,21.93,22.11,21.57,21.71,827995
FDX,1998-05-04,21.75,22.21,21.75,21.93,1753533
FDX,1998-05-05,21.93,21.93,21.45,21.53,600892
FDX,1998-05-06,21.37,21.43,21.03,21.05,1215932
FDX,1998-05-07,21.05,21.19,20.83,20.91,1015634
FDX,1998-05-08,20.91,21.27,20.91,21.19,1172497
FDX,1998-05-11,21.21,21.57,21.17,21.29,940430
FDX,1998-05-12,21.29,21.29,20.85,20.99,992055
FDX,1998-05-13,20.97,21.11,20.83,21.01,746586
FDX,1998-05-14,20.97,21.13,20.85,20.99,1712332
FDX,1998-05-15,20.91,20.97,20.55,20.63,1802180
FDX,1998-05-18,20.41,20.47,20.13,20.17,1019357
FDX,1998-05-19,20.15,20.15,19.53,19.61,2868944
FDX,1998-05-20,19.85,20.69,19.83,20.61,3049137
FDX,1998-05-21,20.69,20.99,20.55,20.91,1827000
FDX,1998-05-22,21.23,21.23,20.87,21.09,1357158
FDX,1998-05-26,21.45,21.57,20.83,20.83,1628192
FDX,1998-05-27,20.73,20.81,20.37,20.75,1232561
FDX,1998-05-28,20.71,20.81,20.53,20.75,905434
FDX,1998-05-29,20.79,20.81,20.53,20.53,1234050
FDX,1998-06-01,20.55,20.55,20.41,20.51,1609577
FDX,1998-06-02,20.59,20.73,19.95,20.05,1736407
FDX,1998-06-03,20.21,20.45,20.05,20.09,954825
FDX,1998-06-04,20.05,20.05,19.65,20.05,1380240
FDX,1998-06-05,20.03,20.53,20.01,20.49,868452
FDX,1998-06-08,20.49,20.51,20.17,20.21,806898
FDX,1998-06-09,20.29,20.55,20.25,20.49,1440553
FDX,1998-06-10,20.41,20.41,19.79,19.89,2226354
FDX,1998-06-11,19.93,20.05,19.53,19.53,1841644
FDX,1998-06-12,19.59,19.81,19.07,19.69,1189126
FDX,1998-06-15,19.45,19.57,19.05,19.07,1886072
FDX,1998-06-16,19.17,19.41,18.97,19.19,1406549
FDX,1998-06-17,19.45,19.97,19.45,19.73,1112929
FDX,1998-06-18,19.69,20.17,19.49,19.91,773888
FDX,1998-06-19,20.17,20.17,19.85,20.07,1133033
FDX,1998-06-22,19.85,20.17,19.67,19.79,1033753
FDX,1998-06-23,19.69,19.93,19.55,19.79,819805
FDX,1998-06-24,19.79,20.17,19.65,20.17,1268302
FDX,1998-06-25,20.17,20.17,19.77,19.81,1523203
FDX,1998-06-26,19.83,19.95,19.53,19.87,2222631
FDX,1998-06-29,19.87,20.13,19.85,19.97,626705
FDX,1998-06-30,19.97,20.09,19.67,20.09,1020102
FDX,1998-07-01,20.15,20.21,19.85,20.15,1160335
FDX,1998-07-02,19.83,20.17,19.65,20.11,1134770
FDX,1998-07-06,20.13,20.13,19.45,19.57,2451968
FDX,1998-07-07,19.63,19.97,19.63,19.85,1257878
FDX,1998-07-08,19.85,19.85,19.45,19.57,1053609
FDX,1998-07-09,20.33,21.29,20.09,21.15,4199048
FDX,1998-07-10,21.13,21.37,20.85,21.31,2076938
FDX,1998-07-13,21.31,21.31,20.73,20.73,1669145
FDX,1998-07-14,20.97,21.35,20.89,21.19,1996521
FDX,1998-07-15,21.19,21.21,20.83,20.99,1219158
FDX,1998-07-16,20.99,21.67,20.89,21.61,1485477
FDX,1998-07-17,21.69,21.71,21.07,21.17,938692
FDX,1998-07-20,21.11,21.53,21.01,21.13,614543
FDX,1998-07-21,21.45,21.45,20.83,20.91,772398
FDX,1998-07-22,20.93,21.27,20.93,21.11,784064
FDX,1998-07-23,21.31,21.41,20.69,20.81,693719
FDX,1998-07-24,20.97,20.97,20.33,20.53,850581
FDX,1998-07-27,20.55,20.55,20.11,20.23,764208
FDX,1998-07-28,20.17,20.17,19.53,19.61,1679818
FDX,1998-07-29,19.69,20.09,19.67,19.77,1181680
FDX,1998-07-30,19.79,20.01,19.45,19.49,1077436
FDX,1998-07-31,19.69,19.79,19.37,19.43,1221889
FDX,1998-08-03,19.39,19.53,19.17,19.31,1510793
FDX,1998-08-04,19.47,19.79,19.17,19.17,1342514
FDX,1998-08-05,19.17,19.61,19.17,19.61,1137252
FDX,1998-08-06,19.53,19.89,19.53,19.65,952343
FDX,1998-08-07,19.57,19.57,18.51,18.73,1934967
FDX,1998-08-10,18.57,18.57,17.61,17.77,2867703
FDX,1998-08-11,17.81,17.81,17.41,17.77,2828735
FDX,1998-08-12,17.85,18.35,17.85,18.03,1558944
FDX,1998-08-13,17.95,18.13,17.57,17.59,752542
FDX,1998-08-14,17.67,17.71,17.35,17.39,814841
FDX,1998-08-17,17.47,17.57,17.21,17.29,747578
FDX,1998-08-18,17.41,17.43,17.15,17.21,2369814
FDX,1998-08-19,17.21,17.23,16.2,16.32,3029033
FDX,1998-08-20,16.32,16.79,16.08,16.42,5500857
FDX,1998-08-21,16.4,16.72,16.16,16.64,1263338
FDX,1998-08-24,16.56,16.7,16.02,16.62,1452715
FDX,1998-08-25,16.64,17.05,16.62,16.7,1538840
FDX,1998-08-26,16.6,16.85,16.32,16.32,2322904
FDX,1998-08-27,16.2,16.71,15.96,16.42,3044173
FDX,1998-08-28,16.42,16.77,16.4,16.56,2161822
FDX,1998-08-31,16.56,16.66,15.58,16.02,1788033
FDX,1998-09-01,16.02,16.44,15.8,15.92,1202529
FDX,1998-09-02,16.12,16.48,15.84,16.22,829236
FDX,1998-09-03,16.18,16.22,15.56,15.86,1241993
FDX,1998-09-04,15.9,16.0,15.62,15.88,1083641
FDX,1998-09-08,16.56,16.81,16.42,16.54,1088853
FDX,1998-09-09,16.48,16.52,15.92,15.92,1871924
FDX,1998-09-10,15.92,15.92,15.36,15.48,1575325
FDX,1998-09-11,15.44,15.5,15.08,15.34,1137252
FDX,1998-09-14,15.46,15.84,15.4,15.84,1885575
FDX,1998-09-15,15.76,15.98,15.62,15.98,1209230
FDX,1998-09-16,16.02,16.24,15.96,16.24,992055
FDX,1998-09-17,16.0,16.04,15.34,15.52,1672868
FDX,1998-09-18,15.48,15.5,15.12,15.28,2321415
FDX,1998-09-21,15.04,15.04,14.52,14.88,1646062
FDX,1998-09-22,14.96,15.16,14.9,15.04,1876144
FDX,1998-09-23,15.2,16.04,14.98,16.0,1650034
FDX,1998-09-24,16.44,16.89,16.02,16.44,2537597
FDX,1998-09-25,16.4,16.4,15.68,16.22,1736655
FDX,1998-09-28,16.34,16.58,15.66,15.72,1279719
FDX,1998-09-29,15.72,15.74,15.06,15.12,1202033
FDX,1998-09-30,15.04,15.04,14.08,14.34,1494412
FDX,1998-10-01,14.4,14.4,13.96,14.2,1420697
FDX,1998-10-02,14.34,14.62,14.22,14.42,1006947
FDX,1998-10-05,14.42,14.54,14.16,14.38,785801
FDX,1998-10-06,14.46,15.04,14.46,15.0,1041944
FDX,1998-10-07,15.0,15.08,14.88,14.98,1261849
FDX,1998-10-08,14.74,14.74,14.02,14.6,1538344
FDX,1998-10-09,14.68,14.86,14.0,14.84,1772893
FDX,1998-10-12,15.08,15.36,14.98,15.1,614047
FDX,1998-10-13,15.22,15.32,15.14,15.28,658971
FDX,1998-10-14,15.34,15.96,15.32,15.8,910398
FDX,1998-10-15,15.72,16.72,15.54,16.66,1122112
FDX,1998-10-16,16.97,17.85,16.97,17.69,2346979
FDX,1998-10-19,17.77,17.81,17.11,17.21,1912877
FDX,1998-10-20,17.45,17.75,17.31,17.45,1472819
FDX,1998-10-21,17.61,17.61,17.09,17.15,879124
FDX,1998-10-22,17.07,17.33,16.99,17.29,656241
FDX,1998-10-23,17.37,17.37,16.46,16.48,977908
FDX,1998-10-26,16.34,16.34,15.46,15.46,1345740
FDX,1998-10-27,15.6,15.78,15.4,15.64,2700912
FDX,1998-10-28,15.76,15.86,15.56,15.68,1554477
FDX,1998-10-29,15.88,16.7,15.86,16.26,1355420
FDX,1998-10-30,16.32,17.05,16.32,16.83,1132288
FDX,1998-11-02,16.91,17.27,16.72,17.23,1461898
FDX,1998-11-03,17.17,17.57,17.13,17.53,3423919
FDX,1998-11-04,17.65,17.81,17.23,17.37,3869438
FDX,1998-11-05,17.17,17.37,16.52,17.05,1889795
FDX,1998-11-06,17.37,17.57,17.23,17.43,1328366
FDX,1998-11-09,17.51,17.59,17.43,17.51,1146932
FDX,1998-11-10,17.49,17.53,16.87,17.11,1463387
FDX,1998-11-11,17.11,17.45,17.03,17.15,961279
FDX,1998-11-12,17.29,17.29,16.56,16.93,1570113
FDX,1998-11-13,17.07,17.31,17.03,17.29,1075947
FDX,1998-11-16,17.29,17.69,17.29,17.69,1311737
FDX,1998-11-17,17.61,17.67,17.27,17.57,962768
FDX,1998-11-18,17.73,18.93,17.63,18.91,2598158
FDX,1998-11-19,18.87,19.03,18.43,18.83,1907417
FDX,1998-11-20,19.69,19.69,19.01,19.43,3969711
FDX,1998-11-23,19.75,20.41,19.71,20.21,1827000
FDX,1998-11-24,20.93,21.59,20.91,21.03,3813345
FDX,1998-11-25,20.97,20.97,20.33,20.41,1891284
FDX,1998-11-27,20.41,20.59,20.33,20.43,895506
FDX,1998-11-30,20.53,20.97,20.51,20.77,2694211
FDX,1998-12-01,20.69,21.25,20.67,21.25,3813345
FDX,1998-12-02,21.33,21.53,20.97,21.37,2615283
FDX,1998-12-03,21.39,21.57,21.31,21.41,3780086
FDX,1998-12-04,21.45,21.65,21.43,21.53,2808879
FDX,1998-12-07,24.81,25.45,23.05,23.05,22788483
FDX,1998-12-08,23.49,24.05,23.25,23.39,11276967
FDX,1998-12-09,23.45,23.65,23.37,23.61,3191852
FDX,1998-12-10,23.53,23.93,23.17,23.21,2832707
FDX,1998-12-11,23.09,23.31,22.59,22.99,3116151
FDX,1998-12-14,22.99,23.23,22.25,22.49,2392896
FDX,1998-12-15,22.57,22.77,22.43,22.71,2759736
FDX,1998-12-16,22.77,23.21,22.75,23.05,3297585
FDX,1998-12-17,23.65,24.85,23.57,24.43,8614526
FDX,1998-12-18,24.75,26.55,24.73,26.37,10071460
FDX,1998-12-21,26.61,27.33,26.59,27.05,5655485
FDX,1998-12-22,27.51,29.27,26.97,29.03,6832201
FDX,1998-12-23,29.43,29.81,28.01,28.73,5806639
FDX,1998-12-24,28.81,28.83,28.35,28.39,1138742
FDX,1998-12-28,28.41,29.41,28.25,28.65,3204014
FDX,1998-12-29,28.81,29.13,28.01,28.33,2729207
FDX,1998-12-30,28.53,29.09,28.11,28.55,2610816
FDX,1998-12-31,28.61,29.19,28.49,28.55,2009675
FDX,1999-01-04,28.49,28.83,27.53,27.73,4513269
FDX,1999-01-05,27.71,27.91,27.21,27.39,3534864
FDX,1999-01-06,27.85,28.63,27.79,28.45,3634144
FDX,1999-01-07,28.33,28.35,27.55,27.95,2755268
FDX,1999-01-08,28.17,28.39,27.99,28.15,2526180
FDX,1999-01-11,28.29,28.31,27.57,27.89,2099772
FDX,1999-01-12,27.41,27.43,26.81,27.31,3475296
FDX,1999-01-13,26.67,27.15,26.09,26.75,2633650
FDX,1999-01-14,26.83,26.95,24.65,25.07,5264322
FDX,1999-01-15,25.61,25.83,24.73,25.31,4436823
FDX,1999-01-19,25.59,25.89,25.35,25.55,2692722
FDX,1999-01-20,25.65,25.83,24.53,24.87,3556458
FDX,1999-01-21,25.05,25.13,24.75,24.79,2998504
FDX,1999-01-22,24.51,24.85,24.29,24.41,1978154
FDX,1999-01-25,24.41,25.81,24.29,25.55,3856780
FDX,1999-01-26,26.09,26.89,26.03,26.57,3465120
FDX,1999-01-27,26.69,27.13,25.79,26.25,3163557
FDX,1999-01-28,26.21,26.45,25.83,26.21,1874406
FDX,1999-01-29,26.17,26.41,25.93,26.07,1888306
FDX,1999-02-01,26.29,27.35,26.21,27.25,3549756
FDX,1999-02-02,27.51,27.51,26.75,26.93,2072718
FDX,1999-02-03,26.67,26.81,26.47,26.57,1516254
FDX,1999-02-04,26.65,26.71,26.11,26.23,1688505
FDX,1999-02-05,26.29,26.67,26.29,26.43,2279717
FDX,1999-02-08,26.35,26.85,26.33,26.67,2614787
FDX,1999-02-09,26.67,26.85,26.31,26.59,2599895
FDX,1999-02-10,26.53,26.53,25.45,25.57,2749560
FDX,1999-02-11,25.89,27.85,25.85,27.65,3491181
FDX,1999-02-12,27.25,27.53,26.15,26.49,3322902
FDX,1999-02-16,26.45,26.75,25.99,26.73,3288154
FDX,1999-02-17,26.73,27.53,26.73,27.33,3504584
FDX,1999-02-18,27.33,27.47,26.67,26.89,2065272
FDX,1999-02-19,26.89,27.79,26.89,27.57,1815583
FDX,1999-02-22,27.57,29.09,27.55,28.85,3206744
FDX,1999-02-23,29.09,29.09,28.33,28.77,2844372
FDX,1999-02-24,29.61,31.37,29.61,29.91,5488695
FDX,1999-02-25,29.93,30.39,29.37,30.17,3570357
FDX,1999-02-26,30.21,30.71,29.69,30.49,1997514
FDX,1999-03-01,30.43,30.97,29.93,30.03,2401583
FDX,1999-03-02,30.03,30.03,29.41,29.67,2540327
FDX,1999-03-03,29.81,29.85,29.27,29.37,1672372
FDX,1999-03-04,29.53,29.93,29.37,29.67,1260360
FDX,1999-03-05,30.03,30.73,29.99,30.63,2190365
FDX,1999-03-08,30.69,30.97,30.47,30.47,1454452
FDX,1999-03-09,30.53,31.05,29.89,29.93,3476537
FDX,1999-03-10,29.97,30.69,29.83,30.17,1611563
FDX,1999-03-11,30.61,30.61,29.37,30.33,2451223
FDX,1999-03-12,30.13,30.13,28.53,29.35,3388426
FDX,1999-03-15,29.35,30.15,29.35,30.15,1769418
FDX,1999-03-16,30.09,30.71,30.09,30.33,1583020
FDX,1999-03-17,30.33,30.57,29.41,29.75,1493668
FDX,1999-03-18,30.81,32.23,30.17,31.41,8028525
FDX,1999-03-19,32.01,32.13,30.73,30.73,4476535
FDX,1999-03-22,30.85,31.29,30.73,30.79,1941172
FDX,1999-03-23,30.75,30.77,29.45,29.95,2903940
FDX,1999-03-24,29.93,30.13,29.15,29.95,1903446
FDX,1999-03-25,30.39,30.63,30.25,30.39,1550505
FDX,1999-03-26,30.33,30.49,29.79,30.31,1249439
FDX,1999-03-29,30.59,30.97,30.59,30.81,1463387
FDX,1999-03-30,30.77,31.63,30.61,31.21,2260854
FDX,1999-03-31,30.93,30.95,29.65,29.77,2314465
FDX,1999-04-01,30.57,30.77,30.17,30.77,2009924
FDX,1999-04-05,30.85,31.27,30.59,31.09,1839410
FDX,1999-04-06,31.17,32.15,31.11,31.83,2846109
FDX,1999-04-07,32.11,33.13,31.93,32.89,5430864
FDX,1999-04-08,33.25,33.53,32.47,33.49,4735160
FDX,1999-04-09,33.47,33.57,32.77,33.09,1962766
FDX,1999-04-12,33.09,33.93,32.77,33.83,2940177
FDX,1999-04-13,34.05,34.23,33.41,33.59,1541570
FDX,1999-04-14,33.75,34.01,33.37,33.83,2223127
FDX,1999-04-15,33.79,33.93,32.27,32.77,2245217
FDX,1999-04-16,32.75,33.73,32.67,33.73,2867703
FDX,1999-04-19,34.29,34.87,33.73,33.77,4394877
FDX,1999-04-20,34.09,34.61,33.09,34.29,3380484
FDX,1999-04-21,34.57,35.33,34.45,35.21,2713571
FDX,1999-04-22,35.85,38.07,35.75,37.93,4381723
FDX,1999-04-23,37.77,37.77,36.35,36.83,2509550
FDX,1999-04-26,36.85,37.05,36.69,36.69,2049387
FDX,1999-04-27,36.49,36.73,36.21,36.51,3499620
FDX,1999-04-28,35.95,35.97,34.05,34.39,4630916
FDX,1999-04-29,34.61,35.83,34.61,35.29,1739386
FDX,1999-04-30,35.69,36.87,34.97,36.09,2281951
FDX,1999-05-03,36.15,36.93,36.09,36.77,1745094
FDX,1999-05-04,36.81,36.91,36.13,36.13,1305284
FDX,1999-05-05,36.13,36.15,34.59,35.83,1908658
FDX,1999-05-06,35.75,36.13,34.81,35.77,1994535
FDX,1999-05-07,35.21,36.13,35.17,35.61,1583516
FDX,1999-05-10,36.13,37.61,35.93,37.61,2754400
FDX,1999-05-11,37.61,38.17,37.21,37.65,1540329
FDX,1999-05-12,37.97,38.49,37.53,38.05,2000244
FDX,1999-05-13,38.49,39.61,38.33,39.53,2441792
FDX,1999-05-14,38.89,39.01,37.97,38.33,1495157
FDX,1999-05-17,38.17,38.61,37.13,38.29,1535489
FDX,1999-05-18,38.41,38.41,37.77,38.41,1253658
FDX,1999-05-19,38.73,38.97,37.81,37.93,1129806
FDX,1999-05-20,38.01,38.25,36.41,36.61,1642588
FDX,1999-05-21,36.33,36.65,35.33,35.37,1882101
FDX,1999-05-24,35.41,36.21,33.45,33.93,2589347
FDX,1999-05-25,34.49,35.81,34.01,35.05,2211586
FDX,1999-05-26,35.21,35.65,34.53,35.41,1506698
FDX,1999-05-27,35.41,35.65,34.09,34.53,1701535
FDX,1999-05-28,34.53,35.37,34.29,35.09,1346981
FDX,1999-06-01,35.33,36.57,35.05,36.41,2604735
FDX,1999-06-02,36.37,36.49,34.17,35.05,1906548
FDX,1999-06-03,34.65,34.69,32.81,33.29,2755020
FDX,1999-06-04,33.45,33.89,32.85,33.45,1712084
FDX,1999-06-07,33.77,33.85,32.57,33.29,1523452
FDX,1999-06-08,33.29,33.73,32.17,32.37,1058077
FDX,1999-06-09,32.57,33.17,32.21,32.45,1078553
FDX,1999-06-10,32.17,32.45,31.93,32.09,1229086
FDX,1999-06-11,32.01,32.97,31.29,32.29,3329603
FDX,1999-06-14,33.01,33.01,31.45,31.57,898980
FDX,1999-06-15,31.69,32.37,31.29,32.13,1127076
FDX,1999-06-16,32.81,33.77,32.65,33.69,1447254
FDX,1999-06-17,33.81,34.29,32.93,33.93,1126580
FDX,1999-06-18,33.93,35.13,33.77,34.93,1422310
FDX,1999-06-21,35.25,36.25,35.13,35.93,1365100
FDX,1999-06-22,35.77,35.89,34.97,35.01,1304787
FDX,1999-06-23,34.69,34.81,33.97,34.65,1024942
FDX,1999-06-24,34.65,34.69,33.17,33.57,1008561
FDX,1999-06-25,33.89,34.25,33.33,33.61,879993
FDX,1999-06-28,34.89,36.17,34.65,35.45,2599771
FDX,1999-06-29,35.33,35.45,34.89,35.29,1979147
FDX,1999-06-30,34.65,35.13,33.53,34.73,4103491
FDX,1999-07-01,34.89,35.73,34.13,34.73,2548766
FDX,1999-07-02,34.97,35.45,34.85,35.17,1823153
FDX,1999-07-06,35.17,35.29,34.21,34.29,1627075
FDX,1999-07-07,34.13,34.17,32.41,32.57,3167528
FDX,1999-07-08,31.13,32.93,31.05,32.01,4735408
FDX,1999-07-09,31.93,31.97,30.97,31.05,3450601
FDX,1999-07-12,31.29,31.57,31.17,31.17,2060805
FDX,1999-07-13,30.73,30.81,30.41,30.65,1932733
FDX,1999-07-14,30.73,31.77,30.73,31.45,1665174
FDX,1999-07-15,31.69,31.93,31.01,31.01,1408659
FDX,1999-07-16,31.05,31.05,30.01,30.37,2583142
FDX,1999-07-19,30.41,30.73,30.13,30.45,1410272
FDX,1999-07-20,30.45,30.93,30.13,30.41,1290144
FDX,1999-07-21,30.41,30.53,29.57,29.65,1820547
FDX,1999-07-22,29.61,30.09,29.33,29.61,1779718
FDX,1999-07-23,29.61,29.77,28.57,28.81,1971825
FDX,1999-07-26,28.33,29.01,28.09,28.17,2390166
FDX,1999-07-27,28.33,28.89,28.17,28.65,2629927
FDX,1999-07-28,28.53,30.53,28.53,30.21,2838788
FDX,1999-07-29,29.57,29.77,28.57,29.01,2047898
FDX,1999-07-30,29.29,29.69,28.41,28.65,1778477
FDX,1999-08-02,29.13,29.13,28.37,28.65,1170387
FDX,1999-08-03,29.05,29.05,27.81,28.05,1889298
FDX,1999-08-04,27.97,27.97,26.41,26.73,2330350
FDX,1999-08-05,26.61,27.85,26.61,27.57,2164925
FDX,1999-08-06,27.65,28.05,27.01,27.17,1203894
FDX,1999-08-09,27.37,27.65,26.89,27.09,1169146
FDX,1999-08-10,26.73,26.77,24.65,25.69,3289146
FDX,1999-08-11,26.41,26.81,25.61,26.13,2331219
FDX,1999-08-12,26.25,27.05,26.25,26.73,1750182
FDX,1999-08-13,26.97,27.81,26.89,27.53,2826750
FDX,1999-08-16,27.77,28.13,26.93,27.37,1461278
FDX,1999-08-17,27.53,27.85,26.49,26.97,1854178
FDX,1999-08-18,26.97,26.97,26.25,26.45,1852068
FDX,1999-08-19,25.61,26.17,25.45,25.85,2419081
FDX,1999-08-20,25.61,25.85,25.53,25.61,2175969
FDX,1999-08-23,25.61,26.65,25.61,26.61,3355664
FDX,1999-08-24,26.49,27.33,26.45,26.85,2816946
FDX,1999-08-25,28.01,28.97,27.53,28.97,4613666
FDX,1999-08-26,29.09,29.09,28.17,28.25,2563534
FDX,1999-08-27,28.33,28.81,27.57,27.57,1566390
FDX,1999-08-30,27.57,27.89,26.89,26.89,1323651
FDX,1999-08-31,26.97,27.49,26.77,27.17,1719033
FDX,1999-09-01,27.21,28.41,27.17,28.21,1489572
FDX,1999-09-02,27.53,28.33,27.33,28.25,2555591
FDX,1999-09-03,29.09,29.33,28.49,29.09,1921068
FDX,1999-09-07,29.09,29.13,28.33,28.85,1142341
FDX,1999-09-08,28.49,30.01,28.45,29.89,2116650
FDX,1999-09-09,29.89,30.29,29.17,29.81,2150901
FDX,1999-09-10,30.05,30.25,29.33,29.61,1354800
FDX,1999-09-13,30.01,30.01,28.73,29.17,1885948
FDX,1999-09-14,29.13,29.13,28.65,28.77,1264951
FDX,1999-09-15,29.05,29.09,27.93,27.97,2072966
FDX,1999-09-16,25.17,25.17,23.97,24.49,12702256
FDX,1999-09-17,24.41,24.85,24.37,24.69,4485470
FDX,1999-09-20,24.81,24.97,24.41,24.41,2086866
FDX,1999-09-21,24.89,24.93,24.09,24.33,2132410
FDX,1999-09-22,24.25,24.25,22.81,23.29,3783809
FDX,1999-09-23,23.53,23.97,22.49,22.57,3742236
FDX,1999-09-24,22.57,22.73,22.33,22.53,2315458
FDX,1999-09-27,23.37,23.41,22.61,22.73,2638366
FDX,1999-09-28,22.77,23.45,22.73,23.29,2424045
FDX,1999-09-29,23.53,24.33,23.49,24.33,4252659
FDX,1999-09-30,24.57,25.09,24.33,24.89,2862987
FDX,1999-10-01,24.89,25.13,24.41,24.41,2161450
FDX,1999-10-04,24.89,26.01,24.89,25.85,3773633
FDX,1999-10-05,25.97,26.37,25.61,26.25,3878870
FDX,1999-10-06,26.69,27.01,26.53,26.65,3175843
FDX,1999-10-07,27.29,27.73,27.05,27.49,4037469
FDX,1999-10-08,27.93,27.93,27.09,27.09,3085498
FDX,1999-10-11,27.09,27.81,26.97,27.37,2137995
FDX,1999-10-12,27.41,27.65,27.05,27.05,2440178
FDX,1999-10-13,27.09,27.09,25.61,25.85,2259489
FDX,1999-10-14,25.73,25.97,25.01,25.85,1741868
FDX,1999-10-15,25.57,26.01,24.89,25.53,2159588
FDX,1999-10-18,25.65,25.73,25.09,25.65,1277858
FDX,1999-10-19,26.01,26.05,25.25,25.29,1316577
FDX,1999-10-20,25.17,25.33,24.85,25.13,1865968
FDX,1999-10-21,24.65,24.97,24.21,24.97,1815831
FDX,1999-10-22,24.97,25.85,24.49,25.61,2069988
FDX,1999-10-25,25.17,25.53,24.85,25.29,1097292
FDX,1999-10-26,25.01,25.09,24.65,24.93,1941296
FDX,1999-10-27,25.21,26.53,25.17,26.41,2463137
FDX,1999-10-28,26.81,27.49,26.45,27.49,1972818
FDX,1999-10-29,27.85,28.77,27.57,27.57,2410643
FDX,1999-11-01,27.37,27.37,26.17,26.57,1741744
FDX,1999-11-02,26.57,27.21,26.09,26.85,1778353
FDX,1999-11-03,26.89,27.05,26.25,26.53,1461898
FDX,1999-11-04,26.53,26.53,25.73,26.09,1862989
FDX,1999-11-05,26.29,27.17,26.25,26.81,2636505
FDX,1999-11-08,26.81,28.41,26.61,28.37,3374031
FDX,1999-11-09,29.29,29.41,27.49,28.17,3605850
FDX,1999-11-10,28.33,29.33,27.01,27.69,5695073
FDX,1999-11-11,27.69,28.93,27.69,28.65,2781702
FDX,1999-11-12,29.77,29.77,28.97,29.17,2413745
FDX,1999-11-15,29.29,29.61,28.41,28.57,1987213
FDX,1999-11-16,28.77,28.93,28.25,28.45,1565397
FDX,1999-11-17,28.57,28.61,27.45,27.57,2048022
FDX,1999-11-18,27.69,27.85,27.33,27.77,1489945
FDX,1999-11-19,27.81,27.81,26.93,27.01,1641719
FDX,1999-11-22,26.69,26.73,26.09,26.21,2328861
FDX,1999-11-23,26.17,26.97,25.93,26.69,2323276
FDX,1999-11-24,25.97,26.53,25.93,26.21,2243356
FDX,1999-11-26,26.21,26.45,26.09,26.41,975798
FDX,1999-11-29,26.69,27.73,26.61,27.45,3399223
FDX,1999-11-30,27.61,27.85,26.93,27.01,1869442
FDX,1999-12-01,26.85,27.17,26.49,26.72,1634769
FDX,1999-12-02,26.73,26.89,26.09,26.17,2028539
FDX,1999-12-03,26.65,26.89,26.53,26.85,2106225
FDX,1999-12-06,27.01,27.01,26.09,26.21,1861500
FDX,1999-12-07,26.01,26.25,25.57,26.09,2074704
FDX,1999-12-08,26.57,26.93,26.05,26.05,1754029
FDX,1999-12-09,25.89,25.93,25.33,25.61,1570610
FDX,1999-12-10,25.65,26.01,25.21,25.45,2343877
FDX,1999-12-13,25.41,25.41,24.85,24.97,2265694
FDX,1999-12-14,24.65,24.89,24.49,24.73,1797340
FDX,1999-12-15,24.37,25.45,24.33,24.87,2546036
FDX,1999-12-16,25.53,27.49,25.37,27.45,5112920
FDX,1999-12-17,27.37,27.37,25.61,25.61,4109075
FDX,1999-12-20,25.65,26.41,24.97,25.81,2038343
FDX,1999-12-21,24.97,25.77,24.97,25.57,1892525
FDX,1999-12-22,25.61,25.73,24.93,25.45,1507939
FDX,1999-12-23,25.65,25.81,25.41,25.61,1280216
FDX,1999-12-27,26.21,27.25,26.01,26.89,2282571
FDX,1999-12-28,26.57,27.13,26.17,27.13,1693096
FDX,1999-12-29,26.53,27.49,26.53,27.05,1369816
FDX,1999-12-30,26.93,27.29,26.45,26.57,1049390
FDX,1999-12-31,26.57,26.81,25.93,26.21,979025
FDX,2000-01-03,27.13,27.93,26.25,27.49,2151894
FDX,2000-01-04,27.21,27.65,26.25,26.57,1950728
FDX,2000-01-05,26.81,27.69,26.49,27.17,2779095
FDX,2000-01-06,27.21,30.29,27.17,30.25,5746451
FDX,2000-01-07,30.25,30.41,28.33,30.41,4384205
FDX,2000-01-10,30.37,30.37,29.29,29.77,1783689
FDX,2000-01-11,29.41,29.81,29.13,29.21,1309379
FDX,2000-01-12,28.73,29.09,28.25,28.97,1304167
FDX,2000-01-13,29.85,30.65,29.29,30.09,2358148
FDX,2000-01-14,30.21,30.69,29.25,29.81,1602255
FDX,2000-01-18,29.45,29.69,27.61,28.29,2993540
FDX,2000-01-19,28.13,29.37,28.05,28.33,2328737
FDX,2000-01-20,27.45,27.93,26.77,27.21,2620123
FDX,2000-01-21,27.09,27.09,26.25,26.73,2932855
FDX,2000-01-24,26.69,26.73,25.77,26.25,2161822
FDX,2000-01-25,26.17,26.45,25.77,25.77,2092947
FDX,2000-01-26,25.81,27.29,25.65,27.13,2521588
FDX,2000-01-27,26.49,27.09,25.69,26.09,1886196
FDX,2000-01-28,25.65,25.77,24.49,24.77,2445515
FDX,2000-01-31,24.61,25.33,24.37,25.33,1848594
FDX,2000-02-01,25.01,25.25,24.29,24.93,2082150
FDX,2000-02-02,24.97,25.05,24.33,24.69,1909899
FDX,2000-02-03,24.93,25.73,24.49,25.29,1850952
FDX,2000-02-04,25.37,25.73,24.93,25.09,1130675
FDX,2000-02-07,25.13,25.57,24.81,25.09,1288903
FDX,2000-02-08,25.09,25.57,25.09,25.41,1308510
FDX,2000-02-09,24.97,25.29,24.73,25.01,1542439
FDX,2000-02-10,24.89,24.97,24.09,24.77,1815831
FDX,2000-02-11,24.77,24.77,23.65,23.77,1856536
FDX,2000-02-14,23.41,24.21,23.05,23.25,2276490
FDX,2000-02-15,23.37,23.41,22.45,23.01,2532509
FDX,2000-02-16,23.05,24.05,22.65,23.33,2218660
FDX,2000-02-17,23.09,23.93,22.65,22.81,1802180
FDX,2000-02-18,23.25,23.97,22.65,23.57,1988082
FDX,2000-02-22,22.85,23.69,22.85,23.05,2071229
FDX,2000-02-23,23.09,23.17,22.49,22.65,1173490
FDX,2000-02-24,22.49,22.89,21.77,21.85,1801560
FDX,2000-02-25,22.25,22.37,21.29,21.49,1720647
FDX,2000-02-28,21.33,22.53,21.25,22.25,1725859
FDX,2000-02-29,22.09,22.69,21.89,22.37,2607465
FDX,2000-03-01,22.65,22.85,21.89,22.05,1391782
FDX,2000-03-02,21.93,21.93,21.37,21.69,1623104
FDX,2000-03-03,21.85,22.85,21.61,22.25,2098531
FDX,2000-03-06,21.81,22.13,20.65,20.97,1659093
FDX,2000-03-07,20.81,21.21,19.57,19.89,2719527
FDX,2000-03-08,20.81,21.93,20.37,21.17,2414986
FDX,2000-03-09,21.33,21.93,20.73,21.37,1621118
FDX,2000-03-10,21.37,21.69,20.93,21.49,1434224
FDX,2000-03-13,21.13,21.57,20.93,21.01,1424668
FDX,2000-03-14,21.13,21.37,20.49,20.81,952964
FDX,2000-03-15,20.53,22.21,20.53,21.65,2106846
FDX,2000-03-16,22.17,23.01,21.89,22.73,2806149
FDX,2000-03-17,22.61,23.05,21.89,21.89,2551992
FDX,2000-03-20,22.81,23.21,22.49,22.69,1806400
FDX,2000-03-21,22.45,23.97,22.45,23.45,2596172
FDX,2000-03-22,23.77,24.65,23.49,23.85,2739383
FDX,2000-03-23,24.57,25.77,24.01,25.45,5614532
FDX,2000-03-24,25.69,26.13,25.13,25.37,2278600
FDX,2000-03-27,25.37,25.45,24.65,24.83,1229955
FDX,2000-03-28,24.49,25.49,24.37,24.57,1559441
FDX,2000-03-29,24.97,25.25,24.05,24.37,1752044
FDX,2000-03-30,24.21,25.09,24.17,24.73,1899226
FDX,2000-03-31,25.29,25.29,24.69,24.85,1677087
FDX,2000-04-03,24.97,25.37,24.77,25.09,1252790
FDX,2000-04-04,25.09,25.57,23.41,24.65,2127943
FDX,2000-04-05,24.21,25.41,24.21,25.21,1487214
FDX,2000-04-06,25.29,25.49,24.49,24.93,1481134
FDX,2000-04-07,24.81,25.41,23.97,24.45,1985600
FDX,2000-04-10,24.93,26.53,24.81,25.93,4134019
FDX,2000-04-11,26.21,26.65,25.93,26.33,1765323
FDX,2000-04-12,26.65,27.17,26.37,26.61,2634891
FDX,2000-04-13,26.25,26.37,25.53,25.77,1838914
FDX,2000-04-14,25.13,25.17,23.77,23.85,2467853
FDX,2000-04-17,24.01,24.33,23.21,23.21,1905059
FDX,2000-04-18,23.29,24.17,23.25,24.01,1462519
FDX,2000-04-19,24.33,24.65,23.97,24.45,1097416
FDX,2000-04-20,24.37,25.05,24.01,24.37,1014393
FDX,2000-04-24,24.49,24.53,23.61,23.85,995034
FDX,2000-04-25,23.97,25.41,23.73,25.41,1650778
FDX,2000-04-26,25.05,25.29,24.57,24.57,1376393
FDX,2000-04-27,24.73,24.73,23.65,24.25,1640726
FDX,2000-04-28,24.33,24.45,24.01,24.13,1212581
FDX,2000-05-01,23.97,24.09,23.61,23.77,1210347
FDX,2000-05-02,24.09,24.13,23.41,23.65,1643953
FDX,2000-05-03,23.17,23.49,22.89,23.05,1090591
FDX,2000-05-04,22.81,24.17,22.77,23.73,2140229
FDX,2000-05-05,23.57,25.33,23.57,25.33,2096794
FDX,2000-05-08,25.61,26.41,25.29,25.69,2321291
FDX,2000-05-09,25.69,26.13,25.21,25.49,1671627
FDX,2000-05-10,25.29,25.45,24.21,24.65,1558696
FDX,2000-05-11,25.13,25.65,24.65,25.29,1826752
FDX,2000-05-12,25.77,25.89,24.69,24.89,920326
FDX,2000-05-15,23.77,24.13,23.17,23.33,3162689
FDX,2000-05-16,24.01,24.13,23.25,23.37,2241618
FDX,2000-05-17,23.21,23.57,22.85,23.09,1655742
FDX,2000-05-18,23.13,23.73,22.81,23.57,1305036
FDX,2000-05-19,22.97,23.25,22.93,23.21,1075823
FDX,2000-05-22,22.97,23.41,22.73,23.21,1129931
FDX,2000-05-23,23.29,23.37,22.89,23.05,677462
FDX,2000-05-24,23.09,23.49,22.97,23.13,859765
FDX,2000-05-25,23.09,23.17,22.49,22.53,1201536
FDX,2000-05-26,22.45,22.57,21.29,21.65,1422931
FDX,2000-05-30,22.09,22.89,22.09,22.73,1341769
FDX,2000-05-31,22.69,23.01,22.53,22.73,1408535
FDX,2000-06-01,22.73,23.53,22.57,22.85,1791632
FDX,2000-06-02,23.21,23.69,22.85,23.49,1403323
FDX,2000-06-05,23.05,24.17,23.05,23.97,1249563
FDX,2000-06-06,23.85,23.85,23.37,23.61,954950
FDX,2000-06-07,23.45,23.77,23.13,23.53,712830
FDX,2000-06-08,23.37,23.37,23.13,23.13,569743
FDX,2000-06-09,23.25,23.57,23.13,23.25,478033
FDX,2000-06-12,23.65,23.89,22.97,23.07,725116
FDX,2000-06-13,23.01,23.37,22.93,23.37,485976
FDX,2000-06-14,23.37,23.85,23.33,23.81,897243
FDX,2000-06-15,23.85,23.89,23.09,23.33,736534
FDX,2000-06-16,23.37,23.45,22.81,22.89,1386197
FDX,2000-06-19,22.77,22.89,22.61,22.69,753411
FDX,2000-06-20,22.41,22.69,22.33,22.49,1516378
FDX,2000-06-21,22.77,22.85,21.93,22.05,1046659
FDX,2000-06-22,22.21,22.21,21.77,22.21,1235291
FDX,2000-06-23,21.97,22.29,21.73,21.73,851326
FDX,2000-06-26,21.97,22.09,21.37,21.81,900594
FDX,2000-06-27,22.17,23.97,22.17,23.69,3471325
FDX,2000-06-28,24.09,25.13,23.85,24.97,2497637
FDX,2000-06-29,24.41,25.49,24.33,24.93,1907541
FDX,2000-06-30,24.77,25.73,24.32,24.33,2669019
FDX,2000-07-03,24.81,25.73,24.73,25.49,752294
FDX,2000-07-05,25.85,26.65,25.77,26.17,1528167
FDX,2000-07-06,25.77,25.89,25.25,25.57,1005086
FDX,2000-07-07,25.33,25.45,24.97,25.17,1056836
FDX,2000-07-10,25.33,25.85,25.17,25.77,867707
FDX,2000-07-11,25.77,25.93,25.37,25.61,963885
FDX,2000-07-12,26.13,26.29,25.25,26.25,1474929
FDX,2000-07-13,26.25,26.81,26.17,26.77,1350953
FDX,2000-07-14,27.21,27.81,27.05,27.17,1923178
FDX,2000-07-17,26.89,26.89,26.09,26.21,1008437
FDX,2000-07-18,26.05,26.45,25.97,26.21,924917
FDX,2000-07-19,25.57,26.57,24.93,25.61,1633652
FDX,2000-07-20,25.57,25.89,25.13,25.45,865349
FDX,2000-07-21,25.45,25.85,25.45,25.65,842887
FDX,2000-07-24,25.49,25.89,25.01,25.41,839288
FDX,2000-07-25,25.29,25.53,25.05,25.33,913872
FDX,2000-07-26,25.09,25.13,24.77,24.89,808636
FDX,2000-07-27,24.65,25.13,24.61,24.89,678207
FDX,2000-07-28,24.53,25.13,24.29,25.05,876767
FDX,2000-07-31,24.97,25.61,24.69,25.37,1128814
FDX,2000-08-01,25.53,25.73,25.13,25.53,813848
FDX,2000-08-02,25.45,25.89,25.37,25.85,978901
FDX,2000-08-03,25.85,25.85,25.17,25.33,654007
FDX,2000-08-04,25.17,25.41,24.93,25.17,574583
FDX,2000-08-07,24.85,25.29,24.77,25.21,636881
FDX,2000-08-08,25.21,25.45,24.65,25.13,819556
FDX,2000-08-09,24.97,25.25,24.57,24.65,733555
FDX,2000-08-10,24.81,26.21,24.77,26.13,1593072
FDX,2000-08-11,25.85,26.73,25.85,26.61,1072100
FDX,2000-08-14,26.45,26.53,26.05,26.33,547033
FDX,2000-08-15,26.17,26.37,25.73,26.29,697318
FDX,2000-08-16,26.01,26.17,25.85,26.09,493794
FDX,2000-08-17,26.33,26.33,25.65,25.89,503474
FDX,2000-08-18,25.61,25.81,25.49,25.61,518242
FDX,2000-08-21,25.45,25.73,25.37,25.53,524819
FDX,2000-08-22,25.33,26.17,25.33,26.05,781085
FDX,2000-08-23,25.85,26.01,25.13,25.25,791758
FDX,2000-08-24,25.37,25.69,25.17,25.49,676593
FDX,2000-08-25,25.13,26.45,25.13,26.41,857531
FDX,2000-08-28,26.28,26.76,26.02,26.06,690368
FDX,2000-08-29,26.1,26.44,25.77,25.95,634399
FDX,2000-08-30,25.77,25.9,25.27,25.37,724992
FDX,2000-08-31,25.06,26.12,25.06,25.83,809877
FDX,2000-09-01,25.83,26.15,25.22,25.32,679448
FDX,2000-09-05,25.19,25.8,25.13,25.26,750309
FDX,2000-09-06,25.16,25.8,25.16,25.78,682550
FDX,2000-09-07,26.73,26.86,25.32,25.49,1462643
FDX,2000-09-08,25.0,25.47,24.92,25.13,1516254
FDX,2000-09-11,25.0,25.34,24.63,24.78,973068
FDX,2000-09-12,24.35,25.84,24.35,25.2,1203398
FDX,2000-09-13,24.98,26.22,24.98,26.07,927523
FDX,2000-09-14,25.74,25.92,25.61,25.84,1264083
FDX,2000-09-15,25.93,25.99,25.1,25.1,1469840
FDX,2000-09-18,25.45,25.61,24.53,24.72,888928
FDX,2000-09-19,25.16,25.38,24.39,25.17,1531518
FDX,2000-09-20,24.81,25.17,24.65,25.0,861626
FDX,2000-09-21,25.19,25.79,25.16,25.77,1038221
FDX,2000-09-22,25.67,26.07,25.51,25.96,1075202
FDX,2000-09-25,26.25,26.54,25.99,26.09,1362618
FDX,2000-09-26,26.09,27.21,26.09,27.05,1578924
FDX,2000-09-27,27.21,27.53,26.89,27.4,2292499
FDX,2000-09-28,27.46,28.83,26.95,28.81,2354425
FDX,2000-09-29,28.65,28.65,28.1,28.39,1936208
FDX,2000-10-02,28.42,28.48,27.69,27.82,1261104
FDX,2000-10-03,27.66,28.65,27.66,28.2,1205632
FDX,2000-10-04,28.36,28.81,28.3,28.81,1387810
FDX,2000-10-05,28.71,28.83,28.2,28.26,728095
FDX,2000-10-06,28.09,28.33,27.22,27.37,931619
FDX,2000-10-09,27.3,27.36,26.66,26.76,541572
FDX,2000-10-10,26.5,28.1,26.44,27.75,1457679
FDX,2000-10-11,27.59,27.69,27.09,27.28,1045418
FDX,2000-10-12,27.12,27.18,25.89,25.9,1620374
FDX,2000-10-13,25.26,26.04,25.26,26.02,1289275
FDX,2000-10-16,25.67,26.35,25.48,26.31,859641
FDX,2000-10-17,26.32,26.79,25.61,25.75,1003969
FDX,2000-10-18,25.45,25.51,24.9,25.21,938444
FDX,2000-10-19,25.29,27.4,25.29,27.08,1274507
FDX,2000-10-20,26.57,27.39,26.44,27.32,838296
FDX,2000-10-23,27.16,27.16,26.34,26.49,657482
FDX,2000-10-24,26.65,27.23,26.54,27.23,896995
FDX,2000-10-25,27.23,27.23,26.47,26.79,585876
FDX,2000-10-26,26.82,27.09,26.36,27.08,670761
FDX,2000-10-27,26.95,27.66,26.52,27.57,590964
FDX,2000-10-30,27.41,30.15,27.4,30.08,2486592
FDX,2000-10-31,29.13,30.09,28.19,30.0,2244349
FDX,2000-11-01,29.64,29.7,28.96,29.45,975426
FDX,2000-11-02,29.86,30.11,29.15,30.09,1100271
FDX,2000-11-03,29.13,29.96,28.71,29.93,1778477
FDX,2000-11-06,29.65,30.15,29.46,29.9,931495
FDX,2000-11-07,29.64,29.88,29.23,29.47,853808
FDX,2000-11-08,29.0,29.77,28.94,29.65,850085
FDX,2000-11-09,29.32,29.8,29.06,29.58,932487
FDX,2000-11-10,29.22,29.45,28.89,28.92,640356
FDX,2000-11-13,28.17,29.05,28.1,28.98,1032264
FDX,2000-11-14,29.13,29.33,28.65,29.29,1060062
FDX,2000-11-15,28.97,30.42,28.94,30.42,1349215
FDX,2000-11-16,29.96,30.57,29.7,30.57,1703397
FDX,2000-11-17,30.57,30.57,29.88,30.08,1098161
FDX,2000-11-20,30.08,30.09,29.45,29.77,772647
FDX,2000-11-21,29.93,31.63,29.87,31.63,3760230
FDX,2000-11-22,31.56,31.85,30.91,31.84,2176838
FDX,2000-11-24,31.82,31.91,31.4,31.91,626085
FDX,2000-11-27,31.63,31.75,31.31,31.43,1183790
FDX,2000-11-28,31.05,31.36,30.83,31.34,1202529
FDX,2000-11-29,31.18,31.7,31.02,31.29,1287910
FDX,2000-11-30,31.05,31.32,30.47,30.68,1323030
FDX,2000-12-01,30.54,30.99,30.23,30.4,1030775
FDX,2000-12-04,30.02,30.03,29.49,29.7,1539461
FDX,2000-12-05,29.47,30.73,29.46,30.51,2743479
FDX,2000-12-06,30.6,30.73,30.11,30.27,1218414
FDX,2000-12-07,29.77,30.54,29.77,30.05,787290
FDX,2000-12-08,30.67,30.67,29.97,30.08,1596547
FDX,2000-12-11,30.18,30.66,30.02,30.43,1493544
FDX,2000-12-12,30.51,30.86,29.85,30.17,2123351
FDX,2000-12-13,30.01,30.38,29.54,29.63,1650778
FDX,2000-12-14,28.17,28.17,26.41,26.87,5684525
FDX,2000-12-15,25.99,26.25,24.49,25.1,4476908
FDX,2000-12-18,24.97,25.22,23.88,24.02,2955938
FDX,2000-12-19,24.2,25.03,24.0,24.17,2988824
FDX,2000-12-20,24.26,24.35,23.43,23.85,2573089
FDX,2000-12-21,23.85,24.3,23.27,24.1,1652640
FDX,2000-12-22,23.78,24.78,23.62,24.67,1778601
FDX,2000-12-26,24.17,24.65,23.95,24.42,1196448
FDX,2000-12-27,24.65,25.1,24.17,24.83,1717048
FDX,2000-12-28,24.49,25.08,24.33,24.85,1462022
FDX,2000-12-29,24.85,25.77,24.85,25.58,1301189
MNST,1996-01-02,0.01,0.01,0.01,0.01,0
MNST,1996-01-03,0.01,0.01,0.01,0.01,1344000
MNST,1996-01-04,0.01,0.01,0.01,0.01,1142400
MNST,1996-01-05,0.01,0.01,0.01,0.01,192000
MNST,1996-01-08,0.01,0.01,0.01,0.01,1161600
MNST,1996-01-09,0.01,0.01,0.01,0.01,1545600
MNST,1996-01-10,0.01,0.01,0.01,0.01,0
MNST,1996-01-11,0.01,0.01,0.01,0.01,15916800
MNST,1996-01-12,0.01,0.01,0.01,0.01,844800
MNST,1996-01-15,0.01,0.01,0.01,0.01,96000
MNST,1996-01-16,0.01,0.01,0.01,0.01,249600
MNST,1996-01-17,0.01,0.01,0.01,0.01,2265600
MNST,1996-01-18,0.01,0.01,0.01,0.01,96000
MNST,1996-01-19,0.01,0.01,0.01,0.01,13612800
MNST,1996-01-22,0.01,0.01,0.01,0.01,96000
MNST,1996-01-23,0.01,0.01,0.01,0.01,1152000
MNST,1996-01-24,0.01,0.01,0.01,0.01,672000
MNST,1996-01-25,0.01,0.01,0.01,0.01,288000
MNST,1996-01-26,0.01,0.01,0.01,0.01,144000
MNST,1996-01-29,0.01,0.01,0.01,0.01,240000
MNST,1996-01-30,0.01,0.01,0.01,0.01,297600
MNST,1996-01-31,0.01,0.01,0.01,0.01,624000
MNST,1996-02-01,0.01,0.01,0.01,0.01,19200
MNST,1996-02-02,0.01,0.01,0.01,0.01,768000
MNST,1996-02-05,0.01,0.01,0.01,0.01,3292800
MNST,1996-02-06,0.01,0.01,0.01,0.01,2400000
MNST,1996-02-07,0.01,0.01,0.01,0.01,57600
MNST,1996-02-08,0.01,0.01,0.01,0.01,0
MNST,1996-02-09,0.01,0.01,0.01,0.01,3168000
MNST,1996-02-12,0.01,0.01,0.01,0.01,1968000
MNST,1996-02-13,0.01,0.01,0.01,0.01,48000
MNST,1996-02-14,0.01,0.01,0.01,0.01,1084800
MNST,1996-02-15,0.01,0.01,0.01,0.01,3964800
MNST,1996-02-16,0.01,0.01,0.01,0.01,2304000
MNST,1996-02-20,0.01,0.01,0.01,0.01,192000
MNST,1996-02-21,0.01,0.01,0.01,0.01,1276800
MNST,1996-02-22,0.01,0.01,0.01,0.01,1296000
MNST,1996-02-23,0.01,0.01,0.01,0.01,1152000
MNST,1996-02-26,0.01,0.01,0.01,0.01,864000
MNST,1996-02-27,0.01,0.01,0.01,0.01,0
MNST,1996-02-28,0.01,0.01,0.01,0.01,96000
MNST,1996-02-29,0.01,0.01,0.01,0.01,48000
MNST,1996-03-01,0.01,0.01,0.01,0.01,480000
MNST,1996-03-04,0.01,0.01,0.01,0.01,1680000
MNST,1996-03-05,0.01,0.01,0.01,0.01,3657600
MNST,1996-03-06,0.01,0.01,0.01,0.01,0
MNST,1996-03-07,0.01,0.01,0.01,0.01,2803200
MNST,1996-03-08,0.01,0.01,0.01,0.01,0
MNST,1996-03-11,0.01,0.01,0.01,0.01,0
MNST,1996-03-12,0.01,0.01,0.01,0.01,230400
MNST,1996-03-13,0.01,0.01,0.01,0.01,576000
MNST,1996-03-14,0.01,0.01,0.01,0.01,259200
MNST,1996-03-15,0.01,0.01,0.01,0.01,0
MNST,1996-03-18,0.01,0.01,0.01,0.01,480000
MNST,1996-03-19,0.01,0.01,0.01,0.01,0
MNST,1996-03-20,0.01,0.01,0.01,0.01,3120000
MNST,1996-03-21,0.01,0.01,0.01,0.01,0
MNST,1996-03-22,0.01,0.01,0.01,0.01,0
MNST,1996-03-25,0.01,0.01,0.01,0.01,211200
MNST,1996-03-26,0.01,0.01,0.01,0.01,0
MNST,1996-03-27,0.01,0.01,0.01,0.01,19200
MNST,1996-03-28,0.01,0.01,0.01,0.01,288000
MNST,1996-03-29,0.01,0.01,0.01,0.01,115200
MNST,1996-04-01,0.01,0.01,0.01,0.01,508800
MNST,1996-04-02,0.01,0.01,0.01,0.01,0
MNST,1996-04-03,0.01,0.01,0.01,0.01,96000
MNST,1996-04-04,0.01,0.01,0.01,0.01,1372800
MNST,1996-04-08,0.01,0.01,0.01,0.01,6672000
MNST,1996-04-09,0.01,0.01,0.01,0.01,0
MNST,1996-04-10,0.01,0.01,0.01,0.01,4128000
MNST,1996-04-11,0.01,0.01,0.01,0.01,1027200
MNST,1996-04-12,0.01,0.01,0.01,0.01,2371200
MNST,1996-04-15,0.01,0.01,0.01,0.01,0
MNST,1996-04-16,0.01,0.01,0.01,0.01,969600
MNST,1996-04-17,0.01,0.01,0.01,0.01,0
MNST,1996-04-18,0.01,0.01,0.01,0.01,1056000
MNST,1996-04-19,0.01,0.01,0.01,0.01,96000
MNST,1996-04-22,0.01,0.01,0.01,0.01,1180800
MNST,1996-04-23,0.01,0.01,0.01,0.01,1094400
MNST,1996-04-24,0.01,0.01,0.01,0.01,2304000
MNST,1996-04-25,0.01,0.01,0.01,0.01,192000
MNST,1996-04-26,0.01,0.01,0.01,0.01,3792000
MNST,1996-04-29,0.01,0.01,0.01,0.01,6393600
MNST,1996-04-30,0.01,0.01,0.01,0.01,3292800
MNST,1996-05-01,0.01,0.01,0.01,0.01,6672000
MNST,1996-05-02,0.01,0.01,0.01,0.01,672000
MNST,1996-05-03,0.01,0.01,0.01,0.01,1372800
MNST,1996-05-06,0.01,0.02,0.01,0.02,10627200
MNST,1996-05-07,0.01,0.02,0.01,0.02,11683200
MNST,1996-05-08,0.02,0.02,0.02,0.02,14803200
MNST,1996-05-09,0.03,0.03,0.02,0.03,32582400
MNST,1996-05-10,0.03,0.03,0.02,0.02,14054400
MNST,1996-05-13,0.02,0.02,0.02,0.02,7161600
MNST,1996-05-14,0.02,0.02,0.02,0.02,3388800
MNST,1996-05-15,0.02,0.02,0.02,0.02,4108800
MNST,1996-05-16,0.02,0.02,0.01,0.02,13200000
MNST,1996-05-17,0.02,0.02,0.01,0.01,5635200
MNST,1996-05-20,0.02,0.02,0.01,0.02,4915200
MNST,1996-05-21,0.01,0.02,0.01,0.02,6902400
MNST,1996-05-22,0.01,0.02,0.01,0.01,2169600
MNST,1996-05-23,0.01,0.02,0.01,0.01,3273600
MNST,1996-05-24,0.01,0.02,0.01,0.02,10320000
MNST,1996-05-28,0.02,0.02,0.02,0.02,499200
MNST,1996-05-29,0.02,0.02,0.02,0.02,3120000
MNST,1996-05-30,0.02,0.02,0.02,0.02,614400
MNST,1996-05-31,0.02,0.02,0.02,0.02,38400
MNST,1996-06-03,0.02,0.02,0.02,0.02,1046400
MNST,1996-06-04,0.02,0.02,0.02,0.02,1228800
MNST,1996-06-05,0.02,0.02,0.01,0.02,2784000
MNST,1996-06-06,0.01,0.02,0.01,0.01,451200
MNST,1996-06-07,0.02,0.02,0.01,0.01,1516800
MNST,1996-06-10,0.01,0.02,0.01,0.02,480000
MNST,1996-06-11,0.02,0.02,0.02,0.02,115200
MNST,1996-06-12,0.02,0.02,0.02,0.02,816000
MNST,1996-06-13,0.02,0.02,0.02,0.02,1209600
MNST,1996-06-14,0.02,0.02,0.01,0.01,4368000
MNST,1996-06-17,0.01,0.02,0.01,0.02,2851200
MNST,1996-06-18,0.01,0.02,0.01,0.01,758400
MNST,1996-06-19,0.02,0.02,0.02,0.02,13459200
MNST,1996-06-20,0.02,0.02,0.02,0.02,2275200
MNST,1996-06-21,0.02,0.02,0.02,0.02,3465600
MNST,1996-06-24,0.02,0.02,0.02,0.02,4243200
MNST,1996-06-25,0.02,0.02,0.02,0.02,5702400
MNST,1996-06-26,0.02,0.03,0.02,0.02,16723200
MNST,1996-06-27,0.02,0.03,0.02,0.02,8284800
MNST,1996-06-28,0.02,0.02,0.02,0.02,1747200
MNST,1996-07-01,0.02,0.02,0.02,0.02,2188800
MNST,1996-07-02,0.02,0.02,0.02,0.02,13516800
MNST,1996-07-03,0.02,0.02,0.02,0.02,4732800
MNST,1996-07-05,0.02,0.02,0.02,0.02,432000
MNST,1996-07-08,0.02,0.03,0.02,0.02,7401600
MNST,1996-07-09,0.02,0.03,0.02,0.03,2448000
MNST,1996-07-10,0.02,0.03,0.02,0.02,1536000
MNST,1996-07-11,0.02,0.02,0.02,0.02,1334400
MNST,1996-07-12,0.02,0.02,0.02,0.02,1478400
MNST,1996-07-15,0.02,0.02,0.02,0.02,4118400
MNST,1996-07-16,0.02,0.02,0.02,0.02,5635200
MNST,1996-07-17,0.02,0.02,0.02,0.02,441600
MNST,1996-07-18,0.02,0.02,0.02,0.02,720000
MNST,1996-07-19,0.02,0.02,0.02,0.02,1593600
MNST,1996-07-22,0.02,0.02,0.02,0.02,3148800
MNST,1996-07-23,0.02,0.02,0.02,0.02,470400
MNST,1996-07-24,0.02,0.02,0.02,0.02,1363200
MNST,1996-07-25,0.02,0.02,0.02,0.02,1881600
MNST,1996-07-26,0.02,0.02,0.02,0.02,595200
MNST,1996-07-29,0.02,0.02,0.02,0.02,1046400
MNST,1996-07-30,0.02,0.02,0.02,0.02,374400
MNST,1996-07-31,0.02,0.02,0.02,0.02,1449600
MNST,1996-08-01,0.02,0.02,0.02,0.02,0
MNST,1996-08-02,0.02,0.02,0.02,0.02,172800
MNST,1996-08-05,0.02,0.02,0.02,0.02,1046400
MNST,1996-08-06,0.02,0.02,0.02,0.02,1718400
MNST,1996-08-07,0.02,0.02,0.02,0.02,1872000
MNST,1996-08-08,0.02,0.02,0.02,0.02,499200
MNST,1996-08-09,0.02,0.02,0.02,0.02,2419200
MNST,1996-08-12,0.02,0.02,0.02,0.02,3158400
MNST,1996-08-13,0.02,0.02,0.02,0.02,4022400
MNST,1996-08-14,0.02,0.02,0.02,0.02,1228800
MNST,1996-08-15,0.02,0.02,0.02,0.02,672000
MNST,1996-08-16,0.02,0.02,0.02,0.02,432000
MNST,1996-08-19,0.02,0.02,0.02,0.02,912000
MNST,1996-08-20,0.02,0.02,0.02,0.02,681600
MNST,1996-08-21,0.02,0.02,0.02,0.02,3340800
MNST,1996-08-22,0.02,0.02,0.02,0.02,6950400
MNST,1996-08-23,0.02,0.02,0.02,0.02,57600
MNST,1996-08-26,0.02,0.02,0.02,0.02,844800
MNST,1996-08-27,0.02,0.02,0.02,0.02,0
MNST,1996-08-28,0.02,0.02,0.02,0.02,288000
MNST,1996-08-29,0.02,0.02,0.02,0.02,403200
MNST,1996-08-30,0.02,0.02,0.02,0.02,220800
MNST,1996-09-03,0.02,0.02,0.02,0.02,1756800
MNST,1996-09-04,0.02,0.02,0.02,0.02,528000
MNST,1996-09-05,0.02,0.02,0.02,0.02,432000
MNST,1996-09-06,0.02,0.02,0.02,0.02,4368000
MNST,1996-09-09,0.02,0.02,0.02,0.02,1833600
MNST,1996-09-10,0.02,0.02,0.02,0.02,345600
MNST,1996-09-11,0.02,0.02,0.02,0.02,326400
MNST,1996-09-12,0.02,0.02,0.02,0.02,9600
MNST,1996-09-13,0.02,0.02,0.02,0.02,220800
MNST,1996-09-16,0.02,0.02,0.02,0.02,134400
MNST,1996-09-17,0.02,0.02,0.02,0.02,307200
MNST,1996-09-18,0.02,0.02,0.02,0.02,1574400
MNST,1996-09-19,0.02,0.02,0.02,0.02,1641600
MNST,1996-09-20,0.02,0.02,0.02,0.02,240000
MNST,1996-09-23,0.02,0.02,0.02,0.02,9600
MNST,1996-09-24,0.02,0.02,0.02,0.02,3696000
MNST,1996-09-25,0.02,0.02,0.02,0.02,4790400
MNST,1996-09-26,0.02,0.02,0.02,0.02,2678400
MNST,1996-09-27,0.02,0.02,0.02,0.02,499200
MNST,1996-09-30,0.02,0.02,0.02,0.02,192000
MNST,1996-10-01,0.02,0.02,0.02,0.02,3302400
MNST,1996-10-02,0.02,0.02,0.02,0.02,1065600
MNST,1996-10-03,0.02,0.02,0.02,0.02,35222400
MNST,1996-10-04,0.02,0.02,0.02,0.02,3744000
MNST,1996-10-07,0.02,0.02,0.02,0.02,2140800
MNST,1996-10-08,0.02,0.02,0.02,0.02,33628800
MNST,1996-10-09,0.02,0.02,0.02,0.02,6960000
MNST,1996-10-10,0.02,0.02,0.02,0.02,2697600
MNST,1996-10-11,0.02,0.02,0.02,0.02,192000
MNST,1996-10-14,0.02,0.02,0.02,0.02,480000
MNST,1996-10-15,0.02,0.02,0.02,0.02,720000
MNST,1996-10-16,0.02,0.02,0.02,0.02,124800
MNST,1996-10-17,0.02,0.02,0.02,0.02,5260800
MNST,1996-10-18,0.02,0.02,0.01,0.01,528000
MNST,1996-10-21,0.02,0.02,0.02,0.02,384000
MNST,1996-10-22,0.01,0.02,0.01,0.01,12556800
MNST,1996-10-23,0.01,0.01,0.01,0.01,1680000
MNST,1996-10-24,0.01,0.01,0.01,0.01,384000
MNST,1996-10-25,0.01,0.01,0.01,0.01,1104000
MNST,1996-10-28,0.01,0.01,0.01,0.01,5577600
MNST,1996-10-29,0.01,0.01,0.01,0.01,2160000
MNST,1996-10-30,0.01,0.01,0.01,0.01,8025600
MNST,1996-10-31,0.01,0.01,0.01,0.01,0
MNST,1996-11-01,0.01,0.01,0.01,0.01,4032000
MNST,1996-11-04,0.01,0.01,0.01,0.01,2803200
MNST,1996-11-05,0.01,0.01,0.01,0.01,892800
MNST,1996-11-06,0.01,0.01,0.01,0.01,1977600
MNST,1996-11-07,0.01,0.01,0.01,0.01,384000
MNST,1996-11-08,0.01,0.01,0.01,0.01,384000
MNST,1996-11-11,0.01,0.01,0.01,0.01,681600
MNST,1996-11-12,0.01,0.01,0.01,0.01,883200
MNST,1996-11-13,0.01,0.01,0.01,0.01,1948800
MNST,1996-11-14,0.01,0.01,0.01,0.01,432000
MNST,1996-11-15,0.01,0.01,0.01,0.01,3196800
MNST,1996-11-18,0.01,0.01,0.01,0.01,1708800
MNST,1996-11-19,0.01,0.01,0.01,0.01,307200
MNST,1996-11-20,0.01,0.01,0.01,0.01,316800
MNST,1996-11-21,0.01,0.01,0.01,0.01,1440000
MNST,1996-11-22,0.01,0.01,0.01,0.01,441600
MNST,1996-11-25,0.01,0.01,0.01,0.01,1526400
MNST,1996-11-26,0.01,0.01,0.01,0.01,2736000
MNST,1996-11-27,0.01,0.01,0.01,0.01,2697600
MNST,1996-11-29,0.01,0.01,0.01,0.01,192000
MNST,1996-12-02,0.01,0.01,0.01,0.01,115200
MNST,1996-12-03,0.01,0.01,0.01,0.01,115200
MNST,1996-12-04,0.01,0.01,0.01,0.01,230400
MNST,1996-12-05,0.01,0.01,0.01,0.01,374400
MNST,1996-12-06,0.01,0.01,0.01,0.01,336000
MNST,1996-12-09,0.01,0.01,0.01,0.01,76800
MNST,1996-12-10,0.01,0.01,0.01,0.01,14064000
MNST,1996-12-11,0.01,0.01,0.01,0.01,451200
MNST,1996-12-12,0.01,0.01,0.01,0.01,4848000
MNST,1996-12-13,0.01,0.01,0.01,0.01,6000000
MNST,1996-12-16,0.01,0.01,0.01,0.01,96000
MNST,1996-12-17,0.01,0.01,0.01,0.01,1478400
MNST,1996-12-18,0.01,0.01,0.01,0.01,988800
MNST,1996-12-19,0.01,0.01,0.01,0.01,268800
MNST,1996-12-20,0.01,0.01,0.01,0.01,0
MNST,1996-12-23,0.01,0.01,0.01,0.01,931200
MNST,1996-12-24,0.01,0.01,0.01,0.01,0
MNST,1996-12-26,0.01,0.01,0.01,0.01,1344000
MNST,1996-12-27,0.01,0.01,0.01,0.01,537600
MNST,1996-12-30,0.01,0.01,0.01,0.01,220800
MNST,1996-12-31,0.01,0.01,0.01,0.01,1219200
MNST,1997-01-02,0.01,0.01,0.01,0.01,0
MNST,1997-01-03,0.01,0.01,0.01,0.01,182400
MNST,1997-01-06,0.01,0.01,0.01,0.01,192000
MNST,1997-01-07,0.01,0.01,0.01,0.01,537600
MNST,1997-01-08,0.01,0.01,0.01,0.01,38400
MNST,1997-01-09,0.01,0.01,0.01,0.01,979200
MNST,1997-01-10,0.01,0.01,0.01,0.01,624000
MNST,1997-01-13,0.01,0.01,0.01,0.01,86400
MNST,1997-01-14,0.01,0.01,0.01,0.01,48000
MNST,1997-01-15,0.01,0.01,0.01,0.01,1344000
MNST,1997-01-16,0.01,0.01,0.01,0.01,76800
MNST,1997-01-17,0.01,0.01,0.01,0.01,3283200
MNST,1997-01-20,0.01,0.01,0.01,0.01,0
MNST,1997-01-21,0.01,0.01,0.01,0.01,1171200
MNST,1997-01-22,0.01,0.01,0.01,0.01,48000
MNST,1997-01-23,0.01,0.01,0.01,0.01,0
MNST,1997-01-24,0.01,0.01,0.01,0.01,96000
MNST,1997-01-27,0.01,0.01,0.01,0.01,393600
MNST,1997-01-28,0.01,0.01,0.01,0.01,249600
MNST,1997-01-29,0.01,0.01,0.01,0.01,192000
MNST,1997-01-30,0.01,0.01,0.01,0.01,0
MNST,1997-01-31,0.01,0.01,0.01,0.01,105600
MNST,1997-02-03,0.01,0.01,0.01,0.01,192000
MNST,1997-02-04,0.01,0.01,0.01,0.01,0
MNST,1997-02-05,0.01,0.01,0.01,0.01,1862400
MNST,1997-02-06,0.01,0.01,0.01,0.01,144000
MNST,1997-02-07,0.01,0.01,0.01,0.01,0
MNST,1997-02-10,0.01,0.01,0.01,0.01,86400
MNST,1997-02-11,0.01,0.01,0.01,0.01,0
MNST,1997-02-12,0.01,0.01,0.01,0.01,1056000
MNST,1997-02-13,0.01,0.01,0.01,0.01,249600
MNST,1997-02-14,0.01,0.01,0.01,0.01,4464000
MNST,1997-02-18,0.01,0.01,0.01,0.01,576000
MNST,1997-02-19,0.01,0.01,0.01,0.01,124800
MNST,1997-02-20,0.01,0.01,0.01,0.01,835200
MNST,1997-02-21,0.01,0.01,0.01,0.01,0
MNST,1997-02-24,0.01,0.01,0.01,0.01,1632000
MNST,1997-02-25,0.01,0.01,0.01,0.01,624000
MNST,1997-02-26,0.01,0.01,0.01,0.01,220800
MNST,1997-02-27,0.01,0.01,0.01,0.01,192000
MNST,1997-02-28,0.01,0.01,0.01,0.01,19200
MNST,1997-03-03,0.01,0.01,0.01,0.01,1200000
MNST,1997-03-04,0.01,0.01,0.01,0.01,96000
MNST,1997-03-05,0.01,0.01,0.01,0.01,0
MNST,1997-03-06,0.01,0.01,0.01,0.01,2400000
MNST,1997-03-07,0.01,0.01,0.01,0.01,1296000
MNST,1997-03-10,0.01,0.01,0.01,0.01,1190400
MNST,1997-03-11,0.01,0.01,0.01,0.01,1353600
MNST,1997-03-12,0.01,0.01,0.01,0.01,3552000
MNST,1997-03-13,0.01,0.01,0.01,0.01,0
MNST,1997-03-14,0.01,0.01,0.01,0.01,105600
MNST,1997-03-17,0.01,0.01,0.01,0.01,124800
MNST,1997-03-18,0.01,0.01,0.01,0.01,556800
MNST,1997-03-19,0.01,0.01,0.01,0.01,48000
MNST,1997-03-20,0.01,0.01,0.01,0.01,3936000
MNST,1997-03-21,0.01,0.01,0.01,0.01,1910400
MNST,1997-03-24,0.01,0.01,0.01,0.01,0
MNST,1997-03-25,0.01,0.01,0.01,0.01,96000
MNST,1997-03-26,0.01,0.01,0.01,0.01,76800
MNST,1997-03-27,0.01,0.01,0.01,0.01,96000
MNST,1997-03-31,0.01,0.01,0.01,0.01,2400000
MNST,1997-04-01,0.01,0.01,0.01,0.01,0
MNST,1997-04-02,0.01,0.01,0.01,0.01,2524800
MNST,1997-04-03,0.01,0.01,0.01,0.01,57600
MNST,1997-04-04,0.01,0.01,0.01,0.01,355200
MNST,1997-04-07,0.01,0.01,0.01,0.01,4944000
MNST,1997-04-08,0.01,0.01,0.01,0.01,0
MNST,1997-04-09,0.01,0.01,0.01,0.01,326400
MNST,1997-04-10,0.01,0.01,0.01,0.01,2448000
MNST,1997-04-11,0.01,0.01,0.01,0.01,451200
MNST,1997-04-14,0.01,0.01,0.01,0.01,96000
MNST,1997-04-15,0.01,0.01,0.01,0.01,403200
MNST,1997-04-16,0.01,0.01,0.01,0.01,0
MNST,1997-04-17,0.01,0.01,0.01,0.01,0
MNST,1997-04-18,0.01,0.01,0.01,0.01,892800
MNST,1997-04-21,0.01,0.01,0.01,0.01,3734400
MNST,1997-04-22,0.01,0.01,0.01,0.01,998400
MNST,1997-04-23,0.01,0.01,0.01,0.01,3820800
MNST,1997-04-24,0.01,0.01,0.01,0.01,3638400
MNST,1997-04-25,0.01,0.01,0.01,0.01,1478400
MNST,1997-04-28,0.01,0.01,0.01,0.01,2256000
MNST,1997-04-29,0.01,0.01,0.01,0.01,201600
MNST,1997-04-30,0.01,0.01,0.01,0.01,1728000
MNST,1997-05-01,0.01,0.01,0.01,0.01,1132800
MNST,1997-05-02,0.01,0.01,0.01,0.01,48000
MNST,1997-05-05,0.01,0.01,0.01,0.01,192000
MNST,1997-05-06,0.01,0.01,0.01,0.01,1622400
MNST,1997-05-07,0.01,0.01,0.01,0.01,192000
MNST,1997-05-08,0.01,0.01,0.01,0.01,96000
MNST,1997-05-09,0.01,0.01,0.01,0.01,288000
MNST,1997-05-12,0.01,0.01,0.01,0.01,3552000
MNST,1997-05-13,0.01,0.01,0.01,0.01,240000
MNST,1997-05-14,0.01,0.01,0.01,0.01,1104000
MNST,1997-05-15,0.01,0.01,0.01,0.01,3542400
MNST,1997-05-16,0.01,0.01,0.01,0.01,96000
MNST,1997-05-19,0.01,0.01,0.01,0.01,403200
MNST,1997-05-20,0.01,0.01,0.01,0.01,336000
MNST,1997-05-21,0.01,0.01,0.01,0.01,192000
MNST,1997-05-22,0.01,0.01,0.01,0.01,278400
MNST,1997-05-23,0.01,0.01,0.01,0.01,1372800
MNST,1997-05-27,0.01,0.01,0.01,0.01,201600
MNST,1997-05-28,0.01,0.01,0.01,0.01,220800
MNST,1997-05-29,0.01,0.01,0.01,0.01,115200
MNST,1997-05-30,0.01,0.01,0.01,0.01,364800
MNST,1997-06-02,0.01,0.01,0.01,0.01,192000
MNST,1997-06-03,0.01,0.01,0.01,0.01,470400
MNST,1997-06-04,0.01,0.01,0.01,0.01,1468800
MNST,1997-06-05,0.01,0.01,0.01,0.01,1545600
MNST,1997-06-06,0.01,0.01,0.01,0.01,4339200
MNST,1997-06-09,0.01,0.01,0.01,0.01,4262400
MNST,1997-06-10,0.01,0.01,0.01,0.01,9638400
MNST,1997-06-11,0.01,0.01,0.01,0.01,6211200
MNST,1997-06-12,0.01,0.01,0.01,0.01,240000
MNST,1997-06-13,0.01,0.01,0.01,0.01,172800
MNST,1997-06-16,0.01,0.01,0.01,0.01,3014400
MNST,1997-06-17,0.01,0.01,0.01,0.01,806400
MNST,1997-06-18,0.01,0.01,0.01,0.01,3168000
MNST,1997-06-19,0.01,0.01,0.01,0.01,374400
MNST,1997-06-20,0.01,0.01,0.01,0.01,144000
MNST,1997-06-23,0.01,0.01,0.01,0.01,816000
MNST,1997-06-24,0.01,0.01,0.01,0.01,3532800
MNST,1997-06-25,0.01,0.01,0.01,0.01,1680000
MNST,1997-06-26,0.01,0.01,0.01,0.01,240000
MNST,1997-06-27,0.01,0.01,0.01,0.01,2544000
MNST,1997-06-30,0.01,0.01,0.01,0.01,19200
MNST,1997-07-01,0.01,0.01,0.01,0.01,0
MNST,1997-07-02,0.01,0.01,0.01,0.01,1344000
MNST,1997-07-03,0.01,0.01,0.01,0.01,220800
MNST,1997-07-07,0.01,0.01,0.01,0.01,864000
MNST,1997-07-08,0.01,0.01,0.01,0.01,1920000
MNST,1997-07-09,0.01,0.01,0.01,0.01,604800
MNST,1997-07-10,0.01,0.01,0.01,0.01,3024000
MNST,1997-07-11,0.01,0.01,0.01,0.01,393600
MNST,1997-07-14,0.01,0.01,0.01,0.01,67200
MNST,1997-07-15,0.01,0.01,0.01,0.01,1737600
MNST,1997-07-16,0.01,0.01,0.01,0.01,0
MNST,1997-07-17,0.01,0.01,0.01,0.01,0
MNST,1997-07-18,0.01,0.01,0.01,0.01,8822400
MNST,1997-07-21,0.01,0.01,0.01,0.01,2985600
MNST,1997-07-22,0.01,0.01,0.01,0.01,2227200
MNST,1997-07-23,0.01,0.01,0.01,0.01,1660800
MNST,1997-07-24,0.01,0.01,0.01,0.01,2544000
MNST,1997-07-25,0.01,0.01,0.01,0.01,7219200
MNST,1997-07-28,0.02,0.02,0.01,0.01,1113600
MNST,1997-07-29,0.01,0.01,0.01,0.01,691200
MNST,1997-07-30,0.01,0.01,0.01,0.01,0
MNST,1997-07-31,0.01,0.01,0.01,0.01,672000
MNST,1997-08-01,0.01,0.01,0.01,0.01,0
MNST,1997-08-04,0.01,0.01,0.01,0.01,2208000
MNST,1997-08-05,0.01,0.01,0.01,0.01,2553600
MNST,1997-08-06,0.01,0.01,0.01,0.01,192000
MNST,1997-08-07,0.01,0.01,0.01,0.01,2265600
MNST,1997-08-08,0.01,0.02,0.01,0.02,7056000
MNST,1997-08-11,0.02,0.02,0.02,0.02,1670400
MNST,1997-08-12,0.01,0.02,0.01,0.02,1257600
MNST,1997-08-13,0.02,0.02,0.01,0.02,5097600
MNST,1997-08-14,0.01,0.02,0.01,0.02,2908800
MNST,1997-08-15,0.02,0.02,0.01,0.02,1046400
MNST,1997-08-18,0.02,0.02,0.01,0.01,403200
MNST,1997-08-19,0.01,0.01,0.01,0.01,96000
MNST,1997-08-20,0.01,0.01,0.01,0.01,940800
MNST,1997-08-21,0.01,0.01,0.01,0.01,316800
MNST,1997-08-22,0.01,0.01,0.01,0.01,748800
MNST,1997-08-25,0.01,0.01,0.01,0.01,144000
MNST,1997-08-26,0.01,0.01,0.01,0.01,0
MNST,1997-08-27,0.01,0.01,0.01,0.01,374400
MNST,1997-08-28,0.01,0.01,0.01,0.01,0
MNST,1997-08-29,0.01,0.01,0.01,0.01,883200
MNST,1997-09-02,0.01,0.02,0.01,0.02,2476800
MNST,1997-09-03,0.02,0.02,0.02,0.02,3427200
MNST,1997-09-04,0.02,0.02,0.02,0.02,5395200
MNST,1997-09-05,0.02,0.02,0.02,0.02,5107200
MNST,1997-09-08,0.02,0.02,0.02,0.02,7968000
MNST,1997-09-09,0.02,0.02,0.02,0.02,1161600
MNST,1997-09-10,0.02,0.02,0.02,0.02,2044800
MNST,1997-09-11,0.02,0.02,0.02,0.02,268800
MNST,1997-09-12,0.02,0.02,0.02,0.02,3955200
MNST,1997-09-15,0.02,0.02,0.02,0.02,2054400
MNST,1997-09-16,0.02,0.02,0.02,0.02,1756800
MNST,1997-09-17,0.02,0.02,0.02,0.02,1891200
MNST,1997-09-18,0.02,0.02,0.02,0.02,432000
MNST,1997-09-19,0.02,0.02,0.02,0.02,3571200
MNST,1997-09-22,0.02,0.02,0.02,0.02,6921600
MNST,1997-09-23,0.02,0.02,0.02,0.02,2630400
MNST,1997-09-24,0.02,0.02,0.02,0.02,1113600
MNST,1997-09-25,0.02,0.02,0.02,0.02,288000
MNST,1997-09-26,0.02,0.02,0.02,0.02,3139200
MNST,1997-09-29,0.02,0.02,0.02,0.02,979200
MNST,1997-09-30,0.02,0.02,0.02,0.02,3360000
MNST,1997-10-01,0.02,0.02,0.02,0.02,4598400
MNST,1997-10-02,0.02,0.02,0.02,0.02,2073600
MNST,1997-10-03,0.02,0.02,0.02,0.02,9945600
MNST,1997-10-06,0.02,0.02,0.02,0.02,6566400
MNST,1997-10-07,0.02,0.03,0.02,0.02,25228800
MNST,1997-10-08,0.02,0.02,0.02,0.02,6153600
MNST,1997-10-09,0.02,0.02,0.02,0.02,3312000
MNST,1997-10-10,0.02,0.02,0.02,0.02,3302400
MNST,1997-10-13,0.02,0.02,0.02,0.02,2841600
MNST,1997-10-14,0.02,0.02,0.02,0.02,6547200
MNST,1997-10-15,0.02,0.02,0.02,0.02,6268800
MNST,1997-10-16,0.02,0.02,0.02,0.02,4003200
MNST,1997-10-17,0.02,0.02,0.02,0.02,3321600
MNST,1997-10-20,0.02,0.02,0.02,0.02,2496000
MNST,1997-10-21,0.02,0.02,0.02,0.02,662400
MNST,1997-10-22,0.02,0.02,0.02,0.02,1900800
MNST,1997-10-23,0.02,0.02,0.02,0.02,4233600
MNST,1997-10-24,0.02,0.02,0.02,0.02,2870400
MNST,1997-10-27,0.02,0.02,0.02,0.02,4742400
MNST,1997-10-28,0.02,0.02,0.02,0.02,5548800
MNST,1997-10-29,0.02,0.02,0.02,0.02,5376000
MNST,1997-10-30,0.02,0.02,0.02,0.02,1536000
MNST,1997-10-31,0.02,0.02,0.02,0.02,96000
MNST,1997-11-03,0.02,0.02,0.02,0.02,1008000
MNST,1997-11-04,0.02,0.02,0.02,0.02,1881600
MNST,1997-11-05,0.02,0.02,0.02,0.02,5107200
MNST,1997-11-06,0.02,0.02,0.02,0.02,5779200
MNST,1997-11-07,0.02,0.02,0.02,0.02,2121600
MNST,1997-11-10,0.02,0.02,0.02,0.02,7209600
MNST,1997-11-11,0.02,0.02,0.02,0.02,652800
MNST,1997-11-12,0.02,0.02,0.02,0.02,1036800
MNST,1997-11-13,0.02,0.02,0.02,0.02,2016000
MNST,1997-11-14,0.02,0.02,0.02,0.02,5366400
MNST,1997-11-17,0.02,0.02,0.02,0.02,4550400
MNST,1997-11-18,0.02,0.02,0.02,0.02,2361600
MNST,1997-11-19,0.02,0.02,0.02,0.02,2390400
MNST,1997-11-20,0.02,0.02,0.02,0.02,720000
MNST,1997-11-21,0.02,0.02,0.02,0.02,1574400
MNST,1997-11-24,0.02,0.02,0.02,0.02,3811200
MNST,1997-11-25,0.02,0.02,0.02,0.02,1248000
MNST,1997-11-26,0.02,0.02,0.02,0.02,1152000
MNST,1997-11-28,0.02,0.02,0.02,0.02,288000
MNST,1997-12-01,0.02,0.02,0.02,0.02,1353600
MNST,1997-12-02,0.02,0.02,0.02,0.02,3331200
MNST,1997-12-03,0.02,0.02,0.02,0.02,979200
MNST,1997-12-04,0.02,0.02,0.02,0.02,1056000
MNST,1997-12-05,0.02,0.02,0.02,0.02,854400
MNST,1997-12-08,0.02,0.02,0.02,0.02,3043200
MNST,1997-12-09,0.02,0.02,0.02,0.02,1478400
MNST,1997-12-10,0.02,0.02,0.02,0.02,1209600
MNST,1997-12-11,0.02,0.02,0.02,0.02,1670400
MNST,1997-12-12,0.02,0.02,0.02,0.02,825600
MNST,1997-12-15,0.02,0.02,0.02,0.02,393600
MNST,1997-12-16,0.02,0.02,0.02,0.02,796800
MNST,1997-12-17,0.02,0.02,0.02,0.02,1507200
MNST,1997-12-18,0.02,0.02,0.02,0.02,2361600
MNST,1997-12-19,0.02,0.02,0.02,0.02,0
MNST,1997-12-22,0.02,0.02,0.02,0.02,1747200
MNST,1997-12-23,0.02,0.02,0.02,0.02,105600
MNST,1997-12-24,0.02,0.02,0.02,0.02,1948800
MNST,1997-12-26,0.02,0.02,0.02,0.02,316800
MNST,1997-12-29,0.02,0.02,0.02,0.02,1843200
MNST,1997-12-30,0.02,0.02,0.02,0.02,268800
MNST,1997-12-31,0.02,0.02,0.02,0.02,1132800
MNST,1998-01-02,0.02,0.02,0.02,0.02,0
MNST,1998-01-05,0.02,0.02,0.02,0.02,4569600
MNST,1998-01-06,0.02,0.02,0.02,0.02,192000
MNST,1998-01-07,0.02,0.02,0.02,0.02,2064000
MNST,1998-01-08,0.02,0.02,0.02,0.02,460800
MNST,1998-01-09,0.02,0.02,0.02,0.02,1881600
MNST,1998-01-12,0.02,0.02,0.02,0.02,1872000
MNST,1998-01-13,0.02,0.02,0.02,0.02,76800
MNST,1998-01-14,0.02,0.02,0.02,0.02,384000
MNST,1998-01-15,0.02,0.02,0.02,0.02,374400
MNST,1998-01-16,0.02,0.02,0.02,0.02,672000
MNST,1998-01-20,0.02,0.02,0.02,0.02,307200
MNST,1998-01-21,0.02,0.02,0.02,0.02,9600
MNST,1998-01-22,0.02,0.02,0.02,0.02,768000
MNST,1998-01-23,0.02,0.02,0.02,0.02,528000
MNST,1998-01-26,0.02,0.02,0.02,0.02,1612800
MNST,1998-01-27,0.02,0.02,0.02,0.02,604800
MNST,1998-01-28,0.02,0.02,0.02,0.02,153600
MNST,1998-01-29,0.02,0.02,0.02,0.02,1459200
MNST,1998-01-30,0.02,0.02,0.02,0.02,1584000
MNST,1998-02-02,0.02,0.02,0.02,0.02,3254400
MNST,1998-02-03,0.02,0.02,0.02,0.02,19200
MNST,1998-02-04,0.02,0.02,0.02,0.02,105600
MNST,1998-02-05,0.02,0.02,0.02,0.02,787200
MNST,1998-02-06,0.02,0.02,0.02,0.02,691200
MNST,1998-02-09,0.02,0.02,0.02,0.02,67200
MNST,1998-02-10,0.02,0.02,0.02,0.02,2918400
MNST,1998-02-11,0.02,0.02,0.02,0.02,576000
MNST,1998-02-12,0.02,0.02,0.02,0.02,268800
MNST,1998-02-13,0.02,0.02,0.02,0.02,3312000
MNST,1998-02-17,0.02,0.02,0.02,0.02,1372800
MNST,1998-02-18,0.02,0.02,0.02,0.02,4099200
MNST,1998-02-19,0.02,0.02,0.02,0.02,8284800
MNST,1998-02-20,0.02,0.02,0.02,0.02,2246400
MNST,1998-02-23,0.02,0.02,0.02,0.02,1651200
MNST,1998-02-24,0.02,0.02,0.02,0.02,1084800
MNST,1998-02-25,0.02,0.02,0.02,0.02,9033600
MNST,1998-02-26,0.02,0.02,0.02,0.02,2131200
MNST,1998-02-27,0.02,0.02,0.02,0.02,15782400
MNST,1998-03-02,0.02,0.02,0.02,0.02,11395200
MNST,1998-03-03,0.02,0.02,0.02,0.02,1948800
MNST,1998-03-04,0.02,0.02,0.02,0.02,9916800
MNST,1998-03-05,0.02,0.02,0.02,0.02,67200
MNST,1998-03-06,0.02,0.02,0.02,0.02,3792000
MNST,1998-03-09,0.02,0.02,0.02,0.02,4406400
MNST,1998-03-10,0.02,0.02,0.02,0.02,1113600
MNST,1998-03-11,0.02,0.02,0.02,0.02,3763200
MNST,1998-03-12,0.02,0.02,0.02,0.02,1987200
MNST,1998-03-13,0.02,0.02,0.02,0.02,9686400
MNST,1998-03-16,0.02,0.03,0.02,0.02,6643200
MNST,1998-03-17,0.03,0.03,0.02,0.03,6902400
MNST,1998-03-18,0.03,0.03,0.02,0.02,10761600
MNST,1998-03-19,0.02,0.03,0.02,0.02,5241600
MNST,1998-03-20,0.02,0.03,0.02,0.02,12480000
MNST,1998-03-23,0.02,0.03,0.02,0.03,6336000
MNST,1998-03-24,0.03,0.03,0.03,0.03,1084800
MNST,1998-03-25,0.03,0.03,0.03,0.03,2515200
MNST,1998-03-26,0.03,0.03,0.03,0.03,3504000
MNST,1998-03-27,0.03,0.03,0.03,0.03,1872000
MNST,1998-03-30,0.03,0.03,0.03,0.03,864000
MNST,1998-03-31,0.03,0.03,0.03,0.03,5385600
MNST,1998-04-01,0.03,0.03,0.03,0.03,4771200
MNST,1998-04-02,0.03,0.03,0.03,0.03,902400
MNST,1998-04-03,0.03,0.03,0.03,0.03,2275200
MNST,1998-04-06,0.03,0.03,0.03,0.03,115200
MNST,1998-04-07,0.03,0.03,0.03,0.03,3273600
MNST,1998-04-08,0.03,0.03,0.03,0.03,48000
MNST,1998-04-09,0.03,0.03,0.03,0.03,1248000
MNST,1998-04-13,0.03,0.03,0.03,0.03,2880000
MNST,1998-04-14,0.03,0.03,0.03,0.03,931200
MNST,1998-04-15,0.03,0.03,0.03,0.03,355200
MNST,1998-04-16,0.03,0.03,0.03,0.03,2208000
MNST,1998-04-17,0.03,0.03,0.02,0.02,336000
MNST,1998-04-20,0.02,0.03,0.02,0.03,2716800
MNST,1998-04-21,0.03,0.03,0.03,0.03,2409600
MNST,1998-04-22,0.03,0.03,0.03,0.03,5980800
MNST,1998-04-23,0.03,0.03,0.03,0.03,5414400
MNST,1998-04-24,0.03,0.03,0.03,0.03,2323200
MNST,1998-04-27,0.03,0.03,0.03,0.03,9763200
MNST,1998-04-28,0.03,0.03,0.03,0.03,8448000
MNST,1998-04-29,0.03,0.03,0.03,0.03,12009600
MNST,1998-04-30,0.03,0.04,0.03,0.04,29155200
MNST,1998-05-01,0.04,0.04,0.03,0.03,11385600
MNST,1998-05-04,0.03,0.03,0.03,0.03,5184000
MNST,1998-05-05,0.03,0.03,0.03,0.03,5049600
MNST,1998-05-06,0.03,0.03,0.03,0.03,5011200
MNST,1998-05-07,0.03,0.03,0.03,0.03,3292800
MNST,1998-05-08,0.03,0.03,0.03,0.03,2332800
MNST,1998-05-11,0.03,0.03,0.03,0.03,3715200
MNST,1998-05-12,0.03,0.03,0.03,0.03,9561600
MNST,1998-05-13,0.03,0.03,0.03,0.03,8064000
MNST,1998-05-14,0.04,0.04,0.04,0.04,57686400
MNST,1998-05-15,0.04,0.04,0.04,0.04,10723200
MNST,1998-05-18,0.04,0.04,0.04,0.04,8265600
MNST,1998-05-19,0.04,0.04,0.04,0.04,8352000
MNST,1998-05-20,0.04,0.04,0.04,0.04,3801600
MNST,1998-05-21,0.04,0.04,0.04,0.04,9254400
MNST,1998-05-22,0.04,0.04,0.04,0.04,3868800
MNST,1998-05-26,0.04,0.04,0.04,0.04,4156800
MNST,1998-05-27,0.04,0.04,0.04,0.04,22051200
MNST,1998-05-28,0.04,0.04,0.04,0.04,1200000
MNST,1998-05-29,0.04,0.04,0.04,0.04,1190400
MNST,1998-06-01,0.04,0.04,0.04,0.04,7641600
MNST,1998-06-02,0.04,0.04,0.04,0.04,1747200
MNST,1998-06-03,0.04,0.04,0.04,0.04,2361600
MNST,1998-06-04,0.04,0.04,0.04,0.04,4358400
MNST,1998-06-05,0.04,0.04,0.04,0.04,6912000
MNST,1998-06-08,0.04,0.04,0.04,0.04,7929600
MNST,1998-06-09,0.04,0.04,0.04,0.04,1200000
MNST,1998-06-10,0.04,0.04,0.04,0.04,960000
MNST,1998-06-11,0.04,0.04,0.04,0.04,3254400
MNST,1998-06-12,0.04,0.04,0.04,0.04,2832000
MNST,1998-06-15,0.04,0.04,0.04,0.04,2563200
MNST,1998-06-16,0.04,0.04,0.04,0.04,5913600
MNST,1998-06-17,0.04,0.04,0.04,0.04,8563200
MNST,1998-06-18,0.04,0.04,0.04,0.04,3590400
MNST,1998-06-19,0.04,0.04,0.04,0.04,5577600
MNST,1998-06-22,0.04,0.04,0.04,0.04,2371200
MNST,1998-06-23,0.04,0.04,0.04,0.04,2697600
MNST,1998-06-24,0.04,0.04,0.04,0.04,5376000
MNST,1998-06-25,0.04,0.04,0.04,0.04,8592000
MNST,1998-06-26,0.04,0.04,0.04,0.04,2294400
MNST,1998-06-29,0.04,0.05,0.04,0.05,8745600
MNST,1998-06-30,0.05,0.05,0.05,0.05,3609600
MNST,1998-07-01,0.05,0.06,0.05,0.06,15187200
MNST,1998-07-02,0.06,0.06,0.05,0.05,11241600
MNST,1998-07-06,0.05,0.05,0.05,0.05,7766400
MNST,1998-07-07,0.05,0.05,0.05,0.05,3792000
MNST,1998-07-08,0.05,0.05,0.05,0.05,2112000
MNST,1998-07-09,0.05,0.05,0.05,0.05,1526400
MNST,1998-07-10,0.05,0.05,0.05,0.05,1344000
MNST,1998-07-13,0.05,0.05,0.05,0.05,1420800
MNST,1998-07-14,0.05,0.05,0.05,0.05,3532800
MNST,1998-07-15,0.05,0.05,0.05,0.05,2515200
MNST,1998-07-16,0.05,0.05,0.05,0.05,4569600
MNST,1998-07-17,0.05,0.05,0.05,0.05,5251200
MNST,1998-07-20,0.05,0.05,0.05,0.05,14755200
MNST,1998-07-21,0.05,0.06,0.05,0.06,13315200
MNST,1998-07-22,0.06,0.06,0.06,0.06,10387200
MNST,1998-07-23,0.06,0.06,0.06,0.06,2726400
MNST,1998-07-24,0.06,0.06,0.06,0.06,2812800
MNST,1998-07-27,0.06,0.06,0.06,0.06,18460800
MNST,1998-07-28,0.06,0.06,0.05,0.06,6940800
MNST,1998-07-29,0.05,0.06,0.05,0.06,1987200
MNST,1998-07-30,0.06,0.06,0.06,0.06,11606400
MNST,1998-07-31,0.06,0.06,0.06,0.06,4627200
MNST,1998-08-03,0.06,0.07,0.06,0.07,30604800
MNST,1998-08-04,0.07,0.07,0.06,0.06,18086400
MNST,1998-08-05,0.06,0.06,0.06,0.06,12960000
MNST,1998-08-06,0.06,0.06,0.06,0.06,13747200
MNST,1998-08-07,0.06,0.06,0.06,0.06,8150400
MNST,1998-08-10,0.06,0.07,0.06,0.07,15398400
MNST,1998-08-11,0.06,0.06,0.06,0.06,6211200
MNST,1998-08-12,0.07,0.07,0.07,0.07,15888000
MNST,1998-08-13,0.07,0.07,0.07,0.07,10953600
MNST,1998-08-14,0.07,0.07,0.06,0.06,13814400
MNST,1998-08-17,0.07,0.07,0.06,0.07,14332800
MNST,1998-08-18,0.07,0.07,0.07,0.07,5414400
MNST,1998-08-19,0.07,0.07,0.07,0.07,4857600
MNST,1998-08-20,0.07,0.07,0.07,0.07,2073600
MNST,1998-08-21,0.07,0.07,0.06,0.07,13612800
MNST,1998-08-24,0.07,0.07,0.06,0.06,5472000
MNST,1998-08-25,0.06,0.06,0.06,0.06,7622400
MNST,1998-08-26,0.06,0.06,0.05,0.06,10934400
MNST,1998-08-27,0.05,0.05,0.05,0.05,19401600
MNST,1998-08-28,0.05,0.05,0.05,0.05,9427200
MNST,1998-08-31,0.05,0.05,0.04,0.04,7411200
MNST,1998-09-01,0.04,0.04,0.04,0.04,9993600
MNST,1998-09-02,0.04,0.05,0.04,0.05,6326400
MNST,1998-09-03,0.05,0.05,0.05,0.05,1113600
MNST,1998-09-04,0.05,0.05,0.05,0.05,1449600
MNST,1998-09-08,0.05,0.05,0.05,0.05,2822400
MNST,1998-09-09,0.05,0.05,0.05,0.05,2102400
MNST,1998-09-10,0.05,0.05,0.04,0.05,864000
MNST,1998-09-11,0.04,0.05,0.04,0.05,1017600
MNST,1998-09-14,0.05,0.05,0.04,0.05,3340800
MNST,1998-09-15,0.05,0.05,0.04,0.05,3244800
MNST,1998-09-16,0.05,0.05,0.04,0.04,1257600
MNST,1998-09-17,0.04,0.05,0.04,0.05,1641600
MNST,1998-09-18,0.04,0.05,0.04,0.04,1564800
MNST,1998-09-21,0.04,0.04,0.04,0.04,604800
MNST,1998-09-22,0.04,0.04,0.04,0.04,2054400
MNST,1998-09-23,0.04,0.05,0.04,0.04,1603200
MNST,1998-09-24,0.04,0.05,0.04,0.04,864000
MNST,1998-09-25,0.04,0.04,0.04,0.04,4406400
MNST,1998-09-28,0.04,0.04,0.04,0.04,2294400
MNST,1998-09-29,0.04,0.04,0.04,0.04,4406400
MNST,1998-09-30,0.04,0.04,0.04,0.04,3283200
MNST,1998-10-01,0.04,0.04,0.04,0.04,8044800
MNST,1998-10-02,0.04,0.04,0.03,0.04,4464000
MNST,1998-10-05,0.04,0.04,0.04,0.04,1833600
MNST,1998-10-06,0.04,0.04,0.03,0.03,4963200
MNST,1998-10-07,0.04,0.04,0.03,0.03,1084800
MNST,1998-10-08,0.03,0.03,0.03,0.03,3494400
MNST,1998-10-09,0.03,0.03,0.03,0.03,3801600
MNST,1998-10-12,0.03,0.03,0.03,0.03,4886400
MNST,1998-10-13,0.03,0.03,0.03,0.03,787200
MNST,1998-10-14,0.03,0.04,0.03,0.04,7507200
MNST,1998-10-15,0.04,0.04,0.04,0.04,7516800
MNST,1998-10-16,0.04,0.05,0.04,0.04,17616000
MNST,1998-10-19,0.05,0.05,0.04,0.04,3907200
MNST,1998-10-20,0.05,0.05,0.04,0.04,2112000
MNST,1998-10-21,0.04,0.04,0.04,0.04,2640000
MNST,1998-10-22,0.04,0.04,0.04,0.04,3379200
MNST,1998-10-23,0.04,0.05,0.04,0.05,1670400
MNST,1998-10-26,0.04,0.05,0.04,0.05,10771200
MNST,1998-10-27,0.05,0.06,0.05,0.06,17251200
MNST,1998-10-28,0.06,0.06,0.05,0.05,5587200
MNST,1998-10-29,0.05,0.06,0.05,0.05,6220800
MNST,1998-10-30,0.05,0.06,0.05,0.06,3590400
MNST,1998-11-02,0.06,0.06,0.05,0.05,8505600
MNST,1998-11-03,0.05,0.05,0.05,0.05,8860800
MNST,1998-11-04,0.05,0.06,0.05,0.06,17193600
MNST,1998-11-05,0.06,0.06,0.05,0.06,1929600
MNST,1998-11-06,0.05,0.06,0.05,0.06,3369600
MNST,1998-11-09,0.06,0.06,0.05,0.06,2841600
MNST,1998-11-10,0.06,0.06,0.05,0.06,17769600
MNST,1998-11-11,0.06,0.06,0.06,0.06,18470400
MNST,1998-11-12,0.06,0.06,0.06,0.06,8630400
MNST,1998-11-13,0.06,0.07,0.06,0.06,26380800
MNST,1998-11-16,0.06,0.06,0.06,0.06,13622400
MNST,1998-11-17,0.06,0.07,0.06,0.07,14467200
MNST,1998-11-18,0.07,0.07,0.06,0.07,10425600
MNST,1998-11-19,0.07,0.07,0.06,0.06,3926400
MNST,1998-11-20,0.06,0.06,0.06,0.06,6729600
MNST,1998-11-23,0.06,0.06,0.05,0.05,13996800
MNST,1998-11-24,0.05,0.05,0.05,0.05,9580800
MNST,1998-11-25,0.06,0.06,0.05,0.06,3705600
MNST,1998-11-27,0.06,0.06,0.06,0.06,1344000
MNST,1998-11-30,0.06,0.06,0.05,0.05,5289600
MNST,1998-12-01,0.05,0.06,0.05,0.05,8841600
MNST,1998-12-02,0.05,0.05,0.05,0.05,5433600
MNST,1998-12-03,0.05,0.05,0.05,0.05,2889600
MNST,1998-12-04,0.05,0.05,0.05,0.05,5635200
MNST,1998-12-07,0.05,0.05,0.05,0.05,5136000
MNST,1998-12-08,0.05,0.05,0.05,0.05,1545600
MNST,1998-12-09,0.05,0.05,0.05,0.05,5750400
MNST,1998-12-10,0.05,0.06,0.05,0.06,11107200
MNST,1998-12-11,0.06,0.06,0.05,0.05,6652800
MNST,1998-12-14,0.06,0.06,0.05,0.05,4924800
MNST,1998-12-15,0.05,0.05,0.05,0.05,4368000
MNST,1998-12-16,0.05,0.05,0.05,0.05,3542400
MNST,1998-12-17,0.05,0.05,0.05,0.05,7488000
MNST,1998-12-18,0.05,0.05,0.05,0.05,1862400
MNST,1998-12-21,0.05,0.05,0.05,0.05,4185600
MNST,1998-12-22,0.05,0.05,0.05,0.05,2841600
MNST,1998-12-23,0.05,0.06,0.05,0.05,4838400
MNST,1998-12-24,0.05,0.06,0.05,0.06,883200
MNST,1998-12-28,0.06,0.06,0.05,0.05,2640000
MNST,1998-12-29,0.05,0.05,0.05,0.05,3072000
MNST,1998-12-30,0.05,0.06,0.05,0.05,2016000
MNST,1998-12-31,0.05,0.06,0.05,0.06,4233600
MNST,1999-01-04,0.06,0.06,0.05,0.06,6537600
MNST,1999-01-05,0.06,0.06,0.05,0.06,4636800
MNST,1999-01-06,0.06,0.06,0.06,0.06,5328000
MNST,1999-01-07,0.06,0.06,0.05,0.05,4924800
MNST,1999-01-08,0.05,0.06,0.05,0.05,1459200
MNST,1999-01-11,0.05,0.05,0.05,0.05,4416000
MNST,1999-01-12,0.05,0.05,0.05,0.05,1843200
MNST,1999-01-13,0.05,0.05,0.05,0.05,2150400
MNST,1999-01-14,0.05,0.05,0.05,0.05,9868800
MNST,1999-01-15,0.05,0.05,0.05,0.05,7132800
MNST,1999-01-19,0.05,0.05,0.05,0.05,2928000
MNST,1999-01-20,0.05,0.05,0.05,0.05,1478400
MNST,1999-01-21,0.05,0.05,0.05,0.05,1536000
MNST,1999-01-22,0.05,0.05,0.05,0.05,835200
MNST,1999-01-25,0.05,0.05,0.05,0.05,5510400
MNST,1999-01-26,0.05,0.05,0.05,0.05,4243200
MNST,1999-01-27,0.05,0.05,0.05,0.05,15504000
MNST,1999-01-28,0.05,0.05,0.05,0.05,11539200
MNST,1999-01-29,0.05,0.05,0.05,0.05,3331200
MNST,1999-02-01,0.05,0.05,0.04,0.05,5145600
MNST,1999-02-02,0.05,0.05,0.04,0.04,24787200
MNST,1999-02-03,0.04,0.05,0.04,0.05,6307200
MNST,1999-02-04,0.05,0.05,0.04,0.05,6480000
MNST,1999-02-05,0.04,0.05,0.04,0.05,7785600
MNST,1999-02-08,0.05,0.05,0.05,0.05,11923200
MNST,1999-02-09,0.06,0.06,0.05,0.05,14505600
MNST,1999-02-10,0.06,0.06,0.05,0.05,7747200
MNST,1999-02-11,0.05,0.05,0.05,0.05,11443200
MNST,1999-02-12,0.05,0.05,0.05,0.05,1603200
MNST,1999-02-16,0.05,0.05,0.05,0.05,2371200
MNST,1999-02-17,0.05,0.05,0.04,0.04,5520000
MNST,1999-02-18,0.05,0.05,0.04,0.05,2064000
MNST,1999-02-19,0.05,0.05,0.05,0.05,2688000
MNST,1999-02-22,0.05,0.05,0.04,0.05,1910400
MNST,1999-02-23,0.05,0.05,0.04,0.05,2630400
MNST,1999-02-24,0.05,0.05,0.05,0.05,1708800
MNST,1999-02-25,0.05,0.05,0.04,0.04,2524800
MNST,1999-02-26,0.04,0.05,0.04,0.04,5011200
MNST,1999-03-01,0.04,0.04,0.04,0.04,1651200
MNST,1999-03-02,0.04,0.05,0.04,0.04,9590400
MNST,1999-03-03,0.04,0.04,0.04,0.04,6902400
MNST,1999-03-04,0.04,0.04,0.04,0.04,3139200
MNST,1999-03-05,0.04,0.04,0.04,0.04,163200
MNST,1999-03-08,0.05,0.05,0.04,0.05,2870400
MNST,1999-03-09,0.05,0.05,0.04,0.05,1891200
MNST,1999-03-10,0.05,0.05,0.05,0.05,2025600
MNST,1999-03-11,0.05,0.05,0.04,0.05,6297600
MNST,1999-03-12,0.05,0.05,0.04,0.04,883200
MNST,1999-03-15,0.04,0.05,0.04,0.04,3734400
MNST,1999-03-16,0.04,0.04,0.04,0.04,5145600
MNST,1999-03-17,0.04,0.05,0.04,0.05,2323200
MNST,1999-03-18,0.04,0.05,0.04,0.04,1017600
MNST,1999-03-19,0.04,0.04,0.04,0.04,3043200
MNST,1999-03-22,0.04,0.04,0.04,0.04,5558400
MNST,1999-03-23,0.04,0.04,0.04,0.04,3139200
MNST,1999-03-24,0.04,0.04,0.04,0.04,5961600
MNST,1999-03-25,0.04,0.04,0.04,0.04,681600
MNST,1999-03-26,0.04,0.04,0.04,0.04,4166400
MNST,1999-03-29,0.04,0.04,0.04,0.04,1824000
MNST,1999-03-30,0.04,0.04,0.04,0.04,5030400
MNST,1999-03-31,0.04,0.04,0.04,0.04,19094400
MNST,1999-04-01,0.04,0.04,0.04,0.04,2649600
MNST,1999-04-05,0.04,0.04,0.04,0.04,2851200
MNST,1999-04-06,0.04,0.04,0.04,0.04,1516800
MNST,1999-04-07,0.04,0.04,0.04,0.04,4502400
MNST,1999-04-08,0.04,0.04,0.04,0.04,3571200
MNST,1999-04-09,0.04,0.04,0.04,0.04,4857600
MNST,1999-04-12,0.04,0.04,0.04,0.04,20745600
MNST,1999-04-13,0.04,0.04,0.04,0.04,5356800
MNST,1999-04-14,0.04,0.04,0.04,0.04,4387200
MNST,1999-04-15,0.04,0.04,0.04,0.04,4377600
MNST,1999-04-16,0.04,0.04,0.04,0.04,5942400
MNST,1999-04-19,0.04,0.05,0.04,0.04,5625600
MNST,1999-04-20,0.04,0.05,0.04,0.05,1468800
MNST,1999-04-21,0.05,0.05,0.04,0.04,2083200
MNST,1999-04-22,0.04,0.05,0.04,0.05,3014400
MNST,1999-04-23,0.05,0.05,0.05,0.05,5107200
MNST,1999-04-26,0.05,0.05,0.05,0.05,5760000
MNST,1999-04-27,0.05,0.05,0.05,0.05,4646400
MNST,1999-04-28,0.05,0.05,0.05,0.05,2035200
MNST,1999-04-29,0.05,0.05,0.05,0.05,7152000
MNST,1999-04-30,0.05,0.06,0.05,0.06,14889600
MNST,1999-05-03,0.06,0.06,0.05,0.06,7305600
MNST,1999-05-04,0.06,0.06,0.05,0.06,1929600
MNST,1999-05-05,0.05,0.06,0.05,0.06,4387200
MNST,1999-05-06,0.06,0.06,0.05,0.06,2102400
MNST,1999-05-07,0.06,0.06,0.05,0.05,5875200
MNST,1999-05-10,0.05,0.06,0.05,0.05,19017600
MNST,1999-05-11,0.05,0.05,0.05,0.05,4771200
MNST,1999-05-12,0.05,0.05,0.05,0.05,4560000
MNST,1999-05-13,0.05,0.05,0.05,0.05,2630400
MNST,1999-05-14,0.05,0.05,0.04,0.05,4857600
MNST,1999-05-17,0.05,0.05,0.05,0.05,1363200
MNST,1999-05-18,0.05,0.05,0.05,0.05,3686400
MNST,1999-05-19,0.05,0.05,0.05,0.05,403200
MNST,1999-05-20,0.05,0.05,0.04,0.05,5971200
MNST,1999-05-21,0.05,0.05,0.05,0.05,3187200
MNST,1999-05-24,0.05,0.05,0.05,0.05,1708800
MNST,1999-05-25,0.05,0.05,0.05,0.05,4915200
MNST,1999-05-26,0.05,0.05,0.05,0.05,1958400
MNST,1999-05-27,0.05,0.05,0.05,0.05,1161600
MNST,1999-05-28,0.05,0.05,0.05,0.05,5539200
MNST,1999-06-01,0.05,0.05,0.05,0.05,2707200
MNST,1999-06-02,0.05,0.05,0.05,0.05,1132800
MNST,1999-06-03,0.05,0.05,0.05,0.05,1046400
MNST,1999-06-04,0.05,0.05,0.05,0.05,5107200
MNST,1999-06-07,0.05,0.05,0.05,0.05,2092800
MNST,1999-06-08,0.05,0.05,0.05,0.05,3955200
MNST,1999-06-09,0.05,0.05,0.05,0.05,777600
MNST,1999-06-10,0.05,0.05,0.05,0.05,3081600
MNST,1999-06-11,0.05,0.05,0.05,0.05,7737600
MNST,1999-06-14,0.05,0.05,0.05,0.05,1526400
MNST,1999-06-15,0.05,0.05,0.05,0.05,10608000
MNST,1999-06-16,0.05,0.05,0.05,0.05,4867200
MNST,1999-06-17,0.05,0.05,0.05,0.05,6009600
MNST,1999-06-18,0.05,0.05,0.05,0.05,2880000
MNST,1999-06-21,0.05,0.05,0.05,0.05,2784000
MNST,1999-06-22,0.05,0.05,0.04,0.05,11030400
MNST,1999-06-23,0.05,0.05,0.05,0.05,547200
MNST,1999-06-24,0.05,0.05,0.05,0.05,892800
MNST,1999-06-25,0.05,0.05,0.04,0.04,1094400
MNST,1999-06-28,0.04,0.04,0.04,0.04,768000
MNST,1999-06-29,0.05,0.05,0.04,0.04,9763200
MNST,1999-06-30,0.04,0.05,0.04,0.05,1968000
MNST,1999-07-01,0.04,0.05,0.04,0.05,1766400
MNST,1999-07-02,0.05,0.05,0.05,0.05,15686400
MNST,1999-07-06,0.05,0.05,0.05,0.05,2601600
MNST,1999-07-07,0.05,0.05,0.05,0.05,2601600
MNST,1999-07-08,0.05,0.05,0.05,0.05,1593600
MNST,1999-07-09,0.05,0.05,0.05,0.05,1344000
MNST,1999-07-12,0.05,0.05,0.05,0.05,6825600
MNST,1999-07-13,0.05,0.05,0.05,0.05,3955200
MNST,1999-07-14,0.05,0.05,0.05,0.05,2016000
MNST,1999-07-15,0.05,0.05,0.05,0.05,15120000
MNST,1999-07-16,0.05,0.06,0.05,0.05,4953600
MNST,1999-07-19,0.05,0.05,0.05,0.05,4876800
MNST,1999-07-20,0.05,0.06,0.05,0.06,7593600
MNST,1999-07-21,0.05,0.06,0.05,0.05,1612800
MNST,1999-07-22,0.06,0.06,0.05,0.05,1219200
MNST,1999-07-23,0.06,0.06,0.05,0.05,470400
MNST,1999-07-26,0.05,0.06,0.05,0.05,5241600
MNST,1999-07-27,0.05,0.05,0.05,0.05,1641600
MNST,1999-07-28,0.05,0.05,0.05,0.05,4080000
MNST,1999-07-29,0.05,0.05,0.05,0.05,5577600
MNST,1999-07-30,0.05,0.06,0.05,0.06,4003200
MNST,1999-08-02,0.06,0.06,0.05,0.05,11558400
MNST,1999-08-03,0.05,0.05,0.05,0.05,5702400
MNST,1999-08-04,0.05,0.05,0.05,0.05,4022400
MNST,1999-08-05,0.05,0.05,0.05,0.05,1939200
MNST,1999-08-06,0.05,0.05,0.05,0.05,940800
MNST,1999-08-09,0.05,0.05,0.05,0.05,4195200
MNST,1999-08-10,0.05,0.05,0.05,0.05,2659200
MNST,1999-08-11,0.05,0.05,0.05,0.05,1699200
MNST,1999-08-12,0.05,0.05,0.05,0.05,2188800
MNST,1999-08-13,0.05,0.05,0.05,0.05,1017600
MNST,1999-08-16,0.05,0.05,0.05,0.05,960000
MNST,1999-08-17,0.05,0.05,0.05,0.05,2217600
MNST,1999-08-18,0.05,0.05,0.05,0.05,2112000
MNST,1999-08-19,0.05,0.05,0.05,0.05,825600
MNST,1999-08-20,0.05,0.05,0.05,0.05,1920000
MNST,1999-08-23,0.05,0.05,0.05,0.05,3168000
MNST,1999-08-24,0.05,0.05,0.05,0.05,4828800
MNST,1999-08-25,0.05,0.05,0.05,0.05,1132800
MNST,1999-08-26,0.05,0.05,0.05,0.05,4233600
MNST,1999-08-27,0.05,0.05,0.05,0.05,2534400
MNST,1999-08-30,0.05,0.05,0.05,0.05,2659200
MNST,1999-08-31,0.05,0.05,0.05,0.05,1305600
MNST,1999-09-01,0.05,0.05,0.05,0.05,1008000
MNST,1999-09-02,0.05,0.05,0.05,0.05,1641600
MNST,1999-09-03,0.05,0.05,0.05,0.05,5145600
MNST,1999-09-07,0.05,0.05,0.05,0.05,3043200
MNST,1999-09-08,0.05,0.05,0.05,0.05,6384000
MNST,1999-09-09,0.05,0.05,0.05,0.05,1891200
MNST,1999-09-10,0.05,0.05,0.05,0.05,1171200
MNST,1999-09-13,0.05,0.05,0.05,0.05,7593600
MNST,1999-09-14,0.05,0.05,0.05,0.05,883200
MNST,1999-09-15,0.05,0.05,0.05,0.05,1084800
MNST,1999-09-16,0.05,0.05,0.05,0.05,1113600
MNST,1999-09-17,0.05,0.05,0.05,0.05,1737600
MNST,1999-09-20,0.05,0.05,0.05,0.05,1276800
MNST,1999-09-21,0.05,0.05,0.05,0.05,3945600
MNST,1999-09-22,0.05,0.05,0.05,0.05,2419200
MNST,1999-09-23,0.05,0.05,0.05,0.05,2073600
MNST,1999-09-24,0.05,0.05,0.05,0.05,1392000
MNST,1999-09-27,0.05,0.05,0.05,0.05,2102400
MNST,1999-09-28,0.05,0.05,0.05,0.05,2822400
MNST,1999-09-29,0.05,0.05,0.05,0.05,1392000
MNST,1999-09-30,0.05,0.05,0.05,0.05,12076800
MNST,1999-10-01,0.05,0.05,0.05,0.05,13814400
MNST,1999-10-04,0.05,0.05,0.05,0.05,1200000
MNST,1999-10-05,0.05,0.05,0.05,0.05,480000
MNST,1999-10-06,0.05,0.05,0.05,0.05,854400
MNST,1999-10-07,0.05,0.05,0.05,0.05,355200
MNST,1999-10-08,0.05,0.05,0.05,0.05,1497600
MNST,1999-10-11,0.05,0.05,0.05,0.05,1507200
MNST,1999-10-12,0.05,0.05,0.05,0.05,777600
MNST,1999-10-13,0.05,0.05,0.05,0.05,1305600
MNST,1999-10-14,0.05,0.05,0.05,0.05,1641600
MNST,1999-10-15,0.05,0.05,0.05,0.05,1219200
MNST,1999-10-18,0.05,0.05,0.05,0.05,979200
MNST,1999-10-19,0.05,0.05,0.05,0.05,1862400
MNST,1999-10-20,0.05,0.05,0.05,0.05,2611200
MNST,1999-10-21,0.05,0.05,0.05,0.05,6249600
MNST,1999-10-22,0.05,0.05,0.05,0.05,1180800
MNST,1999-10-25,0.05,0.05,0.05,0.05,2179200
MNST,1999-10-26,0.05,0.05,0.04,0.04,7392000
MNST,1999-10-27,0.04,0.05,0.04,0.04,3772800
MNST,1999-10-28,0.04,0.05,0.04,0.05,2448000
MNST,1999-10-29,0.05,0.05,0.04,0.04,21052800
MNST,1999-11-01,0.04,0.05,0.04,0.04,20304000
MNST,1999-11-02,0.04,0.04,0.04,0.04,13488000
MNST,1999-11-03,0.04,0.04,0.04,0.04,15628800
MNST,1999-11-04,0.04,0.04,0.04,0.04,3763200
MNST,1999-11-05,0.04,0.04,0.04,0.04,633600
MNST,1999-11-08,0.04,0.04,0.04,0.04,1488000
MNST,1999-11-09,0.04,0.04,0.04,0.04,6508800
MNST,1999-11-10,0.04,0.04,0.04,0.04,7795200
MNST,1999-11-11,0.04,0.04,0.04,0.04,11337600
MNST,1999-11-12,0.04,0.04,0.04,0.04,4819200
MNST,1999-11-15,0.04,0.04,0.04,0.04,5040000
MNST,1999-11-16,0.04,0.04,0.04,0.04,8294400
MNST,1999-11-17,0.04,0.04,0.04,0.04,4492800
MNST,1999-11-18,0.04,0.04,0.04,0.04,6643200
MNST,1999-11-19,0.04,0.04,0.04,0.04,3840000
MNST,1999-11-22,0.04,0.05,0.04,0.05,8476800
MNST,1999-11-23,0.05,0.05,0.05,0.05,5404800
MNST,1999-11-24,0.05,0.05,0.05,0.05,5308800
MNST,1999-11-26,0.05,0.05,0.05,0.05,806400
MNST,1999-11-29,0.05,0.05,0.05,0.05,5001600
MNST,1999-11-30,0.05,0.05,0.04,0.05,6652800
MNST,1999-12-01,0.04,0.05,0.04,0.04,4137600
MNST,1999-12-02,0.04,0.05,0.04,0.05,7094400
MNST,1999-12-03,0.05,0.05,0.05,0.05,5136000
MNST,1999-12-06,0.05,0.05,0.05,0.05,3302400
MNST,1999-12-07,0.05,0.05,0.05,0.05,3628800
MNST,1999-12-08,0.05,0.05,0.05,0.05,2323200
MNST,1999-12-09,0.05,0.05,0.05,0.05,4416000
MNST,1999-12-10,0.05,0.05,0.05,0.05,1430400
MNST,1999-12-13,0.05,0.05,0.05,0.05,3475200
MNST,1999-12-14,0.05,0.05,0.05,0.05,2064000
MNST,1999-12-15,0.05,0.05,0.05,0.05,902400
MNST,1999-12-16,0.05,0.05,0.05,0.05,1804800
MNST,1999-12-17,0.05,0.05,0.04,0.05,2899200
MNST,1999-12-20,0.05,0.05,0.04,0.05,5846400
MNST,1999-12-21,0.05,0.05,0.04,0.05,1238400
MNST,1999-12-22,0.05,0.05,0.04,0.05,1785600
MNST,1999-12-23,0.05,0.05,0.04,0.05,3484800
MNST,1999-12-27,0.04,0.05,0.04,0.05,6902400
MNST,1999-12-28,0.04,0.05,0.04,0.04,3043200
MNST,1999-12-29,0.04,0.05,0.04,0.04,4896000
MNST,1999-12-30,0.04,0.05,0.04,0.04,3868800
MNST,1999-12-31,0.04,0.05,0.04,0.04,2640000
MNST,2000-01-03,0.04,0.05,0.04,0.04,1171200
MNST,2000-01-04,0.04,0.05,0.04,0.04,2438400
MNST,2000-01-05,0.04,0.05,0.04,0.04,1430400
MNST,2000-01-06,0.04,0.04,0.04,0.04,2400000
MNST,2000-01-07,0.04,0.05,0.04,0.04,5251200
MNST,2000-01-10,0.04,0.04,0.04,0.04,6307200
MNST,2000-01-11,0.04,0.05,0.04,0.05,6038400
MNST,2000-01-12,0.04,0.05,0.04,0.04,2745600
MNST,2000-01-13,0.04,0.05,0.04,0.04,3590400
MNST,2000-01-14,0.04,0.05,0.04,0.04,2140800
MNST,2000-01-18,0.05,0.05,0.04,0.05,3139200
MNST,2000-01-19,0.04,0.05,0.04,0.04,700800
MNST,2000-01-20,0.04,0.05,0.04,0.05,2198400
MNST,2000-01-21,0.04,0.05,0.04,0.04,1132800
MNST,2000-01-24,0.05,0.05,0.04,0.04,3225600
MNST,2000-01-25,0.05,0.05,0.04,0.05,4444800
MNST,2000-01-26,0.05,0.05,0.04,0.05,7276800
MNST,2000-01-27,0.05,0.05,0.04,0.04,4483200
MNST,2000-01-28,0.05,0.05,0.04,0.05,1008000
MNST,2000-01-31,0.05,0.05,0.04,0.05,6585600
MNST,2000-02-01,0.05,0.05,0.05,0.05,1910400
MNST,2000-02-02,0.05,0.05,0.05,0.05,2678400
MNST,2000-02-03,0.05,0.05,0.04,0.05,6691200
MNST,2000-02-04,0.05,0.05,0.04,0.05,2774400
MNST,2000-02-07,0.05,0.05,0.04,0.05,3456000
MNST,2000-02-08,0.05,0.05,0.04,0.05,2265600
MNST,2000-02-09,0.05,0.05,0.04,0.05,3091200
MNST,2000-02-10,0.04,0.05,0.04,0.04,2659200
MNST,2000-02-11,0.04,0.05,0.04,0.04,1516800
MNST,2000-02-14,0.04,0.04,0.04,0.04,2889600
MNST,2000-02-15,0.04,0.05,0.04,0.04,835200
MNST,2000-02-16,0.04,0.04,0.04,0.04,2025600
MNST,2000-02-17,0.04,0.04,0.04,0.04,3475200
MNST,2000-02-18,0.04,0.04,0.04,0.04,2064000
MNST,2000-02-22,0.04,0.04,0.04,0.04,1449600
MNST,2000-02-23,0.04,0.04,0.04,0.04,1872000
MNST,2000-02-24,0.04,0.04,0.04,0.04,2688000
MNST,2000-02-25,0.05,0.05,0.04,0.04,2246400
MNST,2000-02-28,0.04,0.04,0.04,0.04,4348800
MNST,2000-02-29,0.04,0.04,0.04,0.04,5241600
MNST,2000-03-01,0.04,0.04,0.04,0.04,4512000
MNST,2000-03-02,0.04,0.04,0.04,0.04,1881600
MNST,2000-03-03,0.04,0.04,0.04,0.04,6201600
MNST,2000-03-06,0.04,0.04,0.04,0.04,8630400
MNST,2000-03-07,0.04,0.04,0.04,0.04,2073600
MNST,2000-03-08,0.04,0.04,0.04,0.04,2188800
MNST,2000-03-09,0.04,0.04,0.04,0.04,4435200
MNST,2000-03-10,0.04,0.04,0.04,0.04,5452800
MNST,2000-03-13,0.04,0.04,0.04,0.04,6585600
MNST,2000-03-14,0.04,0.04,0.04,0.04,2726400
MNST,2000-03-15,0.04,0.04,0.04,0.04,2361600
MNST,2000-03-16,0.04,0.04,0.04,0.04,3552000
MNST,2000-03-17,0.04,0.05,0.04,0.04,3897600
MNST,2000-03-20,0.04,0.04,0.04,0.04,3916800
MNST,2000-03-21,0.04,0.05,0.04,0.04,1046400
MNST,2000-03-22,0.04,0.04,0.04,0.04,2361600
MNST,2000-03-23,0.04,0.04,0.04,0.04,1699200
MNST,2000-03-24,0.04,0.05,0.04,0.04,3398400
MNST,2000-03-27,0.04,0.04,0.04,0.04,2428800
MNST,2000-03-28,0.04,0.05,0.04,0.04,2284800
MNST,2000-03-29,0.04,0.05,0.04,0.05,4963200
MNST,2000-03-30,0.04,0.05,0.04,0.05,3667200
MNST,2000-03-31,0.05,0.05,0.04,0.05,4435200
MNST,2000-04-03,0.05,0.05,0.05,0.05,2860800
MNST,2000-04-04,0.05,0.05,0.04,0.04,2390400
MNST,2000-04-05,0.05,0.05,0.04,0.05,1612800
MNST,2000-04-06,0.05,0.05,0.04,0.05,1382400
MNST,2000-04-07,0.05,0.05,0.04,0.04,2956800
MNST,2000-04-10,0.05,0.05,0.04,0.05,1440000
MNST,2000-04-11,0.05,0.05,0.04,0.05,3350400
MNST,2000-04-12,0.05,0.05,0.04,0.05,1536000
MNST,2000-04-13,0.05,0.05,0.04,0.05,3878400
MNST,2000-04-14,0.05,0.05,0.05,0.05,8102400
MNST,2000-04-17,0.05,0.05,0.04,0.05,12691200
MNST,2000-04-18,0.05,0.05,0.04,0.05,2150400
MNST,2000-04-19,0.05,0.05,0.04,0.04,2160000
MNST,2000-04-20,0.05,0.05,0.04,0.05,787200
MNST,2000-04-24,0.05,0.05,0.05,0.05,1497600
MNST,2000-04-25,0.05,0.05,0.05,0.05,4569600
MNST,2000-04-26,0.05,0.05,0.05,0.05,1363200
MNST,2000-04-27,0.05,0.05,0.05,0.05,892800
MNST,2000-04-28,0.05,0.05,0.05,0.05,4320000
MNST,2000-05-01,0.05,0.05,0.05,0.05,2102400
MNST,2000-05-02,0.05,0.05,0.05,0.05,1305600
MNST,2000-05-03,0.05,0.05,0.05,0.05,1027200
MNST,2000-05-04,0.05,0.05,0.04,0.05,748800
MNST,2000-05-05,0.05,0.05,0.04,0.05,3715200
MNST,2000-05-08,0.05,0.05,0.04,0.05,854400
MNST,2000-05-09,0.04,0.05,0.04,0.04,4339200
MNST,2000-05-10,0.04,0.05,0.04,0.04,1622400
MNST,2000-05-11,0.04,0.04,0.04,0.04,422400
MNST,2000-05-12,0.04,0.05,0.04,0.05,2697600
MNST,2000-05-15,0.04,0.04,0.04,0.04,16502400
MNST,2000-05-16,0.04,0.04,0.04,0.04,4128000
MNST,2000-05-17,0.04,0.04,0.04,0.04,1795200
MNST,2000-05-18,0.04,0.04,0.04,0.04,1065600
MNST,2000-05-19,0.04,0.04,0.04,0.04,2985600
MNST,2000-05-22,0.04,0.04,0.04,0.04,2275200
MNST,2000-05-23,0.04,0.04,0.04,0.04,1603200
MNST,2000-05-24,0.04,0.04,0.04,0.04,4320000
MNST,2000-05-25,0.04,0.04,0.04,0.04,1804800
MNST,2000-05-26,0.04,0.04,0.04,0.04,2448000
MNST,2000-05-30,0.04,0.04,0.04,0.04,5184000
MNST,2000-05-31,0.04,0.05,0.04,0.04,9340800
MNST,2000-06-01,0.04,0.05,0.04,0.04,5980800
MNST,2000-06-02,0.04,0.05,0.04,0.04,2668800
MNST,2000-06-05,0.04,0.04,0.04,0.04,2947200
MNST,2000-06-06,0.04,0.04,0.04,0.04,1046400
MNST,2000-06-07,0.04,0.04,0.04,0.04,1046400
MNST,2000-06-08,0.04,0.04,0.04,0.04,1171200
MNST,2000-06-09,0.04,0.04,0.04,0.04,739200
MNST,2000-06-12,0.04,0.04,0.04,0.04,8601600
MNST,2000-06-13,0.04,0.04,0.04,0.04,2025600
MNST,2000-06-14,0.04,0.05,0.04,0.04,1209600
MNST,2000-06-15,0.04,0.05,0.04,0.04,950400
MNST,2000-06-16,0.04,0.05,0.04,0.05,1171200
MNST,2000-06-19,0.04,0.04,0.04,0.04,4656000
MNST,2000-06-20,0.04,0.04,0.04,0.04,1968000
MNST,2000-06-21,0.04,0.04,0.04,0.04,624000
MNST,2000-06-22,0.04,0.04,0.04,0.04,691200
MNST,2000-06-23,0.04,0.04,0.04,0.04,1718400
MNST,2000-06-26,0.04,0.04,0.04,0.04,2102400
MNST,2000-06-27,0.04,0.04,0.04,0.04,1248000
MNST,2000-06-28,0.04,0.04,0.04,0.04,1968000
MNST,2000-06-29,0.04,0.04,0.04,0.04,230400
MNST,2000-06-30,0.04,0.04,0.04,0.04,1305600
MNST,2000-07-03,0.04,0.05,0.04,0.05,1603200
MNST,2000-07-05,0.04,0.04,0.04,0.04,4924800
MNST,2000-07-06,0.04,0.04,0.04,0.04,278400
MNST,2000-07-07,0.05,0.05,0.04,0.04,5769600
MNST,2000-07-10,0.05,0.05,0.04,0.05,1459200
MNST,2000-07-11,0.04,0.05,0.04,0.04,1881600
MNST,2000-07-12,0.05,0.05,0.04,0.04,1996800
MNST,2000-07-13,0.05,0.05,0.05,0.05,7737600
MNST,2000-07-14,0.05,0.05,0.05,0.05,1430400
MNST,2000-07-17,0.05,0.05,0.04,0.05,4080000
MNST,2000-07-18,0.05,0.05,0.05,0.05,2620800
MNST,2000-07-19,0.05,0.05,0.05,0.05,1728000
MNST,2000-07-20,0.05,0.05,0.05,0.05,1257600
MNST,2000-07-21,0.05,0.05,0.05,0.05,1536000
MNST,2000-07-24,0.05,0.05,0.05,0.05,1008000
MNST,2000-07-25,0.05,0.05,0.05,0.05,2112000
MNST,2000-07-26,0.05,0.05,0.05,0.05,556800
MNST,2000-07-27,0.05,0.05,0.05,0.05,710400
MNST,2000-07-28,0.05,0.05,0.05,0.05,1382400
MNST,2000-07-31,0.05,0.05,0.05,0.05,2265600
MNST,2000-08-01,0.05,0.05,0.05,0.05,1708800
MNST,2000-08-02,0.05,0.05,0.05,0.05,1190400
MNST,2000-08-03,0.05,0.05,0.05,0.05,1824000
MNST,2000-08-04,0.05,0.05,0.05,0.05,2582400
MNST,2000-08-07,0.05,0.05,0.05,0.05,4320000
MNST,2000-08-08,0.05,0.05,0.05,0.05,4099200
MNST,2000-08-09,0.05,0.05,0.05,0.05,5692800
MNST,2000-08-10,0.05,0.05,0.05,0.05,10195200
MNST,2000-08-11,0.05,0.05,0.05,0.05,2937600
MNST,2000-08-14,0.05,0.05,0.05,0.05,2947200
MNST,2000-08-15,0.05,0.05,0.05,0.05,2284800
MNST,2000-08-16,0.05,0.05,0.05,0.05,2716800
MNST,2000-08-17,0.05,0.05,0.05,0.05,1987200
MNST,2000-08-18,0.05,0.05,0.05,0.05,4224000
MNST,2000-08-21,0.05,0.05,0.05,0.05,4953600
MNST,2000-08-22,0.05,0.05,0.05,0.05,1622400
MNST,2000-08-23,0.05,0.05,0.05,0.05,1737600
MNST,2000-08-24,0.05,0.05,0.05,0.05,1488000
MNST,2000-08-25,0.05,0.05,0.05,0.05,278400
MNST,2000-08-28,0.05,0.05,0.05,0.05,3408000
MNST,2000-08-29,0.05,0.05,0.05,0.05,2198400
MNST,2000-08-30,0.05,0.05,0.05,0.05,4819200
MNST,2000-08-31,0.05,0.05,0.05,0.05,6595200
MNST,2000-09-01,0.05,0.06,0.05,0.05,5712000
MNST,2000-09-05,0.06,0.06,0.05,0.05,4694400
MNST,2000-09-06,0.05,0.06,0.05,0.05,1132800
MNST,2000-09-07,0.05,0.06,0.05,0.05,1920000
MNST,2000-09-08,0.06,0.06,0.05,0.05,2438400
MNST,2000-09-11,0.06,0.06,0.05,0.06,3206400
MNST,2000-09-12,0.06,0.06,0.06,0.06,1411200
MNST,2000-09-13,0.06,0.06,0.05,0.06,2764800
MNST,2000-09-14,0.06,0.06,0.06,0.06,768000
MNST,2000-09-15,0.06,0.06,0.06,0.06,2812800
MNST,2000-09-18,0.06,0.06,0.06,0.06,144000
MNST,2000-09-19,0.06,0.06,0.06,0.06,1958400
MNST,2000-09-20,0.06,0.07,0.06,0.06,8150400
MNST,2000-09-21,0.06,0.06,0.06,0.06,1545600
MNST,2000-09-22,0.06,0.06,0.06,0.06,2246400
MNST,2000-09-25,0.06,0.06,0.06,0.06,1641600
MNST,2000-09-26,0.06,0.06,0.06,0.06,249600
MNST,2000-09-27,0.06,0.06,0.06,0.06,3081600
MNST,2000-09-28,0.06,0.06,0.06,0.06,1536000
MNST,2000-09-29,0.06,0.06,0.06,0.06,1363200
MNST,2000-10-02,0.06,0.06,0.05,0.06,835200
MNST,2000-10-03,0.05,0.05,0.05,0.05,796800
MNST,2000-10-04,0.05,0.05,0.05,0.05,1353600
MNST,2000-10-05,0.05,0.05,0.05,0.05,1545600
MNST,2000-10-06,0.05,0.05,0.05,0.05,2208000
MNST,2000-10-09,0.05,0.06,0.05,0.05,2889600
MNST,2000-10-10,0.06,0.06,0.05,0.05,1651200
MNST,2000-10-11,0.05,0.06,0.05,0.05,1104000
MNST,2000-10-12,0.06,0.06,0.05,0.06,1459200
MNST,2000-10-13,0.05,0.06,0.05,0.05,931200
MNST,2000-10-16,0.05,0.06,0.05,0.06,316800
MNST,2000-10-17,0.06,0.06,0.06,0.06,240000
MNST,2000-10-18,0.06,0.06,0.05,0.05,3398400
MNST,2000-10-19,0.05,0.05,0.05,0.05,9600
MNST,2000-10-20,0.05,0.05,0.05,0.05,3283200
MNST,2000-10-23,0.05,0.05,0.05,0.05,96000
MNST,2000-10-24,0.05,0.05,0.05,0.05,1526400
MNST,2000-10-25,0.05,0.05,0.05,0.05,441600
MNST,2000-10-26,0.05,0.05,0.05,0.05,844800
MNST,2000-10-27,0.05,0.05,0.05,0.05,201600
MNST,2000-10-30,0.05,0.06,0.05,0.05,2592000
MNST,2000-10-31,0.05,0.06,0.05,0.06,3024000
MNST,2000-11-01,0.06,0.06,0.05,0.05,1920000
MNST,2000-11-02,0.06,0.06,0.05,0.05,4992000
MNST,2000-11-03,0.05,0.05,0.05,0.05,2102400
MNST,2000-11-06,0.05,0.05,0.05,0.05,3139200
MNST,2000-11-07,0.05,0.05,0.05,0.05,5990400
MNST,2000-11-08,0.05,0.05,0.05,0.05,220800
MNST,2000-11-09,0.05,0.05,0.05,0.05,1344000
MNST,2000-11-10,0.05,0.05,0.05,0.05,451200
MNST,2000-11-13,0.05,0.05,0.04,0.04,2179200
MNST,2000-11-14,0.05,0.05,0.04,0.05,614400
MNST,2000-11-15,0.04,0.05,0.04,0.05,345600
MNST,2000-11-16,0.05,0.05,0.04,0.05,5328000
MNST,2000-11-17,0.05,0.05,0.04,0.04,768000
MNST,2000-11-20,0.05,0.05,0.04,0.05,796800
MNST,2000-11-21,0.05,0.05,0.05,0.05,403200
MNST,2000-11-22,0.05,0.05,0.05,0.05,211200
MNST,2000-11-24,0.05,0.05,0.05,0.05,0
MNST,2000-11-27,0.04,0.05,0.04,0.04,3504000
MNST,2000-11-28,0.04,0.04,0.04,0.04,259200
MNST,2000-11-29,0.04,0.04,0.04,0.04,5289600
MNST,2000-11-30,0.04,0.04,0.04,0.04,1804800
MNST,2000-12-01,0.04,0.04,0.04,0.04,969600
MNST,2000-12-04,0.04,0.04,0.03,0.04,2524800
MNST,2000-12-05,0.04,0.04,0.03,0.03,4089600
MNST,2000-12-06,0.03,0.04,0.03,0.04,3504000
MNST,2000-12-07,0.03,0.04,0.03,0.04,441600
MNST,2000-12-08,0.03,0.04,0.03,0.04,950400
MNST,2000-12-11,0.04,0.04,0.04,0.04,1238400
MNST,2000-12-12,0.04,0.04,0.04,0.04,2188800
MNST,2000-12-13,0.04,0.04,0.04,0.04,1238400
MNST,2000-12-14,0.04,0.04,0.04,0.04,1699200
MNST,2000-12-15,0.04,0.04,0.04,0.04,1113600
MNST,2000-12-18,0.04,0.04,0.04,0.04,2496000
MNST,2000-12-19,0.04,0.04,0.04,0.04,393600
MNST,2000-12-20,0.04,0.04,0.04,0.04,1507200
MNST,2000-12-21,0.04,0.04,0.04,0.04,1344000
MNST,2000-12-22,0.04,0.04,0.04,0.04,2390400
MNST,2000-12-26,0.04,0.04,0.04,0.04,902400
MNST,2000-12-27,0.04,0.04,0.04,0.04,12988800
MNST,2000-12-28,0.04,0.04,0.04,0.04,1622400
MNST,2000-12-29,0.04,0.04,0.04,0.04,3484800
