Ticker,Date,Open,High,Low,Close,Volume
APH,2015-01-02,12.17,12.22,11.98,12.09,3136000
APH,2015-01-05,12.0,12.03,11.84,11.87,4789200
APH,2015-01-06,11.87,11.96,11.6,11.71,8298400
APH,2015-01-07,11.83,11.92,11.75,11.91,3245200
APH,2015-01-08,12.05,12.17,12.04,12.15,3911200
APH,2015-01-09,12.16,12.19,12.07,12.08,2463600
APH,2015-01-12,12.07,12.08,11.87,11.93,2605200
APH,2015-01-13,12.06,12.16,11.81,11.9,2992400
APH,2015-01-14,11.74,11.87,11.67,11.82,3551600
APH,2015-01-15,11.88,11.9,11.7,11.7,2707200
APH,2015-01-16,11.66,11.82,11.64,11.81,4332800
APH,2015-01-20,11.83,11.86,11.65,11.8,6205600
APH,2015-01-21,11.71,12.35,11.53,12.15,10832800
APH,2015-01-22,12.2,12.36,12.0,12.34,5552400
APH,2015-01-23,12.37,12.46,12.32,12.37,5597600
APH,2015-01-26,12.33,12.42,12.3,12.35,2982400
APH,2015-01-27,12.19,12.33,12.13,12.24,4060400
APH,2015-01-28,12.37,12.46,12.16,12.16,5963600
APH,2015-01-29,12.19,12.41,12.1,12.38,5270400
APH,2015-01-30,12.32,12.35,12.08,12.1,4596400
APH,2015-02-02,12.16,12.24,11.95,12.22,3786400
APH,2015-02-03,12.24,12.32,12.15,12.3,5589200
APH,2015-02-04,12.27,12.38,12.19,12.3,3245200
APH,2015-02-05,12.32,12.48,12.3,12.45,3184000
APH,2015-02-06,12.43,12.53,12.36,12.4,2929600
APH,2015-02-09,12.35,12.44,12.29,12.35,2705200
APH,2015-02-10,12.44,12.6,12.39,12.56,3463200
APH,2015-02-11,12.55,12.6,12.45,12.52,3162800
APH,2015-02-12,12.55,12.62,12.52,12.62,2236800
APH,2015-02-13,12.59,12.72,12.58,12.71,2764000
APH,2015-02-17,12.7,12.71,12.57,12.62,2779200
APH,2015-02-18,12.62,12.7,12.55,12.67,1753200
APH,2015-02-19,12.65,12.73,12.62,12.67,1625200
APH,2015-02-20,12.66,12.84,12.54,12.83,3411600
APH,2015-02-23,12.79,12.83,12.67,12.78,2625600
APH,2015-02-24,12.79,12.84,12.71,12.8,4992400
APH,2015-02-25,12.79,12.85,12.75,12.81,3343600
APH,2015-02-26,12.84,12.93,12.78,12.8,3395600
APH,2015-02-27,12.76,12.84,12.71,12.72,3699200
APH,2015-03-02,12.72,12.9,12.69,12.89,5311200
APH,2015-03-03,12.85,12.92,12.78,12.92,3844000
APH,2015-03-04,12.87,13.15,12.81,13.12,7485600
APH,2015-03-05,13.18,13.27,13.09,13.23,4297600
APH,2015-03-06,13.15,13.23,12.99,13.02,5068400
APH,2015-03-09,13.01,13.06,12.96,13.03,4414800
APH,2015-03-10,12.91,13.04,12.91,12.93,4819600
APH,2015-03-11,12.95,12.98,12.9,12.94,3206000
APH,2015-03-12,12.95,13.17,12.94,13.16,2777600
APH,2015-03-13,13.16,13.21,13.02,13.09,2965200
APH,2015-03-16,13.15,13.4,13.12,13.39,4557200
APH,2015-03-17,13.33,13.35,13.21,13.32,3744800
APH,2015-03-18,13.29,13.66,13.24,13.59,4250800
APH,2015-03-19,13.57,13.61,13.51,13.54,4592000
APH,2015-03-20,13.6,13.67,13.54,13.56,8190800
APH,2015-03-23,13.58,13.6,13.49,13.49,5468400
APH,2015-03-24,13.49,13.53,13.31,13.34,4196400
APH,2015-03-25,13.34,13.38,13.01,13.01,4218400
APH,2015-03-26,12.98,13.03,12.81,12.98,8228000
APH,2015-03-27,12.99,13.05,12.93,13.02,5116000
APH,2015-03-30,13.14,13.29,13.11,13.27,3367600
APH,2015-03-31,13.17,13.37,13.13,13.31,5270400
APH,2015-04-01,13.25,13.27,13.06,13.16,5339200
APH,2015-04-02,13.11,13.3,13.11,13.28,3358400
APH,2015-04-06,13.2,13.37,13.16,13.32,4066000
APH,2015-04-07,13.28,13.33,13.25,13.29,3355600
APH,2015-04-08,13.27,13.37,13.22,13.37,2902400
APH,2015-04-09,13.35,13.43,13.3,13.39,2313200
APH,2015-04-10,13.39,13.45,13.35,13.44,2156400
APH,2015-04-13,13.41,13.46,13.3,13.33,2940000
APH,2015-04-14,13.28,13.33,13.2,13.31,3342800
APH,2015-04-15,13.33,13.44,13.3,13.37,3806400
APH,2015-04-16,13.32,13.38,13.26,13.27,3236000
APH,2015-04-17,13.17,13.18,13.05,13.09,3596400
APH,2015-04-20,13.18,13.26,13.18,13.2,3528800
APH,2015-04-21,13.26,13.32,13.13,13.13,6375200
APH,2015-04-22,12.79,13.03,12.54,12.83,8589200
APH,2015-04-23,12.73,12.88,12.66,12.8,4694000
APH,2015-04-24,12.8,12.8,12.67,12.68,5086800
APH,2015-04-27,12.68,12.73,12.62,12.7,4808000
APH,2015-04-28,12.66,12.7,12.56,12.64,5322400
APH,2015-04-29,12.55,12.62,12.51,12.6,3532000
APH,2015-04-30,12.52,12.6,12.41,12.5,4872400
APH,2015-05-01,12.59,12.76,12.55,12.76,4655600
APH,2015-05-04,12.77,12.87,12.77,12.83,3350400
APH,2015-05-05,12.8,12.85,12.61,12.63,3538800
APH,2015-05-06,12.7,12.7,12.51,12.58,3104800
APH,2015-05-07,12.61,12.63,12.55,12.59,2382000
APH,2015-05-08,12.7,12.84,12.69,12.83,2549200
APH,2015-05-11,12.78,12.93,12.72,12.91,5279200
APH,2015-05-12,12.83,12.9,12.78,12.82,3412800
APH,2015-05-13,12.87,13.01,12.83,12.86,3304000
APH,2015-05-14,12.97,13.13,12.91,13.12,2935600
APH,2015-05-15,13.07,13.14,13.01,13.05,2314800
APH,2015-05-18,13.0,13.14,13.0,13.13,2025200
APH,2015-05-19,13.17,13.19,13.09,13.11,2082800
APH,2015-05-20,13.1,13.2,13.07,13.16,2817200
APH,2015-05-21,13.19,13.21,13.05,13.09,2668800
APH,2015-05-22,13.05,13.11,12.99,13.08,3365200
APH,2015-05-26,12.95,13.07,12.87,12.91,3855200
APH,2015-05-27,12.95,13.03,12.8,13.02,4263600
APH,2015-05-28,13.0,13.04,12.97,13.01,3076000
APH,2015-05-29,13.0,13.04,12.88,12.88,3321200
APH,2015-06-01,12.9,12.95,12.78,12.92,4324400
APH,2015-06-02,12.87,13.08,12.78,13.02,3853200
APH,2015-06-03,13.02,13.13,12.96,13.07,2931600
APH,2015-06-04,13.01,13.01,12.84,12.86,3380800
APH,2015-06-05,12.82,12.93,12.77,12.9,2101600
APH,2015-06-08,12.92,12.95,12.83,12.87,2852800
APH,2015-06-09,12.81,12.89,12.79,12.83,2240800
APH,2015-06-10,12.87,13.01,12.86,12.99,1806000
APH,2015-06-11,13.01,13.04,12.96,13.01,2125600
APH,2015-06-12,12.93,13.08,12.89,13.06,4098800
APH,2015-06-15,12.96,12.96,12.82,12.9,2830000
APH,2015-06-16,12.9,13.0,12.86,12.93,2746000
APH,2015-06-17,12.97,13.01,12.83,12.91,2694000
APH,2015-06-18,12.95,13.18,12.93,13.17,3176800
APH,2015-06-19,13.11,13.15,13.05,13.06,3855200
APH,2015-06-22,13.15,13.16,13.06,13.11,1924000
APH,2015-06-23,13.11,13.12,13.01,13.06,2660000
APH,2015-06-24,13.07,13.09,12.84,12.85,3743200
APH,2015-06-25,12.88,12.9,12.7,12.71,2721600
APH,2015-06-26,12.73,12.78,12.58,12.6,5658800
APH,2015-06-29,12.59,13.16,12.56,12.86,20193200
APH,2015-06-30,13.01,13.27,13.01,13.12,11082000
APH,2015-07-01,13.24,13.24,12.95,13.0,6364000
APH,2015-07-02,12.99,13.07,12.85,12.9,5760000
APH,2015-07-06,12.77,12.88,12.63,12.68,7061600
APH,2015-07-07,12.68,12.73,12.47,12.65,7464800
APH,2015-07-08,12.52,12.55,12.26,12.27,5292800
APH,2015-07-09,12.46,12.47,12.26,12.29,3661600
APH,2015-07-10,12.45,12.47,12.27,12.34,4282800
APH,2015-07-13,12.43,12.54,12.38,12.53,3925600
APH,2015-07-14,12.51,12.55,12.46,12.48,3401600
APH,2015-07-15,12.5,12.57,12.43,12.45,5833200
APH,2015-07-16,12.53,12.57,12.41,12.44,3641200
APH,2015-07-17,12.45,12.46,12.22,12.29,6749600
APH,2015-07-20,12.32,12.34,12.24,12.3,5198800
APH,2015-07-21,12.31,12.39,12.22,12.24,7044800
APH,2015-07-22,12.48,12.87,12.39,12.85,10652800
APH,2015-07-23,12.9,12.99,12.73,12.73,4328400
APH,2015-07-24,12.72,12.82,12.61,12.64,3851200
APH,2015-07-27,12.6,12.64,12.35,12.39,5228400
APH,2015-07-28,12.43,12.82,12.41,12.8,6827600
APH,2015-07-29,12.78,12.93,12.65,12.91,5758800
APH,2015-07-30,12.91,12.94,12.83,12.88,3041600
APH,2015-07-31,12.92,12.99,12.74,12.77,2574800
APH,2015-08-03,12.72,12.77,12.57,12.66,2641600
APH,2015-08-04,12.65,12.69,12.55,12.58,2257600
APH,2015-08-05,12.67,12.77,12.62,12.69,2421200
APH,2015-08-06,12.67,12.79,12.6,12.61,1989200
APH,2015-08-07,12.58,12.62,12.47,12.57,2225200
APH,2015-08-10,12.81,12.9,12.66,12.82,3190000
APH,2015-08-11,12.69,12.73,12.6,12.65,3729200
APH,2015-08-12,12.57,12.65,12.39,12.62,3128800
APH,2015-08-13,12.63,12.7,12.55,12.55,2768400
APH,2015-08-14,12.53,12.58,12.47,12.58,2160400
APH,2015-08-17,12.5,12.63,12.46,12.63,2737600
APH,2015-08-18,12.63,12.64,12.47,12.49,2183200
APH,2015-08-19,12.41,12.53,12.3,12.5,3773200
APH,2015-08-20,12.38,12.46,12.25,12.25,4540400
APH,2015-08-21,12.15,12.17,11.72,11.73,6859200
APH,2015-08-24,11.03,12.25,10.74,11.1,8834400
APH,2015-08-25,11.49,11.56,11.22,11.22,13494000
APH,2015-08-26,11.53,11.57,11.07,11.45,7293200
APH,2015-08-27,11.59,12.05,11.57,12.04,10703200
APH,2015-08-28,12.0,12.14,11.88,11.97,6200000
APH,2015-08-31,11.89,12.02,11.82,11.85,4318400
APH,2015-09-01,11.56,11.63,11.34,11.4,8866000
APH,2015-09-02,11.56,11.75,11.44,11.75,6676000
APH,2015-09-03,11.76,11.94,11.72,11.76,5381200
APH,2015-09-04,11.63,11.66,11.44,11.52,5281600
APH,2015-09-08,11.71,11.8,11.58,11.71,7824000
APH,2015-09-09,11.84,11.88,11.45,11.48,7381200
APH,2015-09-10,11.42,11.74,11.37,11.66,6791600
APH,2015-09-11,11.57,11.7,11.56,11.7,6875600
APH,2015-09-14,11.71,11.75,11.61,11.69,5422000
APH,2015-09-15,11.77,11.91,11.71,11.86,4807600
APH,2015-09-16,11.83,11.97,11.8,11.96,5149600
APH,2015-09-17,11.98,12.19,11.96,11.99,6289600
APH,2015-09-18,11.82,11.94,11.76,11.79,8463200
APH,2015-09-21,11.82,11.92,11.7,11.8,3599600
APH,2015-09-22,11.6,11.67,11.45,11.5,4112000
APH,2015-09-23,11.49,11.56,11.39,11.45,2890000
APH,2015-09-24,11.34,11.4,11.19,11.36,5427200
APH,2015-09-25,11.47,11.59,11.42,11.49,3843600
APH,2015-09-28,11.39,11.43,11.18,11.23,5133200
APH,2015-09-29,11.23,11.34,11.2,11.28,3894800
APH,2015-09-30,11.47,11.59,11.37,11.56,6258400
APH,2015-10-01,11.54,11.58,11.23,11.35,6943600
APH,2015-10-02,11.21,11.46,11.15,11.46,7927200
APH,2015-10-05,11.55,11.77,11.51,11.75,3794000
APH,2015-10-06,11.77,11.8,11.59,11.63,3891200
APH,2015-10-07,11.69,11.86,11.62,11.72,5570800
APH,2015-10-08,11.7,11.83,11.63,11.82,3851200
APH,2015-10-09,11.82,11.89,11.75,11.78,2736400
APH,2015-10-12,11.77,11.82,11.69,11.81,2956400
APH,2015-10-13,11.72,11.83,11.71,11.73,2435600
APH,2015-10-14,11.73,11.87,11.68,11.78,4151600
APH,2015-10-15,11.86,12.02,11.78,11.99,4832000
APH,2015-10-16,12.03,12.13,11.99,12.1,5951200
APH,2015-10-19,12.05,12.08,11.97,12.04,4714800
APH,2015-10-20,12.03,12.14,12.0,12.12,5352800
APH,2015-10-21,11.35,11.69,11.12,11.44,18854400
APH,2015-10-22,11.48,11.97,11.46,11.82,12183600
APH,2015-10-23,11.88,12.15,11.83,12.15,10460000
APH,2015-10-26,12.09,12.22,12.08,12.21,6075200
APH,2015-10-27,12.16,12.25,12.16,12.25,6403600
APH,2015-10-28,12.23,12.35,12.14,12.35,7745600
APH,2015-10-29,12.32,12.41,12.25,12.34,4884400
APH,2015-10-30,12.37,12.42,12.29,12.3,4404000
APH,2015-11-02,12.31,12.51,12.31,12.5,4691600
APH,2015-11-03,12.46,12.53,12.41,12.45,6419200
APH,2015-11-04,12.47,12.56,12.41,12.46,3878800
APH,2015-11-05,12.44,12.52,12.34,12.41,4170400
APH,2015-11-06,12.36,12.54,12.36,12.52,5336400
APH,2015-11-09,12.46,12.51,12.33,12.46,6522400
APH,2015-11-10,12.39,12.39,12.25,12.35,4110000
APH,2015-11-11,12.4,12.5,12.35,12.42,2903200
APH,2015-11-12,12.31,12.37,12.23,12.23,3048000
APH,2015-11-13,12.18,12.26,12.02,12.03,4322800
APH,2015-11-16,12.2,12.4,12.12,12.37,4462400
APH,2015-11-17,12.38,12.39,12.14,12.22,5228000
APH,2015-11-18,12.26,12.45,12.18,12.43,3976800
APH,2015-11-19,12.47,12.48,12.37,12.39,4014400
APH,2015-11-20,12.44,12.48,12.34,12.42,4308800
APH,2015-11-23,12.45,12.58,12.42,12.57,4479200
APH,2015-11-24,12.5,12.53,12.36,12.41,6056400
APH,2015-11-25,12.41,12.47,12.39,12.43,2418800
APH,2015-11-27,12.42,12.5,12.39,12.47,1170800
APH,2015-11-30,12.52,12.54,12.42,12.49,3812800
APH,2015-12-01,12.53,12.63,12.52,12.59,3823600
APH,2015-12-02,12.6,12.63,12.37,12.39,3457200
APH,2015-12-03,12.42,12.42,12.11,12.17,4144000
APH,2015-12-04,12.23,12.44,12.18,12.43,3780000
APH,2015-12-07,12.39,12.46,12.34,12.41,2627200
APH,2015-12-08,12.29,12.43,12.25,12.33,3831200
APH,2015-12-09,12.25,12.38,12.1,12.23,5538000
APH,2015-12-10,12.2,12.27,12.1,12.15,5185200
APH,2015-12-11,12.06,12.1,11.94,11.97,3622000
APH,2015-12-14,11.96,12.07,11.86,12.02,3896000
APH,2015-12-15,12.1,12.12,11.86,11.93,6358000
APH,2015-12-16,11.99,12.07,11.84,12.03,5284000
APH,2015-12-17,12.03,12.17,11.99,12.0,5348000
APH,2015-12-18,11.91,11.94,11.74,11.75,8813200
APH,2015-12-21,11.86,11.97,11.74,11.85,3504000
APH,2015-12-22,11.93,12.08,11.88,12.06,3783600
APH,2015-12-23,12.12,12.22,12.07,12.18,2803600
APH,2015-12-24,12.17,12.2,12.11,12.15,1038000
APH,2015-12-28,12.12,12.18,12.01,12.1,2086000
APH,2015-12-29,12.19,12.22,12.07,12.16,2070400
APH,2015-12-30,12.15,12.18,12.04,12.04,1954800
APH,2015-12-31,12.01,12.01,11.88,11.88,3086000
APH,2016-01-04,11.62,11.66,11.47,11.57,6374000
APH,2016-01-05,11.58,11.65,11.41,11.44,8320000
APH,2016-01-06,11.27,11.32,11.15,11.17,8390400
APH,2016-01-07,10.96,11.05,10.69,10.77,8580800
APH,2016-01-08,10.81,10.85,10.58,10.61,7626800
APH,2016-01-11,10.7,10.75,10.34,10.53,9808400
APH,2016-01-12,10.66,10.81,10.53,10.79,11367200
APH,2016-01-13,10.81,10.86,10.55,10.59,12525600
APH,2016-01-14,10.66,10.71,10.49,10.63,13393600
APH,2016-01-15,10.36,10.45,10.24,10.35,15293200
APH,2016-01-19,10.47,10.6,10.27,10.33,13147200
APH,2016-01-20,10.13,10.75,10.12,10.58,17500400
APH,2016-01-21,10.68,11.16,10.61,10.87,15670800
APH,2016-01-22,11.04,11.13,11.01,11.08,7684800
APH,2016-01-25,11.04,11.08,10.92,10.96,6800800
APH,2016-01-26,11.0,11.14,10.99,11.05,7291600
APH,2016-01-27,11.01,11.11,10.93,11.01,9028000
APH,2016-01-28,11.09,11.13,10.96,11.03,6335600
APH,2016-01-29,11.1,11.28,11.1,11.28,8344000
APH,2016-02-01,11.17,11.4,11.16,11.35,6935600
APH,2016-02-02,11.19,11.32,11.17,11.19,12142800
APH,2016-02-03,11.25,11.29,11.01,11.16,9034000
APH,2016-02-04,11.16,11.32,11.1,11.28,6292800
APH,2016-02-05,11.21,11.3,11.16,11.27,10578800
APH,2016-02-08,11.14,11.24,10.96,11.14,13498000
APH,2016-02-09,11.03,11.21,11.0,11.16,10063600
APH,2016-02-10,11.23,11.43,11.22,11.31,7397600
APH,2016-02-11,11.09,11.22,11.03,11.15,6600800
APH,2016-02-12,11.25,11.3,11.12,11.27,6454000
APH,2016-02-16,11.43,11.58,11.37,11.54,4898400
APH,2016-02-17,11.61,11.84,11.59,11.84,5679600
APH,2016-02-18,11.84,11.94,11.8,11.85,4368400
APH,2016-02-19,11.83,11.89,11.75,11.85,6669200
APH,2016-02-22,11.94,12.01,11.86,11.94,4516800
APH,2016-02-23,11.93,11.95,11.85,11.86,5230000
APH,2016-02-24,11.79,11.94,11.71,11.93,3303200
APH,2016-02-25,11.93,12.01,11.81,11.99,4393600
APH,2016-02-26,12.03,12.15,11.98,12.04,2981200
APH,2016-02-29,12.04,12.21,12.03,12.07,6432000
APH,2016-03-01,12.19,12.6,12.16,12.48,12533600
APH,2016-03-02,12.45,12.58,12.42,12.56,4822000
APH,2016-03-03,12.54,12.71,12.5,12.7,4701200
APH,2016-03-04,12.74,12.87,12.68,12.79,8801200
APH,2016-03-07,12.68,12.94,12.67,12.91,6505200
APH,2016-03-08,12.83,12.85,12.62,12.67,7379600
APH,2016-03-09,12.7,12.76,12.63,12.69,3620400
APH,2016-03-10,12.7,12.75,12.48,12.61,3513200
APH,2016-03-11,12.77,12.83,12.68,12.81,3429600
APH,2016-03-14,12.66,12.72,12.58,12.7,5495200
APH,2016-03-15,12.59,12.69,12.54,12.66,6553200
APH,2016-03-16,12.67,12.9,12.66,12.87,5533600
APH,2016-03-17,12.84,13.08,12.79,13.03,4946000
APH,2016-03-18,13.1,13.23,13.06,13.15,6758000
APH,2016-03-21,13.14,13.15,13.0,13.04,5074400
APH,2016-03-22,13.01,13.13,12.98,13.06,3582800
APH,2016-03-23,13.05,13.06,12.95,12.97,2660400
APH,2016-03-24,12.91,13.1,12.85,13.04,5817200
APH,2016-03-28,13.07,13.11,12.99,13.05,3125600
APH,2016-03-29,12.98,13.19,12.94,13.18,3124400
APH,2016-03-30,13.24,13.31,13.12,13.16,4555600
APH,2016-03-31,13.16,13.22,13.12,13.19,5718400
APH,2016-04-01,13.1,13.36,12.99,13.34,5037200
APH,2016-04-04,13.37,13.37,13.25,13.28,3704400
APH,2016-04-05,13.21,13.35,13.19,13.28,6172400
APH,2016-04-06,13.23,13.35,13.19,13.32,3695200
APH,2016-04-07,13.25,13.3,13.14,13.18,7488000
APH,2016-04-08,13.27,13.43,13.26,13.31,3810400
APH,2016-04-11,13.34,13.48,13.27,13.33,3616000
APH,2016-04-12,13.28,13.32,13.18,13.29,5144800
APH,2016-04-13,13.41,13.48,13.34,13.47,4339600
APH,2016-04-14,13.49,13.5,13.36,13.4,2750800
APH,2016-04-15,13.4,13.42,13.31,13.4,5258400
APH,2016-04-18,13.38,13.4,13.33,13.34,5226000
APH,2016-04-19,13.4,13.44,13.27,13.3,7293600
APH,2016-04-20,13.43,13.48,13.02,13.19,6746000
APH,2016-04-21,13.2,13.29,12.94,12.96,5393600
APH,2016-04-22,12.94,13.03,12.89,12.99,5596400
APH,2016-04-25,12.93,12.98,12.83,12.94,3172800
APH,2016-04-26,12.99,13.06,12.91,13.01,6360000
APH,2016-04-27,12.94,13.03,12.88,13.0,4908400
APH,2016-04-28,12.92,13.01,12.8,12.87,3844800
APH,2016-04-29,12.8,12.81,12.63,12.73,5133200
APH,2016-05-02,12.75,12.85,12.66,12.83,3596800
APH,2016-05-03,12.77,12.79,12.66,12.71,3265200
APH,2016-05-04,12.66,12.7,12.57,12.63,2968800
APH,2016-05-05,12.67,12.74,12.62,12.69,4508400
APH,2016-05-06,12.63,12.77,12.58,12.74,3318800
APH,2016-05-09,12.75,12.85,12.72,12.81,5686800
APH,2016-05-10,12.85,12.92,12.8,12.88,5689600
APH,2016-05-11,12.88,12.94,12.79,12.81,2808000
APH,2016-05-12,12.87,12.87,12.6,12.73,2863200
APH,2016-05-13,12.7,12.79,12.54,12.56,4551200
APH,2016-05-16,12.54,12.75,12.53,12.69,3900400
APH,2016-05-17,12.65,12.75,12.6,12.64,3845200
APH,2016-05-18,12.62,12.75,12.57,12.7,4702400
APH,2016-05-19,12.61,12.68,12.54,12.62,4344000
APH,2016-05-20,12.71,12.81,12.71,12.78,4786800
APH,2016-05-23,12.79,12.89,12.77,12.86,3555200
APH,2016-05-24,12.88,13.17,12.87,13.14,4067600
APH,2016-05-25,13.17,13.22,13.12,13.15,5142000
APH,2016-05-26,13.13,13.26,13.1,13.23,4132000
APH,2016-05-27,13.27,13.35,13.2,13.26,4632800
APH,2016-05-31,13.27,13.41,13.27,13.39,9705600
APH,2016-06-01,13.33,13.44,13.3,13.41,4646800
APH,2016-06-02,13.38,13.48,13.37,13.48,3040000
APH,2016-06-03,13.47,13.54,13.39,13.52,3677600
APH,2016-06-06,13.52,13.61,13.49,13.55,5071600
APH,2016-06-07,13.52,13.65,13.45,13.61,6082000
APH,2016-06-08,13.61,13.72,13.61,13.71,4727600
APH,2016-06-09,13.63,13.7,13.62,13.68,2869200
APH,2016-06-10,13.55,13.63,13.55,13.6,3360000
APH,2016-06-13,13.53,13.59,13.4,13.41,3094400
APH,2016-06-14,13.39,13.41,13.33,13.39,2768000
APH,2016-06-15,13.46,13.49,13.37,13.38,2592800
APH,2016-06-16,13.29,13.35,13.19,13.33,3544400
APH,2016-06-17,13.32,13.32,13.15,13.23,8087600
APH,2016-06-20,13.3,13.45,13.28,13.32,5385200
APH,2016-06-21,13.36,13.42,13.3,13.32,2916400
APH,2016-06-22,13.34,13.39,13.3,13.31,2768400
APH,2016-06-23,13.42,13.62,13.39,13.61,4637200
APH,2016-06-24,13.15,13.28,13.05,13.09,9642800
APH,2016-06-27,12.92,12.96,12.63,12.69,11636800
APH,2016-06-28,12.78,12.78,12.6,12.77,8160800
APH,2016-06-29,12.86,12.92,12.67,12.89,8312800
APH,2016-06-30,12.93,13.11,12.88,13.11,5244400
APH,2016-07-01,13.11,13.18,13.05,13.09,3146400
APH,2016-07-05,12.99,12.99,12.73,12.8,4689200
APH,2016-07-06,12.71,12.82,12.66,12.81,5525600
APH,2016-07-07,12.81,12.97,12.79,12.83,4752400
APH,2016-07-08,12.96,13.16,12.96,13.11,5581600
APH,2016-07-11,13.14,13.23,13.12,13.16,4388800
APH,2016-07-12,13.25,13.25,13.13,13.19,5080800
APH,2016-07-13,13.25,13.28,13.14,13.26,3874800
APH,2016-07-14,13.37,13.48,13.31,13.35,4234000
APH,2016-07-15,13.41,13.54,13.37,13.51,5130000
APH,2016-07-18,13.53,13.6,13.49,13.51,4249200
APH,2016-07-19,13.46,13.5,13.34,13.39,4972800
APH,2016-07-20,13.4,13.83,13.34,13.53,10766800
APH,2016-07-21,13.53,13.63,13.47,13.54,6748400
APH,2016-07-22,13.47,13.53,13.45,13.48,6108400
APH,2016-07-25,13.5,13.51,13.39,13.41,4853600
APH,2016-07-26,13.42,13.59,13.39,13.58,6513600
APH,2016-07-27,13.64,13.67,13.36,13.52,6678800
APH,2016-07-28,13.48,13.55,13.35,13.53,5745200
APH,2016-07-29,13.52,13.62,13.48,13.61,5621600
APH,2016-08-01,13.6,13.66,13.56,13.59,4331600
APH,2016-08-02,13.55,13.59,13.39,13.42,4502000
APH,2016-08-03,13.44,13.51,13.42,13.5,2925600
APH,2016-08-04,13.49,13.61,13.47,13.53,3525600
APH,2016-08-05,13.57,13.7,13.57,13.7,3260800
APH,2016-08-08,13.69,13.74,13.66,13.69,2529600
APH,2016-08-09,13.72,13.76,13.69,13.75,2213600
APH,2016-08-10,13.75,13.78,13.67,13.74,3020400
APH,2016-08-11,13.77,13.83,13.74,13.8,3423200
APH,2016-08-12,13.78,13.83,13.77,13.81,3061200
APH,2016-08-15,13.83,13.9,13.8,13.84,5482800
APH,2016-08-16,13.8,13.87,13.68,13.68,3728400
APH,2016-08-17,13.71,13.72,13.62,13.71,2696400
APH,2016-08-18,13.7,13.87,13.7,13.83,9556400
APH,2016-08-19,13.8,14.03,13.78,13.99,4784000
APH,2016-08-22,13.95,14.06,13.92,14.06,3557200
APH,2016-08-23,14.12,14.13,14.05,14.06,2961600
APH,2016-08-24,14.05,14.14,14.02,14.04,3586000
APH,2016-08-25,14.0,14.06,13.95,14.05,2221200
APH,2016-08-26,14.1,14.24,13.97,14.06,4866400
APH,2016-08-29,14.06,14.27,14.04,14.19,4835200
APH,2016-08-30,14.2,14.26,14.17,14.24,4976800
APH,2016-08-31,14.2,14.28,14.18,14.25,5012400
APH,2016-09-01,14.21,14.28,14.14,14.25,4221200
APH,2016-09-02,14.28,14.33,14.25,14.31,3176800
APH,2016-09-06,14.31,14.39,14.28,14.33,3922800
APH,2016-09-07,14.39,14.42,14.29,14.37,5462800
APH,2016-09-08,14.31,14.42,14.3,14.38,7153600
APH,2016-09-09,14.24,14.31,14.04,14.04,8226000
APH,2016-09-12,13.98,14.28,13.97,14.25,5592000
APH,2016-09-13,14.12,14.25,14.07,14.12,4502000
APH,2016-09-14,14.11,14.17,14.06,14.16,3477200
APH,2016-09-15,14.16,14.43,14.15,14.39,4545600
APH,2016-09-16,14.33,14.43,14.29,14.42,7469200
APH,2016-09-19,14.45,14.62,14.43,14.61,6420000
APH,2016-09-20,14.92,14.93,14.69,14.69,10486800
APH,2016-09-21,14.73,14.89,14.68,14.87,4593600
APH,2016-09-22,14.89,15.07,14.89,15.05,4455200
APH,2016-09-23,15.01,15.01,14.76,14.76,4854400
APH,2016-09-26,14.73,14.78,14.66,14.67,5262400
APH,2016-09-27,14.66,14.78,14.56,14.78,10248000
APH,2016-09-28,14.83,14.9,14.77,14.89,6828000
APH,2016-09-29,14.89,14.91,14.77,14.82,5168800
APH,2016-09-30,14.85,14.94,14.83,14.88,6064800
APH,2016-10-03,14.82,14.89,14.75,14.76,4804000
APH,2016-10-04,14.8,14.83,14.69,14.73,3450000
APH,2016-10-05,14.82,14.93,14.73,14.87,3931200
APH,2016-10-06,14.88,15.02,14.82,15.01,4055600
APH,2016-10-07,14.99,15.01,14.85,14.98,6523600
APH,2016-10-10,15.04,15.07,14.83,14.86,4190800
APH,2016-10-11,14.82,14.86,14.59,14.66,4976400
APH,2016-10-12,14.68,14.74,14.58,14.66,3518000
APH,2016-10-13,14.53,14.54,14.35,14.5,6017600
APH,2016-10-14,14.58,14.69,14.52,14.56,4789600
APH,2016-10-17,14.6,14.62,14.43,14.45,4524800
APH,2016-10-18,14.58,14.61,14.37,14.48,6943200
APH,2016-10-19,14.89,14.97,14.69,14.83,8812800
APH,2016-10-20,14.9,15.3,14.88,15.22,13976400
APH,2016-10-21,15.09,15.19,14.96,15.11,9875200
APH,2016-10-24,15.23,15.27,15.06,15.12,6687600
APH,2016-10-25,15.12,15.12,14.85,14.94,5469600
APH,2016-10-26,14.89,15.07,14.88,15.01,4362000
APH,2016-10-27,15.07,15.1,14.97,14.98,5487600
APH,2016-10-28,15.01,15.14,14.93,15.01,4248800
APH,2016-10-31,15.06,15.15,15.04,15.11,5664000
APH,2016-11-01,15.15,15.23,15.02,15.13,7331600
APH,2016-11-02,15.07,15.15,14.88,14.92,6604400
APH,2016-11-03,14.93,14.96,14.83,14.87,3990000
APH,2016-11-04,14.88,14.99,14.85,14.87,3337600
APH,2016-11-07,15.07,15.25,15.07,15.25,4243600
APH,2016-11-08,15.23,15.34,15.16,15.31,2785200
APH,2016-11-09,15.04,15.48,14.88,15.43,6874400
APH,2016-11-10,15.48,15.56,15.21,15.23,7521200
APH,2016-11-11,15.17,15.31,15.14,15.27,4989600
APH,2016-11-14,15.32,15.38,15.2,15.27,4542400
APH,2016-11-15,15.32,15.4,15.23,15.38,3902800
APH,2016-11-16,15.37,15.55,15.28,15.54,4741600
APH,2016-11-17,15.55,15.61,15.44,15.58,5217600
APH,2016-11-18,15.61,15.7,15.51,15.59,9712800
APH,2016-11-21,15.63,15.7,15.49,15.57,5153600
APH,2016-11-22,15.62,15.63,15.54,15.59,3279600
APH,2016-11-23,15.57,15.63,15.53,15.59,2621600
APH,2016-11-25,15.57,15.73,15.54,15.73,1509200
APH,2016-11-28,15.72,15.76,15.67,15.69,6068400
APH,2016-11-29,15.66,15.76,15.65,15.68,5189600
APH,2016-11-30,15.73,15.85,15.62,15.64,5532000
APH,2016-12-01,15.63,15.68,15.2,15.29,8952000
APH,2016-12-02,15.33,15.46,15.32,15.43,6492800
APH,2016-12-05,15.57,15.62,15.48,15.55,5297600
APH,2016-12-06,15.55,15.6,15.45,15.49,4244400
APH,2016-12-07,15.5,15.62,15.42,15.6,6750000
APH,2016-12-08,15.63,15.8,15.6,15.77,3415200
APH,2016-12-09,15.79,15.81,15.69,15.73,3018800
APH,2016-12-12,15.65,15.7,15.5,15.54,5892000
APH,2016-12-13,15.59,15.72,15.51,15.6,6267200
APH,2016-12-14,15.6,15.76,15.54,15.56,5064000
APH,2016-12-15,15.58,15.72,15.53,15.61,7262000
APH,2016-12-16,15.64,15.7,15.44,15.48,9487600
APH,2016-12-19,15.48,15.62,15.47,15.62,3639600
APH,2016-12-20,15.66,15.72,15.6,15.69,3167600
APH,2016-12-21,15.71,15.72,15.63,15.67,3594000
APH,2016-12-22,15.67,15.71,15.52,15.68,3602000
APH,2016-12-23,15.67,15.75,15.62,15.69,2004800
APH,2016-12-27,15.69,15.74,15.66,15.7,1508400
APH,2016-12-28,15.7,15.7,15.51,15.52,2186000
APH,2016-12-29,15.54,15.62,15.42,15.53,2348000
APH,2016-12-30,15.59,15.59,15.38,15.43,3506800
APH,2017-01-03,15.52,15.67,15.41,15.49,3305200
APH,2017-01-04,15.51,15.65,15.5,15.6,3468400
APH,2017-01-05,15.62,15.71,15.48,15.52,3368000
APH,2017-01-06,15.56,15.68,15.48,15.64,2550800
APH,2017-01-09,15.62,15.67,15.47,15.47,2836000
APH,2017-01-10,15.48,15.61,15.42,15.57,2699200
APH,2017-01-11,15.52,15.58,15.47,15.58,3008800
APH,2017-01-12,15.51,15.62,15.37,15.61,3076400
APH,2017-01-13,15.64,15.73,15.62,15.64,3366800
APH,2017-01-17,15.57,15.64,15.46,15.55,2870000
APH,2017-01-18,15.62,15.73,15.56,15.68,3242800
APH,2017-01-19,15.64,15.72,15.58,15.67,3433600
APH,2017-01-20,15.73,15.8,15.68,15.75,4756400
APH,2017-01-23,15.7,15.8,15.47,15.61,4932800
APH,2017-01-24,15.68,15.83,15.62,15.79,8990000
APH,2017-01-25,15.8,15.9,15.25,15.39,12655600
APH,2017-01-26,15.5,15.5,15.22,15.3,5505600
APH,2017-01-27,15.36,15.48,15.31,15.37,5702800
APH,2017-01-30,15.39,15.4,15.23,15.38,5277200
APH,2017-01-31,15.38,15.53,15.24,15.5,7429200
APH,2017-02-01,15.51,15.54,15.24,15.3,5969200
APH,2017-02-02,15.28,15.47,15.16,15.42,5383600
APH,2017-02-03,15.48,15.54,15.39,15.49,5703600
APH,2017-02-06,15.46,15.55,15.38,15.4,6824800
APH,2017-02-07,15.46,15.58,15.43,15.45,5561200
APH,2017-02-08,15.45,15.71,15.45,15.62,6232800
APH,2017-02-09,15.62,15.8,15.62,15.68,5292800
APH,2017-02-10,15.67,15.83,15.64,15.79,4463600
APH,2017-02-13,15.85,15.9,15.8,15.84,4273200
APH,2017-02-14,15.81,15.88,15.75,15.88,4198400
APH,2017-02-15,15.81,15.9,15.75,15.85,5854400
APH,2017-02-16,15.88,15.95,15.81,15.93,3534000
APH,2017-02-17,15.94,15.95,15.78,15.95,4413200
APH,2017-02-21,15.93,16.01,15.88,15.98,4214000
APH,2017-02-22,15.98,16.07,15.97,16.04,3237200
APH,2017-02-23,16.08,16.13,15.89,16.07,9816400
APH,2017-02-24,15.97,16.13,15.94,16.12,5253600
APH,2017-02-27,16.08,16.14,15.94,15.95,4762400
APH,2017-02-28,15.93,15.94,15.84,15.9,5386000
APH,2017-03-01,15.97,16.31,15.96,16.28,6047600
APH,2017-03-02,16.25,16.3,16.17,16.19,3262000
APH,2017-03-03,16.17,16.23,16.13,16.18,3642400
APH,2017-03-06,16.09,16.17,16.09,16.11,3656000
APH,2017-03-07,16.13,16.19,16.07,16.14,2674800
APH,2017-03-08,16.11,16.21,16.06,16.16,3728400
APH,2017-03-09,16.13,16.22,16.03,16.11,2875600
APH,2017-03-10,16.16,16.26,16.14,16.2,2656400
APH,2017-03-13,16.19,16.4,16.14,16.4,4970000
APH,2017-03-14,16.33,16.35,16.23,16.29,3487600
APH,2017-03-15,16.37,16.53,16.35,16.5,8618800
APH,2017-03-16,16.51,16.56,16.4,16.44,4559600
APH,2017-03-17,16.44,16.5,16.39,16.42,4996400
APH,2017-03-20,16.41,16.46,16.31,16.42,2812400
APH,2017-03-21,16.46,16.54,16.17,16.21,4643200
APH,2017-03-22,16.27,16.35,16.16,16.33,4803200
APH,2017-03-23,16.33,16.43,16.24,16.32,4024800
APH,2017-03-24,16.37,16.48,16.3,16.34,4956400
APH,2017-03-27,16.2,16.35,16.08,16.34,3663600
APH,2017-03-28,16.33,16.46,16.25,16.42,3776800
APH,2017-03-29,16.34,16.44,16.31,16.41,4459600
APH,2017-03-30,16.4,16.56,16.39,16.55,3652800
APH,2017-03-31,16.51,16.53,16.36,16.38,5937200
APH,2017-04-03,16.36,16.37,16.05,16.18,4805600
APH,2017-04-04,16.15,16.22,16.0,16.09,4152400
APH,2017-04-05,16.14,16.19,16.0,16.01,4819600
APH,2017-04-06,16.0,16.17,15.96,16.1,3212400
APH,2017-04-07,16.08,16.14,16.04,16.06,3649600
APH,2017-04-10,16.1,16.17,16.01,16.03,3082000
APH,2017-04-11,16.0,16.07,15.87,16.05,3199200
APH,2017-04-12,16.08,16.1,15.78,15.85,4778800
APH,2017-04-13,15.83,15.92,15.8,15.8,3617600
APH,2017-04-17,15.88,16.01,15.84,16.0,2678400
APH,2017-04-18,15.99,16.12,15.98,16.1,4859600
APH,2017-04-19,16.18,16.27,16.11,16.14,3946400
APH,2017-04-20,16.21,16.36,16.17,16.3,3561600
APH,2017-04-21,16.3,16.31,16.18,16.22,4494000
APH,2017-04-24,16.41,16.56,16.37,16.56,4853600
APH,2017-04-25,16.58,16.69,16.51,16.61,5710800
APH,2017-04-26,16.8,16.98,16.49,16.51,10000400
APH,2017-04-27,16.58,16.76,16.55,16.75,4117200
APH,2017-04-28,16.72,16.75,16.55,16.64,4846400
APH,2017-05-01,16.71,16.72,16.55,16.55,4424000
APH,2017-05-02,16.54,16.58,16.4,16.46,4330400
APH,2017-05-03,16.4,16.43,16.32,16.41,3634000
APH,2017-05-04,16.46,16.57,16.39,16.54,3353200
APH,2017-05-05,16.58,16.62,16.5,16.6,1950800
APH,2017-05-08,16.59,16.74,16.57,16.69,3626400
APH,2017-05-09,16.68,16.77,16.68,16.72,3026400
APH,2017-05-10,16.72,16.8,16.63,16.8,4767200
APH,2017-05-11,16.7,16.75,16.61,16.72,2475600
APH,2017-05-12,16.7,16.78,16.68,16.77,2593200
APH,2017-05-15,16.8,16.89,16.76,16.84,5761600
APH,2017-05-16,16.91,17.0,16.83,16.97,3480000
APH,2017-05-17,16.97,16.97,16.7,16.7,5628800
APH,2017-05-18,16.6,16.76,16.43,16.68,3809200
APH,2017-05-19,16.74,16.86,16.72,16.78,3356400
APH,2017-05-22,16.8,16.96,16.77,16.94,3842800
APH,2017-05-23,16.94,17.01,16.87,16.89,3891200
APH,2017-05-24,16.94,17.08,16.89,17.02,3956000
APH,2017-05-25,17.12,17.19,17.03,17.16,3747600
APH,2017-05-26,17.16,17.23,17.11,17.22,3787200
APH,2017-05-30,17.15,17.26,17.15,17.24,3877200
APH,2017-05-31,17.26,17.3,17.16,17.17,10865600
APH,2017-06-01,17.25,17.34,17.22,17.29,4469600
APH,2017-06-02,17.33,17.4,17.25,17.39,3668400
APH,2017-06-05,17.39,17.53,17.35,17.4,3950400
APH,2017-06-06,17.31,17.48,17.31,17.39,3342400
APH,2017-06-07,17.46,17.49,17.36,17.48,2865200
APH,2017-06-08,17.48,17.55,17.39,17.53,4170000
APH,2017-06-09,17.54,17.65,17.33,17.44,5136400
APH,2017-06-12,17.36,17.4,17.18,17.36,4784000
APH,2017-06-13,17.4,17.5,17.4,17.48,4679600
APH,2017-06-14,17.47,17.53,17.4,17.48,4237200
APH,2017-06-15,17.35,17.56,17.29,17.53,4410400
APH,2017-06-16,17.53,17.64,17.43,17.45,8943600
APH,2017-06-19,17.51,17.54,17.37,17.45,5860000
APH,2017-06-20,17.43,17.47,17.28,17.29,4900800
APH,2017-06-21,17.28,17.31,17.2,17.24,6167200
APH,2017-06-22,17.24,17.26,17.11,17.15,4147200
APH,2017-06-23,17.18,17.35,17.12,17.32,6458400
APH,2017-06-26,17.37,17.44,17.22,17.24,3807600
APH,2017-06-27,17.22,17.23,17.12,17.12,4745200
APH,2017-06-28,17.26,17.36,17.16,17.33,3341200
APH,2017-06-29,17.32,17.32,16.9,17.01,3691200
APH,2017-06-30,17.08,17.13,16.92,17.03,5788800
APH,2017-07-03,17.14,17.14,16.86,16.86,2321200
APH,2017-07-05,16.96,17.03,16.85,17.02,4706800
APH,2017-07-06,16.8,16.9,16.69,16.72,5820400
APH,2017-07-07,16.81,16.99,16.79,16.93,3835600
APH,2017-07-10,16.87,17.05,16.82,17.02,4100800
APH,2017-07-11,17.01,17.07,16.92,16.99,2899600
APH,2017-07-12,17.11,17.22,17.05,17.2,4098000
APH,2017-07-13,17.21,17.29,17.18,17.21,2638400
APH,2017-07-14,17.22,17.22,17.15,17.2,4211200
APH,2017-07-17,17.2,17.34,17.14,17.26,2780800
APH,2017-07-18,17.21,17.3,17.17,17.28,3034000
APH,2017-07-19,17.34,17.45,17.3,17.43,3166000
APH,2017-07-20,17.41,17.48,17.33,17.45,3942400
APH,2017-07-21,17.4,17.49,17.36,17.43,3305200
APH,2017-07-24,17.46,17.5,17.36,17.45,4470400
APH,2017-07-25,17.5,17.57,17.39,17.49,6426400
APH,2017-07-26,17.58,17.87,17.08,17.29,9146800
APH,2017-07-27,17.29,17.51,17.26,17.49,8140400
APH,2017-07-28,17.52,17.59,17.35,17.56,5830800
APH,2017-07-31,17.64,17.73,17.55,17.67,5895600
APH,2017-08-01,17.94,17.94,17.71,17.85,4414400
APH,2017-08-02,17.9,17.99,17.86,17.95,5955200
APH,2017-08-03,17.93,18.08,17.89,17.95,8390800
APH,2017-08-04,18.01,18.02,17.87,17.91,4823200
APH,2017-08-07,17.89,18.01,17.89,17.99,4507600
APH,2017-08-08,17.91,18.07,17.91,17.98,3420400
APH,2017-08-09,17.94,18.13,17.88,18.1,4543200
APH,2017-08-10,18.01,18.07,17.93,17.94,7400400
APH,2017-08-11,17.99,18.03,17.92,17.98,4405600
APH,2017-08-14,18.08,18.31,18.05,18.25,5467200
APH,2017-08-15,18.28,18.31,18.2,18.2,7659600
APH,2017-08-16,18.26,18.38,18.22,18.3,3748800
APH,2017-08-17,18.23,18.33,18.2,18.21,5164400
APH,2017-08-18,18.19,18.22,18.07,18.09,3496000
APH,2017-08-21,18.06,18.17,18.02,18.16,3234800
APH,2017-08-22,18.2,18.4,18.2,18.38,4125600
APH,2017-08-23,18.27,18.44,18.2,18.31,4042400
APH,2017-08-24,18.33,18.34,18.22,18.31,2792400
APH,2017-08-25,18.4,18.49,18.36,18.4,5246000
APH,2017-08-28,18.45,18.45,18.35,18.4,2938400
APH,2017-08-29,18.3,18.53,18.24,18.49,3143200
APH,2017-08-30,18.48,18.56,18.45,18.52,3936400
APH,2017-08-31,18.57,18.71,18.53,18.67,4314400
APH,2017-09-01,18.68,18.72,18.52,18.65,3467600
APH,2017-09-05,18.61,18.66,18.42,18.53,3287600
APH,2017-09-06,18.6,18.62,18.46,18.59,3258800
APH,2017-09-07,18.62,18.64,18.52,18.57,2772000
APH,2017-09-08,18.52,18.66,18.47,18.57,2837200
APH,2017-09-11,18.69,18.93,18.68,18.9,4095200
APH,2017-09-12,18.9,18.98,18.86,18.94,3028800
APH,2017-09-13,18.93,18.94,18.78,18.85,3168800
APH,2017-09-14,18.8,18.98,18.8,18.96,3129600
APH,2017-09-15,19.0,19.1,18.92,19.09,4529200
APH,2017-09-18,19.09,19.19,19.01,19.14,4298400
APH,2017-09-19,19.21,19.22,19.11,19.21,2733600
APH,2017-09-20,19.24,19.25,19.05,19.19,2623600
APH,2017-09-21,19.24,19.27,19.14,19.22,2913600
APH,2017-09-22,19.27,19.38,19.15,19.18,6472800
APH,2017-09-25,19.16,19.17,18.86,18.94,5318800
APH,2017-09-26,18.97,19.0,18.85,18.87,3473200
APH,2017-09-27,18.96,19.01,18.88,18.95,4540400
APH,2017-09-28,18.9,19.05,18.88,19.02,3249200
APH,2017-09-29,19.3,19.62,19.2,19.57,7391600
APH,2017-10-02,19.59,19.63,19.51,19.6,6132000
APH,2017-10-03,19.65,19.69,19.58,19.65,3953600
APH,2017-10-04,19.65,19.86,19.6,19.83,4049600
APH,2017-10-05,19.89,19.95,19.81,19.95,4010800
APH,2017-10-06,19.91,20.02,19.88,20.02,3180800
APH,2017-10-09,20.02,20.07,19.96,20.01,4094400
APH,2017-10-10,20.03,20.13,20.0,20.12,3093600
APH,2017-10-11,20.11,20.12,20.0,20.06,2757200
APH,2017-10-12,20.06,20.3,20.04,20.29,2869200
APH,2017-10-13,20.33,20.35,20.13,20.16,8380400
APH,2017-10-16,20.2,20.23,20.07,20.1,6324000
APH,2017-10-17,20.11,20.12,19.99,20.04,3975600
APH,2017-10-18,20.06,20.08,19.94,20.03,4172000
APH,2017-10-19,19.97,20.0,19.74,19.91,6378400
APH,2017-10-20,20.04,20.1,19.88,20.01,5000400
APH,2017-10-23,20.1,20.1,19.92,19.96,5127600
APH,2017-10-24,20.03,20.12,19.95,20.03,4303200
APH,2017-10-25,20.25,20.39,20.0,20.17,7316000
APH,2017-10-26,20.17,20.18,19.77,19.77,7232400
APH,2017-10-27,19.77,20.02,19.76,20.02,5038000
APH,2017-10-30,19.98,20.01,19.8,19.83,3564800
APH,2017-10-31,19.91,20.15,19.87,20.11,4896000
APH,2017-11-01,20.24,20.31,20.05,20.08,4788400
APH,2017-11-02,20.11,20.32,20.09,20.25,5464000
APH,2017-11-03,20.26,20.3,20.06,20.19,3794800
APH,2017-11-06,20.18,20.26,20.14,20.17,4574400
APH,2017-11-07,20.16,20.28,20.14,20.2,3677200
APH,2017-11-08,20.19,20.31,20.14,20.29,3360000
APH,2017-11-09,20.16,20.2,19.92,20.05,3348400
APH,2017-11-10,20.04,20.43,20.02,20.39,5436400
APH,2017-11-13,20.35,20.49,20.31,20.46,4219200
APH,2017-11-14,20.41,20.61,20.36,20.57,4354400
APH,2017-11-15,20.51,20.55,20.39,20.44,4576400
APH,2017-11-16,20.51,20.74,20.48,20.65,4063600
APH,2017-11-17,20.6,20.75,20.56,20.7,4209600
APH,2017-11-20,20.75,20.84,20.7,20.78,3299200
APH,2017-11-21,20.98,21.07,20.82,21.0,5948400
APH,2017-11-22,21.0,21.03,20.78,20.78,4917200
APH,2017-11-24,20.81,21.06,20.78,21.02,2568000
APH,2017-11-27,20.99,21.03,20.9,20.9,4793600
APH,2017-11-28,20.98,21.1,20.95,21.05,5743200
APH,2017-11-29,21.04,21.1,20.68,20.75,5917200
APH,2017-11-30,20.91,21.06,20.81,20.94,18365200
APH,2017-12-01,20.96,20.98,20.36,20.76,5278400
APH,2017-12-04,20.89,20.95,20.45,20.45,5165600
APH,2017-12-05,20.46,20.51,20.34,20.39,4605200
APH,2017-12-06,20.26,20.41,20.21,20.29,3817200
APH,2017-12-07,20.32,20.39,20.26,20.38,6056000
APH,2017-12-08,20.5,20.66,20.5,20.66,6427200
APH,2017-12-11,20.6,20.77,20.55,20.63,4111200
APH,2017-12-12,20.63,20.8,20.57,20.73,5422800
APH,2017-12-13,20.72,20.81,20.59,20.69,3532000
APH,2017-12-14,20.73,20.79,20.63,20.63,3468800
APH,2017-12-15,20.74,20.77,20.61,20.65,6204800
APH,2017-12-18,20.75,20.82,20.68,20.72,3747600
APH,2017-12-19,20.79,20.87,20.57,20.57,4997200
APH,2017-12-20,20.66,20.66,20.44,20.54,3986800
APH,2017-12-21,20.64,20.64,20.47,20.49,4242000
APH,2017-12-22,20.57,20.63,20.33,20.42,2773600
APH,2017-12-26,20.4,20.4,20.26,20.34,2657200
APH,2017-12-27,20.41,20.43,20.32,20.41,4592800
APH,2017-12-28,20.45,20.54,20.35,20.53,3237600
APH,2017-12-29,20.62,20.66,20.28,20.34,3396800
APH,2018-01-02,20.5,20.59,20.28,20.34,4908400
APH,2018-01-03,20.29,20.61,20.27,20.61,5368000
APH,2018-01-04,20.62,20.68,20.53,20.53,5593200
APH,2018-01-05,20.65,20.81,20.6,20.78,4407600
APH,2018-01-08,20.77,21.02,20.77,21.01,5445200
APH,2018-01-09,21.08,21.2,21.03,21.04,5000400
APH,2018-01-10,20.99,21.01,20.68,20.74,3745200
APH,2018-01-11,20.74,21.04,20.7,21.04,3079200
APH,2018-01-12,21.05,21.3,20.96,21.28,3384000
APH,2018-01-16,21.32,21.46,21.13,21.15,5928400
APH,2018-01-17,21.3,21.55,21.11,21.51,3734400
APH,2018-01-18,21.52,21.61,21.34,21.38,6065600
APH,2018-01-19,21.58,21.69,21.52,21.58,7162400
APH,2018-01-22,21.58,21.66,21.26,21.31,8243200
APH,2018-01-23,21.3,21.36,21.24,21.27,5945200
APH,2018-01-24,21.47,21.67,21.07,21.13,9863600
APH,2018-01-25,21.2,21.47,21.08,21.13,8761200
APH,2018-01-26,21.26,21.48,21.07,21.48,6646400
APH,2018-01-29,21.4,21.55,21.31,21.35,7952800
APH,2018-01-30,21.17,21.55,21.13,21.44,6042800
APH,2018-01-31,21.56,21.57,21.41,21.49,6168000
APH,2018-02-01,21.18,21.67,21.18,21.51,5287600
APH,2018-02-02,21.44,21.51,21.13,21.14,6803200
APH,2018-02-05,21.03,21.32,20.41,20.48,7660400
APH,2018-02-06,20.09,20.59,19.86,20.52,9877200
APH,2018-02-07,20.39,20.81,20.26,20.45,7128000
APH,2018-02-08,20.44,20.51,19.55,19.56,10275200
APH,2018-02-09,19.68,19.8,19.03,19.64,10720400
APH,2018-02-12,19.88,20.13,19.85,20.02,7191200
APH,2018-02-13,19.89,20.18,19.88,20.13,3498400
APH,2018-02-14,19.99,20.26,19.98,20.24,4295600
APH,2018-02-15,20.39,20.65,20.34,20.65,6512400
APH,2018-02-16,20.56,21.02,20.54,20.85,4911600
APH,2018-02-20,20.74,21.04,20.69,20.94,4724400
APH,2018-02-21,20.97,21.21,20.95,20.95,4132000
APH,2018-02-22,21.04,21.13,20.87,20.91,4843600
APH,2018-02-23,20.96,21.05,20.83,21.04,3885200
APH,2018-02-26,21.1,21.42,21.01,21.41,3213200
APH,2018-02-27,21.45,21.67,21.3,21.3,4571600
APH,2018-02-28,21.41,21.48,21.17,21.17,5079600
APH,2018-03-01,21.12,21.21,20.44,20.61,6270800
APH,2018-03-02,20.5,20.82,20.42,20.77,4606800
APH,2018-03-05,20.62,20.79,20.44,20.66,4354400
APH,2018-03-06,20.74,20.88,20.65,20.79,4138400
APH,2018-03-07,20.58,20.96,20.51,20.91,4414400
APH,2018-03-08,20.93,21.0,20.84,20.99,5406400
APH,2018-03-09,21.11,21.47,21.05,21.42,4778400
APH,2018-03-12,21.43,21.56,21.39,21.47,5219600
APH,2018-03-13,21.58,21.66,21.37,21.43,3547600
APH,2018-03-14,21.51,21.54,21.13,21.17,2300800
APH,2018-03-15,21.21,21.41,21.13,21.3,2770800
APH,2018-03-16,21.4,21.58,21.24,21.36,7214800
APH,2018-03-19,21.34,21.39,20.98,21.21,4813200
APH,2018-03-20,21.29,21.36,21.17,21.29,3428000
APH,2018-03-21,21.27,21.36,21.09,21.13,3000800
APH,2018-03-22,20.9,21.0,20.45,20.47,4390400
APH,2018-03-23,20.48,20.53,19.79,19.81,4428800
APH,2018-03-26,20.06,20.24,19.82,20.22,4613200
APH,2018-03-27,20.29,20.43,19.76,19.87,4203200
APH,2018-03-28,19.92,19.94,19.49,19.7,3717200
APH,2018-03-29,19.83,20.19,19.75,20.0,5421200
APH,2018-04-02,20.0,20.03,19.21,19.51,5298400
APH,2018-04-03,19.57,19.7,19.31,19.69,5495600
APH,2018-04-04,19.07,19.77,19.07,19.73,6085200
APH,2018-04-05,19.86,19.91,19.61,19.68,4658800
APH,2018-04-06,19.58,19.63,19.01,19.17,4942800
APH,2018-04-09,19.3,19.64,19.22,19.4,5703600
APH,2018-04-10,19.72,19.9,19.63,19.82,7697600
APH,2018-04-11,19.7,19.96,19.7,19.8,6450000
APH,2018-04-12,19.92,20.08,19.81,20.0,4141600
APH,2018-04-13,20.08,20.12,19.82,19.88,2998000
APH,2018-04-16,20.04,20.15,19.91,20.08,3019200
APH,2018-04-17,20.15,20.23,20.03,20.16,3999600
APH,2018-04-18,20.25,20.35,20.13,20.25,3052800
APH,2018-04-19,20.22,20.22,19.97,20.01,4135600
APH,2018-04-20,19.96,19.96,19.66,19.78,6063200
APH,2018-04-23,19.87,19.89,19.57,19.6,6112000
APH,2018-04-24,19.73,19.76,19.04,19.22,9571600
APH,2018-04-25,19.42,19.49,18.67,19.24,11206000
APH,2018-04-26,19.3,19.46,19.18,19.45,6320400
APH,2018-04-27,19.48,19.64,19.39,19.57,7156800
APH,2018-04-30,19.59,19.7,19.43,19.43,6138800
APH,2018-05-01,19.35,19.53,19.22,19.49,5161200
APH,2018-05-02,19.55,19.68,19.44,19.49,6969600
APH,2018-05-03,19.37,19.61,19.23,19.57,5172000
APH,2018-05-04,19.45,19.87,19.42,19.82,5660000
APH,2018-05-07,19.84,20.0,19.84,19.92,5480400
APH,2018-05-08,19.94,19.96,19.77,19.91,5130000
APH,2018-05-09,19.92,20.08,19.79,20.04,4498400
APH,2018-05-10,20.16,20.27,20.0,20.26,3910000
APH,2018-05-11,20.22,20.44,20.2,20.43,4729200
APH,2018-05-14,20.46,20.5,20.38,20.48,4291200
APH,2018-05-15,20.44,20.47,20.33,20.4,4440400
APH,2018-05-16,20.48,20.59,20.34,20.51,4080000
APH,2018-05-17,20.48,20.59,20.41,20.46,3996400
APH,2018-05-18,20.41,20.52,20.34,20.43,3629200
APH,2018-05-21,20.54,20.65,20.48,20.65,3966800
APH,2018-05-22,20.71,20.71,20.44,20.45,4367600
APH,2018-05-23,20.34,20.48,20.21,20.48,4473600
APH,2018-05-24,20.46,20.57,20.29,20.38,3231200
APH,2018-05-25,20.36,20.39,20.16,20.26,4401600
APH,2018-05-29,20.09,20.35,20.03,20.19,5759200
APH,2018-05-30,20.31,20.42,20.29,20.33,3826400
APH,2018-05-31,20.06,20.38,20.05,20.18,7173600
APH,2018-06-01,20.33,20.55,20.28,20.52,4197200
APH,2018-06-04,20.53,20.59,20.42,20.45,4858000
APH,2018-06-05,20.43,20.89,20.25,20.88,5338800
APH,2018-06-06,20.9,21.0,20.76,21.0,4192400
APH,2018-06-07,21.01,21.1,20.95,21.08,5946800
APH,2018-06-08,21.0,21.12,20.91,21.11,4343600
APH,2018-06-11,21.12,21.15,21.03,21.06,5556800
APH,2018-06-12,21.02,21.1,20.78,21.1,5459600
APH,2018-06-13,21.11,21.19,21.05,21.14,4420800
APH,2018-06-14,21.17,21.25,21.06,21.17,4216000
APH,2018-06-15,21.11,21.41,20.99,21.26,6972000
APH,2018-06-18,21.08,21.13,20.92,21.13,3222000
APH,2018-06-19,20.85,20.91,20.63,20.87,3797200
APH,2018-06-20,20.95,21.0,20.81,20.91,3883600
APH,2018-06-21,20.9,20.91,20.55,20.59,4195200
APH,2018-06-22,20.7,20.8,20.56,20.76,5011200
APH,2018-06-25,20.72,20.72,20.22,20.43,5356800
APH,2018-06-26,20.4,20.55,20.28,20.29,5554800
APH,2018-06-27,20.33,20.45,20.08,20.08,6385200
APH,2018-06-28,20.07,20.28,19.91,20.26,6005600
APH,2018-06-29,20.32,20.46,20.25,20.28,7370000
APH,2018-07-02,20.15,20.29,19.91,20.28,4606000
APH,2018-07-03,20.37,20.37,20.15,20.18,1718400
APH,2018-07-05,20.3,20.44,20.15,20.44,3114400
APH,2018-07-06,20.48,20.59,20.36,20.53,3247200
APH,2018-07-09,20.67,20.82,20.58,20.8,3254800
APH,2018-07-10,20.75,20.85,20.72,20.78,2625600
APH,2018-07-11,20.0,20.65,20.0,20.4,3167600
APH,2018-07-12,20.52,20.74,20.51,20.73,3279600
APH,2018-07-13,20.77,20.79,20.63,20.65,2712000
APH,2018-07-16,20.67,20.74,20.58,20.61,3075200
APH,2018-07-17,20.55,20.76,20.48,20.72,4352800
APH,2018-07-18,20.73,20.83,20.67,20.75,3816400
APH,2018-07-19,20.65,20.78,20.58,20.62,3672400
APH,2018-07-20,20.55,20.67,20.51,20.58,4483600
APH,2018-07-23,20.52,20.55,20.42,20.48,4287200
APH,2018-07-24,20.59,20.79,20.56,20.69,6432400
APH,2018-07-25,20.95,21.69,20.95,21.66,8702000
APH,2018-07-26,21.77,22.27,21.68,22.24,8030000
APH,2018-07-27,22.24,22.32,21.79,21.87,9139600
APH,2018-07-30,21.78,21.89,21.46,21.47,4245200
APH,2018-07-31,21.52,21.79,21.46,21.77,7633600
APH,2018-08-01,21.77,21.83,21.61,21.73,4464400
APH,2018-08-02,21.65,21.94,21.6,21.84,4308800
APH,2018-08-03,21.92,21.92,21.74,21.85,3661600
APH,2018-08-06,21.83,21.92,21.79,21.87,2985200
APH,2018-08-07,21.87,22.04,21.83,22.01,2990000
APH,2018-08-08,22.04,22.06,21.96,21.99,2533600
APH,2018-08-09,22.11,22.25,21.94,21.95,4526400
APH,2018-08-10,21.85,21.93,21.78,21.82,3229600
APH,2018-08-13,21.88,22.0,21.79,21.84,4953600
APH,2018-08-14,21.8,22.0,21.76,21.9,4528000
APH,2018-08-15,21.75,21.9,21.63,21.86,6410800
APH,2018-08-16,21.91,22.05,21.85,21.89,4126800
APH,2018-08-17,21.88,21.94,21.78,21.89,4414400
APH,2018-08-20,21.99,22.02,21.9,21.95,3959600
APH,2018-08-21,21.93,22.02,21.87,21.91,3587600
APH,2018-08-22,21.88,21.88,21.72,21.74,5332400
APH,2018-08-23,21.77,21.87,21.72,21.76,6662400
APH,2018-08-24,21.84,21.84,21.71,21.79,9134000
APH,2018-08-27,21.9,22.06,21.87,21.98,7342400
APH,2018-08-28,22.06,22.08,21.89,22.02,7524400
APH,2018-08-29,22.06,22.2,22.06,22.12,3500400
APH,2018-08-30,22.11,22.11,21.91,21.97,2976800
APH,2018-08-31,21.9,22.04,21.83,22.01,4345600
APH,2018-09-04,22.03,22.03,21.85,22.0,4250400
APH,2018-09-05,22.03,22.18,21.88,22.14,4483200
APH,2018-09-06,22.14,22.26,22.1,22.24,3866400
APH,2018-09-07,22.21,22.3,22.1,22.19,5360000
APH,2018-09-10,22.24,22.48,22.24,22.42,5796000
APH,2018-09-11,22.34,22.53,22.33,22.51,6164800
APH,2018-09-12,22.47,22.53,22.26,22.26,7404000
APH,2018-09-13,22.35,22.58,22.35,22.58,3441600
APH,2018-09-14,22.63,22.76,22.49,22.59,5498000
APH,2018-09-17,22.58,22.72,22.4,22.44,6132400
APH,2018-09-18,22.48,22.49,22.21,22.25,3950800
APH,2018-09-19,22.25,22.31,22.1,22.25,3921200
APH,2018-09-20,22.38,22.48,22.33,22.41,4707600
APH,2018-09-21,22.4,22.57,22.21,22.25,11062800
APH,2018-09-24,22.19,22.19,21.94,22.09,5981200
APH,2018-09-25,22.01,22.05,21.82,21.94,5243200
APH,2018-09-26,21.93,22.01,21.82,21.84,4066000
APH,2018-09-27,21.89,21.95,21.8,21.81,3429200
APH,2018-09-28,21.77,21.98,21.72,21.94,5026000
APH,2018-10-01,22.04,22.06,21.92,22.04,3798800
APH,2018-10-02,21.94,22.15,21.9,21.92,3430400
APH,2018-10-03,21.96,22.0,21.75,21.82,3625600
APH,2018-10-04,21.74,21.76,21.14,21.37,5684000
APH,2018-10-05,21.36,21.42,20.98,21.12,5287600
APH,2018-10-08,21.07,21.1,20.66,20.83,4292400
APH,2018-10-09,21.07,21.14,20.86,21.04,8321600
APH,2018-10-10,20.92,20.92,20.13,20.16,6200400
APH,2018-10-11,20.16,20.22,19.6,19.66,10434400
APH,2018-10-12,19.96,20.06,19.63,19.84,6670800
APH,2018-10-15,19.8,19.89,19.68,19.68,4500000
APH,2018-10-16,19.82,20.16,19.77,20.14,7475200
APH,2018-10-17,19.97,20.1,19.79,20.03,6339200
APH,2018-10-18,19.92,19.92,19.4,19.52,6919200
APH,2018-10-19,19.55,19.69,19.34,19.36,7863600
APH,2018-10-22,19.44,19.49,19.17,19.3,4997200
APH,2018-10-23,18.92,19.47,18.87,19.3,10020000
APH,2018-10-24,20.07,20.53,19.48,19.5,18156800
APH,2018-10-25,19.72,20.19,19.66,20.08,9614800
APH,2018-10-26,19.73,20.35,19.63,19.86,10323200
APH,2018-10-29,20.16,20.36,19.67,19.94,10595200
APH,2018-10-30,20.01,20.7,19.95,20.64,12851200
APH,2018-10-31,20.84,21.08,20.72,20.88,14743200
APH,2018-11-01,20.89,21.13,20.86,20.96,8612000
APH,2018-11-02,21.07,21.22,20.89,21.09,10243200
APH,2018-11-05,21.13,21.17,20.82,21.0,7971200
APH,2018-11-06,21.03,21.19,21.03,21.11,6362000
APH,2018-11-07,21.28,21.46,21.15,21.45,4380400
APH,2018-11-08,21.35,21.56,21.35,21.52,3504800
APH,2018-11-09,21.39,21.5,21.14,21.26,3806400
APH,2018-11-12,21.19,21.34,20.57,20.64,8298400
APH,2018-11-13,20.72,20.86,20.43,20.49,5933600
APH,2018-11-14,20.71,20.73,20.17,20.21,4624000
APH,2018-11-15,20.19,20.6,20.14,20.48,6622400
APH,2018-11-16,20.34,20.9,20.34,20.71,5470400
APH,2018-11-19,20.62,20.67,20.02,20.1,7255600
APH,2018-11-20,19.79,19.99,19.53,19.64,7678800
APH,2018-11-21,19.81,20.05,19.73,19.8,6654000
APH,2018-11-23,19.63,19.93,19.61,19.83,3167200
APH,2018-11-26,20.06,20.07,19.77,19.82,5711200
APH,2018-11-27,19.68,19.77,19.56,19.71,5656400
APH,2018-11-28,19.81,20.06,19.74,20.02,8509200
APH,2018-11-29,20.04,20.41,19.98,20.3,5166800
APH,2018-11-30,20.35,20.53,20.23,20.52,6972400
APH,2018-12-03,20.86,20.99,20.69,20.95,5865600
APH,2018-12-04,20.84,20.94,19.94,19.98,9697600
APH,2018-12-06,19.5,19.67,19.1,19.58,13546800
APH,2018-12-07,19.56,19.74,19.36,19.5,11790800
APH,2018-12-10,19.49,19.95,19.41,19.89,8131200
APH,2018-12-11,20.12,20.29,19.56,19.57,5648000
APH,2018-12-12,19.85,20.02,19.68,19.76,6756400
APH,2018-12-13,19.86,19.93,19.66,19.78,3440400
APH,2018-12-14,19.64,19.76,19.42,19.47,3467200
APH,2018-12-17,19.47,19.64,19.19,19.31,6801200
APH,2018-12-18,19.46,19.57,18.96,19.06,6459200
APH,2018-12-19,19.15,19.31,18.58,18.63,7575200
APH,2018-12-20,18.62,18.74,18.18,18.22,7976400
APH,2018-12-21,18.07,18.68,17.82,18.08,16551600
APH,2018-12-24,17.92,18.08,17.7,17.7,3288800
APH,2018-12-26,17.77,18.46,17.57,18.45,5234400
APH,2018-12-27,18.17,18.81,18.08,18.81,4511600
APH,2018-12-28,18.93,19.08,18.73,18.83,3390000
APH,2018-12-31,18.89,18.97,18.71,18.95,4217200
APH,2019-01-02,18.64,18.78,18.54,18.67,5561600
APH,2019-01-03,18.3,18.34,17.53,17.56,14724400
APH,2019-01-04,17.85,18.2,17.78,18.14,13390800
APH,2019-01-07,18.12,18.44,18.12,18.28,4725200
APH,2019-01-08,18.4,18.52,18.2,18.51,7327200
APH,2019-01-09,18.75,18.85,18.6,18.83,4448400
APH,2019-01-10,18.8,19.16,18.75,19.14,4738800
APH,2019-01-11,19.0,19.07,18.91,19.07,2768000
APH,2019-01-14,18.91,19.04,18.76,18.95,3700000
APH,2019-01-15,19.03,19.12,18.92,18.98,3336800
APH,2019-01-16,18.95,19.17,18.92,19.03,3485200
APH,2019-01-17,18.94,19.23,18.91,19.14,3164000
APH,2019-01-18,19.19,19.45,19.14,19.3,7453200
APH,2019-01-22,19.13,19.23,18.89,18.99,6900800
APH,2019-01-23,18.82,19.56,18.68,19.52,11258400
APH,2019-01-24,19.61,19.96,19.4,19.94,8968000
APH,2019-01-25,20.13,20.39,20.05,20.19,7265600
APH,2019-01-28,20.02,20.1,19.87,20.06,4832000
APH,2019-01-29,20.2,20.29,20.08,20.14,4753200
APH,2019-01-30,20.28,20.64,20.17,20.64,6346000
APH,2019-01-31,20.58,20.67,20.45,20.57,5192400
APH,2019-02-01,20.58,20.78,20.46,20.59,4809600
APH,2019-02-04,20.57,20.71,20.47,20.71,4672400
APH,2019-02-05,20.75,21.01,20.73,21.01,5170800
APH,2019-02-06,20.98,21.19,20.95,21.01,4454000
APH,2019-02-07,20.88,21.12,20.82,21.02,3708400
APH,2019-02-08,20.87,21.12,20.87,21.12,3837200
APH,2019-02-11,21.17,21.25,21.04,21.07,3316800
APH,2019-02-12,21.18,21.47,21.12,21.42,4334800
APH,2019-02-13,21.46,21.59,21.35,21.49,3191600
APH,2019-02-14,21.44,21.45,21.31,21.32,4793600
APH,2019-02-15,21.5,21.72,21.46,21.68,4911200
APH,2019-02-19,21.62,21.72,21.48,21.63,3744000
APH,2019-02-20,21.68,21.94,21.65,21.87,4580000
APH,2019-02-21,21.83,21.94,21.76,21.83,4695600
APH,2019-02-22,21.96,22.17,21.91,22.07,3793200
APH,2019-02-25,22.17,22.31,22.15,22.26,4514800
APH,2019-02-26,22.16,22.3,21.99,22.04,5272800
APH,2019-02-27,21.93,22.06,21.8,22.04,2766800
APH,2019-02-28,22.0,22.08,21.94,21.98,4176000
APH,2019-03-01,22.15,22.31,22.0,22.25,4190800
APH,2019-03-04,22.32,22.35,21.91,22.1,3348400
APH,2019-03-05,22.21,22.29,22.11,22.17,3414000
APH,2019-03-06,22.2,22.2,21.98,22.0,2540400
APH,2019-03-07,21.95,21.96,21.65,21.85,3171200
APH,2019-03-08,21.69,21.8,21.61,21.72,3747600
APH,2019-03-11,21.78,22.04,21.77,21.98,2384000
APH,2019-03-12,22.01,22.13,21.92,21.99,2506800
APH,2019-03-13,22.11,22.27,22.01,22.09,3468800
APH,2019-03-14,22.14,22.16,21.99,22.07,4094800
APH,2019-03-15,22.16,22.42,22.08,22.32,7339600
APH,2019-03-18,22.34,22.44,22.29,22.38,3268800
APH,2019-03-19,22.43,22.57,22.37,22.44,5034800
APH,2019-03-20,22.46,22.48,22.15,22.33,4944000
APH,2019-03-21,22.3,22.75,22.26,22.64,2988400
APH,2019-03-22,22.47,22.55,22.16,22.17,3576800
APH,2019-03-25,22.14,22.26,22.01,22.09,2768400
APH,2019-03-26,22.28,22.29,22.05,22.16,2380000
APH,2019-03-27,22.21,22.23,21.86,21.98,4487200
APH,2019-03-28,22.14,22.16,21.87,22.05,4186800
APH,2019-03-29,22.2,22.22,22.04,22.15,4939200
APH,2019-04-01,22.44,22.96,22.36,22.94,7136800
APH,2019-04-02,22.98,23.42,22.98,23.39,8559200
APH,2019-04-03,23.45,23.75,23.45,23.67,7084400
APH,2019-04-04,23.67,24.05,23.64,23.85,5854000
APH,2019-04-05,23.94,24.09,23.89,24.08,4030400
APH,2019-04-08,24.04,24.11,23.85,24.11,3037600
APH,2019-04-09,23.98,24.02,23.75,23.79,3194000
APH,2019-04-10,23.82,23.89,23.73,23.89,2425600
APH,2019-04-11,23.92,24.15,23.76,24.14,2747200
APH,2019-04-12,24.16,24.35,24.16,24.34,2165200
APH,2019-04-15,24.34,24.44,24.19,24.36,3476000
APH,2019-04-16,24.41,24.51,24.25,24.29,4172800
APH,2019-04-17,24.45,24.62,24.33,24.39,4446800
APH,2019-04-18,24.44,24.55,24.37,24.52,3740400
APH,2019-04-22,24.41,24.51,24.33,24.37,2967600
APH,2019-04-23,24.41,24.74,24.37,24.71,5001200
APH,2019-04-24,22.3,24.33,22.16,24.04,14311600
APH,2019-04-25,23.99,23.99,23.44,23.6,6234800
APH,2019-04-26,23.57,23.57,23.29,23.44,8048000
APH,2019-04-29,23.44,23.56,23.17,23.2,6776800
APH,2019-04-30,23.12,23.38,23.03,23.35,6896000
APH,2019-05-01,23.57,23.63,23.33,23.43,7349600
APH,2019-05-02,23.47,23.49,23.21,23.25,4201200
APH,2019-05-03,23.4,23.52,23.35,23.45,4553600
APH,2019-05-06,22.95,23.19,22.63,23.07,9153200
APH,2019-05-07,22.79,22.95,22.44,22.58,10389200
APH,2019-05-08,22.54,22.58,22.16,22.18,13702000
APH,2019-05-09,21.93,22.24,21.77,22.1,6814400
APH,2019-05-10,21.98,22.3,21.76,22.21,6344800
APH,2019-05-13,21.63,21.85,21.49,21.61,8394400
APH,2019-05-14,21.7,21.89,21.63,21.65,5160000
APH,2019-05-15,21.51,21.95,21.49,21.87,4456000
APH,2019-05-16,21.85,22.12,21.78,21.83,5665600
APH,2019-05-17,21.58,21.67,21.44,21.49,10322000
APH,2019-05-20,21.2,21.27,21.02,21.04,5190400
APH,2019-05-21,21.24,21.46,21.17,21.4,4267600
APH,2019-05-22,21.38,21.44,21.23,21.24,3158000
APH,2019-05-23,20.99,21.12,20.86,20.99,3882400
APH,2019-05-24,21.1,21.16,20.87,20.99,5920800
APH,2019-05-28,21.11,21.26,20.72,20.81,7365200
APH,2019-05-29,20.76,20.89,20.5,20.55,9374800
APH,2019-05-30,20.61,20.77,20.56,20.75,5165600
APH,2019-05-31,20.58,20.67,20.36,20.4,6136400
APH,2019-06-03,20.45,20.61,20.3,20.44,5305600
APH,2019-06-04,20.71,21.04,20.57,21.01,9020400
APH,2019-06-05,21.21,21.31,20.9,21.29,4071600
APH,2019-06-06,21.41,21.64,21.23,21.56,4742800
APH,2019-06-07,21.7,21.9,21.57,21.85,4371600
APH,2019-06-10,21.98,22.33,21.98,22.08,4854000
APH,2019-06-11,22.45,22.75,22.33,22.41,6394400
APH,2019-06-12,22.37,22.5,22.08,22.39,4364400
APH,2019-06-13,22.44,22.76,22.42,22.72,5641200
APH,2019-06-14,22.41,22.56,21.84,22.11,6759600
APH,2019-06-17,22.04,22.07,21.8,21.93,5072400
APH,2019-06-18,21.95,22.2,21.88,22.12,10213600
APH,2019-06-19,22.26,22.3,22.1,22.2,5333600
APH,2019-06-20,22.56,22.6,22.41,22.54,6037600
APH,2019-06-21,22.56,22.6,22.34,22.45,9501600
APH,2019-06-24,22.48,22.53,22.46,22.48,3774800
APH,2019-06-25,22.36,22.49,22.28,22.28,3399600
APH,2019-06-26,22.46,22.51,22.36,22.43,4919200
APH,2019-06-27,22.54,22.61,22.39,22.49,3581200
APH,2019-06-28,22.57,22.65,22.39,22.55,7892400
APH,2019-07-01,22.95,23.12,22.82,23.01,5140800
APH,2019-07-02,23.02,23.16,22.88,23.13,4009200
APH,2019-07-03,23.26,23.33,23.0,23.3,2730800
APH,2019-07-05,23.07,23.14,22.75,23.11,2969200
APH,2019-07-08,22.98,23.03,22.88,22.94,3553200
APH,2019-07-09,22.79,22.97,22.74,22.94,4340400
APH,2019-07-10,23.05,23.14,22.9,22.93,4536400
APH,2019-07-11,22.88,23.05,22.68,22.78,3788000
APH,2019-07-12,22.92,23.29,22.92,23.29,3136800
APH,2019-07-15,23.29,23.35,23.06,23.28,2467200
APH,2019-07-16,23.15,23.15,22.87,23.0,5259600
APH,2019-07-17,23.03,23.07,22.79,22.8,3805200
APH,2019-07-18,22.8,22.81,22.56,22.68,8210400
APH,2019-07-19,22.85,22.98,22.71,22.72,8103600
APH,2019-07-22,22.77,22.94,22.73,22.84,5335200
APH,2019-07-23,23.0,23.18,22.81,23.12,9397600
APH,2019-07-24,22.2,22.5,21.55,21.72,16062000
APH,2019-07-25,21.65,22.08,21.52,22.07,13826800
APH,2019-07-26,22.08,22.43,22.03,22.4,6824000
APH,2019-07-29,22.43,22.58,22.28,22.54,6011200
APH,2019-07-30,22.33,22.44,22.23,22.28,4766400
APH,2019-07-31,22.34,22.37,21.84,21.94,4642800
APH,2019-08-01,21.91,22.07,21.29,21.35,6138400
APH,2019-08-02,21.19,21.19,20.83,20.94,8081600
APH,2019-08-05,20.52,20.57,20.04,20.27,8225600
APH,2019-08-06,20.47,20.61,20.29,20.52,6279600
APH,2019-08-07,20.28,20.7,20.14,20.64,5210000
APH,2019-08-08,20.79,20.95,20.66,20.86,7014400
APH,2019-08-09,20.8,20.81,20.4,20.43,5348000
APH,2019-08-12,20.27,20.42,20.13,20.23,5867600
APH,2019-08-13,20.15,21.01,20.13,20.69,7216800
APH,2019-08-14,20.26,20.5,20.04,20.05,7336800
APH,2019-08-15,20.08,20.14,19.7,19.84,7134000
APH,2019-08-16,20.05,20.4,19.95,20.36,4066000
APH,2019-08-19,20.62,20.89,20.55,20.73,5552400
APH,2019-08-20,20.69,20.69,20.38,20.39,4807600
APH,2019-08-21,20.58,20.77,20.53,20.73,6400000
APH,2019-08-22,20.84,20.88,20.5,20.65,4072400
APH,2019-08-23,20.55,20.86,20.0,20.08,5537200
APH,2019-08-26,20.26,20.29,19.95,20.04,4572400
APH,2019-08-27,20.18,20.23,19.92,19.99,3011200
APH,2019-08-28,19.9,20.16,19.77,20.03,3547600
APH,2019-08-29,20.3,20.65,20.3,20.6,4590000
APH,2019-08-30,20.76,20.81,20.51,20.58,3494800
APH,2019-09-03,20.3,20.38,20.07,20.14,3921600
APH,2019-09-04,20.39,20.53,20.33,20.38,3380800
APH,2019-09-05,20.63,21.14,20.63,21.11,4226000
APH,2019-09-06,21.16,21.21,20.88,21.0,4108400
APH,2019-09-09,21.15,21.15,20.77,20.92,5191200
APH,2019-09-10,20.8,21.08,20.63,21.06,5734400
APH,2019-09-11,21.15,21.52,20.93,21.51,4499200
APH,2019-09-12,21.62,22.14,21.42,22.09,9106800
APH,2019-09-13,22.17,22.35,22.08,22.27,8527200
APH,2019-09-16,22.26,22.62,22.21,22.4,7322000
APH,2019-09-17,22.3,22.45,22.07,22.41,5302400
APH,2019-09-18,22.34,22.39,21.94,22.22,5840400
APH,2019-09-19,22.23,22.49,22.17,22.21,3852000
APH,2019-09-20,22.29,22.36,22.07,22.11,6220400
APH,2019-09-23,21.96,22.19,21.86,22.07,4676800
APH,2019-09-24,22.18,22.29,21.9,22.12,6268000
APH,2019-09-25,22.09,22.7,22.01,22.65,5720000
APH,2019-09-26,22.65,22.84,22.54,22.72,5992400
APH,2019-09-27,22.82,22.82,22.5,22.56,6344400
APH,2019-09-30,22.75,22.79,22.58,22.75,3940800
APH,2019-10-01,22.86,23.02,22.42,22.46,6558000
APH,2019-10-02,22.26,22.3,21.87,22.01,5185200
APH,2019-10-03,22.05,22.31,21.83,22.3,3525600
APH,2019-10-04,22.29,22.67,22.29,22.66,3489600
APH,2019-10-07,22.56,22.71,22.45,22.48,3944800
APH,2019-10-08,22.29,22.29,21.91,21.96,3669200
APH,2019-10-09,22.25,22.51,22.1,22.38,4008000
APH,2019-10-10,22.37,22.7,22.33,22.51,3132000
APH,2019-10-11,22.76,23.15,22.76,22.86,5331200
APH,2019-10-14,22.84,22.95,22.78,22.84,5113200
APH,2019-10-15,22.96,23.3,22.83,23.2,4414000
APH,2019-10-16,23.13,23.31,23.12,23.28,5008800
APH,2019-10-17,23.34,23.45,23.22,23.25,3264000
APH,2019-10-18,23.24,23.49,23.22,23.34,5058000
APH,2019-10-21,23.5,23.69,23.42,23.67,5474800
APH,2019-10-22,23.44,23.57,23.33,23.36,5111600
APH,2019-10-23,23.92,23.98,23.19,23.95,8134800
APH,2019-10-24,24.04,24.1,23.87,23.99,4754800
APH,2019-10-25,23.97,24.04,23.6,23.63,7502000
APH,2019-10-28,23.71,24.0,23.64,23.85,5886000
APH,2019-10-29,23.69,23.92,23.65,23.8,3522400
APH,2019-10-30,23.69,23.8,23.4,23.76,4228800
APH,2019-10-31,23.7,23.84,23.45,23.65,3861200
APH,2019-11-01,23.87,24.23,23.77,24.23,4839200
APH,2019-11-04,24.28,24.6,24.24,24.56,4354000
APH,2019-11-05,24.58,24.71,24.39,24.61,6040000
APH,2019-11-06,24.45,24.53,24.11,24.25,4218000
APH,2019-11-07,24.48,24.53,24.12,24.17,4127200
APH,2019-11-08,24.11,24.24,24.01,24.21,3160800
APH,2019-11-11,24.05,24.21,23.99,24.08,2440400
APH,2019-11-12,24.08,24.21,23.85,23.93,3403200
APH,2019-11-13,23.81,24.07,23.81,23.96,3534400
APH,2019-11-14,23.93,23.95,23.76,23.83,3194400
APH,2019-11-15,23.96,24.22,23.93,24.1,4118000
APH,2019-11-18,24.13,24.25,24.0,24.15,5718400
APH,2019-11-19,24.24,24.38,24.09,24.34,3253200
APH,2019-11-20,24.14,24.28,23.94,24.09,4066400
APH,2019-11-21,24.12,24.14,23.89,23.99,3462800
APH,2019-11-22,24.09,24.12,23.86,23.98,2626000
APH,2019-11-25,24.04,24.35,23.96,24.34,4712000
APH,2019-11-26,24.38,24.38,24.16,24.29,9265600
APH,2019-11-27,24.28,24.48,24.24,24.46,3677200
APH,2019-11-29,24.41,24.56,24.33,24.51,1743600
APH,2019-12-02,24.6,24.6,24.17,24.21,3807200
APH,2019-12-03,23.97,24.01,23.68,23.99,4574800
APH,2019-12-04,24.14,24.56,24.13,24.28,2912400
APH,2019-12-05,24.36,24.41,24.24,24.27,3886800
APH,2019-12-06,24.48,24.61,24.45,24.52,2914800
APH,2019-12-09,24.5,24.66,24.45,24.62,3120400
APH,2019-12-10,24.75,24.85,24.56,24.78,4412000
APH,2019-12-11,24.83,25.08,24.77,24.97,4378800
APH,2019-12-12,24.94,25.51,24.86,25.46,5143600
APH,2019-12-13,25.42,25.53,25.21,25.25,4476000
APH,2019-12-16,25.63,25.83,25.44,25.47,3776000
APH,2019-12-17,25.47,25.5,25.25,25.26,3725200
APH,2019-12-18,25.32,25.32,25.05,25.1,6192400
APH,2019-12-19,25.12,25.3,25.09,25.29,3170800
APH,2019-12-20,25.46,25.55,25.24,25.32,7592000
APH,2019-12-23,25.42,25.5,25.21,25.34,3039600
APH,2019-12-24,25.39,25.39,25.27,25.33,662800
APH,2019-12-26,25.41,25.52,25.27,25.51,1692000
APH,2019-12-27,25.61,25.66,25.45,25.53,2798400
APH,2019-12-30,25.57,25.66,25.38,25.58,2366000
APH,2019-12-31,25.49,25.61,25.4,25.57,3173600
APH,2020-01-02,25.61,25.81,25.46,25.81,4686000
APH,2020-01-03,25.42,25.59,25.38,25.54,2795600
APH,2020-01-06,25.35,25.41,25.2,25.41,4390000
APH,2020-01-07,25.52,25.64,25.42,25.54,3336000
APH,2020-01-08,25.52,25.74,25.37,25.6,3231600
APH,2020-01-09,25.75,25.85,25.63,25.69,4753600
APH,2020-01-10,25.71,25.75,25.52,25.59,3024400
APH,2020-01-13,25.63,25.79,25.59,25.78,2885200
APH,2020-01-14,25.73,26.05,25.69,25.87,4110000
APH,2020-01-15,25.97,25.99,25.56,25.68,2798000
APH,2020-01-16,25.84,25.94,25.71,25.94,2363200
APH,2020-01-17,25.78,26.0,25.52,25.86,5101200
APH,2020-01-21,25.69,25.93,25.54,25.58,6856400
APH,2020-01-22,25.32,25.78,24.83,25.19,11501600
APH,2020-01-23,24.99,25.15,24.65,25.12,7020000
APH,2020-01-24,25.29,25.39,24.78,24.89,4569600
APH,2020-01-27,24.42,24.55,24.24,24.25,6933600
APH,2020-01-28,24.46,24.66,24.37,24.43,6301200
APH,2020-01-29,24.58,24.9,24.41,24.43,4175600
APH,2020-01-30,24.18,24.4,23.84,24.07,4949200
APH,2020-01-31,23.95,24.04,23.38,23.5,6214800
APH,2020-02-03,23.68,23.87,23.56,23.61,5942400
APH,2020-02-04,24.06,24.55,24.03,24.53,6195600
APH,2020-02-05,24.96,24.96,24.59,24.72,4010000
APH,2020-02-06,24.78,24.78,24.47,24.56,2819600
APH,2020-02-07,24.39,24.46,24.21,24.42,5578000
APH,2020-02-10,24.24,24.38,24.21,24.29,7157200
APH,2020-02-11,24.37,24.62,24.24,24.25,5501200
APH,2020-02-12,24.49,24.58,24.36,24.46,3974400
APH,2020-02-13,24.27,24.72,24.23,24.66,3848000
APH,2020-02-14,24.66,24.73,24.48,24.59,2736400
APH,2020-02-18,24.4,24.43,23.86,23.95,5959200
APH,2020-02-19,24.1,24.44,24.05,24.36,4218800
APH,2020-02-20,24.28,24.54,24.22,24.5,4781600
APH,2020-02-21,24.31,24.43,23.9,24.04,4738000
APH,2020-02-24,23.15,23.51,22.69,23.08,8784400
APH,2020-02-25,23.26,23.4,22.49,22.56,10114400
APH,2020-02-26,22.77,23.16,22.54,22.6,9839200
APH,2020-02-27,22.1,22.59,21.87,21.87,8504400
APH,2020-02-28,21.37,21.84,21.07,21.66,11979200
APH,2020-03-02,21.83,22.43,21.41,22.43,10159200
APH,2020-03-03,22.36,23.07,21.91,21.97,7252800
APH,2020-03-04,22.33,22.93,22.13,22.92,5060000
APH,2020-03-05,22.29,22.57,21.91,22.07,6724000
APH,2020-03-06,21.32,21.97,21.28,21.87,6343200
APH,2020-03-09,20.48,23.18,20.08,20.21,9308400
APH,2020-03-10,20.87,21.38,19.99,21.38,11578800
APH,2020-03-11,20.68,20.76,19.46,19.91,9833200
APH,2020-03-12,18.63,19.45,17.75,17.75,14556800
APH,2020-03-13,18.72,19.1,17.35,18.81,16926000
APH,2020-03-16,16.56,17.5,15.19,16.2,14069200
APH,2020-03-17,16.5,17.33,15.82,16.91,11578000
APH,2020-03-18,15.54,16.22,14.94,16.21,11824400
APH,2020-03-19,15.95,16.47,15.24,16.3,12283600
APH,2020-03-20,16.31,17.23,16.26,16.6,12536000
APH,2020-03-23,16.34,17.04,15.41,16.35,14850400
APH,2020-03-24,17.18,17.77,16.97,17.57,11743200
APH,2020-03-25,17.64,18.48,17.07,17.76,10400800
APH,2020-03-26,17.77,18.98,17.66,18.76,10330000
APH,2020-03-27,18.01,18.33,17.55,17.6,7623600
APH,2020-03-30,17.67,18.06,17.44,17.97,10806000
APH,2020-03-31,17.98,18.01,17.16,17.27,9334800
APH,2020-04-01,16.63,17.07,16.45,16.48,11401600
APH,2020-04-02,16.51,16.72,15.99,16.3,17219200
APH,2020-04-03,16.21,16.44,16.02,16.22,8444000
APH,2020-04-06,17.11,17.96,16.94,17.86,15162400
APH,2020-04-07,18.74,18.89,17.9,17.94,9949600
APH,2020-04-08,18.07,18.98,18.01,18.87,8838800
APH,2020-04-09,19.03,19.7,19.03,19.41,7142000
APH,2020-04-13,19.05,19.33,18.94,19.12,6444800
APH,2020-04-14,19.43,19.82,19.26,19.55,9466400
APH,2020-04-15,19.05,19.27,18.81,19.05,8656800
APH,2020-04-16,19.05,19.24,18.86,19.16,6184400
APH,2020-04-17,19.59,20.11,19.58,19.96,8874000
APH,2020-04-20,19.28,19.65,19.12,19.26,7330400
APH,2020-04-21,18.97,19.14,18.08,18.23,16418800
APH,2020-04-22,18.64,19.55,18.32,19.36,13396400
APH,2020-04-23,19.87,20.42,19.58,19.9,11601600
APH,2020-04-24,20.01,20.51,19.97,20.42,5669200
APH,2020-04-27,20.53,20.89,20.53,20.75,5668000
APH,2020-04-28,21.28,21.47,20.85,20.94,6748800
APH,2020-04-29,21.33,21.98,21.27,21.84,5632800
APH,2020-04-30,21.55,21.62,20.91,20.92,7698000
APH,2020-05-01,20.43,20.54,19.98,20.26,6476000
APH,2020-05-04,20.07,20.14,19.72,19.89,6734000
APH,2020-05-05,20.14,20.66,20.14,20.44,3986400
APH,2020-05-06,20.59,20.73,20.32,20.4,4184400
APH,2020-05-07,20.71,20.98,20.61,20.68,4206400
APH,2020-05-08,21.04,21.23,20.96,21.23,4294800
APH,2020-05-11,20.95,20.95,20.63,20.64,4541600
APH,2020-05-12,20.76,20.85,19.96,19.97,5048800
APH,2020-05-13,19.98,20.0,19.09,19.39,5925200
APH,2020-05-14,19.07,19.75,19.0,19.74,6605200
APH,2020-05-15,19.56,19.75,19.28,19.51,6500800
APH,2020-05-18,20.11,21.08,20.09,20.96,6179600
APH,2020-05-19,20.88,21.43,20.84,21.12,4450800
APH,2020-05-20,21.47,21.82,21.42,21.56,4075200
APH,2020-05-21,21.49,21.62,21.28,21.38,5878800
APH,2020-05-22,21.36,21.54,21.14,21.52,6368400
APH,2020-05-26,22.08,22.39,22.03,22.28,8220800
APH,2020-05-27,22.52,22.76,22.35,22.64,6641600
APH,2020-05-28,22.84,22.89,22.48,22.6,5754400
APH,2020-05-29,22.53,22.94,22.3,22.89,8246400
APH,2020-06-01,22.81,23.3,22.74,23.16,5507200
APH,2020-06-02,23.27,23.52,23.0,23.45,7617200
APH,2020-06-03,23.7,24.49,23.58,24.46,7937200
APH,2020-06-04,24.17,24.5,23.93,24.07,8500000
APH,2020-06-05,24.69,25.68,24.69,25.36,14389200
APH,2020-06-08,25.3,25.4,24.63,24.67,10639600
APH,2020-06-09,24.31,24.44,24.03,24.11,6079600
APH,2020-06-10,24.29,24.29,23.62,23.78,4430000
APH,2020-06-11,23.17,23.28,22.39,22.4,6863200
APH,2020-06-12,23.1,23.17,22.1,22.52,5852400
APH,2020-06-15,22.15,22.94,21.82,22.93,5079600
APH,2020-06-16,23.61,23.95,23.04,23.42,5229200
APH,2020-06-17,23.57,23.68,23.2,23.4,4392400
APH,2020-06-18,23.22,23.49,23.12,23.28,3257600
APH,2020-06-19,23.98,23.98,23.02,23.06,9604400
APH,2020-06-22,23.01,23.28,22.78,23.18,3845200
APH,2020-06-23,23.52,23.67,23.09,23.09,4310800
APH,2020-06-24,22.93,23.0,22.26,22.48,6889600
APH,2020-06-25,22.38,22.64,22.0,22.62,3609600
APH,2020-06-26,22.58,22.61,22.1,22.33,12266400
APH,2020-06-29,22.6,22.75,22.41,22.63,5027600
APH,2020-06-30,22.62,22.93,22.59,22.77,8447200
APH,2020-07-01,22.85,23.01,22.48,22.59,5862000
APH,2020-07-02,22.99,23.13,22.65,22.78,5083200
APH,2020-07-06,23.18,23.38,23.05,23.32,4154400
APH,2020-07-07,23.09,23.28,22.83,22.86,3678400
APH,2020-07-08,22.86,22.93,22.42,22.59,5985600
APH,2020-07-09,22.53,22.67,22.25,22.45,6774400
APH,2020-07-10,22.49,22.65,22.22,22.56,4626400
APH,2020-07-13,22.78,22.86,22.38,22.45,7545600
APH,2020-07-14,22.46,23.16,22.38,23.15,7925200
APH,2020-07-15,23.36,23.95,23.36,23.87,9447200
APH,2020-07-16,23.87,24.08,23.82,23.98,4468800
APH,2020-07-17,24.12,24.37,24.03,24.24,4945600
APH,2020-07-20,24.17,24.24,23.9,24.11,5818400
APH,2020-07-21,24.27,24.52,24.21,24.26,5015200
APH,2020-07-22,24.71,25.26,24.22,24.54,7674400
APH,2020-07-23,24.82,25.18,24.67,25.09,8892800
APH,2020-07-24,24.99,25.09,24.66,24.81,5871200
APH,2020-07-27,24.81,25.29,24.72,25.23,4918000
APH,2020-07-28,25.17,25.22,24.72,24.76,4752400
APH,2020-07-29,24.84,25.23,24.74,25.15,5456000
APH,2020-07-30,24.88,25.05,24.74,24.99,4761600
APH,2020-07-31,24.94,25.16,24.72,25.13,4725600
APH,2020-08-03,25.18,25.6,25.18,25.52,4438000
APH,2020-08-04,25.46,25.79,25.43,25.76,4404000
APH,2020-08-05,25.84,26.02,25.69,25.82,3236800
APH,2020-08-06,25.71,25.86,25.63,25.75,3100400
APH,2020-08-07,25.66,25.77,25.46,25.65,4357600
APH,2020-08-10,25.59,25.89,25.57,25.69,9071600
APH,2020-08-11,25.83,26.14,25.8,25.86,6656000
APH,2020-08-12,25.96,26.23,25.77,26.09,5422400
APH,2020-08-13,25.99,26.47,25.86,26.27,4139600
APH,2020-08-14,26.16,26.21,26.01,26.09,3188800
APH,2020-08-17,26.18,26.33,26.09,26.11,3355600
APH,2020-08-18,26.06,26.11,25.9,25.94,3328800
APH,2020-08-19,26.02,26.13,25.88,25.94,2338400
APH,2020-08-20,25.73,25.78,25.45,25.5,3553200
APH,2020-08-21,25.5,25.81,25.45,25.72,3852800
APH,2020-08-24,24.95,25.97,24.76,25.84,3310400
APH,2020-08-25,25.94,26.18,25.79,25.88,4294000
APH,2020-08-26,25.89,26.04,25.79,25.91,3750000
APH,2020-08-27,26.15,26.15,25.64,25.69,3253200
APH,2020-08-28,25.71,26.13,25.6,26.09,4305200
APH,2020-08-31,26.05,26.21,25.99,26.09,4415600
APH,2020-09-01,26.14,26.38,26.0,26.33,5016800
APH,2020-09-02,26.49,26.91,26.32,26.84,5452000
APH,2020-09-03,26.77,26.77,25.58,25.78,5036800
APH,2020-09-04,26.01,26.05,25.31,25.77,5212000
APH,2020-09-08,25.35,25.56,24.94,24.97,6789600
APH,2020-09-09,25.31,25.61,25.16,25.37,10476800
APH,2020-09-10,25.54,25.66,24.73,24.84,5464800
APH,2020-09-11,25.04,25.22,24.68,24.78,6837600
APH,2020-09-14,25.1,25.5,25.07,25.44,5013200
APH,2020-09-15,25.6,26.04,25.56,25.8,3604400
APH,2020-09-16,26.2,26.26,25.94,25.98,5417200
APH,2020-09-17,25.75,26.31,25.69,26.17,7982800
APH,2020-09-18,26.14,26.38,25.78,25.93,8285200
APH,2020-09-21,25.54,25.65,24.51,24.65,6335200
APH,2020-09-22,24.72,24.98,24.22,24.92,6518800
APH,2020-09-23,24.89,25.07,24.49,24.6,6092000
APH,2020-09-24,24.47,25.15,24.4,24.82,5354000
APH,2020-09-25,24.69,25.28,24.58,25.17,4486000
APH,2020-09-28,25.61,25.95,25.49,25.77,4820800
APH,2020-09-29,25.9,26.03,25.63,25.88,6041600
APH,2020-09-30,25.97,26.15,25.63,25.79,7394400
APH,2020-10-01,26.18,26.2,25.95,26.15,4118400
APH,2020-10-02,25.64,26.37,25.48,26.05,4837200
APH,2020-10-05,26.26,26.83,26.26,26.57,5896400
APH,2020-10-06,26.51,26.86,26.21,26.24,4702800
APH,2020-10-07,26.5,27.05,26.5,26.92,3436000
APH,2020-10-08,27.04,27.29,26.96,27.04,2814400
APH,2020-10-09,27.28,27.46,26.95,27.03,4839200
APH,2020-10-12,27.2,27.66,27.09,27.34,7838000
APH,2020-10-13,27.2,27.26,26.85,26.91,6138800
APH,2020-10-14,27.1,27.31,26.86,27.03,4251600
APH,2020-10-15,26.73,27.26,26.59,27.24,5448800
APH,2020-10-16,27.39,27.62,27.35,27.43,11890400
APH,2020-10-19,27.42,27.59,26.81,26.94,6245600
APH,2020-10-20,27.3,27.67,27.04,27.3,5517600
APH,2020-10-21,27.36,28.37,27.09,27.38,8672800
APH,2020-10-22,27.42,28.43,27.33,28.23,6589600
APH,2020-10-23,28.44,28.53,28.08,28.52,6126400
APH,2020-10-26,28.12,28.19,27.3,27.74,4432400
APH,2020-10-27,27.72,27.96,27.28,27.41,5035600
APH,2020-10-28,26.96,27.1,26.48,26.56,4630800
APH,2020-10-29,26.55,27.28,26.36,26.96,5540000
APH,2020-10-30,26.84,26.89,26.44,26.88,4436800
APH,2020-11-02,27.23,27.51,27.05,27.41,6013600
APH,2020-11-03,27.79,28.31,27.73,27.75,5890400
APH,2020-11-04,27.78,28.07,27.35,27.61,8826400
APH,2020-11-05,28.2,28.68,28.09,28.46,6792400
APH,2020-11-06,28.51,28.73,28.37,28.67,3328000
APH,2020-11-09,29.89,30.62,28.92,28.96,7826800
APH,2020-11-10,28.82,29.28,28.71,29.02,8072800
APH,2020-11-11,29.34,29.87,29.25,29.6,8565200
APH,2020-11-12,29.41,29.51,28.5,28.63,6446400
APH,2020-11-13,28.91,29.48,28.83,29.39,5252400
APH,2020-11-16,28.93,30.09,28.91,30.08,6517600
APH,2020-11-17,29.79,30.59,29.78,30.27,6112800
APH,2020-11-18,30.35,30.35,29.91,29.97,5639600
APH,2020-11-19,29.78,30.4,29.73,30.3,3666000
APH,2020-11-20,30.34,30.59,30.28,30.34,6139200
APH,2020-11-23,30.57,30.87,30.38,30.51,4446400
APH,2020-11-24,30.83,31.32,30.62,31.26,5154000
APH,2020-11-25,31.09,31.24,30.94,31.16,3478400
APH,2020-11-27,31.38,31.55,31.22,31.43,2107600
APH,2020-11-30,31.24,31.47,30.97,31.16,7264400
APH,2020-12-01,31.6,31.81,31.32,31.35,7528000
APH,2020-12-02,31.33,31.39,31.01,31.23,5836000
APH,2020-12-03,31.15,31.5,31.12,31.37,5395600
APH,2020-12-04,31.57,32.04,31.54,31.66,5672400
APH,2020-12-07,31.7,31.9,31.4,31.55,6508400
APH,2020-12-08,31.25,31.79,31.24,31.74,5480400
APH,2020-12-09,31.92,32.32,31.72,31.83,5620800
APH,2020-12-10,31.65,31.84,31.27,31.3,5049200
APH,2020-12-11,31.08,31.36,30.95,31.21,5088000
APH,2020-12-14,31.54,31.74,31.05,31.11,4304800
APH,2020-12-15,31.32,31.49,31.06,31.41,4903200
APH,2020-12-16,31.36,31.42,30.93,31.24,4275200
APH,2020-12-17,31.49,31.75,31.41,31.55,4287600
APH,2020-12-18,31.56,31.62,30.99,31.19,9458800
APH,2020-12-21,30.67,31.01,30.38,30.88,6801200
APH,2020-12-22,30.91,30.91,30.61,30.77,3432000
APH,2020-12-23,30.96,31.09,30.72,30.74,3879200
APH,2020-12-24,30.81,30.89,30.62,30.84,1349200
APH,2020-12-28,31.07,31.23,30.9,31.0,2566800
APH,2020-12-29,31.1,31.11,30.56,30.66,3469600
APH,2020-12-30,30.87,31.13,30.78,31.0,2930400
APH,2020-12-31,31.0,31.27,30.88,31.22,3550800
APH,2021-01-04,31.25,31.52,30.51,30.68,4112800
APH,2021-01-05,30.76,31.37,30.64,31.21,5423600
APH,2021-01-06,31.3,32.18,31.3,31.99,4441600
APH,2021-01-07,32.23,32.57,31.99,32.45,3654800
APH,2021-01-08,32.59,32.75,31.97,32.31,3871200
APH,2021-01-11,31.82,32.44,31.68,32.39,3259600
APH,2021-01-12,32.41,32.52,32.1,32.21,2970000
APH,2021-01-13,32.16,32.24,31.93,32.1,3241600
APH,2021-01-14,32.23,32.29,31.91,31.95,3214000
APH,2021-01-15,31.79,31.89,31.25,31.45,5488000
APH,2021-01-19,31.83,31.89,31.35,31.6,4306000
APH,2021-01-20,31.94,32.08,31.75,31.98,3361200
APH,2021-01-21,32.07,32.43,31.74,31.78,4160400
APH,2021-01-22,31.59,31.67,31.41,31.57,6218000
APH,2021-01-25,31.65,31.78,31.13,31.71,7190400
APH,2021-01-26,31.85,31.93,30.98,31.04,6410000
APH,2021-01-27,30.27,30.56,29.25,29.98,13338400
APH,2021-01-28,30.45,30.55,29.84,30.28,8997600
APH,2021-01-29,30.22,30.32,29.79,29.81,8626800
APH,2021-02-01,30.08,30.52,29.63,29.99,9662800
APH,2021-02-02,30.42,30.68,30.22,30.31,4600000
APH,2021-02-03,30.32,30.56,30.19,30.19,5147600
APH,2021-02-04,30.16,30.72,30.07,30.65,3125200
APH,2021-02-05,30.98,31.05,30.72,30.92,4229200
APH,2021-02-08,31.1,31.61,31.08,31.58,4090800
APH,2021-02-09,31.49,31.83,31.42,31.56,3460800
APH,2021-02-10,31.75,31.85,31.3,31.35,3844000
APH,2021-02-11,31.57,31.67,31.07,31.65,4306400
APH,2021-02-12,31.5,32.47,31.5,32.44,5651200
APH,2021-02-16,32.69,32.99,32.32,32.41,5448800
APH,2021-02-17,32.27,32.32,31.83,31.98,3190000
APH,2021-02-18,31.62,31.74,31.15,31.21,7517600
APH,2021-02-19,31.35,31.89,31.33,31.62,10166800
APH,2021-02-22,31.32,31.65,31.01,31.03,4914800
APH,2021-02-23,30.88,30.88,29.94,30.41,10736000
APH,2021-02-24,30.29,31.09,30.28,30.93,6584000
APH,2021-02-25,30.82,30.85,29.76,29.89,6008000
APH,2021-02-26,30.14,30.27,29.73,30.0,7524000
APH,2021-03-01,30.41,31.09,30.4,31.03,5352400
APH,2021-03-02,31.06,31.27,30.76,30.8,5443200
APH,2021-03-03,30.6,30.72,30.0,30.01,6542000
APH,2021-03-04,29.91,29.96,28.47,28.67,9512400
APH,2021-03-05,29.26,29.55,27.97,29.39,7179600
APH,2021-03-08,29.41,29.87,28.97,29.29,6487200
APH,2021-03-09,29.71,30.05,29.63,29.7,4880200
APH,2021-03-10,29.76,30.09,29.63,29.65,6342600
APH,2021-03-11,30.13,30.58,29.94,30.52,7135200
APH,2021-03-12,30.3,30.65,30.26,30.6,4314000
APH,2021-03-15,30.6,31.47,30.6,31.44,5026400
APH,2021-03-16,31.62,31.86,30.98,31.18,5837200
APH,2021-03-17,31.0,31.3,30.87,31.16,4167200
APH,2021-03-18,30.95,31.53,30.91,31.04,4778400
APH,2021-03-19,30.87,31.05,30.45,30.7,6542600
APH,2021-03-22,30.75,31.14,30.55,30.97,4689000
APH,2021-03-23,30.72,31.07,29.93,30.11,6275600
APH,2021-03-24,30.25,30.84,30.18,30.46,4103000
APH,2021-03-25,30.26,30.93,30.07,30.87,5074200
APH,2021-03-26,31.08,31.87,30.95,31.82,4811600
APH,2021-03-29,31.75,31.98,31.36,31.68,4027200
APH,2021-03-30,31.62,31.78,31.17,31.39,5174000
APH,2021-03-31,31.37,31.84,31.29,31.57,5983600
APH,2021-04-01,31.94,32.14,31.36,32.09,5445200
APH,2021-04-05,32.48,32.98,32.31,32.93,3581200
APH,2021-04-06,32.77,32.83,32.47,32.67,4298600
APH,2021-04-07,32.67,32.84,32.17,32.2,8259200
APH,2021-04-08,32.4,32.57,32.02,32.57,6034200
APH,2021-04-09,32.6,32.78,32.32,32.76,4295000
APH,2021-04-12,32.44,32.82,32.32,32.41,6105800
APH,2021-04-13,32.42,32.52,32.1,32.46,7238000
APH,2021-04-14,32.55,32.76,32.33,32.4,5797600
APH,2021-04-15,32.61,32.91,32.57,32.79,4202200
APH,2021-04-16,32.94,33.01,32.7,32.77,12198600
APH,2021-04-19,32.75,32.83,32.13,32.31,5542400
APH,2021-04-20,32.17,32.36,31.85,31.96,3063400
APH,2021-04-21,31.96,32.52,31.9,32.41,6292800
APH,2021-04-22,32.53,32.75,32.27,32.35,6689000
APH,2021-04-23,32.54,33.01,32.43,32.92,7110800
APH,2021-04-26,32.99,33.32,32.93,33.01,4905000
APH,2021-04-27,32.99,33.16,32.43,32.67,6292200
APH,2021-04-28,32.32,32.75,32.02,32.31,9886600
APH,2021-04-29,32.71,33.04,32.53,32.85,5802200
APH,2021-04-30,32.47,32.63,32.0,32.22,7433400
APH,2021-05-03,32.62,32.69,31.64,31.7,6772000
APH,2021-05-04,31.54,31.7,31.14,31.62,9271200
APH,2021-05-05,31.92,32.3,31.7,32.01,6540800
APH,2021-05-06,31.91,32.15,31.49,32.04,5276800
APH,2021-05-07,32.14,32.71,32.06,32.59,4212800
APH,2021-05-10,32.6,32.7,32.09,32.09,5650600
APH,2021-05-11,31.43,31.79,31.2,31.73,5321800
APH,2021-05-12,31.4,31.51,30.69,30.71,5099400
APH,2021-05-13,30.91,31.45,30.79,31.25,3985000
APH,2021-05-14,31.5,31.91,31.33,31.76,3173200
APH,2021-05-17,31.6,31.86,31.45,31.82,3281600
APH,2021-05-18,31.86,31.93,31.43,31.44,4407000
APH,2021-05-19,31.02,31.59,30.88,31.56,4630000
APH,2021-05-20,31.73,31.97,31.58,31.87,3564800
APH,2021-05-21,32.01,32.22,31.58,31.75,7290200
APH,2021-05-24,32.01,32.18,31.87,32.1,3215600
APH,2021-05-25,32.22,32.34,32.0,32.04,3264200
APH,2021-05-26,31.98,32.2,31.94,32.11,2966600
APH,2021-05-27,32.28,32.39,32.12,32.15,4938800
APH,2021-05-28,32.32,32.4,32.06,32.19,3926400
APH,2021-06-01,32.45,32.65,32.32,32.34,4098600
APH,2021-06-02,32.39,32.66,32.21,32.43,4858200
APH,2021-06-03,32.22,32.66,32.03,32.56,4346000
APH,2021-06-04,32.78,33.12,32.66,33.1,3404800
APH,2021-06-07,33.1,33.18,32.49,32.63,3361000
APH,2021-06-08,32.8,32.85,32.5,32.62,2501600
APH,2021-06-09,32.73,32.73,32.5,32.61,3375000
APH,2021-06-10,32.79,32.89,32.46,32.67,3659800
APH,2021-06-11,32.78,32.87,32.54,32.76,6820000
APH,2021-06-14,32.7,32.75,32.39,32.69,3306800
APH,2021-06-15,32.64,32.85,32.63,32.75,3593800
APH,2021-06-16,32.76,32.97,32.46,32.65,5381000
APH,2021-06-17,32.61,32.72,32.0,32.25,5624600
APH,2021-06-18,31.9,32.0,31.51,31.72,8831200
APH,2021-06-21,31.89,32.25,31.77,32.15,4689600
APH,2021-06-22,32.11,32.49,31.97,32.39,6158600
APH,2021-06-23,32.43,32.6,32.26,32.34,4624600
APH,2021-06-24,32.58,32.71,32.38,32.63,3523800
APH,2021-06-25,32.74,32.82,32.54,32.58,7208000
APH,2021-06-28,32.75,32.84,32.45,32.8,4119400
APH,2021-06-29,32.92,33.11,32.82,32.85,4314600
APH,2021-06-30,32.78,32.99,32.65,32.81,5471000
APH,2021-07-01,32.84,33.08,32.68,33.07,4776400
APH,2021-07-02,33.3,33.72,33.28,33.55,6127600
APH,2021-07-06,33.57,33.62,32.89,33.24,4643400
APH,2021-07-07,33.29,33.52,32.98,33.49,3814000
APH,2021-07-08,33.0,33.22,32.68,33.14,3965200
APH,2021-07-09,33.43,33.76,33.18,33.72,4710600
APH,2021-07-12,33.79,33.95,33.6,33.75,5888000
APH,2021-07-13,33.56,33.85,33.5,33.54,5600400
APH,2021-07-14,33.85,34.07,33.38,33.5,5619200
APH,2021-07-15,33.31,33.44,32.97,33.13,6790400
APH,2021-07-16,33.27,33.41,32.56,32.63,12912600
APH,2021-07-19,32.09,32.47,32.01,32.32,7327200
APH,2021-07-20,32.51,33.06,32.37,32.9,4476800
APH,2021-07-21,33.05,33.67,33.04,33.64,6925600
APH,2021-07-22,33.73,33.87,33.39,33.59,4917400
APH,2021-07-23,33.89,34.06,33.71,34.05,4193200
APH,2021-07-26,33.97,34.11,33.78,33.93,4743600
APH,2021-07-27,33.75,33.88,33.47,33.76,5632200
APH,2021-07-28,33.88,34.39,33.77,33.94,9219800
APH,2021-07-29,34.25,34.67,34.21,34.51,7079000
APH,2021-07-30,34.36,34.82,34.32,34.77,4950000
APH,2021-08-02,34.94,35.05,34.7,34.86,6475200
APH,2021-08-03,34.99,35.48,34.95,35.41,7037600
APH,2021-08-04,35.39,35.52,35.1,35.27,4358600
APH,2021-08-05,35.38,35.47,35.13,35.34,3799400
APH,2021-08-06,35.37,35.42,35.21,35.31,3058600
APH,2021-08-09,35.18,35.36,35.07,35.22,2960200
APH,2021-08-10,35.25,35.38,35.09,35.31,2683200
APH,2021-08-11,35.24,35.38,35.16,35.36,2626600
APH,2021-08-12,35.34,35.48,35.22,35.45,3641000
APH,2021-08-13,35.41,35.54,35.33,35.48,2347400
APH,2021-08-16,35.44,35.74,35.28,35.73,3120200
APH,2021-08-17,35.6,35.6,35.19,35.54,4175000
APH,2021-08-18,35.46,35.8,35.37,35.45,4703800
APH,2021-08-19,35.18,35.61,35.03,35.55,4245400
APH,2021-08-20,35.56,35.76,35.48,35.72,7365000
APH,2021-08-23,35.87,36.16,35.72,36.09,3933200
APH,2021-08-24,36.16,36.36,36.09,36.13,4966200
APH,2021-08-25,36.11,36.4,36.08,36.34,2985600
APH,2021-08-26,36.4,36.46,36.16,36.27,3120000
APH,2021-08-27,36.42,36.93,36.4,36.81,4450600
APH,2021-08-30,36.89,37.05,36.71,36.89,2536400
APH,2021-08-31,36.95,36.95,36.51,36.75,4260800
APH,2021-09-01,36.77,36.81,36.51,36.61,3967800
APH,2021-09-02,36.77,36.87,36.58,36.85,3318800
APH,2021-09-03,36.76,36.97,36.72,36.95,2656000
APH,2021-09-07,36.85,36.91,36.42,36.44,3748800
APH,2021-09-08,36.38,36.43,35.96,36.24,3842200
APH,2021-09-09,36.21,36.47,36.07,36.07,4249800
APH,2021-09-10,36.29,36.63,36.12,36.14,3767000
APH,2021-09-13,36.4,36.51,36.05,36.41,6230400
APH,2021-09-14,36.54,36.54,36.09,36.32,4072800
APH,2021-09-15,36.24,36.68,36.24,36.65,4048000
APH,2021-09-16,36.57,36.84,36.36,36.67,4077200
APH,2021-09-17,36.51,36.65,36.17,36.31,9624600
APH,2021-09-20,35.79,35.91,35.36,35.65,5801800
APH,2021-09-21,35.89,35.89,35.25,35.5,4202400
APH,2021-09-22,35.83,36.67,35.78,36.31,5234000
APH,2021-09-23,36.5,37.11,36.44,37.02,3913400
APH,2021-09-24,36.81,37.33,36.81,37.23,3077000
APH,2021-09-27,37.08,37.33,36.93,37.13,4097400
APH,2021-09-28,36.75,37.16,36.31,36.35,8309800
APH,2021-09-29,36.47,36.6,35.76,35.82,8753600
APH,2021-09-30,35.91,36.15,35.17,35.19,6879800
APH,2021-10-01,35.39,36.04,35.09,35.85,5490400
APH,2021-10-04,35.64,35.82,35.16,35.34,4299600
APH,2021-10-05,35.53,36.06,35.37,35.84,3910200
APH,2021-10-06,35.43,35.84,35.16,35.81,3587800
APH,2021-10-07,36.17,36.54,36.17,36.33,2453600
APH,2021-10-08,36.41,36.53,36.22,36.39,2681000
APH,2021-10-11,36.27,36.5,36.06,36.07,2750800
APH,2021-10-12,36.13,36.25,35.49,35.56,3231600
APH,2021-10-13,35.57,35.83,35.28,35.76,4795600
APH,2021-10-14,36.11,36.74,36.0,36.73,3304800
APH,2021-10-15,36.92,37.06,36.76,37.03,4099800
APH,2021-10-18,36.82,37.36,36.61,37.23,3062200
APH,2021-10-19,37.48,37.53,37.16,37.4,2590200
APH,2021-10-20,37.46,37.76,37.37,37.65,2909800
APH,2021-10-21,37.65,38.31,37.65,38.2,4454600
APH,2021-10-22,38.2,38.5,37.98,38.1,2806800
APH,2021-10-25,38.16,38.25,37.83,38.02,3162000
APH,2021-10-26,38.07,38.14,37.83,37.85,3958000
APH,2021-10-27,37.1,37.44,36.33,36.41,6119800
APH,2021-10-28,36.66,36.91,36.2,36.82,6744400
APH,2021-10-29,36.66,37.12,36.61,36.89,3707600
APH,2021-11-01,36.96,37.32,36.81,36.98,3899200
APH,2021-11-02,36.96,37.82,36.96,37.4,4363000
APH,2021-11-03,37.28,37.72,36.98,37.66,2685400
APH,2021-11-04,37.83,38.02,37.55,38.02,2967200
APH,2021-11-05,38.44,39.18,38.33,39.13,4487200
APH,2021-11-08,39.4,39.57,39.04,39.23,4430400
APH,2021-11-09,39.29,39.56,39.11,39.54,3381000
APH,2021-11-10,39.28,39.67,39.21,39.54,4012600
APH,2021-11-11,39.61,39.97,39.36,39.8,3871000
APH,2021-11-12,39.96,40.55,39.69,40.37,3486600
APH,2021-11-15,40.39,40.84,40.16,40.82,5201200
APH,2021-11-16,40.7,41.14,40.64,40.86,6410800
APH,2021-11-17,40.81,40.96,40.57,40.8,3764400
APH,2021-11-18,40.87,41.02,40.34,40.73,2928800
APH,2021-11-19,40.8,41.22,40.63,40.91,3308000
APH,2021-11-22,41.05,41.35,40.45,40.49,3601600
APH,2021-11-23,40.59,40.78,40.24,40.75,3619800
APH,2021-11-24,40.56,40.75,40.19,40.51,4027800
APH,2021-11-26,39.68,39.82,38.96,39.22,4451200
APH,2021-11-29,39.6,40.21,39.57,39.85,4427400
APH,2021-11-30,39.2,39.72,38.62,38.72,7974400
APH,2021-12-01,39.49,39.84,38.42,38.44,5782800
APH,2021-12-02,38.49,39.44,38.45,39.14,3931200
APH,2021-12-03,39.46,39.81,38.91,39.24,5772800
APH,2021-12-06,39.67,39.97,39.26,39.76,4234600
APH,2021-12-07,40.29,40.49,40.06,40.29,3809400
APH,2021-12-08,40.47,40.51,39.96,40.14,2667600
APH,2021-12-09,39.88,40.15,39.87,39.94,2642600
APH,2021-12-10,40.21,40.54,40.06,40.49,3910000
APH,2021-12-13,40.48,40.53,39.81,40.17,4438600
APH,2021-12-14,40.01,40.07,39.33,39.63,2964800
APH,2021-12-15,39.74,40.57,39.48,40.54,4153600
APH,2021-12-16,40.69,40.78,39.98,40.15,5026200
APH,2021-12-17,39.99,40.4,39.48,39.63,7068800
APH,2021-12-20,39.09,39.32,38.57,39.08,2889600
APH,2021-12-21,39.48,40.03,39.35,40.01,2559400
APH,2021-12-22,39.96,40.49,39.85,40.46,3406000
APH,2021-12-23,40.62,41.26,40.59,40.97,2730600
APH,2021-12-27,41.08,41.88,41.08,41.87,1939800
APH,2021-12-28,41.91,42.09,41.69,41.96,2261400
APH,2021-12-29,41.87,42.55,41.82,42.36,2377400
APH,2021-12-30,42.43,42.6,41.85,41.92,1668800
APH,2021-12-31,41.81,42.24,41.79,42.04,2427800
APH,2022-01-03,42.29,42.39,41.61,41.67,3852600
APH,2022-01-04,41.87,42.16,41.69,41.8,4343000
APH,2022-01-05,41.8,42.0,40.98,41.0,3522800
APH,2022-01-06,40.95,41.26,40.85,41.03,4033000
APH,2022-01-07,40.15,40.51,39.44,39.56,6535800
APH,2022-01-10,39.11,39.47,38.74,39.46,4771400
APH,2022-01-11,39.46,39.8,38.99,39.79,3416400
APH,2022-01-12,39.98,40.26,39.57,39.92,3727200
APH,2022-01-13,39.88,40.07,39.31,39.43,3316600
APH,2022-01-14,39.08,39.71,38.9,39.31,4938400
APH,2022-01-18,38.89,38.89,38.24,38.46,3603200
APH,2022-01-19,38.62,38.94,37.78,37.82,4643000
APH,2022-01-20,37.94,38.46,37.47,37.53,4541400
APH,2022-01-21,37.59,38.01,37.05,37.1,6697200
APH,2022-01-24,36.58,37.41,35.76,37.26,7415600
APH,2022-01-25,36.65,36.95,35.92,36.61,8570800
APH,2022-01-26,37.92,38.56,36.37,36.77,10673800
APH,2022-01-27,37.34,37.74,35.92,36.14,10778400
APH,2022-01-28,36.18,37.15,35.72,37.14,6076000
APH,2022-01-31,37.09,38.39,36.91,38.34,6604000
APH,2022-02-01,38.27,38.44,37.71,38.11,4854200
APH,2022-02-02,38.21,38.8,38.12,38.75,5714200
APH,2022-02-03,38.29,38.59,38.03,38.09,4653600
APH,2022-02-04,37.94,38.34,37.41,37.94,3804200
APH,2022-02-07,38.09,38.35,37.46,37.56,4318200
APH,2022-02-08,37.52,37.95,37.12,37.88,5434000
APH,2022-02-09,38.4,38.78,38.26,38.53,5216800
APH,2022-02-10,37.94,38.47,37.1,37.38,5864400
APH,2022-02-11,37.48,37.54,36.01,36.21,6483400
APH,2022-02-14,36.16,36.7,35.94,36.28,5137400
APH,2022-02-15,36.99,37.2,36.74,36.99,5091000
APH,2022-02-16,36.75,37.22,36.45,37.07,6348000
APH,2022-02-17,36.77,36.86,36.32,36.36,4922400
APH,2022-02-18,36.33,36.9,36.29,36.72,10957200
APH,2022-02-22,36.5,36.78,35.9,36.1,5718000
APH,2022-02-23,36.32,36.49,35.34,35.49,6946400
APH,2022-02-24,34.5,36.25,34.25,36.18,6617600
APH,2022-02-25,36.23,37.06,36.05,37.02,4100000
APH,2022-02-28,36.46,36.8,36.15,36.61,5904200
APH,2022-03-01,36.59,36.59,35.41,35.7,4920600
APH,2022-03-02,36.0,36.86,35.88,36.69,5017200
APH,2022-03-03,36.91,37.13,36.31,36.78,4668200
APH,2022-03-04,36.33,36.93,36.11,36.72,4105000
APH,2022-03-07,36.67,36.72,35.04,35.08,7362800
APH,2022-03-08,35.05,35.91,34.54,34.94,8630000
APH,2022-03-09,35.91,36.28,35.36,36.08,5728200
APH,2022-03-10,35.49,36.08,35.22,35.77,4115000
APH,2022-03-11,36.11,36.32,35.4,35.46,4592600
APH,2022-03-14,35.71,35.97,34.22,34.44,7703000
APH,2022-03-15,34.69,35.43,34.69,35.37,7591600
APH,2022-03-16,35.71,36.44,35.42,36.24,4674800
APH,2022-03-17,36.06,36.57,35.99,36.57,3943400
APH,2022-03-18,36.82,37.09,36.35,36.96,11868600
APH,2022-03-21,36.82,37.22,36.58,36.73,6392600
APH,2022-03-22,36.55,36.85,36.51,36.56,11387200
APH,2022-03-23,36.34,36.54,35.84,35.85,5491600
APH,2022-03-24,36.05,36.43,35.9,36.42,4974400
APH,2022-03-25,36.59,36.67,36.18,36.54,5335800
APH,2022-03-28,36.55,36.69,36.23,36.61,4612400
APH,2022-03-29,37.08,37.41,36.8,37.36,3622200
APH,2022-03-30,37.22,37.35,36.91,37.05,3578400
APH,2022-03-31,36.93,37.1,36.39,36.39,5232800
APH,2022-04-01,36.7,36.85,35.99,36.5,4240400
APH,2022-04-04,36.47,36.84,36.39,36.7,4950000
APH,2022-04-05,36.59,36.65,35.82,35.93,4122400
APH,2022-04-06,35.51,35.61,35.09,35.28,5251600
APH,2022-04-07,35.25,35.88,35.07,35.72,4699800
APH,2022-04-08,35.61,35.75,35.23,35.39,3304400
APH,2022-04-11,35.18,35.28,34.58,34.65,4420600
APH,2022-04-12,34.93,35.25,34.51,34.67,5720000
APH,2022-04-13,34.69,34.86,34.55,34.73,4907200
APH,2022-04-14,34.73,34.82,33.96,33.99,6106000
APH,2022-04-18,33.87,34.3,33.73,34.01,6188800
APH,2022-04-19,34.11,34.42,33.93,34.34,12284200
APH,2022-04-20,34.7,35.38,34.7,35.03,5300200
APH,2022-04-21,35.47,35.54,34.5,34.59,3813400
APH,2022-04-22,34.38,34.64,33.5,33.54,4081000
APH,2022-04-25,33.36,34.21,33.0,34.15,4703800
APH,2022-04-26,33.97,34.08,33.08,33.11,5693600
APH,2022-04-27,33.51,34.68,33.19,33.88,5461400
APH,2022-04-28,34.45,35.68,34.26,35.52,7674200
APH,2022-04-29,35.2,35.56,34.48,34.53,7644800
APH,2022-05-02,34.49,34.85,33.74,34.57,5106600
APH,2022-05-03,34.68,35.02,34.51,34.76,3855400
APH,2022-05-04,34.84,35.74,34.52,35.71,4436400
APH,2022-05-05,35.29,35.37,33.98,34.37,3357600
APH,2022-05-06,34.06,34.2,33.39,34.01,4804600
APH,2022-05-09,33.53,34.03,33.24,33.37,4898400
APH,2022-05-10,33.97,34.07,32.91,33.34,4556400
APH,2022-05-11,33.25,33.87,32.96,33.02,4727800
APH,2022-05-12,32.83,33.3,32.55,33.14,4556200
APH,2022-05-13,33.46,34.27,33.4,34.03,3819600
APH,2022-05-16,33.69,33.9,33.32,33.58,3133600
APH,2022-05-17,34.3,34.42,33.89,34.34,3598600
APH,2022-05-18,33.9,34.16,32.74,32.83,4013400
APH,2022-05-19,32.53,33.03,32.35,32.64,6403200
APH,2022-05-20,33.02,33.1,32.22,33.05,5394200
APH,2022-05-23,33.29,33.62,32.99,33.52,4250200
APH,2022-05-24,33.33,33.52,32.72,33.32,3789400
APH,2022-05-25,33.12,33.48,32.84,33.2,5315800
APH,2022-05-26,33.35,33.96,33.13,33.77,4431000
APH,2022-05-27,34.16,34.67,34.16,34.45,6475600
APH,2022-05-31,34.24,34.5,33.8,34.22,7559200
APH,2022-06-01,34.29,34.4,33.28,33.46,5932200
APH,2022-06-02,33.55,34.78,33.39,34.76,3711000
APH,2022-06-03,34.29,34.44,34.08,34.23,4054000
APH,2022-06-06,34.58,34.98,34.32,34.41,3196800
APH,2022-06-07,34.1,34.6,33.96,34.57,3292000
APH,2022-06-08,34.3,34.49,33.94,34.05,2650800
APH,2022-06-09,33.88,34.13,33.33,33.39,2947200
APH,2022-06-10,32.8,33.01,32.26,32.62,4857000
APH,2022-06-13,31.92,32.22,31.37,31.5,5579600
APH,2022-06-14,31.67,31.88,31.39,31.65,5036400
APH,2022-06-15,31.95,32.41,31.46,31.93,4195800
APH,2022-06-16,31.13,31.22,29.89,30.19,4922200
APH,2022-06-17,30.27,30.75,29.88,30.47,7595600
APH,2022-06-21,31.02,31.02,30.51,30.72,5201800
APH,2022-06-22,30.44,31.0,30.32,30.69,6180600
APH,2022-06-23,30.79,31.06,30.5,31.02,4160800
APH,2022-06-24,31.43,31.95,31.31,31.9,6622400
APH,2022-06-27,31.94,32.31,31.66,32.03,5087800
APH,2022-06-28,32.2,32.41,31.3,31.36,3523400
APH,2022-06-29,31.43,31.43,30.67,31.19,4113800
APH,2022-06-30,30.76,31.48,30.66,31.19,4629400
APH,2022-07-01,30.97,31.3,30.47,30.89,3889400
APH,2022-07-05,30.35,30.99,29.93,30.98,4474400
APH,2022-07-06,31.15,31.49,30.94,31.23,4518600
APH,2022-07-07,31.49,31.99,31.3,31.89,5137600
APH,2022-07-08,31.77,32.09,31.54,31.92,3488000
APH,2022-07-11,31.63,31.79,31.37,31.48,3246200
APH,2022-07-12,31.5,31.72,31.08,31.19,4003200
APH,2022-07-13,30.66,31.31,30.56,31.09,2470800
APH,2022-07-14,31.12,31.41,30.61,31.37,3403200
APH,2022-07-15,31.85,32.06,31.57,32.03,3164600
APH,2022-07-18,32.17,32.31,31.47,31.6,2534000
APH,2022-07-19,32.01,32.82,32.01,32.78,3347000
APH,2022-07-20,32.74,33.4,32.68,33.28,2990200
APH,2022-07-21,33.41,33.89,33.26,33.89,3015400
APH,2022-07-22,33.91,34.16,33.56,33.83,3848200
APH,2022-07-25,33.89,33.9,33.42,33.72,2856600
APH,2022-07-26,33.74,33.84,33.43,33.69,3960600
APH,2022-07-27,34.63,36.27,34.59,36.06,6711000
APH,2022-07-28,36.29,37.31,36.15,37.17,5363800
APH,2022-07-29,37.08,37.51,36.95,37.37,6845600
APH,2022-08-01,36.9,37.61,36.9,37.07,4924200
APH,2022-08-02,36.82,37.46,36.8,37.03,4486800
APH,2022-08-03,37.15,37.6,37.0,37.4,4120000
APH,2022-08-04,37.48,37.68,37.37,37.55,3242600
APH,2022-08-05,37.12,37.59,37.01,37.57,2702000
APH,2022-08-08,37.75,37.92,37.48,37.59,3156600
APH,2022-08-09,37.3,37.43,36.91,37.01,2458000
APH,2022-08-10,37.76,38.13,37.54,37.95,3745600
APH,2022-08-11,38.01,38.27,37.69,37.74,2741600
APH,2022-08-12,37.93,38.53,37.89,38.51,2666800
APH,2022-08-15,38.26,38.94,38.26,38.58,2488400
APH,2022-08-16,38.49,38.72,38.39,38.55,2108200
APH,2022-08-17,38.26,38.75,38.05,38.58,3838800
APH,2022-08-18,38.77,38.97,38.6,38.83,2887800
APH,2022-08-19,38.58,38.67,38.15,38.38,3369400
APH,2022-08-22,37.71,37.93,37.39,37.51,2187600
APH,2022-08-23,37.51,37.86,37.45,37.55,2121200
APH,2022-08-24,37.49,37.57,37.27,37.32,2167200
APH,2022-08-25,37.53,37.97,37.46,37.97,2494000
APH,2022-08-26,37.96,38.01,36.53,36.56,2626400
APH,2022-08-29,36.24,36.6,36.2,36.22,1966400
APH,2022-08-30,36.35,36.39,35.76,35.93,2687200
APH,2022-08-31,36.01,36.12,35.6,35.62,3202600
APH,2022-09-01,35.46,35.61,34.99,35.59,2868200
APH,2022-09-02,36.16,36.3,34.98,35.16,2333400
APH,2022-09-06,35.28,35.56,34.93,35.28,3398200
APH,2022-09-07,35.37,36.08,35.32,35.97,3100000
APH,2022-09-08,35.77,36.29,35.59,36.28,2607600
APH,2022-09-09,36.52,36.96,36.4,36.77,2820800
APH,2022-09-12,36.9,37.01,36.64,37.01,5535800
APH,2022-09-13,36.26,36.54,35.82,35.95,4991600
APH,2022-09-14,35.95,36.04,35.47,35.82,3288800
APH,2022-09-15,35.8,35.93,35.28,35.31,3096200
APH,2022-09-16,34.92,35.35,34.67,35.24,7017200
APH,2022-09-19,34.97,35.57,34.9,35.55,4536600
APH,2022-09-20,35.24,35.29,34.74,35.05,5816600
APH,2022-09-21,35.2,35.9,34.88,34.89,4548400
APH,2022-09-22,34.75,34.8,33.77,33.79,3962400
APH,2022-09-23,33.62,33.62,32.94,33.44,6061600
APH,2022-09-26,33.34,33.79,33.04,33.18,3356600
APH,2022-09-27,33.58,33.71,32.9,33.18,5033600
APH,2022-09-28,33.19,33.88,32.96,33.71,3872600
APH,2022-09-29,33.33,33.33,32.72,33.0,3241600
APH,2022-09-30,32.87,33.37,32.49,32.53,4665800
APH,2022-10-03,32.91,33.91,32.75,33.71,3820000
APH,2022-10-04,34.36,34.81,34.3,34.79,4617400
APH,2022-10-05,34.34,35.13,34.29,34.92,3252400
APH,2022-10-06,34.97,35.54,34.91,35.17,4618200
APH,2022-10-07,34.67,34.73,33.93,34.09,4645600
APH,2022-10-10,34.41,34.47,33.4,33.68,3148000
APH,2022-10-11,33.5,33.56,32.73,32.88,4292600
APH,2022-10-12,33.02,33.1,32.6,32.62,3425000
APH,2022-10-13,31.91,33.84,31.68,33.65,5381800
APH,2022-10-14,33.95,34.09,32.53,32.57,4168200
APH,2022-10-17,33.17,33.84,33.17,33.7,4495600
APH,2022-10-18,34.69,34.87,33.7,34.04,4816000
APH,2022-10-19,33.71,34.1,33.65,34.05,4063000
APH,2022-10-20,34.45,34.45,33.35,33.59,5758400
APH,2022-10-21,33.52,34.91,33.52,34.76,5250800
APH,2022-10-24,34.78,35.13,34.33,34.8,6302400
APH,2022-10-25,34.6,35.42,34.6,35.34,5647600
APH,2022-10-26,35.47,35.95,34.69,35.56,7385800
APH,2022-10-27,35.84,36.13,35.47,35.9,7170400
APH,2022-10-28,36.1,37.26,36.08,37.13,5418800
APH,2022-10-31,36.89,37.32,36.8,36.84,4964800
APH,2022-11-01,37.18,37.45,36.63,37.3,5904600
APH,2022-11-02,37.01,37.25,35.93,35.97,5387600
APH,2022-11-03,35.48,36.28,35.31,36.07,5144000
APH,2022-11-04,36.72,37.12,36.15,37.05,5406200
APH,2022-11-07,37.17,37.17,36.6,36.84,5482400
APH,2022-11-08,36.96,37.21,36.52,36.9,4643400
APH,2022-11-09,36.7,36.88,36.07,36.18,3696000
APH,2022-11-10,37.41,38.46,37.27,38.41,6567000
APH,2022-11-11,38.63,38.97,38.33,38.54,5422200
APH,2022-11-14,38.44,38.9,38.21,38.22,4174400
APH,2022-11-15,38.96,39.18,38.21,38.72,4578200
APH,2022-11-16,38.6,38.9,38.34,38.43,3467000
APH,2022-11-17,37.85,38.4,37.71,38.35,2713800
APH,2022-11-18,38.91,38.96,38.38,38.72,3770400
APH,2022-11-21,38.54,38.89,38.46,38.66,4360400
APH,2022-11-22,38.51,38.98,38.38,38.9,6554800
APH,2022-11-23,39.0,39.28,38.79,38.9,2999200
APH,2022-11-25,38.87,39.2,38.73,39.03,1587400
APH,2022-11-28,38.72,38.75,37.62,37.81,4622800
APH,2022-11-29,37.8,38.03,37.38,37.6,3327800
APH,2022-11-30,37.65,39.08,37.49,39.07,5474600
APH,2022-12-01,39.35,39.5,38.98,39.29,3311600
APH,2022-12-02,38.79,39.3,38.58,39.17,2680600
APH,2022-12-05,38.86,38.9,38.32,38.61,4107600
APH,2022-12-06,38.6,38.69,37.78,38.03,2444600
APH,2022-12-07,37.89,38.23,37.69,37.92,3031200
APH,2022-12-08,38.2,38.69,38.13,38.65,4553200
APH,2022-12-09,38.56,38.73,38.11,38.14,2823400
APH,2022-12-12,38.19,38.97,38.09,38.96,4761000
APH,2022-12-13,39.84,40.2,39.24,39.82,7147800
APH,2022-12-14,39.79,40.26,39.2,39.7,6692800
APH,2022-12-15,39.09,39.15,37.91,37.97,4398800
APH,2022-12-16,37.63,37.94,37.35,37.73,9122200
APH,2022-12-19,37.69,37.82,36.81,37.0,4433200
APH,2022-12-20,36.99,37.33,36.89,37.13,4941400
APH,2022-12-21,37.4,37.6,37.12,37.4,3649000
APH,2022-12-22,37.0,37.17,36.41,37.05,3697600
APH,2022-12-23,36.98,37.11,36.55,36.93,2791000
APH,2022-12-27,37.0,37.38,36.7,37.19,3113400
APH,2022-12-28,37.12,37.35,36.4,36.48,2285200
APH,2022-12-29,36.81,37.55,36.81,37.32,2254600
APH,2022-12-30,37.03,37.15,36.67,37.09,2486200
APH,2023-01-03,37.37,37.45,36.78,37.22,5085200
APH,2023-01-04,37.73,37.96,37.3,37.77,4263200
APH,2023-01-05,37.42,37.7,37.25,37.36,6826400
APH,2023-01-06,37.99,38.54,37.7,38.27,3642200
APH,2023-01-09,38.51,39.18,38.31,38.54,3944800
APH,2023-01-10,38.55,38.8,38.35,38.63,2946600
APH,2023-01-11,38.89,39.31,38.76,39.3,4276400
APH,2023-01-12,39.39,39.74,39.04,39.41,4151000
APH,2023-01-13,39.12,39.37,38.85,39.15,4139400
APH,2023-01-17,39.21,39.74,39.18,39.31,4026800
APH,2023-01-18,39.49,39.65,38.36,38.44,7374000
APH,2023-01-19,38.2,38.3,37.41,37.69,5372800
APH,2023-01-20,37.85,38.04,37.52,38.03,5883000
APH,2023-01-23,38.07,38.77,37.9,38.44,4743600
APH,2023-01-24,38.39,38.96,37.98,38.7,4968800
APH,2023-01-25,36.5,38.74,36.29,38.66,7761000
APH,2023-01-26,38.74,38.82,37.93,38.19,5834600
APH,2023-01-27,37.77,38.67,37.58,38.31,5188600
APH,2023-01-30,38.1,38.48,38.01,38.14,3428600
APH,2023-01-31,38.13,38.87,38.0,38.86,3985200
APH,2023-02-01,38.73,39.73,38.61,39.53,4589000
APH,2023-02-02,39.85,40.19,39.57,39.99,5367600
APH,2023-02-03,39.59,40.16,39.53,39.76,5825400
APH,2023-02-06,39.45,39.95,39.29,39.85,4533600
APH,2023-02-07,39.62,39.73,38.85,39.63,6542400
APH,2023-02-08,39.37,39.9,39.26,39.59,5225600
APH,2023-02-09,39.96,39.98,38.98,39.13,5260200
APH,2023-02-10,38.93,39.02,38.58,38.9,4339400
APH,2023-02-13,39.03,39.6,38.99,39.51,4141200
APH,2023-02-14,39.33,39.7,39.04,39.33,4264200
APH,2023-02-15,39.14,39.72,39.14,39.68,6331200
APH,2023-02-16,39.23,39.89,39.23,39.63,5853800
APH,2023-02-17,39.42,39.7,39.31,39.47,3451600
APH,2023-02-21,39.01,39.07,37.92,37.96,5018400
APH,2023-02-22,37.91,38.07,37.49,37.6,5182400
APH,2023-02-23,37.96,37.99,37.31,37.82,4585000
APH,2023-02-24,37.32,37.47,37.13,37.28,4395000
APH,2023-02-27,37.66,37.92,37.48,37.49,3518600
APH,2023-02-28,37.39,38.01,37.25,37.76,6641000
APH,2023-03-01,37.7,38.19,37.68,37.86,6366800
APH,2023-03-02,37.71,38.21,37.57,38.17,3361400
APH,2023-03-03,38.42,38.69,38.12,38.56,3572200
APH,2023-03-06,38.77,38.9,38.46,38.55,4183800
APH,2023-03-07,38.59,38.59,37.92,38.07,4373200
APH,2023-03-08,38.22,38.66,38.07,38.63,5018600
APH,2023-03-09,38.77,38.92,37.9,37.97,4490200
APH,2023-03-10,38.04,38.1,37.01,37.27,3942600
APH,2023-03-13,37.0,37.52,36.68,37.14,4854400
APH,2023-03-14,37.66,38.15,37.28,37.8,5484000
APH,2023-03-15,37.22,37.22,36.42,37.04,5402400
APH,2023-03-16,37.03,37.91,36.79,37.86,4162000
APH,2023-03-17,37.9,37.96,37.17,37.41,9456800
APH,2023-03-20,37.5,38.07,37.42,37.94,4628200
APH,2023-03-21,38.34,38.49,37.96,38.28,4364800
APH,2023-03-22,38.17,38.57,37.88,37.92,5306200
APH,2023-03-23,38.05,39.05,37.94,38.29,5784400
APH,2023-03-24,38.27,38.41,37.73,38.4,4415800
APH,2023-03-27,38.49,38.73,38.2,38.24,4767400
APH,2023-03-28,38.15,38.25,37.94,38.15,4601200
APH,2023-03-29,38.57,39.08,38.41,38.99,4438000
APH,2023-03-30,39.23,39.42,39.05,39.4,5310600
APH,2023-03-31,39.52,39.96,39.47,39.92,5347400
APH,2023-04-03,39.65,39.83,39.44,39.67,5360400
APH,2023-04-04,39.57,39.74,38.79,38.9,5911200
APH,2023-04-05,38.67,38.74,37.97,38.13,4674600
APH,2023-04-06,37.88,38.1,37.67,37.93,3632400
APH,2023-04-10,37.63,38.32,37.5,38.31,3642200
APH,2023-04-11,38.34,38.54,38.19,38.2,2941600
APH,2023-04-12,38.48,38.69,38.04,38.15,5127000
APH,2023-04-13,38.33,38.53,38.0,38.42,4043800
APH,2023-04-14,38.42,38.68,37.94,38.17,4580600
APH,2023-04-17,38.07,38.42,38.02,38.41,4779200
APH,2023-04-18,38.73,38.81,38.1,38.31,3936400
APH,2023-04-19,37.85,37.95,37.5,37.78,7167200
APH,2023-04-20,37.59,37.88,37.33,37.69,5728400
APH,2023-04-21,37.67,37.8,37.29,37.53,4522200
APH,2023-04-24,37.48,37.73,37.45,37.61,6724800
APH,2023-04-25,37.5,37.52,36.53,36.57,7824200
APH,2023-04-26,36.03,36.32,35.17,36.1,10278800
APH,2023-04-27,36.01,36.67,35.68,36.53,10047800
APH,2023-04-28,36.5,36.89,36.5,36.87,6615800
APH,2023-05-01,36.88,37.42,36.84,37.34,4208800
APH,2023-05-02,37.23,37.35,36.51,36.81,5972200
APH,2023-05-03,37.02,37.16,36.5,36.55,5624000
APH,2023-05-04,36.38,36.63,36.09,36.43,5867800
APH,2023-05-05,36.83,37.09,36.64,36.98,4588600
APH,2023-05-08,37.15,37.3,36.63,36.81,2680800
APH,2023-05-09,36.61,36.88,36.49,36.73,3095600
APH,2023-05-10,37.12,37.18,36.37,36.86,4412200
APH,2023-05-11,36.88,36.91,36.53,36.69,6760800
APH,2023-05-12,36.88,36.95,36.35,36.68,6605000
APH,2023-05-15,36.77,37.03,36.36,37.0,6885000
APH,2023-05-16,36.8,36.92,36.49,36.51,4274800
APH,2023-05-17,36.75,36.94,36.36,36.87,5657000
APH,2023-05-18,36.85,37.29,36.76,37.19,5932000
APH,2023-05-19,37.14,37.32,36.97,37.03,4923000
APH,2023-05-22,37.0,37.41,36.8,37.27,3379200
APH,2023-05-23,36.94,37.09,36.46,36.47,4539000
APH,2023-05-24,36.22,36.28,35.55,35.64,9083800
APH,2023-05-25,36.05,36.28,35.81,36.12,18997800
APH,2023-05-26,36.39,37.57,36.38,37.42,12798000
APH,2023-05-30,37.75,37.89,37.42,37.5,7579000
APH,2023-05-31,37.21,37.43,36.69,36.86,15452400
APH,2023-06-01,36.92,37.08,36.38,37.04,6905400
APH,2023-06-02,37.36,38.03,37.26,37.89,4236200
APH,2023-06-05,37.92,37.92,37.37,37.47,4357600
APH,2023-06-06,37.52,37.92,37.43,37.86,4895000
APH,2023-06-07,37.96,38.54,37.88,38.47,4813000
APH,2023-06-08,38.54,38.61,38.18,38.52,3824000
APH,2023-06-09,38.7,38.79,38.12,38.21,4383000
APH,2023-06-12,38.31,38.96,38.28,38.89,3948000
APH,2023-06-13,39.04,39.51,38.78,39.48,6766200
APH,2023-06-14,39.43,39.79,39.17,39.45,5312400
APH,2023-06-15,39.38,40.24,39.38,39.99,4709400
APH,2023-06-16,40.41,40.47,40.06,40.23,7437000
APH,2023-06-20,39.83,39.85,39.48,39.69,5273200
APH,2023-06-21,39.51,39.92,39.46,39.85,4438600
APH,2023-06-22,39.89,39.89,39.51,39.69,3762400
APH,2023-06-23,39.28,39.72,39.08,39.27,9982200
APH,2023-06-26,39.49,39.72,39.32,39.45,3232000
APH,2023-06-27,39.58,40.38,39.47,40.28,3887200
APH,2023-06-28,40.23,40.49,40.07,40.41,3958000
APH,2023-06-29,40.46,40.89,40.41,40.87,4241000
APH,2023-06-30,41.19,41.73,41.07,41.6,5446400
APH,2023-07-03,41.39,41.51,41.17,41.18,2495400
APH,2023-07-05,40.82,41.24,40.68,41.07,3384400
APH,2023-07-06,40.63,41.02,40.61,40.99,3867800
APH,2023-07-07,40.9,41.33,40.9,40.95,3033600
APH,2023-07-10,40.95,41.59,40.68,41.57,4313000
APH,2023-07-11,41.59,41.65,41.14,41.55,3787600
APH,2023-07-12,41.87,42.02,41.58,41.9,4295400
APH,2023-07-13,41.98,42.06,41.78,41.98,4183800
APH,2023-07-14,41.9,41.96,41.22,41.44,3622200
APH,2023-07-17,41.42,41.79,41.29,41.72,4135600
APH,2023-07-18,41.57,41.87,41.57,41.78,3360000
APH,2023-07-19,41.7,41.8,41.25,41.69,3729400
APH,2023-07-20,41.58,41.65,41.07,41.29,3565800
APH,2023-07-21,41.23,41.43,40.93,40.95,5152400
APH,2023-07-24,41.1,41.27,40.72,40.94,4026800
APH,2023-07-25,40.85,41.56,40.78,41.29,6187800
APH,2023-07-26,41.69,43.51,41.59,43.39,10875800
APH,2023-07-27,43.85,44.21,43.32,43.47,8750000
APH,2023-07-28,43.75,43.81,42.67,42.89,9105000
APH,2023-07-31,42.89,43.46,42.82,43.25,5590000
APH,2023-08-01,43.2,43.52,43.0,43.4,4158400
APH,2023-08-02,43.04,43.5,43.02,43.28,5910400
APH,2023-08-03,43.05,43.48,42.88,43.33,5791200
APH,2023-08-04,43.3,43.49,42.71,42.75,3224000
APH,2023-08-07,43.13,43.73,43.09,43.53,4060600
APH,2023-08-08,43.3,43.58,42.95,43.47,3587000
APH,2023-08-09,43.56,43.64,43.23,43.31,5105600
APH,2023-08-10,43.44,43.75,42.99,43.05,3086200
APH,2023-08-11,42.97,42.97,42.56,42.71,2839200
APH,2023-08-14,42.65,42.97,42.61,42.85,5598400
APH,2023-08-15,42.58,42.77,42.4,42.51,3582600
APH,2023-08-16,42.37,42.53,42.03,42.06,2697200
APH,2023-08-17,42.3,42.33,41.64,41.81,3840400
APH,2023-08-18,41.41,41.87,41.35,41.74,2999800
APH,2023-08-21,41.7,42.0,41.6,41.86,3414000
APH,2023-08-22,42.04,42.27,41.82,42.02,3066800
APH,2023-08-23,42.14,42.45,41.69,42.29,4035600
APH,2023-08-24,42.26,42.57,41.88,41.89,3971800
APH,2023-08-25,42.22,42.42,41.78,42.26,2954400
APH,2023-08-28,42.5,42.63,42.34,42.44,2399600
APH,2023-08-29,42.41,43.07,42.36,43.05,3028800
APH,2023-08-30,42.94,43.28,42.93,43.24,1836000
APH,2023-08-31,43.39,43.57,43.15,43.28,4757200
APH,2023-09-01,43.59,43.61,43.22,43.38,3556800
APH,2023-09-05,43.4,43.41,43.03,43.08,3124200
APH,2023-09-06,43.05,43.5,42.91,43.08,4006800
APH,2023-09-07,42.68,42.87,42.26,42.48,4544000
APH,2023-09-08,42.14,42.5,41.94,42.06,4784000
APH,2023-09-11,42.33,42.34,41.73,42.34,4768400
APH,2023-09-12,42.22,42.6,42.19,42.41,4349600
APH,2023-09-13,42.37,42.56,42.11,42.37,4935000
APH,2023-09-14,42.56,42.59,42.17,42.37,4173400
APH,2023-09-15,42.21,42.49,41.78,41.98,5692600
APH,2023-09-18,41.95,42.54,41.9,42.33,3420800
APH,2023-09-19,42.25,42.41,41.92,42.36,3987400
APH,2023-09-20,42.53,42.56,41.6,41.64,4516000
APH,2023-09-21,41.41,41.51,40.91,40.91,4635000
APH,2023-09-22,40.95,41.27,40.85,40.91,3733800
APH,2023-09-25,40.75,41.07,40.66,40.88,4574600
APH,2023-09-26,40.64,40.75,39.85,39.99,7929400
APH,2023-09-27,40.22,40.53,39.95,40.43,6639400
APH,2023-09-28,40.46,41.48,40.36,41.28,5292800
APH,2023-09-29,41.51,41.69,41.16,41.23,5709200
APH,2023-10-02,40.91,41.06,40.36,40.58,4186400
APH,2023-10-03,40.43,40.74,40.21,40.35,4739600
APH,2023-10-04,40.46,41.0,40.32,40.91,4150000
APH,2023-10-05,41.14,41.57,40.29,40.57,4130200
APH,2023-10-06,40.43,41.15,40.35,40.93,4821200
APH,2023-10-09,40.52,40.94,40.32,40.8,4175800
APH,2023-10-10,41.06,41.36,40.9,40.97,5446600
APH,2023-10-11,41.08,41.61,41.07,41.55,5374400
APH,2023-10-12,41.81,41.82,40.97,41.31,5863200
APH,2023-10-13,41.07,41.08,39.88,40.21,8343000
APH,2023-10-16,40.64,41.15,40.52,40.93,5586400
APH,2023-10-17,40.69,41.18,40.59,41.07,4980800
APH,2023-10-18,40.69,40.75,40.03,40.03,5532800
APH,2023-10-19,40.03,40.23,39.47,39.71,6175600
APH,2023-10-20,39.74,39.74,39.08,39.21,5768600
APH,2023-10-23,39.03,39.46,38.79,38.87,6530200
APH,2023-10-24,39.08,39.23,38.69,38.91,5558400
APH,2023-10-25,38.95,39.5,38.63,39.11,10796400
APH,2023-10-26,39.54,39.81,39.01,39.37,8172200
APH,2023-10-27,39.17,39.47,38.76,38.94,4311400
APH,2023-10-30,39.27,39.49,38.83,39.27,5931200
APH,2023-10-31,39.19,39.68,39.03,39.54,5563000
APH,2023-11-01,39.61,40.13,39.46,40.08,5783600
APH,2023-11-02,40.29,40.85,40.29,40.8,6155400
APH,2023-11-03,41.19,41.8,41.11,41.62,5342400
APH,2023-11-06,41.77,41.83,41.21,41.41,4014800
APH,2023-11-07,41.27,41.74,41.19,41.49,3612800
APH,2023-11-08,41.63,41.85,41.36,41.81,3962600
APH,2023-11-09,42.22,42.31,41.68,41.76,4261200
APH,2023-11-10,42.05,42.57,41.78,42.52,4447800
APH,2023-11-13,42.52,42.54,42.27,42.4,3905000
APH,2023-11-14,42.96,43.71,42.72,43.55,5979800
APH,2023-11-15,43.71,44.06,43.61,43.71,4711800
APH,2023-11-16,43.84,44.22,43.63,43.96,4772800
APH,2023-11-17,44.18,44.18,43.89,44.04,6442800
APH,2023-11-20,43.95,44.14,43.71,43.96,4121400
APH,2023-11-21,43.97,44.18,43.91,44.02,4130800
APH,2023-11-22,44.14,44.39,44.01,44.23,4284400
APH,2023-11-24,44.22,44.36,44.15,44.36,1780400
APH,2023-11-27,44.19,44.45,44.0,44.24,5864000
APH,2023-11-28,44.18,44.37,44.09,44.14,4098600
APH,2023-11-29,44.43,44.56,44.2,44.27,3567400
APH,2023-11-30,44.41,44.75,44.19,44.67,7651600
APH,2023-12-01,44.86,45.43,44.74,45.3,8574000
APH,2023-12-04,44.95,45.26,44.83,45.1,6307200
APH,2023-12-05,44.92,45.03,44.65,44.83,7027200
APH,2023-12-06,45.17,45.51,45.08,45.28,7053600
APH,2023-12-07,45.3,45.48,45.08,45.4,4065200
APH,2023-12-08,45.37,45.87,45.31,45.77,11764200
APH,2023-12-11,45.98,46.83,45.97,46.76,7724800
APH,2023-12-12,46.76,47.06,46.62,46.86,4559600
APH,2023-12-13,47.01,47.51,46.84,47.19,7513600
APH,2023-12-14,47.59,48.54,47.47,48.51,8113400
APH,2023-12-15,48.58,49.06,48.51,48.74,11247800
APH,2023-12-18,48.67,48.78,48.2,48.49,4999200
APH,2023-12-19,48.63,48.69,48.37,48.49,4131800
APH,2023-12-20,48.3,48.39,47.84,47.86,8556400
APH,2023-12-21,48.23,48.43,47.86,48.36,4583000
APH,2023-12-22,48.62,48.86,48.52,48.72,4065600
APH,2023-12-26,48.68,49.08,48.68,48.95,1910600
APH,2023-12-27,49.03,49.03,48.77,48.94,2481200
APH,2023-12-28,48.99,49.03,48.74,48.93,2088600
APH,2023-12-29,48.89,49.05,48.64,48.77,2681200
APH,2024-01-02,48.2,48.2,47.42,47.64,5281600
APH,2024-01-03,47.34,47.34,46.76,46.78,6143000
APH,2024-01-04,46.21,46.85,46.2,46.56,4943600
APH,2024-01-05,46.39,46.78,46.28,46.48,4018800
APH,2024-01-08,46.8,47.53,46.78,47.52,4602400
APH,2024-01-09,46.96,47.35,46.89,47.16,3249200
APH,2024-01-10,47.15,47.48,47.01,47.34,3826400
APH,2024-01-11,47.34,47.5,46.81,47.44,4073800
APH,2024-01-12,47.66,47.74,47.27,47.48,3089000
APH,2024-01-16,47.31,47.56,46.93,47.3,4461600
APH,2024-01-17,46.98,47.27,46.62,46.9,4180800
APH,2024-01-18,47.17,47.61,47.0,47.58,5668400
APH,2024-01-19,47.9,48.1,47.5,48.03,7022000
APH,2024-01-22,48.04,48.45,47.93,48.2,5512800
APH,2024-01-23,48.28,48.32,47.75,48.19,6778400
APH,2024-01-24,49.74,50.71,48.76,49.53,13113800
APH,2024-01-25,48.92,50.08,48.59,49.6,8276400
APH,2024-01-26,49.6,49.99,49.31,49.55,4483400
APH,2024-01-29,49.28,49.92,49.18,49.92,4624400
APH,2024-01-30,50.43,50.71,50.28,50.57,6055800
APH,2024-01-31,50.37,50.53,49.72,49.74,5675000
APH,2024-02-01,49.81,50.41,49.67,50.39,5098200
APH,2024-02-02,50.22,51.22,50.22,50.9,5413200
APH,2024-02-05,50.83,50.87,50.21,50.67,4179400
APH,2024-02-06,50.65,50.92,50.34,50.57,5496600
APH,2024-02-07,50.69,51.35,50.51,51.3,4974400
APH,2024-02-08,51.33,51.65,51.32,51.59,4077600
APH,2024-02-09,51.66,51.86,51.44,51.81,3286400
APH,2024-02-12,51.8,51.99,51.6,51.68,3726400
APH,2024-02-13,50.76,51.06,50.32,50.72,5044600
APH,2024-02-14,51.04,51.28,50.87,51.22,4316400
APH,2024-02-15,51.44,52.04,51.44,51.99,3979800
APH,2024-02-16,52.13,52.41,51.83,51.92,3635800
APH,2024-02-20,51.52,51.78,51.23,51.47,4331600
APH,2024-02-21,51.38,51.75,51.27,51.66,4639600
APH,2024-02-22,52.16,52.61,52.05,52.38,6201200
APH,2024-02-23,52.62,52.99,52.4,52.88,3990600
APH,2024-02-26,52.89,53.24,52.81,53.19,5116800
APH,2024-02-27,53.2,53.21,52.9,53.11,3976400
APH,2024-02-28,53.01,53.63,53.0,53.31,4034200
APH,2024-02-29,53.57,53.99,53.37,53.75,9286200
APH,2024-03-01,53.69,54.56,53.61,54.52,4298600
APH,2024-03-04,54.61,55.3,54.55,55.07,4498200
APH,2024-03-05,54.78,54.89,53.57,53.95,3877600
APH,2024-03-06,54.3,54.87,54.25,54.37,4311400
APH,2024-03-07,54.57,55.0,54.57,54.79,4007000
APH,2024-03-08,54.85,55.16,54.19,54.32,4578000
APH,2024-03-11,54.4,54.4,53.54,54.06,4348200
APH,2024-03-12,54.05,54.56,53.78,54.42,3670000
APH,2024-03-13,54.38,54.56,53.99,54.38,4571000
APH,2024-03-14,54.63,54.76,53.5,53.82,4011000
APH,2024-03-15,53.42,53.94,53.4,53.78,9351000
APH,2024-03-18,54.14,54.39,53.98,54.03,5218800
APH,2024-03-19,54.08,54.75,53.96,54.71,4702000
APH,2024-03-20,54.74,55.31,54.64,55.27,3560200
APH,2024-03-21,55.71,56.6,55.7,56.41,6028600
APH,2024-03-22,56.45,56.79,56.14,56.41,4978600
APH,2024-03-25,58.18,58.96,56.24,56.31,8547000
APH,2024-03-26,56.52,56.83,55.84,55.88,6849200
APH,2024-03-27,56.19,56.9,56.17,56.84,9178400
APH,2024-03-28,57.19,57.68,56.69,56.87,8712000
APH,2024-04-01,56.61,57.19,56.22,56.23,4594600
APH,2024-04-02,55.68,55.84,55.29,55.74,4972000
APH,2024-04-03,56.46,57.23,55.87,56.88,7640800
APH,2024-04-04,58.2,58.48,56.57,56.75,6825600
APH,2024-04-05,57.01,57.97,56.98,57.87,6759200
APH,2024-04-08,58.26,58.46,57.25,57.5,8695000
APH,2024-04-09,57.68,57.88,56.3,56.69,8140200
APH,2024-04-10,55.76,57.01,55.47,56.58,8224400
APH,2024-04-11,56.54,57.28,56.15,57.13,6338800
APH,2024-04-12,56.18,56.64,55.65,55.87,6096600
APH,2024-04-15,56.48,56.84,55.23,55.41,5015400
APH,2024-04-16,55.49,55.68,55.08,55.5,7816000
APH,2024-04-17,55.5,55.74,54.75,54.97,5283400
APH,2024-04-18,55.0,55.56,54.66,54.67,5748600
APH,2024-04-19,54.72,55.16,53.96,54.32,7538000
APH,2024-04-22,54.8,55.54,54.33,55.15,6549600
APH,2024-04-23,55.57,56.43,55.28,56.33,10201800
APH,2024-04-24,58.76,58.86,56.45,57.34,15251800
APH,2024-04-25,56.81,58.91,55.97,58.67,8510000
APH,2024-04-26,58.67,59.78,58.67,59.4,8345800
APH,2024-04-29,59.9,60.24,59.34,60.21,5599800
APH,2024-04-30,60.15,60.94,59.51,59.54,7167200
APH,2024-05-01,59.1,59.8,58.58,58.8,8706600
APH,2024-05-02,59.26,59.67,58.37,59.66,5003000
APH,2024-05-03,60.35,60.66,59.66,60.46,6558800
APH,2024-05-06,60.65,61.55,60.54,61.52,4055400
APH,2024-05-07,61.63,61.95,61.3,61.49,7431400
APH,2024-05-08,61.05,62.64,60.95,62.42,5986800
APH,2024-05-09,62.49,63.0,62.19,62.91,5285200
APH,2024-05-10,63.2,63.42,62.61,62.89,4718600
APH,2024-05-13,62.94,63.0,62.47,62.69,4538400
APH,2024-05-14,62.72,63.44,62.49,63.38,4795000
APH,2024-05-15,63.94,65.12,63.88,65.06,7264000
APH,2024-05-16,65.7,66.02,64.8,64.94,8066200
APH,2024-05-17,65.57,65.71,64.77,65.03,9012600
APH,2024-05-20,65.15,66.27,64.93,65.75,6235600
APH,2024-05-21,65.81,66.89,65.7,66.75,6137400
APH,2024-05-22,66.66,67.19,66.15,66.35,6951000
APH,2024-05-23,67.23,67.73,66.44,67.25,8454000
APH,2024-05-24,67.74,68.33,67.14,67.17,7864800
APH,2024-05-28,68.14,68.32,65.85,66.05,9672800
APH,2024-05-29,65.24,65.92,64.46,65.61,10132600
APH,2024-05-30,65.63,65.89,65.27,65.61,7249400
APH,2024-05-31,65.23,65.67,63.69,65.26,16472800
APH,2024-06-03,65.46,65.74,64.32,64.97,7883200
APH,2024-06-04,64.31,64.61,63.72,64.12,8143600
APH,2024-06-05,64.67,65.79,64.42,65.71,7151400
APH,2024-06-06,65.71,65.97,64.35,64.52,6470800
APH,2024-06-07,64.58,64.89,64.26,64.41,4583600
APH,2024-06-10,64.15,66.09,64.12,65.99,5420600
APH,2024-06-11,65.65,66.3,65.58,66.28,4798600
APH,2024-06-12,67.06,68.01,66.32,67.73,6658100
APH,2024-06-13,67.84,68.07,66.79,68.03,6152700
APH,2024-06-14,67.38,67.77,66.43,67.32,3996500
APH,2024-06-17,67.33,68.42,66.71,68.19,5090400
APH,2024-06-18,68.14,69.08,67.06,68.87,5635500
APH,2024-06-20,69.12,69.96,67.47,67.59,10981900
APH,2024-06-21,67.26,67.93,66.62,67.88,9840200
APH,2024-06-24,67.34,67.55,66.37,66.44,7135300
APH,2024-06-25,66.42,67.3,66.23,67.12,5575000
APH,2024-06-26,67.2,67.2,65.83,66.33,7418100
APH,2024-06-27,66.52,66.68,65.97,66.65,4523600
APH,2024-06-28,66.84,67.95,66.3,66.54,27676600
APH,2024-07-01,66.9,67.06,66.24,66.68,4698900
APH,2024-07-02,66.26,67.05,65.72,66.72,5245500
APH,2024-07-03,66.47,67.03,66.02,66.95,2697600
APH,2024-07-05,66.95,67.4,66.42,67.17,4371000
APH,2024-07-08,67.59,67.8,66.97,67.15,4936000
APH,2024-07-09,67.38,68.1,67.38,67.77,5365400
APH,2024-07-10,68.14,69.38,68.04,69.15,5865300
APH,2024-07-11,69.32,69.44,68.53,68.67,4624500
APH,2024-07-12,68.67,69.86,68.49,68.99,4594500
APH,2024-07-15,69.25,69.77,68.53,68.85,5887500
APH,2024-07-16,69.42,69.83,68.74,69.54,6164900
APH,2024-07-17,68.44,68.65,63.35,63.42,14803700
APH,2024-07-18,64.02,65.68,64.01,65.01,10698500
APH,2024-07-19,65.76,66.3,63.43,63.55,7745800
APH,2024-07-22,64.19,65.81,64.07,65.42,7449800
APH,2024-07-23,65.3,66.49,65.08,65.44,8759800
APH,2024-07-24,61.8,63.5,60.63,61.22,14011300
APH,2024-07-25,62.03,62.39,59.78,60.99,12628800
APH,2024-07-26,62.42,63.98,62.28,63.07,11995400
APH,2024-07-29,63.5,63.85,62.56,62.6,5599000
APH,2024-07-30,62.91,63.33,60.13,61.17,8008600
APH,2024-07-31,65.09,66.24,62.94,63.46,8849000
APH,2024-08-01,63.14,63.14,60.09,61.35,9122500
APH,2024-08-02,59.55,59.69,57.28,58.4,11962600
APH,2024-08-05,54.87,57.91,54.09,57.67,16551400
APH,2024-08-06,58.07,59.82,57.7,59.14,10484000
APH,2024-08-07,60.19,60.84,59.01,59.3,10106600
APH,2024-08-08,60.21,61.74,59.92,61.6,7596700
APH,2024-08-09,61.36,62.09,61.17,61.84,5207000
APH,2024-08-12,62.07,62.8,61.83,62.27,4112900
APH,2024-08-13,62.8,64.03,62.67,63.99,6823200
APH,2024-08-14,64.19,64.37,63.52,64.01,4743900
APH,2024-08-15,64.76,65.42,64.13,65.23,6094900
APH,2024-08-16,65.06,65.14,64.38,64.98,5913800
APH,2024-08-19,64.95,65.6,64.21,65.53,3737800
APH,2024-08-20,65.65,66.32,65.1,66.19,4972400
APH,2024-08-21,66.24,66.56,65.9,66.37,4671000
APH,2024-08-22,66.65,66.91,65.73,65.93,4184600
APH,2024-08-23,66.25,66.85,65.66,66.52,3981200
APH,2024-08-26,66.41,66.79,65.63,65.83,3809600
APH,2024-08-27,65.38,65.93,64.74,65.7,6842300
APH,2024-08-28,65.79,66.21,65.14,65.47,3791400
APH,2024-08-29,65.75,66.86,65.6,65.96,4727400
APH,2024-08-30,66.12,66.69,65.64,66.61,5853700
APH,2024-09-03,65.37,65.48,60.82,61.14,10899200
APH,2024-09-04,57.28,60.79,56.97,60.54,10666700
APH,2024-09-05,60.24,61.32,60.24,61.09,5158600
APH,2024-09-06,61.11,61.51,58.97,59.11,5743200
APH,2024-09-09,59.94,60.15,59.14,59.98,6339000
APH,2024-09-10,60.12,60.5,59.6,60.04,3989700
APH,2024-09-11,60.35,61.39,59.22,61.29,9784100
APH,2024-09-12,61.37,62.94,61.26,62.66,6219300
APH,2024-09-13,62.94,63.53,62.51,62.79,6036300
APH,2024-09-16,62.77,62.98,61.98,62.49,5707100
APH,2024-09-17,63.08,63.65,62.5,63.36,4313000
APH,2024-09-18,64.18,64.41,62.62,62.68,5860400
APH,2024-09-19,64.6,64.94,63.99,64.65,3841800
APH,2024-09-20,64.55,65.34,64.35,65.26,8004600
APH,2024-09-23,65.33,65.7,64.93,65.03,4984200
APH,2024-09-24,65.15,65.58,64.6,65.5,8311700
APH,2024-09-25,65.47,65.91,64.45,64.72,4934000
APH,2024-09-26,65.77,66.32,64.82,65.08,4677900
APH,2024-09-27,65.18,65.33,64.0,64.38,6312800
APH,2024-09-30,64.12,64.55,63.41,64.52,9220600
APH,2024-10-01,64.48,64.66,62.51,63.0,6527300
APH,2024-10-02,62.6,63.39,61.51,61.53,8607300
APH,2024-10-03,61.46,62.26,61.31,61.46,6565200
APH,2024-10-04,62.11,62.14,61.35,61.79,5287900
APH,2024-10-07,61.36,62.26,61.34,62.23,5020000
APH,2024-10-08,62.69,63.91,62.69,63.7,6678900
APH,2024-10-09,63.7,64.51,63.29,64.3,4693700
APH,2024-10-10,63.7,64.46,63.57,63.93,3863800
APH,2024-10-11,63.77,65.08,63.67,64.92,5249300
APH,2024-10-14,65.46,66.75,65.4,66.72,6682500
APH,2024-10-15,66.98,67.25,64.54,65.06,15083600
APH,2024-10-16,65.16,66.84,65.09,66.34,6848400
APH,2024-10-17,67.22,67.81,66.56,66.88,6552100
APH,2024-10-18,67.03,67.3,66.49,66.8,10159200
APH,2024-10-21,66.57,66.87,66.03,66.21,8212700
APH,2024-10-22,65.61,66.65,65.38,66.19,7896000
APH,2024-10-23,67.33,70.5,66.55,67.8,12309500
APH,2024-10-24,68.78,69.47,67.99,69.12,9833400
APH,2024-10-25,69.72,69.99,68.23,68.73,7041100
APH,2024-10-28,69.62,69.64,67.82,68.01,7116400
APH,2024-10-29,68.01,68.45,67.69,68.2,8117000
APH,2024-10-30,67.83,68.18,67.15,67.69,6133300
APH,2024-10-31,67.43,67.43,66.18,66.36,6512800
APH,2024-11-01,67.06,67.72,66.45,67.19,5399600
APH,2024-11-04,67.33,67.84,66.9,67.55,4818100
APH,2024-11-05,67.63,69.09,67.53,69.03,5580300
APH,2024-11-06,71.65,71.65,70.1,71.46,11720500
APH,2024-11-07,71.79,73.45,71.19,73.22,10873100
APH,2024-11-08,73.31,73.87,72.81,73.15,6026900
APH,2024-11-11,73.46,73.97,72.22,72.69,4420700
APH,2024-11-12,72.88,73.26,70.94,71.28,7945500
APH,2024-11-13,71.58,72.12,71.16,71.62,5083800
APH,2024-11-14,72.25,72.92,71.69,71.84,6585500
APH,2024-11-15,70.95,71.47,69.55,69.83,7410300
APH,2024-11-18,69.87,70.02,68.5,69.19,7200200
APH,2024-11-19,68.49,70.38,68.43,70.28,4862100
APH,2024-11-20,70.7,70.73,69.31,70.19,4044300
APH,2024-11-21,71.46,73.18,71.29,72.52,6144000
APH,2024-11-22,72.92,73.67,72.68,73.56,4894800
APH,2024-11-25,73.98,74.19,72.46,72.57,10999300
APH,2024-11-26,72.88,73.08,72.19,72.54,4606700
APH,2024-11-27,72.36,72.83,71.5,72.03,4745400
APH,2024-11-29,72.35,72.67,71.94,71.94,3449200
APH,2024-12-02,72.21,73.22,71.6,72.36,4549300
APH,2024-12-03,72.18,72.47,71.55,72.41,3633600
APH,2024-12-04,72.87,73.86,72.65,73.67,4002800
APH,2024-12-05,73.42,73.89,73.13,73.66,6688900
APH,2024-12-06,73.67,74.1,73.19,73.48,5231900
APH,2024-12-09,73.49,73.7,72.71,72.95,6798400
APH,2024-12-10,72.78,72.9,71.66,71.9,9140200
APH,2024-12-11,72.61,73.06,72.05,72.81,3326200
APH,2024-12-12,72.37,73.2,72.37,72.88,4127800
APH,2024-12-13,73.11,74.05,72.36,72.91,5437400
APH,2024-12-16,73.18,75.04,73.12,74.61,10221500
APH,2024-12-17,74.43,74.87,73.6,73.69,7238100
APH,2024-12-18,73.93,74.18,69.31,69.56,10600300
APH,2024-12-19,70.44,71.28,69.17,69.48,9952900
APH,2024-12-20,68.78,70.64,68.42,70.04,12193100
APH,2024-12-23,70.25,70.66,69.57,70.45,2970600
APH,2024-12-24,70.47,71.17,70.27,71.11,1660900
APH,2024-12-26,70.71,71.25,70.54,71.01,2882700
APH,2024-12-27,70.46,70.88,69.73,70.2,4072300
APH,2024-12-30,69.1,69.55,68.6,68.97,5513400
APH,2024-12-31,68.97,69.38,68.49,68.92,3936400
APH,2025-01-02,69.61,69.91,68.16,68.48,4249200
APH,2025-01-03,68.92,69.73,68.7,69.56,5048300
APH,2025-01-06,70.58,71.75,70.49,70.59,4822800
APH,2025-01-07,71.45,71.45,70.31,70.91,5338800
APH,2025-01-08,70.24,71.84,70.1,71.28,7296500
APH,2025-01-10,70.33,70.46,69.24,69.66,4530700
APH,2025-01-13,68.18,68.18,66.88,67.82,6787200
APH,2025-01-14,68.39,69.88,68.17,69.73,6159900
APH,2025-01-15,71.31,71.8,70.24,70.41,6061100
APH,2025-01-16,70.91,70.98,68.83,69.33,6867000
APH,2025-01-17,68.82,69.45,67.96,68.89,9780900
APH,2025-01-21,70.16,72.27,69.66,72.16,11398600
APH,2025-01-22,75.07,77.65,72.66,77.25,14384500
APH,2025-01-23,77.39,78.22,76.07,77.95,9307600
APH,2025-01-24,78.4,78.78,76.33,76.6,6318800
APH,2025-01-27,70.43,72.19,65.18,66.97,22509300
APH,2025-01-28,68.34,68.4,65.86,68.06,10368800
APH,2025-01-29,68.56,69.55,68.27,68.85,8943000
APH,2025-01-30,71.1,71.45,69.77,71.11,7103200
APH,2025-01-31,72.23,72.42,70.04,70.24,6270300
APH,2025-02-03,68.5,70.12,68.02,69.58,7490900
APH,2025-02-04,68.47,70.27,68.25,69.18,6244800
APH,2025-02-05,69.67,69.81,68.49,68.99,7565800
APH,2025-02-06,69.68,70.16,68.7,69.5,6277700
APH,2025-02-07,69.72,70.6,68.94,69.27,6275600
APH,2025-02-10,69.96,71.44,69.75,71.25,9948200
APH,2025-02-11,70.33,70.55,68.98,69.42,6579400
APH,2025-02-12,68.47,69.41,68.35,69.2,7512000
APH,2025-02-13,69.08,69.39,68.4,68.84,6104000
APH,2025-02-14,69.17,69.53,68.27,68.35,5468000
APH,2025-02-18,68.87,69.02,67.47,68.5,6352000
APH,2025-02-19,69.81,70.01,68.5,69.28,7368700
APH,2025-02-20,69.02,69.28,67.63,68.84,4694700
APH,2025-02-21,68.91,69.07,66.27,67.06,8015400
APH,2025-02-24,67.37,67.93,66.05,66.62,7469000
APH,2025-02-25,65.37,66.35,63.79,64.51,12372100
APH,2025-02-26,65.61,66.34,64.96,65.72,9801200
APH,2025-02-27,65.89,66.47,64.8,64.96,6948800
APH,2025-02-28,64.61,66.11,64.15,66.09,10480900
APH,2025-03-03,66.14,66.27,62.68,62.97,9326300
APH,2025-03-04,62.03,63.71,60.96,62.57,9394900
APH,2025-03-05,63.02,64.29,62.26,64.22,7778800
APH,2025-03-06,62.33,62.84,61.0,61.28,9130300
APH,2025-03-07,61.28,62.83,59.55,62.45,8120400
APH,2025-03-10,60.84,61.72,60.23,61.32,8764500
APH,2025-03-11,61.59,62.38,60.58,61.17,7502600
APH,2025-03-12,62.73,63.35,61.66,62.35,9807600
APH,2025-03-13,62.29,62.71,60.89,61.15,7136700
APH,2025-03-14,62.23,62.97,61.6,62.52,7577700
APH,2025-03-17,62.12,64.09,62.12,63.37,6834900
APH,2025-03-18,62.84,63.95,62.49,63.53,10089400
APH,2025-03-19,65.05,67.71,64.37,67.07,15969500
APH,2025-03-20,65.78,67.15,65.78,66.02,7627400
APH,2025-03-21,65.27,66.71,64.31,66.26,11824100
APH,2025-03-24,67.51,69.08,67.45,68.95,8475200
APH,2025-03-25,68.82,69.47,68.36,69.14,5202200
APH,2025-03-26,68.96,69.3,66.83,67.24,6915300
APH,2025-03-27,66.93,68.27,66.32,67.82,8033400
APH,2025-03-28,67.2,67.81,65.87,66.25,9489700
APH,2025-03-31,65.14,65.77,64.07,65.26,10087900
APH,2025-04-01,65.24,66.3,64.79,65.74,6361100
APH,2025-04-02,64.59,67.74,64.52,67.56,5700500
APH,2025-04-03,64.01,64.48,61.86,62.34,9716800
APH,2025-04-04,60.23,60.26,56.83,58.79,15461000
APH,2025-04-07,57.21,62.86,56.16,60.59,15572200
APH,2025-04-08,62.86,63.65,58.87,59.77,12856900
APH,2025-04-09,59.49,66.72,58.86,65.84,12062100
APH,2025-04-10,63.81,65.01,61.69,63.81,13077300
APH,2025-04-11,63.02,65.31,62.7,65.07,6469100
APH,2025-04-14,66.68,66.85,64.67,65.13,6785500
APH,2025-04-15,65.34,66.48,65.08,65.43,6183000
APH,2025-04-16,64.31,65.46,63.43,64.44,5633400
APH,2025-04-17,64.69,65.67,64.24,64.73,6052600
APH,2025-04-21,63.62,64.42,62.23,63.27,6601800
APH,2025-04-22,64.01,65.65,63.92,65.42,7601200
APH,2025-04-23,75.63,76.04,70.56,70.79,19054400
APH,2025-04-24,72.11,76.17,70.47,75.64,14920900
APH,2025-04-25,74.77,76.25,73.76,75.47,14324600
APH,2025-04-28,75.69,76.21,74.58,75.5,5879700
APH,2025-04-29,75.55,76.5,75.28,76.29,5443100
APH,2025-04-30,74.25,76.78,73.93,76.56,6624100
APH,2025-05-01,78.09,78.95,77.72,78.23,8436500
APH,2025-05-02,79.23,80.59,78.36,80.25,7706800
APH,2025-05-05,79.69,80.48,79.26,79.76,6762500
APH,2025-05-06,79.25,79.64,78.7,79.31,6054000
APH,2025-05-07,79.31,80.67,78.87,80.43,8289300
APH,2025-05-08,81.4,81.41,79.7,80.17,8622500
APH,2025-05-09,80.54,81.03,79.91,80.47,6917900
APH,2025-05-12,82.96,84.55,82.46,84.03,9860300
APH,2025-05-13,84.33,86.36,84.19,85.35,8089100
APH,2025-05-14,85.56,85.63,84.94,85.2,5751200
APH,2025-05-15,84.94,85.71,84.29,85.53,5957700
APH,2025-05-16,85.86,86.52,85.4,86.44,7690600
APH,2025-05-19,84.41,86.33,84.41,85.97,8316000
APH,2025-05-20,85.57,86.08,85.2,85.85,4421800
APH,2025-05-21,85.24,86.78,84.96,85.26,6507700
APH,2025-05-22,85.01,85.5,84.35,84.83,5266000
APH,2025-05-23,83.45,85.56,83.02,85.12,4476000
APH,2025-05-27,86.47,88.05,86.31,87.88,7492200
APH,2025-05-28,87.75,88.33,87.39,87.68,6116600
APH,2025-05-29,88.55,88.69,87.5,88.47,7740200
APH,2025-05-30,88.59,89.52,87.7,89.47,21458600
APH,2025-06-02,89.1,89.92,88.32,89.9,6116900
APH,2025-06-03,90.43,91.41,90.25,91.22,6525700
APH,2025-06-04,91.49,91.94,91.02,91.44,6070300
APH,2025-06-05,91.89,92.86,91.41,92.05,8686400
APH,2025-06-06,92.79,93.21,92.35,92.89,4289400
APH,2025-06-09,93.08,93.42,92.3,92.49,7702500
APH,2025-06-10,92.97,93.63,90.6,92.02,8667400
APH,2025-06-11,92.09,92.83,91.15,92.6,7601500
APH,2025-06-12,92.26,94.35,91.87,94.12,5849000
APH,2025-06-13,92.54,93.29,91.61,92.02,7132300
APH,2025-06-16,92.83,93.56,92.64,92.91,5213800
APH,2025-06-17,92.28,93.42,91.92,92.49,14241000
APH,2025-06-18,92.47,93.88,92.23,93.16,9920500
APH,2025-06-20,93.83,94.2,92.67,93.51,16439800
APH,2025-06-23,93.14,94.97,92.67,94.94,11459500
APH,2025-06-24,95.85,96.37,94.57,95.48,11953000
APH,2025-06-25,95.81,97.09,95.48,96.7,6228500
APH,2025-06-26,96.71,97.67,96.57,96.66,12473800
APH,2025-06-27,96.77,97.75,96.13,97.35,19777900
APH,2025-06-30,97.65,98.68,97.06,98.42,8252000
APH,2025-07-01,98.27,98.37,96.09,97.07,6782200
APH,2025-07-02,96.42,98.19,95.85,98.19,6354300
APH,2025-07-03,98.9,99.38,98.48,99.13,3180800
APH,2025-07-07,99.02,99.66,97.87,98.22,9851200
APH,2025-07-08,98.42,98.81,96.33,97.09,9425600
APH,2025-07-09,97.57,98.46,97.12,97.89,6244500
APH,2025-07-10,98.23,98.5,96.81,97.99,5315900
APH,2025-07-11,97.89,98.64,97.61,98.43,6716900
APH,2025-07-14,98.5,100.46,97.99,99.88,7750000
APH,2025-07-15,100.41,100.67,98.55,99.11,5507700
APH,2025-07-16,99.47,100.25,98.28,100.22,6241000
APH,2025-07-17,99.77,101.74,99.77,101.62,6959000
APH,2025-07-18,102.66,103.36,102.0,103.0,6319500
APH,2025-07-21,102.7,103.82,102.18,103.37,6509400
APH,2025-07-22,103.43,103.54,100.77,101.44,8825700
APH,2025-07-23,106.88,108.49,94.88,100.38,30058100
APH,2025-07-24,102.45,104.75,101.84,104.11,14014600
APH,2025-07-25,104.44,105.67,104.32,104.67,7303600
APH,2025-07-28,105.56,106.8,104.69,106.35,8368800
APH,2025-07-29,107.46,108.19,104.62,104.96,9476600
APH,2025-07-30,104.96,105.66,103.95,105.14,7247600
APH,2025-07-31,106.45,107.84,105.92,106.16,15268000
APH,2025-08-01,104.94,104.97,102.42,103.97,8736100
APH,2025-08-04,108.2,108.39,106.06,108.27,8998000
APH,2025-08-05,108.3,109.54,106.66,107.57,10434700
APH,2025-08-06,107.89,109.14,107.18,109.14,6507700
APH,2025-08-07,109.23,110.02,107.47,108.19,5794200
APH,2025-08-08,108.8,110.23,108.14,109.62,5052400
APH,2025-08-11,109.89,110.63,108.89,109.45,4859600
APH,2025-08-12,109.8,111.5,109.43,111.48,7075400
APH,2025-08-13,111.75,111.98,107.31,109.47,9871600
APH,2025-08-14,108.65,110.46,108.41,110.37,6247100
APH,2025-08-15,110.18,110.35,107.16,108.85,6535500
APH,2025-08-18,109.64,111.01,109.36,110.69,6809200
APH,2025-08-19,110.44,111.65,108.82,109.62,7000600
APH,2025-08-20,108.94,109.1,104.36,108.29,9011700
APH,2025-08-21,108.16,109.12,107.53,108.45,7320500
APH,2025-08-22,108.65,110.8,108.07,109.0,7552500
APH,2025-08-25,109.22,111.11,109.19,109.37,4086900
APH,2025-08-26,109.46,110.41,109.37,109.54,10309400
APH,2025-08-27,109.31,110.29,109.04,109.77,4433400
APH,2025-08-28,109.74,111.69,109.2,111.57,5076800
APH,2025-08-29,110.65,110.92,107.56,108.5,6200800
APH,2025-09-02,106.54,108.96,105.1,108.89,6986600
APH,2025-09-03,109.07,110.36,108.54,110.32,6826300
APH,2025-09-04,110.73,112.41,109.9,112.38,8145700
APH,2025-09-05,112.63,113.31,108.32,110.08,12409800
APH,2025-09-08,110.73,111.6,110.03,110.17,9279700
APH,2025-09-09,110.53,116.85,110.23,116.4,14095800
APH,2025-09-10,117.61,120.4,116.26,118.7,18913200
APH,2025-09-11,118.44,119.83,118.44,119.08,9832000
APH,2025-09-12,118.64,119.19,117.43,118.29,6358900
APH,2025-09-15,118.1,120.11,117.84,118.85,6063400
APH,2025-09-16,118.95,119.59,117.98,118.81,7717500
APH,2025-09-17,118.88,119.27,117.11,118.18,11958900
APH,2025-09-18,118.77,122.55,118.65,121.84,12130400
APH,2025-09-19,122.23,124.15,121.06,123.7,15836500
APH,2025-09-22,122.76,123.7,120.96,123.45,12207200
APH,2025-09-23,123.77,125.82,123.61,125.16,12013100
APH,2025-09-24,125.36,125.76,121.3,122.89,8434100
APH,2025-09-25,120.87,122.14,119.39,122.09,9004700
APH,2025-09-26,122.54,122.84,121.09,122.36,6212500
APH,2025-09-29,123.59,124.0,120.04,120.78,8113000
APH,2025-09-30,121.17,123.63,121.08,123.51,7326200
APH,2025-10-01,123.18,125.3,121.57,124.42,7350000
APH,2025-10-02,125.06,125.57,121.67,123.34,6071500
APH,2025-10-03,123.91,124.45,121.89,121.98,6315600
APH,2025-10-06,124.17,124.79,122.27,123.16,6568600
APH,2025-10-07,123.89,124.51,122.68,124.29,7395500
APH,2025-10-08,124.24,125.87,123.59,125.55,6318300
APH,2025-10-09,125.87,126.25,124.13,126.01,3322800
APH,2025-10-10,126.82,127.25,121.16,121.47,5715100
APH,2025-10-13,123.26,124.92,122.59,123.67,6140000
APH,2025-10-14,121.5,124.2,119.81,122.4,5912200
APH,2025-10-15,126.4,127.23,123.86,125.36,10113500
APH,2025-10-16,126.72,127.87,126.22,127.11,6941900
APH,2025-10-17,126.0,126.81,124.22,125.41,5884300
APH,2025-10-20,126.33,127.69,125.46,127.42,5275300
APH,2025-10-21,127.56,127.84,124.11,124.2,7927200
APH,2025-10-22,135.09,135.68,124.76,128.68,22134700
APH,2025-10-23,129.35,136.26,128.85,135.05,11987100
APH,2025-10-24,136.93,137.39,133.04,133.56,9074000
APH,2025-10-27,135.43,136.75,134.9,135.65,8472300
APH,2025-10-28,135.73,137.29,134.42,137.03,6700200
APH,2025-10-29,138.93,141.45,137.25,139.48,8477100
APH,2025-10-30,138.73,140.49,137.4,138.84,7402800
APH,2025-10-31,140.31,141.42,138.06,139.07,6447600
APH,2025-11-03,140.04,142.23,139.72,141.28,9568700
APH,2025-11-04,136.37,138.31,135.6,136.44,10704600
APH,2025-11-05,136.42,140.78,136.24,138.6,8078900
APH,2025-11-06,139.14,139.72,135.41,137.84,7647400
APH,2025-11-07,136.5,138.94,134.25,138.82,8749500
APH,2025-11-10,140.98,144.09,140.49,143.57,7783100
APH,2025-11-11,142.23,143.62,140.41,143.19,6977300
APH,2025-11-12,143.7,143.77,140.48,141.65,6538600
APH,2025-11-13,140.91,141.08,134.57,134.99,10097700
APH,2025-11-14,130.09,136.44,129.9,133.48,9797600
APH,2025-11-17,132.33,135.16,131.0,132.08,6000900
APH,2025-11-18,132.07,132.93,129.51,132.19,8100300
APH,2025-11-19,131.95,136.5,131.44,136.4,8981300
APH,2025-11-20,140.42,140.42,129.96,130.11,10313300
APH,2025-11-21,130.11,131.94,126.95,131.35,8207300
APH,2025-11-24,132.41,138.04,132.27,137.61,13568400
APH,2025-11-25,137.25,138.07,133.68,137.54,7102900
APH,2025-11-26,138.65,139.17,137.49,138.45,6443400
APH,2025-11-28,139.22,140.69,138.03,140.63,3195100
APH,2025-12-01,139.37,139.82,137.04,138.95,7337900
APH,2025-12-02,141.73,143.2,140.63,141.22,8722900
APH,2025-12-03,140.66,140.79,137.05,138.38,10115400
APH,2025-12-04,137.72,140.06,137.42,139.19,8194500
APH,2025-12-05,139.69,139.69,136.75,139.09,7437500
APH,2025-12-08,139.73,142.0,139.37,139.79,3882800
APH,2025-12-09,139.39,140.66,137.53,138.31,5597300
APH,2025-12-10,138.28,139.16,136.1,138.41,6758800
APH,2025-12-11,137.53,138.88,133.9,138.82,7248000
APH,2025-12-12,137.84,137.94,128.03,128.99,13261000
APH,2025-12-15,129.9,131.03,129.16,129.65,8042400
APH,2025-12-16,129.06,130.42,127.81,129.13,7901700
APH,2025-12-17,129.46,129.91,125.38,126.51,12047300
APH,2025-12-18,129.21,130.51,127.89,129.61,8009200
APH,2025-12-19,130.07,136.84,129.93,135.29,17537500
APH,2025-12-22,137.0,137.21,133.29,135.14,5349000
APH,2025-12-23,133.66,137.25,133.28,137.12,4807000
APH,2025-12-24,137.18,138.15,136.65,137.94,2162400
APH,2025-12-26,137.94,138.32,136.84,137.43,2667800
APH,2025-12-29,136.2,137.59,135.82,136.9,4376800
APH,2025-12-30,137.27,137.85,135.94,136.2,3551700
APH,2025-12-31,136.64,137.15,135.03,135.14,3303200
APH,2026-01-02,137.12,139.94,136.69,139.71,7178600
APH,2026-01-05,141.05,143.3,139.0,139.88,10179300
APH,2026-01-06,137.66,141.41,130.62,141.38,12854600
APH,2026-01-07,139.67,140.33,137.96,138.91,8294900
APH,2026-01-08,137.76,138.27,134.1,136.25,6971100
APH,2026-01-09,136.26,140.49,135.92,140.16,5192100
APH,2026-01-12,141.66,147.25,141.5,145.11,10134300
APH,2026-01-13,146.19,149.11,144.09,148.97,8061500
APH,2026-01-14,148.17,148.69,144.38,146.75,9420500
APH,2026-01-15,150.16,156.28,149.5,154.22,10078900
APH,2026-01-16,155.0,155.0,151.62,154.39,9602100
APH,2026-01-20,150.6,154.39,149.53,152.33,10669200
APH,2026-01-21,153.08,155.84,150.48,154.6,8664700
APH,2026-01-22,156.0,157.54,148.87,152.5,7799600
APH,2026-01-23,151.25,151.8,147.9,150.99,7333300
APH,2026-01-26,150.65,156.69,150.02,155.56,10563900
APH,2026-01-27,157.88,167.04,157.45,166.25,18312500
APH,2026-01-28,141.0,153.41,140.0,145.96,37790600
APH,2026-01-29,148.26,151.41,145.75,149.58,16929400
APH,2026-01-30,147.95,149.66,143.75,144.08,12333700
APH,2026-02-02,144.0,148.51,144.0,144.93,9951100
APH,2026-02-03,146.85,149.24,140.98,147.06,10358500
APH,2026-02-04,146.81,147.01,129.39,130.0,21254200
APH,2026-02-05,129.5,130.68,126.21,127.63,19602600
APH,2026-02-06,132.16,138.31,132.13,136.23,11531500
APH,2026-02-09,137.17,145.27,136.61,144.2,9321200
APH,2026-02-10,146.05,147.38,143.14,144.14,10687600
APH,2026-02-11,147.77,147.77,138.8,144.04,8910800
APH,2026-02-12,147.3,148.87,143.69,143.73,11352600
APH,2026-02-13,143.65,148.82,141.02,146.72,9378800
APH,2026-02-17,144.75,149.31,143.03,148.57,6844800
APH,2026-02-18,150.0,151.37,147.08,147.73,7485200
APH,2026-02-19,147.0,151.38,146.31,151.2,5230800
APH,2026-02-20,149.69,153.63,149.69,151.04,7467400
APH,2026-02-23,150.12,151.76,147.2,147.82,6069900
APH,2026-02-24,148.58,151.71,145.5,151.5,8000400
APH,2026-02-25,151.45,154.05,148.81,152.64,5653500
APH,2026-02-26,153.25,153.65,143.83,148.47,7755500
APH,2026-02-27,145.48,147.51,143.54,146.06,9827500
APH,2026-03-02,141.5,142.14,134.77,135.16,14746800
APH,2026-03-03,130.0,131.92,127.6,129.58,15242100
APH,2026-03-04,132.12,133.48,129.12,132.75,11420737
APH,2026-03-05,136.0,140.38,133.87,136.24,13918200
APH,2026-03-06,133.17,135.4,130.57,131.87,7972800
APH,2026-03-09,129.57,136.73,128.61,136.06,8752900
APH,2026-03-10,136.38,139.36,135.51,136.74,7153900
APH,2026-03-11,136.44,136.79,132.7,134.54,6626100
APH,2026-03-12,132.31,132.49,128.54,131.47,8877790
APH,2026-03-13,131.93,136.85,132.0,133.92,7246266
APH,2026-03-16,137.0,140.58,135.65,136.8,10390727
APH,2026-03-17,139.89,144.2,134.24,135.12,12689623
APH,2026-03-18,135.29,136.62,126.47,127.81,12295270
APH,2026-03-19,125.83,131.99,125.4,130.65,7153800
APH,2026-03-20,130.14,130.83,124.68,126.74,14276100
APH,2026-03-23,129.12,133.41,128.58,130.67,7652632
APH,2026-03-24,128.6,133.09,127.75,127.96,9641250
APH,2026-03-25,129.86,131.71,126.76,128.73,11693188
APH,2026-03-26,125.25,127.23,122.6,123.13,7129368
APH,2026-03-27,122.5,126.01,121.33,123.62,7793276
APH,2026-03-30,125.4,126.37,118.24,119.15,8166185
APH,2026-03-31,122.28,126.48,121.0,126.35,10069751
APH,2026-04-01,127.17,129.73,127.16,127.7,5494179
APH,2026-04-02,123.18,129.19,123.0,128.0,5584107
APH,2026-04-06,128.0,128.48,126.1,126.49,4604968
APH,2026-04-07,125.2,128.4,124.68,128.38,3475063
APH,2026-04-08,136.0,136.6,131.82,135.32,6990106
APH,2026-04-09,136.69,138.17,134.15,137.68,6805156
APH,2026-04-10,138.81,143.7,138.42,140.75,8022055
APH,2026-04-13,140.0,145.34,139.92,145.27,7624583
APH,2026-04-14,147.86,149.21,145.72,148.72,6729242
APH,2026-04-15,148.0,148.72,144.5,146.98,5447771
APH,2026-04-16,147.0,149.07,145.39,148.96,6452620
APH,2026-04-17,149.78,152.41,149.76,151.06,6774033
APH,2026-04-20,153.0,154.24,152.04,152.81,6101793
APH,2026-04-21,153.99,155.46,151.27,151.93,7287888
APH,2026-04-22,148.13,151.25,145.41,148.13,9323447
APH,2026-04-23,149.07,152.0,148.63,150.18,6656905
APH,2026-04-24,151.36,151.67,148.51,149.71,4650670
APH,2026-04-27,149.25,150.0,144.45,148.64,5224094
APH,2026-04-28,144.0,147.38,142.26,143.72,9678639
APH,2026-04-29,154.0,154.92,146.57,148.38,14169329
APH,2026-04-30,151.94,152.51,143.61,147.27,6812810
APH,2026-05-01,146.48,146.67,142.28,142.3,5770773
APH,2026-05-04,143.45,143.95,140.21,141.03,7192830
APH,2026-05-05,143.45,144.11,135.93,136.69,9851763
APH,2026-05-06,138.0,140.88,137.17,138.47,10533197
APH,2026-05-07,139.11,139.11,134.39,136.62,6986320
APH,2026-05-08,137.58,137.8,127.64,128.03,18069667
APH,2026-05-11,127.97,128.4,121.43,122.47,19454078
APH,2026-05-12,123.94,128.17,123.6,127.87,14243255
APH,2026-05-13,129.95,129.98,123.55,124.64,10964482
APH,2026-05-14,124.93,129.44,123.55,129.19,10840100
APH,2026-05-15,128.38,128.7,124.72,125.0,10097091
APH,2026-05-18,125.41,125.74,120.16,121.72,9886100
APH,2026-05-19,119.72,120.32,118.01,119.2,10758000
APH,2026-05-20,119.97,123.1,119.6,123.05,9559200
APH,2026-05-21,122.28,125.17,121.41,124.86,8582500
APH,2026-05-22,127.12,132.57,127.12,132.06,17565752
APH,2026-05-26,136.88,143.75,136.2,139.56,16589900
APH,2026-05-27,139.71,141.99,138.17,140.24,10072400
APH,2026-05-28,141.02,148.34,139.89,147.68,13791300
APH,2026-05-29,148.94,151.62,146.0,148.76,13697400
APH,2026-06-01,146.95,148.65,144.2,146.34,8716100
APH,2026-06-02,146.66,149.54,141.5,148.4,11435300
APH,2026-06-03,148.6,151.92,146.01,147.62,8573200
APH,2026-06-04,145.27,147.84,141.82,146.77,5617573
APH,2026-06-05,143.25,144.97,138.2,138.81,7165600
APH,2026-06-08,144.03,145.95,141.86,143.6,7505700
APH,2026-06-09,147.46,154.92,145.22,154.07,15423162
APH,2026-06-10,153.0,159.8,149.06,149.22,12056550
APH,2026-06-11,150.44,153.29,147.7,152.46,11903500
APH,2026-06-12,153.77,155.29,151.78,153.8,9382900
APH,2026-06-15,156.55,159.35,154.84,158.59,8811382
APH,2026-06-16,158.59,162.1,157.07,158.81,8222200
APH,2026-06-17,161.03,164.18,159.87,161.11,8707000
APH,2026-06-18,165.32,166.34,162.67,163.96,7048348
APH,2026-06-22,166.36,168.75,164.05,165.96,8581700
APH,2026-06-23,159.71,162.27,158.5,158.7,10008100
APH,2026-06-24,157.34,166.33,156.21,162.78,8659700
APH,2026-06-25,166.15,168.72,163.8,165.15,8483500
APH,2026-06-26,162.47,165.94,160.66,163.72,11860000
APH,2026-06-29,164.26,166.9,159.73,166.42,6195800
APH,2026-06-30,167.17,178.52,167.15,176.32,14415200
APH,2026-07-01,174.14,174.14,167.53,172.22,8009600
APH,2026-07-02,170.01,172.97,161.36,164.59,5799263
APH,2026-07-06,168.0,169.37,164.69,166.81,7615700
APH,2026-07-07,161.83,163.32,156.24,158.61,5431952
APH,2026-07-08,154.8,158.55,153.15,158.22,6247959
APH,2026-07-09,163.5,164.89,161.33,162.24,4302496
APH,2026-07-10,161.56,162.45,157.38,159.06,5930598
APH,2026-07-13,158.34,160.37,154.96,155.99,5500510
APH,2026-07-14,158.09,159.96,155.3,158.37,5207874
APH,2026-07-15,160.37,160.67,154.14,157.04,7403324
APH,2026-07-16,154.42,157.0,152.46,153.14,3871700
APH,2026-07-17,149.76,153.51,146.04,151.2,6697245
APH,2026-07-20,152.0,154.78,150.23,150.51,4676110
APH,2026-07-21,155.05,158.07,152.89,157.81,4609977
APH,2026-07-22,153.99,158.53,153.75,157.51,6043782
APH,2026-07-23,156.5,160.03,156.12,157.43,6310765
APH,2026-07-24,156.3,158.86,151.29,152.67,4600361
APH,2026-07-27,155.5,155.5,146.77,149.28,4165687
APH,2026-07-28,145.44,146.0,139.67,143.85,8643858
APH,2026-07-29,152.3,159.07,149.43,150.31,12176317
APH,2026-07-30,159.71,161.17,154.72,159.82,9103272
APH,2026-07-31,164.83,167.23,159.85,160.7,7608736
APH,2026-08-03,157.73,164.16,155.36,163.34,5601905
APH,2026-08-04,170.47,172.9,165.71,171.33,8172280
APH,2026-08-05,172.3,174.84,170.6,172.24,6138988
APH,2026-08-06,169.74,176.33,168.67,170.61,4316517
APH,2026-08-07,171.65,172.41,166.88,169.18,4941775
APH,2026-08-10,171.43,171.71,167.64,167.7,3766859
APH,2026-08-11,170.41,172.26,167.16,167.23,3948385
APH,2026-08-12,172.14,172.82,168.18,169.96,4360834
APH,2026-08-13,169.82,170.37,165.27,165.75,3185182
APH,2026-08-14,165.65,167.89,165.3,167.11,4481766
APH,2026-08-17,167.95,172.05,166.54,170.87,5110143
APH,2026-08-18,165.2,166.38,158.11,159.57,6312662
APH,2026-08-19,162.0,163.24,155.56,156.04,6037437
APH,2026-08-20,155.75,156.7,152.92,153.11,5417010
APH,2026-08-21,156.5,158.41,153.81,157.01,5248209
APH,2026-08-24,155.0,156.3,151.51,155.55,5263520
APH,2026-08-25,159.66,159.68,157.27,158.78,5363321
APH,2026-08-26,159.07,162.62,158.96,161.34,5926600
APH,2026-08-27,163.3,163.3,160.37,161.38,5130900
APH,2026-08-28,161.25,161.45,157.63,157.74,4227975
APH,2026-08-31,156.41,159.7,155.93,158.55,5527200
BKNG,2021-12-31,3.76,3.8,3.74,3.77,113937500
CRWD,2019-06-12,63.5,67.0,56.0,58.0,19449200
CRWD,2019-06-13,63.86,69.67,61.6,67.56,10923900
CRWD,2019-06-14,69.78,70.79,63.02,64.16,6264200
CRWD,2019-06-17,64.75,70.01,62.0,70.01,3247500
CRWD,2019-06-18,73.0,78.7,71.5,76.5,6612600
CRWD,2019-06-19,78.75,79.79,73.56,77.22,3319100
CRWD,2019-06-20,78.0,78.22,70.69,74.85,3429600
CRWD,2019-06-21,72.46,73.93,68.3,72.23,2657500
CRWD,2019-06-24,71.05,72.39,65.08,67.97,2448000
CRWD,2019-06-25,67.1,68.99,61.17,61.52,2480200
CRWD,2019-06-26,63.3,64.92,62.01,62.65,1625500
CRWD,2019-06-27,63.39,65.0,62.57,63.28,914500
CRWD,2019-06-28,64.36,68.38,63.3,68.29,1474300
CRWD,2019-07-01,69.1,69.73,61.81,63.2,2670900
CRWD,2019-07-02,63.3,65.03,61.72,64.52,1735600
CRWD,2019-07-03,64.68,67.48,64.52,67.24,1564100
CRWD,2019-07-05,67.15,67.25,64.84,67.21,804900
CRWD,2019-07-08,68.26,71.71,66.9,66.91,4567200
CRWD,2019-07-09,67.42,69.2,66.88,68.45,1782700
CRWD,2019-07-10,70.0,74.5,69.5,74.34,2719300
CRWD,2019-07-11,74.5,74.98,70.5,70.88,2351800
CRWD,2019-07-12,71.6,75.2,70.5,73.5,1838300
CRWD,2019-07-15,74.0,74.29,71.4,71.6,1325100
CRWD,2019-07-16,71.93,73.09,69.0,69.54,1582300
CRWD,2019-07-17,70.0,71.56,69.59,71.0,1037000
CRWD,2019-07-18,71.0,74.19,70.15,72.75,2779900
CRWD,2019-07-19,85.16,85.85,80.75,83.52,13669000
CRWD,2019-07-22,82.27,88.5,82.08,87.68,5357700
CRWD,2019-07-23,88.32,89.44,84.49,86.74,2529800
CRWD,2019-07-24,86.79,87.85,85.5,87.46,1250700
CRWD,2019-07-25,87.5,93.34,87.0,92.28,3270400
CRWD,2019-07-26,93.04,95.5,91.91,92.88,2053000
CRWD,2019-07-29,93.69,93.9,82.65,87.23,3317800
CRWD,2019-07-30,86.0,96.19,84.0,94.0,3127200
CRWD,2019-07-31,93.95,94.8,86.82,89.07,2476000
CRWD,2019-08-01,90.07,94.32,89.44,91.53,2238200
CRWD,2019-08-02,91.54,92.78,86.91,88.01,1801000
CRWD,2019-08-05,83.34,86.92,82.25,85.48,2196400
CRWD,2019-08-06,87.2,89.76,82.71,85.24,1357400
CRWD,2019-08-07,83.69,86.45,82.8,84.22,990400
CRWD,2019-08-08,85.49,91.86,85.49,91.65,1692300
CRWD,2019-08-09,90.25,98.0,90.0,94.9,3062200
CRWD,2019-08-12,94.25,98.2,91.53,93.01,1895600
CRWD,2019-08-13,92.84,100.5,92.84,99.65,3024600
CRWD,2019-08-14,96.52,97.73,91.6,94.02,2822900
CRWD,2019-08-15,95.99,97.14,91.37,93.66,1513100
CRWD,2019-08-16,95.0,98.1,93.4,96.05,1517800
CRWD,2019-08-19,98.8,101.48,95.6,99.39,2782700
CRWD,2019-08-20,99.23,101.88,97.26,99.16,1438800
CRWD,2019-08-21,100.59,100.96,96.27,96.58,1783900
CRWD,2019-08-22,96.29,96.58,92.8,92.97,1764000
CRWD,2019-08-23,91.37,91.56,86.0,88.43,3041000
CRWD,2019-08-26,90.24,90.84,86.13,88.88,1462400
CRWD,2019-08-27,89.28,89.95,83.23,84.08,1821600
CRWD,2019-08-28,84.0,87.52,82.61,86.99,1919300
CRWD,2019-08-29,88.3,89.35,83.29,83.82,1787000
CRWD,2019-08-30,84.02,84.94,78.89,81.28,1907300
CRWD,2019-09-03,80.85,83.8,80.25,83.76,1827700
CRWD,2019-09-04,85.0,87.77,82.89,85.31,2393100
CRWD,2019-09-05,86.25,87.19,82.5,86.85,3918600
CRWD,2019-09-06,79.7,81.5,75.31,75.98,8672300
CRWD,2019-09-09,76.11,76.12,64.34,67.1,8598200
CRWD,2019-09-10,65.7,71.8,65.7,71.65,4672500
CRWD,2019-09-11,69.21,70.93,67.2,69.11,3114000
CRWD,2019-09-12,69.68,72.4,69.06,69.66,2923500
CRWD,2019-09-13,69.86,70.31,64.71,64.86,4166300
CRWD,2019-09-16,63.71,68.86,63.5,67.86,2804500
CRWD,2019-09-17,68.64,71.33,68.13,71.04,2810500
CRWD,2019-09-18,70.12,71.88,68.8,70.85,1999200
CRWD,2019-09-19,71.5,71.87,67.64,68.93,1684000
CRWD,2019-09-20,68.95,69.46,66.19,66.97,3357500
CRWD,2019-09-23,67.12,68.57,66.54,66.91,825900
CRWD,2019-09-24,67.02,67.37,62.0,62.52,2605700
CRWD,2019-09-25,62.0,63.39,60.11,62.02,2463400
CRWD,2019-09-26,62.05,62.36,57.66,58.3,2885100
CRWD,2019-09-27,58.27,58.33,52.84,53.46,4449400
CRWD,2019-09-30,53.5,58.65,51.61,58.31,4020800
CRWD,2019-10-01,58.3,59.51,55.65,57.89,2835200
CRWD,2019-10-02,56.81,57.66,54.07,56.63,1561000
CRWD,2019-10-03,59.48,62.4,56.75,62.14,5072300
CRWD,2019-10-04,62.0,64.46,61.55,63.84,2153900
CRWD,2019-10-07,63.36,69.7,62.72,68.78,3614300
CRWD,2019-10-08,67.4,68.43,64.48,65.3,2760000
CRWD,2019-10-09,66.35,66.43,62.5,63.08,2196600
CRWD,2019-10-10,62.6,63.61,60.4,61.41,2288300
CRWD,2019-10-11,58.77,61.48,57.27,60.27,3331600
CRWD,2019-10-14,55.8,57.85,53.2,54.52,4445400
CRWD,2019-10-15,55.01,56.41,54.03,55.21,1980300
CRWD,2019-10-16,53.57,55.77,51.8,52.03,2589100
CRWD,2019-10-17,51.76,53.15,50.33,50.44,2781000
CRWD,2019-10-18,50.0,50.32,46.46,47.04,3669100
CRWD,2019-10-21,46.93,48.97,46.22,47.4,2404200
CRWD,2019-10-22,47.25,48.48,44.58,46.2,2695600
CRWD,2019-10-23,47.0,50.43,46.03,47.87,3686100
CRWD,2019-10-24,48.6,52.18,48.11,51.84,2046800
CRWD,2019-10-25,50.88,52.07,49.41,50.11,1528300
CRWD,2019-10-28,50.26,51.31,47.71,47.95,2758200
CRWD,2019-10-29,47.43,48.37,46.21,47.8,1739200
CRWD,2019-10-30,47.72,52.48,46.78,51.44,2217600
CRWD,2019-10-31,51.2,51.64,48.1,49.91,1046000
CRWD,2019-11-01,49.94,50.85,47.75,48.5,1438700
CRWD,2019-11-04,49.15,50.48,48.01,49.65,1301300
CRWD,2019-11-05,50.18,50.6,47.77,48.7,1457200
CRWD,2019-11-06,48.56,48.71,46.9,47.83,1028600
CRWD,2019-11-07,48.26,48.5,45.38,45.5,1665000
CRWD,2019-11-08,45.02,47.21,44.8,47.21,1977300
CRWD,2019-11-11,46.5,47.0,45.46,46.2,1286900
CRWD,2019-11-12,47.5,47.85,46.11,47.05,1740800
CRWD,2019-11-13,46.83,52.44,46.65,52.0,2860000
CRWD,2019-11-14,51.31,54.92,50.64,52.73,2820900
CRWD,2019-11-15,53.0,59.99,53.0,59.75,4004300
CRWD,2019-11-18,60.0,60.0,55.52,57.07,2239400
CRWD,2019-11-19,57.45,57.56,53.76,56.0,1591200
CRWD,2019-11-20,55.24,58.31,53.39,54.88,2256900
CRWD,2019-11-21,55.46,55.46,52.85,53.77,959400
CRWD,2019-11-22,54.19,55.3,53.75,54.2,1028400
CRWD,2019-11-25,55.32,56.17,54.85,55.84,1843100
CRWD,2019-11-26,56.5,58.02,54.26,55.58,1996800
CRWD,2019-11-27,56.37,56.67,55.23,56.29,986500
CRWD,2019-11-29,56.96,59.5,56.32,58.0,1244400
CRWD,2019-12-02,58.5,58.6,52.54,55.01,2925100
CRWD,2019-12-03,53.29,57.59,53.01,57.37,1395900
CRWD,2019-12-04,56.61,57.0,54.3,54.98,1607000
CRWD,2019-12-05,55.0,55.21,51.61,52.95,3362400
CRWD,2019-12-06,54.0,55.1,50.5,50.89,8029000
CRWD,2019-12-09,49.14,50.96,48.41,49.0,13793500
CRWD,2019-12-10,49.92,50.02,47.22,47.55,5751100
CRWD,2019-12-11,47.01,48.8,46.33,47.73,9363500
CRWD,2019-12-12,47.95,48.5,46.32,47.3,5709800
CRWD,2019-12-13,47.5,49.86,46.7,49.41,6364200
CRWD,2019-12-16,50.0,50.11,48.15,49.45,5034600
CRWD,2019-12-17,49.34,49.44,47.52,48.39,4742300
CRWD,2019-12-18,48.96,50.3,48.6,50.14,5653300
CRWD,2019-12-19,50.45,50.45,49.2,49.47,3044800
CRWD,2019-12-20,49.91,50.0,48.58,49.49,3119600
CRWD,2019-12-23,49.25,49.3,47.61,47.85,4588000
CRWD,2019-12-24,48.0,48.72,47.15,47.75,1508400
CRWD,2019-12-26,48.41,50.06,48.09,50.03,4779200
CRWD,2019-12-27,50.3,50.38,48.2,48.92,3510000
CRWD,2019-12-30,50.0,50.56,48.39,50.03,5706100
CRWD,2019-12-31,49.34,50.34,48.9,49.87,3288500
CRWD,2020-01-02,50.03,50.75,49.25,49.44,4428300
CRWD,2020-01-03,48.92,51.99,48.79,50.75,11165600
CRWD,2020-01-06,51.85,56.17,51.03,55.11,21725400
CRWD,2020-01-07,54.55,56.5,54.5,54.75,12503500
CRWD,2020-01-08,54.2,55.86,53.3,55.66,7511600
CRWD,2020-01-09,56.95,57.25,55.1,55.94,6517200
CRWD,2020-01-10,56.49,58.3,56.0,57.2,8150700
CRWD,2020-01-13,57.36,59.74,57.0,58.97,7038700
CRWD,2020-01-14,59.23,60.66,57.5,59.24,7786500
CRWD,2020-01-15,59.23,61.97,59.23,60.25,7973300
CRWD,2020-01-16,61.5,62.75,61.0,62.24,6159500
CRWD,2020-01-17,63.05,63.7,62.06,63.45,6255900
CRWD,2020-01-21,63.02,63.39,61.26,62.24,6086700
CRWD,2020-01-22,63.0,64.04,62.3,62.57,4257800
CRWD,2020-01-23,62.57,62.66,60.71,61.55,4071700
CRWD,2020-01-24,62.0,63.05,57.84,59.25,6580200
CRWD,2020-01-27,56.58,58.16,55.31,58.06,4425900
CRWD,2020-01-28,58.66,59.64,58.13,59.07,3074000
CRWD,2020-01-29,60.0,61.78,59.74,60.26,3480400
CRWD,2020-01-30,60.0,62.56,58.94,62.45,4162800
CRWD,2020-01-31,62.5,63.0,60.25,61.09,4062200
CRWD,2020-02-03,61.13,61.46,59.65,61.08,3705500
CRWD,2020-02-04,61.92,64.33,61.15,63.56,4619000
CRWD,2020-02-05,64.21,64.8,60.06,61.81,3998600
CRWD,2020-02-06,61.6,62.98,60.18,62.19,2259400
CRWD,2020-02-07,62.0,63.72,61.82,62.09,3055700
CRWD,2020-02-10,62.33,63.86,61.45,63.3,3877500
CRWD,2020-02-11,66.0,66.84,63.65,65.19,7978200
CRWD,2020-02-12,65.19,65.5,62.72,65.08,5448300
CRWD,2020-02-13,64.25,66.2,64.13,65.31,4124500
CRWD,2020-02-14,65.81,65.83,63.87,64.85,4202500
CRWD,2020-02-18,65.0,66.28,64.55,66.04,4324200
CRWD,2020-02-19,66.63,67.56,65.61,66.03,5306900
CRWD,2020-02-20,65.7,65.98,60.03,63.38,6179100
CRWD,2020-02-21,62.58,62.64,59.26,60.93,4625000
CRWD,2020-02-24,56.4,59.25,56.02,58.08,4638800
CRWD,2020-02-25,59.5,59.79,56.06,57.74,5337900
CRWD,2020-02-26,58.39,60.26,57.51,58.46,4425600
CRWD,2020-02-27,56.15,59.45,54.35,57.5,4874100
CRWD,2020-02-28,55.6,60.02,55.5,59.64,4448000
CRWD,2020-03-02,60.2,60.97,58.0,59.13,4013700
CRWD,2020-03-03,59.61,60.73,55.01,56.48,4071500
CRWD,2020-03-04,57.18,58.08,56.06,57.2,2321000
CRWD,2020-03-05,56.08,57.44,54.55,55.92,3212500
CRWD,2020-03-06,54.24,54.87,50.36,51.96,5119900
CRWD,2020-03-09,46.81,48.89,45.65,45.74,5816700
CRWD,2020-03-10,48.47,48.47,45.0,46.91,4569900
CRWD,2020-03-11,45.96,46.3,42.23,42.85,5386200
CRWD,2020-03-12,38.6,40.2,35.98,37.82,6636500
CRWD,2020-03-13,39.9,40.08,36.59,39.55,5015200
CRWD,2020-03-16,36.0,36.0,32.12,33.01,6816300
CRWD,2020-03-17,33.93,38.3,31.95,38.01,5664700
CRWD,2020-03-18,35.76,41.47,35.5,38.63,6358500
CRWD,2020-03-19,40.43,44.49,38.2,41.74,7442700
CRWD,2020-03-20,49.96,51.97,46.81,49.01,14253600
CRWD,2020-03-23,46.24,53.0,46.01,51.45,11127200
CRWD,2020-03-24,54.92,58.65,54.28,57.33,8088000
CRWD,2020-03-25,56.0,59.5,55.6,55.78,5517200
CRWD,2020-03-26,55.84,59.1,55.04,58.64,5838700
CRWD,2020-03-27,57.02,59.87,56.02,58.79,3826100
CRWD,2020-03-30,58.81,59.83,56.27,57.72,4449500
CRWD,2020-03-31,57.03,60.03,55.26,55.68,4921400
CRWD,2020-04-01,54.0,56.55,53.53,54.58,3113900
CRWD,2020-04-02,54.51,56.92,54.11,56.69,3058700
CRWD,2020-04-03,55.85,59.25,55.85,57.82,4555800
CRWD,2020-04-06,59.08,60.53,58.66,59.07,5008100
CRWD,2020-04-07,59.45,61.3,57.75,59.6,7472800
CRWD,2020-04-08,59.65,60.88,59.05,60.32,4337500
CRWD,2020-04-09,60.48,60.79,57.5,58.15,3752900
CRWD,2020-04-13,58.0,59.37,57.36,58.77,2867000
CRWD,2020-04-14,59.99,62.0,58.5,60.89,6485700
CRWD,2020-04-15,59.34,62.64,58.73,61.82,4196900
CRWD,2020-04-16,62.0,64.45,61.54,63.45,5002100
CRWD,2020-04-17,64.46,65.62,63.25,64.74,4139700
CRWD,2020-04-20,64.87,70.2,64.39,68.43,6529900
CRWD,2020-04-21,68.66,70.5,62.77,66.07,6950300
CRWD,2020-04-22,67.67,69.31,67.23,68.07,3730900
CRWD,2020-04-23,68.06,69.96,68.0,68.91,3065000
CRWD,2020-04-24,69.0,74.65,68.89,72.0,9720800
CRWD,2020-04-27,73.0,75.0,72.02,73.6,4360200
CRWD,2020-04-28,74.0,74.71,68.39,70.13,4634100
CRWD,2020-04-29,71.0,71.6,68.19,69.28,6111400
CRWD,2020-04-30,69.28,69.28,67.12,67.66,2216800
CRWD,2020-05-01,66.28,70.19,65.8,69.21,2997800
CRWD,2020-05-04,68.35,73.67,67.81,73.43,3899600
CRWD,2020-05-05,74.27,75.0,70.88,71.59,3743200
CRWD,2020-05-06,71.94,73.62,69.32,72.44,4492900
CRWD,2020-05-07,74.0,76.75,73.66,75.49,5656900
CRWD,2020-05-08,76.55,77.96,75.0,76.7,3462900
CRWD,2020-05-11,77.05,78.35,76.15,76.23,2418200
CRWD,2020-05-12,77.0,80.63,75.31,76.15,4514400
CRWD,2020-05-13,77.86,79.3,73.12,76.57,4333100
CRWD,2020-05-14,76.0,77.4,74.53,77.14,3322200
CRWD,2020-05-15,77.5,80.29,76.33,77.14,3292900
CRWD,2020-05-18,78.11,78.99,75.78,76.1,2868200
CRWD,2020-05-19,76.53,79.58,76.5,78.55,2675400
CRWD,2020-05-20,80.72,81.74,79.15,80.97,3564100
CRWD,2020-05-21,81.62,81.87,78.82,80.6,2072300
CRWD,2020-05-22,81.0,82.7,80.0,82.22,2823000
CRWD,2020-05-26,83.39,83.4,77.95,79.35,4122400
CRWD,2020-05-27,79.0,79.0,71.51,77.99,7021300
CRWD,2020-05-28,78.2,82.28,78.0,79.5,3805900
CRWD,2020-05-29,83.19,88.0,81.2,87.81,13425700
CRWD,2020-06-01,90.56,95.8,90.21,94.84,12028800
CRWD,2020-06-02,96.59,96.8,90.03,92.25,12883300
CRWD,2020-06-03,99.98,103.8,95.6,98.1,21051500
CRWD,2020-06-04,94.23,98.49,91.83,95.98,16371200
CRWD,2020-06-05,92.73,95.98,88.87,93.93,9600600
CRWD,2020-06-08,93.87,97.5,93.62,95.43,7482400
CRWD,2020-06-09,96.0,96.88,93.62,93.9,4351100
CRWD,2020-06-10,95.0,97.74,94.33,97.22,5816800
CRWD,2020-06-11,94.85,100.12,94.22,95.04,8323200
CRWD,2020-06-12,97.99,97.99,91.05,93.12,6452400
CRWD,2020-06-15,92.65,100.0,91.5,99.02,9018900
CRWD,2020-06-16,100.0,101.68,94.69,101.04,9808100
CRWD,2020-06-17,101.64,101.74,97.77,98.69,7637700
CRWD,2020-06-18,98.18,101.87,97.86,101.61,9565100
CRWD,2020-06-19,103.0,104.89,100.64,101.08,10744100
CRWD,2020-06-22,101.34,105.56,100.26,105.02,8418200
CRWD,2020-06-23,105.8,107.3,103.15,104.27,8600900
CRWD,2020-06-24,103.83,106.1,100.5,103.7,4958100
CRWD,2020-06-25,103.8,108.34,103.64,105.71,6112400
CRWD,2020-06-26,104.0,104.0,97.52,98.79,17438500
CRWD,2020-06-29,99.77,99.77,94.18,98.1,6304600
CRWD,2020-06-30,98.44,101.38,97.33,100.29,5056200
CRWD,2020-07-01,100.0,103.64,99.25,102.95,5355600
CRWD,2020-07-02,103.65,107.7,102.3,107.27,9061000
CRWD,2020-07-06,109.34,109.68,104.71,106.39,7913100
CRWD,2020-07-07,107.0,108.67,105.21,106.42,4591500
CRWD,2020-07-08,107.37,114.69,107.1,114.55,6953500
CRWD,2020-07-09,115.51,118.38,113.11,117.46,7064500
CRWD,2020-07-10,117.57,118.25,115.41,116.65,3437200
CRWD,2020-07-13,118.02,118.58,105.72,106.21,7229000
CRWD,2020-07-14,107.14,109.35,99.12,105.61,9077300
CRWD,2020-07-15,105.58,106.02,100.59,103.15,4948500
CRWD,2020-07-16,102.1,102.82,98.61,101.06,5095900
CRWD,2020-07-17,101.4,102.87,99.0,101.43,5725500
CRWD,2020-07-20,101.89,106.95,101.66,106.72,5959200
CRWD,2020-07-21,108.44,108.47,104.44,106.6,3626300
CRWD,2020-07-22,106.6,107.18,102.6,103.71,3863700
CRWD,2020-07-23,104.56,105.66,99.6,101.46,3726700
CRWD,2020-07-24,99.1,101.67,97.06,100.03,4076700
CRWD,2020-07-27,101.32,104.35,100.17,103.6,4537500
CRWD,2020-07-28,104.4,109.28,103.82,105.73,4704500
CRWD,2020-07-29,107.61,113.83,107.4,112.92,5178800
CRWD,2020-07-30,111.0,112.8,108.91,111.91,2895900
CRWD,2020-07-31,112.91,113.84,109.41,113.2,2810900
CRWD,2020-08-03,114.48,116.18,112.25,115.48,4289900
CRWD,2020-08-04,115.56,116.0,112.78,114.96,2667500
CRWD,2020-08-05,114.97,116.18,113.98,114.75,4429100
CRWD,2020-08-06,114.56,115.41,109.03,110.3,3871800
CRWD,2020-08-07,107.2,107.39,100.28,101.75,6637400
CRWD,2020-08-10,102.81,102.81,96.7,97.0,7267500
CRWD,2020-08-11,97.1,100.5,93.37,98.16,8324200
CRWD,2020-08-12,98.61,100.41,97.23,98.45,3187500
CRWD,2020-08-13,99.44,102.12,98.31,100.89,3254900
CRWD,2020-08-14,103.21,104.36,100.91,101.25,3416000
CRWD,2020-08-17,102.01,105.5,101.75,105.34,2817400
CRWD,2020-08-18,106.52,107.65,105.62,107.1,2551600
CRWD,2020-08-19,107.65,109.69,105.7,108.15,2234700
CRWD,2020-08-20,107.55,112.65,106.82,112.49,2803500
CRWD,2020-08-21,112.0,113.53,110.87,112.02,2348600
CRWD,2020-08-24,113.4,113.66,108.26,111.25,2811000
CRWD,2020-08-25,110.3,114.45,109.35,113.57,2817400
CRWD,2020-08-26,115.01,119.94,114.26,117.11,4861900
CRWD,2020-08-27,117.4,118.27,113.78,117.13,3181400
CRWD,2020-08-28,118.26,121.0,117.42,118.64,3601300
CRWD,2020-08-31,120.0,126.55,120.0,125.73,8674400
CRWD,2020-09-01,134.44,144.68,130.0,143.69,15730600
CRWD,2020-09-02,152.04,153.1,130.98,142.07,32009800
CRWD,2020-09-03,131.0,138.79,127.0,129.25,21225900
CRWD,2020-09-04,125.28,129.95,115.25,125.19,10846600
CRWD,2020-09-08,118.86,128.93,118.0,125.63,6962900
CRWD,2020-09-09,129.61,129.7,124.0,128.18,5758300
CRWD,2020-09-10,130.28,134.05,128.4,129.35,6511700
CRWD,2020-09-11,131.12,131.66,122.85,126.28,4284100
CRWD,2020-09-14,127.78,129.9,127.15,128.5,4223100
CRWD,2020-09-15,130.65,132.19,127.35,131.45,5177500
CRWD,2020-09-16,132.0,133.84,129.52,131.15,3647200
CRWD,2020-09-17,127.48,129.23,124.8,128.58,4945100
CRWD,2020-09-18,130.22,132.1,126.72,131.43,11713100
CRWD,2020-09-21,127.25,138.55,125.45,138.13,7614100
CRWD,2020-09-22,138.52,142.68,134.2,142.68,5846800
CRWD,2020-09-23,141.0,143.7,136.91,138.6,3947500
CRWD,2020-09-24,137.12,137.9,132.4,133.9,4402900
CRWD,2020-09-25,135.8,138.6,134.65,136.39,3437400
CRWD,2020-09-28,137.82,141.67,136.3,137.43,4233600
CRWD,2020-09-29,137.7,138.35,135.37,136.35,2122200
CRWD,2020-09-30,135.31,139.02,133.65,137.32,3669600
CRWD,2020-10-01,139.5,145.76,138.0,142.87,7842300
CRWD,2020-10-02,139.73,145.5,138.6,139.87,3449500
CRWD,2020-10-05,143.81,148.28,142.81,144.88,5863200
CRWD,2020-10-06,146.0,148.67,143.5,145.13,5596400
CRWD,2020-10-07,146.0,148.84,144.28,144.57,4620700
CRWD,2020-10-08,146.45,146.46,141.53,142.97,3440700
CRWD,2020-10-09,144.1,145.63,142.61,143.57,2364100
CRWD,2020-10-12,146.5,149.75,144.82,145.96,4188100
CRWD,2020-10-13,147.08,153.63,147.01,152.8,6103300
CRWD,2020-10-14,153.6,153.9,145.32,147.79,4932100
CRWD,2020-10-15,143.39,145.75,141.13,145.36,4379800
CRWD,2020-10-16,148.0,148.88,144.91,145.34,2958400
CRWD,2020-10-19,146.72,149.59,143.67,144.66,3149200
CRWD,2020-10-20,145.29,146.49,142.15,142.64,2572500
CRWD,2020-10-21,143.07,143.67,132.55,135.14,6095200
CRWD,2020-10-22,136.83,138.68,131.64,134.54,5158900
CRWD,2020-10-23,134.91,135.54,132.8,135.42,1955000
CRWD,2020-10-26,134.01,138.45,129.52,133.08,3623800
CRWD,2020-10-27,134.08,136.13,131.63,133.48,2263100
CRWD,2020-10-28,132.05,132.82,129.11,131.57,2599200
CRWD,2020-10-29,132.36,132.7,126.34,127.36,3186800
CRWD,2020-10-30,125.4,126.32,120.45,123.84,4173300
CRWD,2020-11-02,124.55,126.76,121.77,124.47,2503000
CRWD,2020-11-03,125.71,127.47,123.83,126.86,2021400
CRWD,2020-11-04,133.98,137.13,132.0,136.32,3461900
CRWD,2020-11-05,140.49,141.6,137.71,138.92,2949900
CRWD,2020-11-06,138.58,144.29,138.11,141.79,2614800
CRWD,2020-11-09,136.25,137.36,126.02,126.55,6457900
CRWD,2020-11-10,127.08,128.0,118.1,123.5,4935800
CRWD,2020-11-11,128.13,132.18,127.5,130.96,3677300
CRWD,2020-11-12,132.92,137.5,132.1,137.3,3831800
CRWD,2020-11-13,137.75,138.0,131.19,132.18,3025400
CRWD,2020-11-16,129.39,132.89,128.21,131.58,3050200
CRWD,2020-11-17,132.74,139.8,130.5,137.78,4891500
CRWD,2020-11-18,137.73,139.47,135.0,137.68,2221100
CRWD,2020-11-19,138.39,147.09,138.01,143.76,4802500
CRWD,2020-11-20,145.19,146.95,143.26,145.72,2980400
CRWD,2020-11-23,146.5,149.13,142.45,147.54,3263800
CRWD,2020-11-24,145.7,149.5,143.77,149.45,3597100
CRWD,2020-11-25,150.0,151.7,147.19,149.96,3144400
CRWD,2020-11-27,150.38,152.19,148.53,150.83,1773500
CRWD,2020-11-30,154.55,155.0,146.31,153.28,4840300
CRWD,2020-12-01,153.5,154.0,145.67,147.5,4185300
CRWD,2020-12-02,144.36,144.69,138.24,141.84,6531300
CRWD,2020-12-03,159.52,165.75,155.54,161.19,14267500
CRWD,2020-12-04,160.36,168.97,157.59,167.26,7645900
CRWD,2020-12-07,168.0,172.69,166.1,170.72,5153400
CRWD,2020-12-08,171.29,178.88,170.8,177.48,4596100
CRWD,2020-12-09,175.44,177.7,162.89,166.17,6358400
CRWD,2020-12-10,165.35,181.8,164.15,179.99,9464400
CRWD,2020-12-11,177.17,178.88,171.38,175.92,5328700
CRWD,2020-12-14,176.81,179.51,172.88,173.8,3276800
CRWD,2020-12-15,175.4,176.5,172.4,174.93,2753700
CRWD,2020-12-16,177.05,182.21,176.55,179.79,4415600
CRWD,2020-12-17,182.14,186.9,180.79,185.25,3899600
CRWD,2020-12-18,193.7,205.91,193.7,203.75,15264200
CRWD,2020-12-21,202.24,211.61,201.8,210.65,8917200
CRWD,2020-12-22,213.01,225.75,211.55,224.9,8294700
CRWD,2020-12-23,225.63,227.26,216.21,223.5,5039800
CRWD,2020-12-24,223.5,227.36,219.28,221.12,2407200
CRWD,2020-12-28,225.09,227.09,212.02,212.55,4614600
CRWD,2020-12-29,210.6,213.5,202.78,205.93,8153400
CRWD,2020-12-30,207.77,210.99,205.24,210.29,2550800
CRWD,2020-12-31,211.47,214.25,208.1,211.82,2597800
CRWD,2021-01-04,209.96,211.44,195.99,200.49,6281300
CRWD,2021-01-05,200.24,211.97,197.75,211.24,5072200
CRWD,2021-01-06,204.0,214.7,203.0,208.85,4703900
CRWD,2021-01-07,213.02,222.1,213.02,221.47,4194600
CRWD,2021-01-08,225.83,228.82,220.11,223.73,3537400
CRWD,2021-01-11,223.65,234.63,218.0,232.24,5128700
CRWD,2021-01-12,233.4,238.54,233.0,233.59,3381800
CRWD,2021-01-13,236.5,236.55,225.6,226.42,3554000
CRWD,2021-01-14,228.65,231.9,222.76,225.62,3101800
CRWD,2021-01-15,228.08,230.05,218.75,219.51,3654900
CRWD,2021-01-19,224.0,224.66,217.51,221.92,3662900
CRWD,2021-01-20,227.0,228.57,222.2,226.33,2128800
CRWD,2021-01-21,228.0,228.5,219.81,221.0,3175700
CRWD,2021-01-22,220.97,226.15,220.31,223.52,2042200
CRWD,2021-01-25,227.72,230.63,208.69,217.49,5213200
CRWD,2021-01-26,217.13,217.63,206.01,206.8,5463900
CRWD,2021-01-27,200.0,207.76,193.86,200.93,6109100
CRWD,2021-01-28,202.0,216.8,201.72,212.49,3416300
CRWD,2021-01-29,211.33,217.55,205.36,215.8,4000500
CRWD,2021-02-01,216.56,218.49,210.45,215.01,2932100
CRWD,2021-02-02,218.53,221.47,212.53,219.64,3584300
CRWD,2021-02-03,223.0,223.49,216.27,218.12,2903800
CRWD,2021-02-04,219.74,224.29,216.81,224.01,3210700
CRWD,2021-02-05,226.0,227.95,222.4,223.53,2134200
CRWD,2021-02-08,225.51,228.65,219.15,222.36,2207200
CRWD,2021-02-09,221.2,225.39,220.4,223.72,1869500
CRWD,2021-02-10,225.0,233.55,220.4,231.35,3381500
CRWD,2021-02-11,233.49,239.89,229.13,234.8,3980900
CRWD,2021-02-12,236.55,245.42,233.5,242.1,3891200
CRWD,2021-02-16,248.54,251.28,237.61,242.42,3296600
CRWD,2021-02-17,238.9,242.6,229.15,238.56,2983500
CRWD,2021-02-18,236.78,241.32,231.6,239.25,2640400
CRWD,2021-02-19,241.83,246.21,236.61,239.2,2333400
CRWD,2021-02-22,235.65,237.8,222.42,225.83,3268500
CRWD,2021-02-23,211.2,219.21,198.16,218.39,5899500
CRWD,2021-02-24,219.78,219.88,207.5,216.6,3944300
CRWD,2021-02-25,216.43,221.81,204.9,208.66,3604400
CRWD,2021-02-26,209.3,217.19,204.52,216.0,4903500
CRWD,2021-03-01,220.82,223.84,215.86,223.4,2352900
CRWD,2021-03-02,226.5,231.16,221.52,222.1,2538500
CRWD,2021-03-03,220.86,223.47,206.61,210.62,4155200
CRWD,2021-03-04,204.79,208.38,187.19,192.99,6635100
CRWD,2021-03-05,194.64,195.41,168.67,183.12,9438000
CRWD,2021-03-08,184.29,192.44,178.9,179.75,5302600
CRWD,2021-03-09,192.65,201.14,189.5,199.1,3865500
CRWD,2021-03-10,204.0,208.22,192.5,194.86,3506900
CRWD,2021-03-11,203.99,206.67,198.42,205.8,3597800
CRWD,2021-03-12,200.9,200.98,195.31,199.0,3033900
CRWD,2021-03-15,199.5,201.47,195.02,200.55,2524900
CRWD,2021-03-16,203.81,209.1,193.5,196.31,6766400
CRWD,2021-03-17,199.0,210.88,191.28,208.03,11955100
CRWD,2021-03-18,203.59,203.75,189.61,190.21,8799800
CRWD,2021-03-19,192.88,197.79,190.02,194.63,7375800
CRWD,2021-03-22,191.91,198.0,190.23,195.73,5561000
CRWD,2021-03-23,195.74,197.85,189.69,190.6,4210500
CRWD,2021-03-24,191.0,193.5,180.11,181.6,3994300
CRWD,2021-03-25,175.67,181.88,174.58,179.16,3755700
CRWD,2021-03-26,179.03,181.5,170.1,177.68,3732800
CRWD,2021-03-29,177.69,182.73,171.2,173.85,3050500
CRWD,2021-03-30,171.08,176.24,168.76,175.28,4278000
CRWD,2021-03-31,179.24,184.99,178.71,182.51,4268100
CRWD,2021-04-01,188.77,194.5,185.43,187.03,3344400
CRWD,2021-04-05,191.43,191.67,184.72,186.62,3767700
CRWD,2021-04-06,186.62,198.27,185.86,194.38,3672300
CRWD,2021-04-07,195.07,196.89,190.64,193.93,2332500
CRWD,2021-04-08,197.54,204.31,195.67,203.45,4613300
CRWD,2021-04-09,201.44,204.24,194.31,202.68,4504000
CRWD,2021-04-12,201.53,206.15,197.51,203.99,3306800
CRWD,2021-04-13,206.52,219.0,206.14,216.35,5361800
CRWD,2021-04-14,216.39,217.4,207.5,208.2,3263800
CRWD,2021-04-15,215.5,215.5,207.81,213.1,4337500
CRWD,2021-04-16,213.51,216.54,208.49,215.2,3579700
CRWD,2021-04-19,211.05,223.23,210.29,213.37,3872900
CRWD,2021-04-20,216.09,217.74,205.58,206.6,2743300
CRWD,2021-04-21,205.48,212.22,201.53,210.37,1975400
CRWD,2021-04-22,212.0,223.93,212.0,216.73,5216900
CRWD,2021-04-23,219.51,224.99,217.73,219.3,2491500
CRWD,2021-04-26,220.05,225.1,215.93,224.47,3614600
CRWD,2021-04-27,225.48,227.2,219.89,221.25,2326700
CRWD,2021-04-28,217.87,223.26,215.02,220.24,2486600
CRWD,2021-04-29,221.0,221.0,208.42,211.53,3322300
CRWD,2021-04-30,207.33,214.35,207.0,208.51,2028900
CRWD,2021-05-03,209.0,209.59,204.02,205.12,2304100
CRWD,2021-05-04,201.95,202.99,191.36,197.79,4274700
CRWD,2021-05-05,202.26,202.74,192.0,193.24,2307500
CRWD,2021-05-06,191.52,191.52,180.67,187.07,4903500
CRWD,2021-05-07,194.28,197.79,187.91,189.18,3182300
CRWD,2021-05-10,189.18,190.7,183.8,187.58,4166100
CRWD,2021-05-11,178.92,195.35,177.29,195.1,4910500
CRWD,2021-05-12,192.0,195.5,185.66,189.27,3769400
CRWD,2021-05-13,190.96,192.85,179.41,183.76,3301500
CRWD,2021-05-14,187.51,191.35,183.76,190.64,2377400
CRWD,2021-05-17,189.76,192.51,185.0,188.53,2023600
CRWD,2021-05-18,191.33,199.31,187.51,196.78,4125300
CRWD,2021-05-19,189.63,199.75,189.27,198.71,4273500
CRWD,2021-05-20,201.55,205.38,199.01,204.03,2564300
CRWD,2021-05-21,207.84,210.99,205.62,210.6,3554400
CRWD,2021-05-24,212.44,215.32,209.36,214.35,2877900
CRWD,2021-05-25,214.58,216.59,211.84,212.86,1827900
CRWD,2021-05-26,217.96,225.38,216.38,219.96,3702200
CRWD,2021-05-27,218.0,222.98,211.35,222.81,4073500
CRWD,2021-05-28,222.85,225.93,221.0,222.15,2580300
CRWD,2021-06-01,223.23,226.95,218.85,222.07,2883000
CRWD,2021-06-02,221.35,223.25,218.57,220.58,2193300
CRWD,2021-06-03,220.05,220.54,213.93,216.0,4565800
CRWD,2021-06-04,216.99,217.41,205.33,206.94,7318300
CRWD,2021-06-07,206.44,217.81,204.53,215.41,5854900
CRWD,2021-06-08,217.74,221.6,212.63,215.14,2891900
CRWD,2021-06-09,215.69,216.69,211.23,213.95,3353000
CRWD,2021-06-10,214.89,229.41,214.76,228.6,7787200
CRWD,2021-06-11,226.61,232.0,224.61,231.27,4010200
CRWD,2021-06-14,231.5,234.74,228.6,233.53,2725500
CRWD,2021-06-15,233.75,234.0,227.29,228.34,2319300
CRWD,2021-06-16,229.0,235.8,227.65,234.17,5452600
CRWD,2021-06-17,233.0,241.45,232.0,241.31,4985700
CRWD,2021-06-18,241.2,247.94,239.66,244.91,5987300
CRWD,2021-06-21,238.04,238.84,231.0,237.68,5998200
CRWD,2021-06-22,243.83,257.55,242.8,256.61,9390400
CRWD,2021-06-23,255.31,257.16,249.35,252.9,3504900
CRWD,2021-06-24,255.77,258.39,251.08,253.7,3231100
CRWD,2021-06-25,255.0,256.79,249.55,253.24,3799200
CRWD,2021-06-28,255.0,260.82,253.8,255.09,3167900
CRWD,2021-06-29,255.09,259.75,251.31,257.12,2298600
CRWD,2021-06-30,257.14,260.02,251.3,251.31,2820600
CRWD,2021-07-01,251.0,254.0,245.54,251.16,2510300
CRWD,2021-07-02,254.27,256.35,250.72,252.59,1914800
CRWD,2021-07-06,257.84,267.17,257.7,264.98,5669500
CRWD,2021-07-07,268.73,269.68,260.63,267.52,3485400
CRWD,2021-07-08,259.65,265.17,254.28,263.39,3414200
CRWD,2021-07-09,262.95,265.0,259.6,264.44,2587000
CRWD,2021-07-12,267.7,269.89,260.3,261.79,2146200
CRWD,2021-07-13,261.14,267.49,259.11,261.16,2246300
CRWD,2021-07-14,263.16,264.06,252.65,254.23,2705200
CRWD,2021-07-15,255.74,255.85,247.05,249.3,2532900
CRWD,2021-07-16,252.01,253.63,248.42,249.96,2113800
CRWD,2021-07-19,245.05,252.15,239.71,250.4,3196100
CRWD,2021-07-20,254.9,255.0,245.87,252.24,2417500
CRWD,2021-07-21,252.45,254.84,249.51,253.55,1841500
CRWD,2021-07-22,254.72,265.0,254.64,263.04,3284300
CRWD,2021-07-23,261.32,272.63,260.52,268.96,3749100
CRWD,2021-07-26,267.56,268.31,261.43,264.83,1718200
CRWD,2021-07-27,266.0,266.96,254.03,257.84,2357700
CRWD,2021-07-28,260.18,264.88,258.0,263.58,1863100
CRWD,2021-07-29,263.51,266.76,259.56,260.03,2142700
CRWD,2021-07-30,256.07,259.57,252.57,253.61,2265900
CRWD,2021-08-02,254.26,257.17,246.2,253.91,2286500
CRWD,2021-08-03,255.31,262.58,250.58,254.34,2570700
CRWD,2021-08-04,255.38,265.19,254.13,264.21,2079800
CRWD,2021-08-05,265.31,268.33,261.43,265.62,1872000
CRWD,2021-08-06,264.3,267.74,256.13,260.74,1840000
CRWD,2021-08-09,258.95,265.5,258.2,263.56,1614200
CRWD,2021-08-10,266.25,266.68,252.1,252.67,3214400
CRWD,2021-08-11,254.21,254.98,233.86,239.88,5487800
CRWD,2021-08-12,240.0,247.46,239.88,245.82,2479500
CRWD,2021-08-13,245.82,248.96,242.28,243.82,1767400
CRWD,2021-08-16,243.33,243.46,229.07,234.71,3755700
CRWD,2021-08-17,234.0,234.27,227.25,232.8,3091400
CRWD,2021-08-18,233.48,237.5,230.23,233.78,2028000
CRWD,2021-08-19,231.98,237.2,231.02,234.96,2077100
CRWD,2021-08-20,236.54,238.64,233.32,237.88,1740900
CRWD,2021-08-23,242.1,246.81,239.31,245.8,2670900
CRWD,2021-08-24,260.57,269.68,258.42,265.63,11061200
CRWD,2021-08-25,267.03,275.75,265.19,270.0,14749100
CRWD,2021-08-26,269.58,281.81,268.39,278.77,6780100
CRWD,2021-08-27,279.55,285.76,277.75,282.31,4041400
CRWD,2021-08-30,285.31,289.24,280.5,286.37,4772900
CRWD,2021-08-31,281.99,286.4,278.38,281.0,8621700
CRWD,2021-09-01,273.22,285.45,269.28,269.97,11742300
CRWD,2021-09-02,272.25,275.18,269.38,272.67,4182400
CRWD,2021-09-03,272.59,278.84,271.2,278.23,3469300
CRWD,2021-09-07,279.37,279.8,268.31,269.68,4467400
CRWD,2021-09-08,270.23,270.58,263.66,265.23,3044700
CRWD,2021-09-09,265.01,269.85,264.53,265.16,2972200
CRWD,2021-09-10,268.07,269.7,260.57,262.0,3040700
CRWD,2021-09-13,258.72,259.69,248.38,254.03,4953400
CRWD,2021-09-14,256.04,259.05,253.83,257.3,2462300
CRWD,2021-09-15,257.89,259.98,254.36,259.57,2339500
CRWD,2021-09-16,260.23,265.06,257.05,264.74,2282800
CRWD,2021-09-17,266.33,266.72,259.57,263.09,4606600
CRWD,2021-09-20,254.35,261.62,253.13,257.56,2867000
CRWD,2021-09-21,254.65,259.59,252.51,254.11,4293100
CRWD,2021-09-22,252.89,261.07,250.55,259.86,2386300
CRWD,2021-09-23,262.49,264.29,259.93,262.29,1910600
CRWD,2021-09-24,262.05,262.05,254.17,261.75,2039400
CRWD,2021-09-27,259.3,260.89,250.3,253.34,3583400
CRWD,2021-09-28,249.05,249.83,240.31,241.86,3817700
CRWD,2021-09-29,243.7,248.32,238.57,239.57,2836500
CRWD,2021-09-30,240.88,247.71,240.27,245.78,2511700
CRWD,2021-10-01,246.65,252.62,243.23,249.27,2576100
CRWD,2021-10-04,245.57,247.26,235.63,238.88,3179800
CRWD,2021-10-05,240.09,246.1,239.28,244.92,2174900
CRWD,2021-10-06,243.34,251.61,242.77,248.2,2139200
CRWD,2021-10-07,251.33,253.78,249.67,249.88,1782000
CRWD,2021-10-08,250.15,250.97,243.5,245.0,1760700
CRWD,2021-10-11,243.21,248.71,241.65,244.36,1113200
CRWD,2021-10-12,246.19,254.3,243.27,252.74,2315000
CRWD,2021-10-13,253.81,271.8,253.81,270.44,5487000
CRWD,2021-10-14,270.06,276.89,268.28,276.01,4921000
CRWD,2021-10-15,276.0,276.0,270.29,273.11,2552700
CRWD,2021-10-18,273.0,285.71,270.1,285.35,3290000
CRWD,2021-10-19,283.23,285.3,278.89,282.35,2298500
CRWD,2021-10-20,282.71,288.4,279.57,283.33,1775400
CRWD,2021-10-21,283.0,287.5,282.01,284.1,1951100
CRWD,2021-10-22,284.23,290.73,280.32,283.39,2546000
CRWD,2021-10-25,284.0,285.32,278.06,280.1,2084500
CRWD,2021-10-26,284.0,297.4,283.02,287.08,4393300
CRWD,2021-10-27,287.86,291.5,278.22,279.0,2319200
CRWD,2021-10-28,278.0,283.73,273.04,281.17,1538300
CRWD,2021-10-29,281.0,284.5,279.54,281.8,1239000
CRWD,2021-11-01,275.54,275.54,263.23,269.17,4902000
CRWD,2021-11-02,266.58,270.87,264.31,268.12,2488600
CRWD,2021-11-03,269.9,271.5,265.81,270.65,2022100
CRWD,2021-11-04,272.71,280.18,270.92,279.62,2197400
CRWD,2021-11-05,281.0,283.69,270.24,273.43,2282500
CRWD,2021-11-08,274.29,284.42,272.17,282.93,2254900
CRWD,2021-11-09,285.68,295.77,281.63,293.18,3175500
CRWD,2021-11-10,290.99,298.48,278.79,281.56,4039000
CRWD,2021-11-11,285.44,288.6,280.72,280.92,1254800
CRWD,2021-11-12,283.96,289.53,281.51,284.3,1733300
CRWD,2021-11-15,270.86,272.37,247.75,254.15,12636900
CRWD,2021-11-16,255.31,262.88,253.99,262.51,4216700
CRWD,2021-11-17,265.39,270.58,262.39,269.78,3368800
CRWD,2021-11-18,270.42,274.98,264.56,264.72,2548700
CRWD,2021-11-19,269.4,269.66,256.91,257.63,2584700
CRWD,2021-11-22,252.76,253.33,235.1,239.64,6074300
CRWD,2021-11-23,231.0,236.77,224.05,230.58,7275000
CRWD,2021-11-24,229.64,232.06,222.62,230.77,3130300
CRWD,2021-11-26,235.72,236.3,227.86,232.64,2154800
CRWD,2021-11-29,235.0,235.68,221.03,224.57,6396500
CRWD,2021-11-30,226.82,229.04,216.49,217.14,5052900
CRWD,2021-12-01,220.69,225.6,199.18,201.5,8072100
CRWD,2021-12-02,207.98,212.6,201.19,209.35,9341200
CRWD,2021-12-03,212.84,213.26,188.43,197.05,7840100
CRWD,2021-12-06,190.05,196.0,185.71,194.71,5275400
CRWD,2021-12-07,200.62,208.11,200.62,204.32,4432400
CRWD,2021-12-08,205.6,211.0,200.05,209.18,3981100
CRWD,2021-12-09,209.96,213.4,199.4,201.27,3387800
CRWD,2021-12-10,201.75,205.5,196.5,198.6,3326700
CRWD,2021-12-13,198.59,204.17,194.32,198.68,4050600
CRWD,2021-12-14,197.01,200.62,192.0,198.71,3841700
CRWD,2021-12-15,198.55,212.2,194.75,210.71,4494200
CRWD,2021-12-16,211.7,212.29,196.92,200.28,4081700
CRWD,2021-12-17,196.21,206.85,193.2,205.1,5463100
CRWD,2021-12-20,200.24,209.79,200.0,206.29,3489000
CRWD,2021-12-21,207.33,210.81,200.03,210.31,2874400
CRWD,2021-12-22,205.48,210.5,204.31,207.6,2864400
CRWD,2021-12-23,207.6,213.0,204.65,211.52,2668200
CRWD,2021-12-27,211.48,217.11,209.15,209.64,2737300
CRWD,2021-12-28,210.0,210.87,206.28,207.23,1518700
CRWD,2021-12-29,206.69,207.43,201.35,206.87,1925700
CRWD,2021-12-30,207.0,213.59,206.0,208.95,1975300
CRWD,2021-12-31,208.95,208.98,204.57,204.75,1718100
CRWD,2022-01-03,205.0,205.57,193.51,198.33,5311600
CRWD,2022-01-04,195.89,197.45,183.32,189.19,6503400
CRWD,2022-01-05,185.0,191.36,178.99,179.29,5003400
CRWD,2022-01-06,180.25,192.17,176.25,187.49,6368600
CRWD,2022-01-07,185.0,193.27,184.81,188.99,3531900
CRWD,2022-01-10,182.61,193.18,174.87,192.5,7052000
CRWD,2022-01-11,189.61,198.5,188.74,196.11,3663100
CRWD,2022-01-12,196.61,200.68,185.7,187.97,6002800
CRWD,2022-01-13,188.15,188.49,173.53,174.9,7565400
CRWD,2022-01-14,173.87,181.5,172.17,176.7,4674700
CRWD,2022-01-18,172.73,183.88,170.05,172.85,4732600
CRWD,2022-01-19,171.71,181.89,171.52,175.71,4438500
CRWD,2022-01-20,177.33,182.5,173.34,173.89,3172300
CRWD,2022-01-21,171.88,173.25,163.11,164.73,6318100
CRWD,2022-01-24,157.18,168.22,150.02,167.27,8756300
CRWD,2022-01-25,167.0,168.95,157.5,158.59,5278000
CRWD,2022-01-26,162.26,171.24,159.27,160.94,5049000
CRWD,2022-01-27,164.16,167.77,158.36,159.81,3890900
CRWD,2022-01-28,160.6,169.17,156.12,168.9,4517600
CRWD,2022-01-31,170.7,180.88,170.24,180.64,4939800
CRWD,2022-02-01,182.01,182.91,176.24,182.15,3007000
CRWD,2022-02-02,183.0,185.0,174.08,177.04,3525400
CRWD,2022-02-03,171.97,175.8,169.52,170.63,3217900
CRWD,2022-02-04,170.89,178.64,169.0,177.21,2080600
CRWD,2022-02-07,176.8,183.19,176.36,178.84,1988600
CRWD,2022-02-08,175.98,184.12,175.83,178.9,3821600
CRWD,2022-02-09,182.1,187.0,181.01,186.9,2571500
CRWD,2022-02-10,182.23,193.48,182.22,187.88,3465300
CRWD,2022-02-11,188.49,191.25,178.61,181.86,3268700
CRWD,2022-02-14,180.06,186.62,179.91,180.6,2648900
CRWD,2022-02-15,185.1,189.5,182.41,189.3,2471000
CRWD,2022-02-16,186.24,186.61,180.34,183.28,2754900
CRWD,2022-02-17,181.86,181.88,168.96,169.85,3644400
CRWD,2022-02-18,169.06,170.98,164.12,164.93,3345100
CRWD,2022-02-22,161.5,170.88,161.48,166.71,3281200
CRWD,2022-02-23,170.62,171.6,161.64,161.83,3659400
CRWD,2022-02-24,153.5,184.33,153.5,182.88,9574700
CRWD,2022-02-25,182.51,183.7,174.26,181.75,5477700
CRWD,2022-02-28,187.35,197.25,186.73,195.21,8335700
CRWD,2022-03-01,201.33,205.68,195.85,197.64,6864800
CRWD,2022-03-02,198.6,203.37,190.27,201.75,4295700
CRWD,2022-03-03,200.0,204.8,189.08,191.02,5157800
CRWD,2022-03-04,193.76,193.86,177.28,179.03,4721700
CRWD,2022-03-07,180.99,182.46,165.59,167.4,5122400
CRWD,2022-03-08,165.0,165.01,155.36,156.77,6671800
CRWD,2022-03-09,161.31,171.08,157.67,169.79,9287200
CRWD,2022-03-10,187.9,198.67,182.55,191.02,24135400
CRWD,2022-03-11,191.12,197.0,189.5,190.54,7983100
CRWD,2022-03-14,188.01,191.92,178.0,183.12,5855500
CRWD,2022-03-15,183.5,189.04,178.16,188.64,5086000
CRWD,2022-03-16,191.59,197.82,181.28,189.66,7738900
CRWD,2022-03-17,189.28,205.11,186.52,204.13,6523500
CRWD,2022-03-18,201.6,209.68,200.75,208.06,6604100
CRWD,2022-03-21,203.0,205.49,195.5,204.13,6307100
CRWD,2022-03-22,204.2,219.75,204.01,217.06,6391900
CRWD,2022-03-23,213.24,223.98,210.57,219.48,4624900
CRWD,2022-03-24,220.0,223.49,215.2,223.4,3055300
CRWD,2022-03-25,225.0,225.75,216.7,221.95,2806700
CRWD,2022-03-28,220.15,225.75,216.91,222.12,2691200
CRWD,2022-03-29,224.45,225.44,213.55,223.01,4299900
CRWD,2022-03-30,220.74,231.5,218.38,224.96,4551600
CRWD,2022-03-31,225.05,232.35,223.03,227.08,4145200
CRWD,2022-04-01,225.3,232.86,224.53,227.85,3909200
CRWD,2022-04-04,228.0,230.07,225.6,229.03,3005500
CRWD,2022-04-05,229.99,230.37,217.88,219.96,3565300
CRWD,2022-04-06,212.54,215.59,207.2,211.22,4390500
CRWD,2022-04-07,210.78,221.5,210.28,217.03,3544100
CRWD,2022-04-08,221.5,227.7,215.2,218.21,6730400
CRWD,2022-04-11,213.77,219.99,208.44,216.6,3158900
CRWD,2022-04-12,227.35,236.18,222.33,223.51,8701400
CRWD,2022-04-13,224.11,242.0,223.75,239.86,8119700
CRWD,2022-04-14,238.02,239.55,235.06,235.22,4356400
CRWD,2022-04-18,234.0,234.5,222.16,224.99,3601300
CRWD,2022-04-19,224.99,230.76,222.3,228.66,2710400
CRWD,2022-04-20,229.32,232.0,217.5,222.49,3422400
CRWD,2022-04-21,223.81,227.2,207.82,209.85,3180700
CRWD,2022-04-22,209.0,214.16,203.68,205.62,2816800
CRWD,2022-04-25,202.84,216.5,202.02,214.58,3017800
CRWD,2022-04-26,211.74,212.85,201.07,201.4,3337000
CRWD,2022-04-27,200.09,206.96,198.14,201.06,2605900
CRWD,2022-04-28,202.81,209.97,198.57,207.06,2601200
CRWD,2022-04-29,206.61,212.19,197.8,198.76,2938700
CRWD,2022-05-02,198.5,204.5,196.57,203.65,2278600
CRWD,2022-05-03,203.65,207.83,195.11,199.4,3338600
CRWD,2022-05-04,200.36,200.7,181.39,200.39,6187300
CRWD,2022-05-05,199.02,199.04,177.17,180.98,4986900
CRWD,2022-05-06,178.66,178.89,160.74,164.81,8285600
CRWD,2022-05-09,159.01,160.6,142.06,143.69,9275400
CRWD,2022-05-10,150.67,154.27,139.71,151.88,7393100
CRWD,2022-05-11,148.32,152.74,136.82,137.4,6478300
CRWD,2022-05-12,134.2,145.0,130.0,139.81,5989000
CRWD,2022-05-13,143.06,157.76,143.06,156.29,6244100
CRWD,2022-05-16,154.0,157.68,144.82,146.39,4115800
CRWD,2022-05-17,151.33,154.87,140.8,147.27,5316000
CRWD,2022-05-18,144.18,148.42,136.36,138.5,5895100
CRWD,2022-05-19,138.6,148.79,136.68,142.64,4582200
CRWD,2022-05-20,151.78,156.71,142.05,148.74,8197500
CRWD,2022-05-23,147.76,153.97,144.87,149.27,4388800
CRWD,2022-05-24,146.69,148.38,137.05,139.87,4244400
CRWD,2022-05-25,138.82,148.82,137.7,146.64,4515800
CRWD,2022-05-26,145.7,160.25,145.26,155.84,5502200
CRWD,2022-05-27,158.89,167.36,158.67,166.82,4522100
CRWD,2022-05-31,167.57,170.56,158.05,159.99,5849600
CRWD,2022-06-01,163.01,168.0,158.35,161.45,4977100
CRWD,2022-06-02,161.0,176.56,160.99,174.02,8498700
CRWD,2022-06-03,165.86,170.82,160.69,162.1,9303200
CRWD,2022-06-06,167.48,171.35,162.71,168.97,6826000
CRWD,2022-06-07,166.1,181.89,165.84,176.68,5790900
CRWD,2022-06-08,176.0,180.47,175.05,178.84,2893000
CRWD,2022-06-09,176.5,179.58,173.41,173.55,2914500
CRWD,2022-06-10,168.12,170.5,165.08,169.32,4201700
CRWD,2022-06-13,158.71,160.88,150.63,154.52,5620300
CRWD,2022-06-14,156.0,162.25,153.54,159.26,3283000
CRWD,2022-06-15,161.33,167.5,159.27,164.35,3635000
CRWD,2022-06-16,157.04,161.45,153.76,157.21,3776800
CRWD,2022-06-17,158.5,165.51,157.93,163.9,4364800
CRWD,2022-06-21,165.0,170.85,163.08,164.64,4520300
CRWD,2022-06-22,162.61,171.67,161.9,165.71,2986500
CRWD,2022-06-23,168.59,176.6,166.65,174.9,4344300
CRWD,2022-06-24,177.99,188.68,177.29,184.99,6131900
CRWD,2022-06-27,185.02,185.64,177.33,181.93,2863000
CRWD,2022-06-28,181.44,183.93,171.71,174.19,3111300
CRWD,2022-06-29,174.38,177.86,171.72,175.94,2238100
CRWD,2022-06-30,173.62,174.8,163.55,168.56,4214600
CRWD,2022-07-01,168.24,179.63,167.47,179.25,3710400
CRWD,2022-07-05,179.2,188.97,175.72,187.02,6384100
CRWD,2022-07-06,188.29,190.7,183.07,185.92,3207200
CRWD,2022-07-07,185.32,192.82,185.32,190.2,3485300
CRWD,2022-07-08,185.0,194.85,184.1,190.38,3143200
CRWD,2022-07-11,188.0,188.38,181.05,185.37,2420300
CRWD,2022-07-12,186.9,190.21,172.9,174.39,4124500
CRWD,2022-07-13,169.98,178.74,168.34,174.97,2949200
CRWD,2022-07-14,172.34,174.67,167.65,172.75,2970500
CRWD,2022-07-15,174.07,179.22,171.13,177.9,2928300
CRWD,2022-07-18,183.52,183.52,176.71,177.25,2690500
CRWD,2022-07-19,180.35,180.71,174.5,180.55,2560000
CRWD,2022-07-20,182.98,187.54,181.03,184.3,3081700
CRWD,2022-07-21,183.55,189.24,181.61,189.0,2506900
CRWD,2022-07-22,190.0,193.92,181.0,183.53,2801600
CRWD,2022-07-25,182.8,184.07,178.43,182.62,1698800
CRWD,2022-07-26,182.17,182.61,168.1,169.17,3533700
CRWD,2022-07-27,175.3,178.71,171.5,176.96,2824900
CRWD,2022-07-28,176.78,182.55,174.75,182.09,2748100
CRWD,2022-07-29,182.91,184.0,178.06,183.6,2635100
CRWD,2022-08-01,180.78,187.65,178.99,183.3,2422400
CRWD,2022-08-02,180.52,189.64,179.52,188.14,2771300
CRWD,2022-08-03,191.07,197.14,190.8,195.32,3135100
CRWD,2022-08-04,191.31,192.0,182.45,189.24,5036300
CRWD,2022-08-05,186.0,192.61,184.82,191.17,2751000
CRWD,2022-08-08,193.69,197.48,188.91,189.52,3188800
CRWD,2022-08-09,188.16,190.0,184.82,186.78,1821500
CRWD,2022-08-10,193.34,201.74,193.33,200.8,3901300
CRWD,2022-08-11,204.0,205.73,196.07,198.06,2913300
CRWD,2022-08-12,203.0,203.0,199.03,200.87,1767200
CRWD,2022-08-15,199.26,202.9,196.21,201.82,2438000
CRWD,2022-08-16,200.0,201.07,195.78,200.41,2926200
CRWD,2022-08-17,196.4,198.51,194.27,196.89,2237600
CRWD,2022-08-18,195.33,197.25,193.81,195.76,1642600
CRWD,2022-08-19,192.74,193.5,188.55,190.52,2235600
CRWD,2022-08-22,186.36,188.65,184.0,185.88,2470500
CRWD,2022-08-23,191.46,193.89,190.09,192.36,3410200
CRWD,2022-08-24,196.2,199.41,194.59,194.62,3223100
CRWD,2022-08-25,199.29,203.67,197.54,202.94,3042300
CRWD,2022-08-26,202.64,202.7,194.52,194.56,3583600
CRWD,2022-08-29,191.01,197.19,190.69,192.05,2707000
CRWD,2022-08-30,196.32,198.14,189.12,193.29,7286700
CRWD,2022-08-31,197.21,197.94,178.38,182.61,15736300
CRWD,2022-09-01,178.45,180.0,169.08,172.97,6886300
CRWD,2022-09-02,174.28,177.13,170.91,172.45,4350000
CRWD,2022-09-06,172.45,172.69,168.62,171.15,2964800
CRWD,2022-09-07,170.69,173.09,166.8,171.96,3204700
CRWD,2022-09-08,170.17,179.88,169.16,179.88,3184300
CRWD,2022-09-09,183.74,191.52,183.71,190.86,4174700
CRWD,2022-09-12,191.28,195.29,191.25,195.1,3042900
CRWD,2022-09-13,186.63,189.8,183.0,184.7,3903500
CRWD,2022-09-14,184.7,185.49,181.5,184.11,2701700
CRWD,2022-09-15,181.82,185.14,177.88,178.86,2760100
CRWD,2022-09-16,174.15,175.2,169.38,171.01,4952100
CRWD,2022-09-19,170.22,175.85,170.0,175.39,2240500
CRWD,2022-09-20,173.8,175.95,172.62,173.87,2156600
CRWD,2022-09-21,173.67,176.85,169.24,169.25,3380100
CRWD,2022-09-22,167.04,169.12,159.67,161.28,3575800
CRWD,2022-09-23,159.08,161.65,157.06,160.39,2980500
CRWD,2022-09-26,159.99,165.8,159.13,159.35,2749900
CRWD,2022-09-27,163.95,165.12,160.16,162.58,2162900
CRWD,2022-09-28,164.11,167.9,162.57,167.25,2458500
CRWD,2022-09-29,163.48,166.24,160.89,165.7,2096200
CRWD,2022-09-30,166.15,171.6,164.6,164.81,2598000
CRWD,2022-10-03,166.63,170.69,163.89,169.31,2562200
CRWD,2022-10-04,174.58,178.69,173.0,175.07,2806300
CRWD,2022-10-05,171.01,178.34,170.35,176.7,2126100
CRWD,2022-10-06,178.42,181.84,176.63,178.39,2656900
CRWD,2022-10-07,174.44,175.22,170.33,171.88,2591800
CRWD,2022-10-10,171.74,172.46,160.29,161.08,3502700
CRWD,2022-10-11,158.72,160.5,151.75,155.79,3426200
CRWD,2022-10-12,154.32,155.78,149.5,152.99,3070500
CRWD,2022-10-13,145.45,155.43,142.36,152.6,3578300
CRWD,2022-10-14,155.75,156.54,145.82,145.98,3998300
CRWD,2022-10-17,149.35,154.04,148.0,151.61,3247800
CRWD,2022-10-18,157.26,161.5,154.8,156.88,3710800
CRWD,2022-10-19,155.41,157.01,151.41,152.54,2032800
CRWD,2022-10-20,152.1,158.45,152.1,153.88,2092800
CRWD,2022-10-21,152.49,157.05,148.59,156.32,2693600
CRWD,2022-10-24,158.11,158.7,154.22,157.97,2054900
CRWD,2022-10-25,159.22,164.67,159.21,162.11,2125100
CRWD,2022-10-26,158.05,167.36,156.79,161.77,2358900
CRWD,2022-10-27,164.75,168.13,162.05,164.73,2285800
CRWD,2022-10-28,162.55,164.98,158.86,163.65,1872700
CRWD,2022-10-31,161.62,164.81,159.6,161.2,2190200
CRWD,2022-11-01,165.0,168.48,159.54,160.53,2581000
CRWD,2022-11-02,161.0,161.17,147.94,147.99,4432800
CRWD,2022-11-03,146.14,146.14,139.67,141.53,4000300
CRWD,2022-11-04,140.96,141.17,126.42,127.56,8248500
CRWD,2022-11-07,129.83,129.9,122.9,124.68,5413900
CRWD,2022-11-08,126.0,129.83,120.5,127.0,4574800
CRWD,2022-11-09,124.55,124.62,120.5,122.36,3718400
CRWD,2022-11-10,132.49,136.1,130.68,135.76,5229500
CRWD,2022-11-11,136.75,144.83,135.34,143.12,4620200
CRWD,2022-11-14,141.55,144.13,138.29,142.01,3043700
CRWD,2022-11-15,148.99,151.43,146.03,148.3,3967100
CRWD,2022-11-16,146.71,147.63,142.09,143.65,2539500
CRWD,2022-11-17,139.62,141.37,137.87,139.23,3927400
CRWD,2022-11-18,146.51,146.72,137.2,138.99,5404900
CRWD,2022-11-21,137.11,137.51,134.38,135.56,2887200
CRWD,2022-11-22,135.82,136.31,132.48,135.8,3851200
CRWD,2022-11-23,135.58,141.62,133.84,140.89,2578100
CRWD,2022-11-25,139.85,141.37,138.52,140.05,1022500
CRWD,2022-11-28,139.68,141.0,136.66,139.45,3382200
CRWD,2022-11-29,140.0,140.32,136.25,138.0,10554600
CRWD,2022-11-30,112.29,117.81,108.89,117.65,38648000
CRWD,2022-12-01,118.64,124.92,118.57,124.07,14442800
CRWD,2022-12-02,121.75,125.55,120.73,124.0,8851000
CRWD,2022-12-05,122.46,124.41,116.69,118.33,5780700
CRWD,2022-12-06,118.34,118.8,112.99,113.83,4740900
CRWD,2022-12-07,114.33,114.99,110.33,113.2,4655200
CRWD,2022-12-08,113.53,116.37,111.75,114.24,4292600
CRWD,2022-12-09,113.76,117.0,112.95,115.08,3014600
CRWD,2022-12-12,114.76,118.58,114.4,118.54,3034600
CRWD,2022-12-13,124.23,125.52,118.43,120.99,4455100
CRWD,2022-12-14,121.0,123.8,118.8,120.57,3936000
CRWD,2022-12-15,118.9,121.09,114.67,114.99,3237200
CRWD,2022-12-16,114.0,114.92,110.76,111.5,5041900
CRWD,2022-12-19,110.82,111.29,107.58,108.09,4214000
CRWD,2022-12-20,107.05,110.48,106.03,109.83,3453800
CRWD,2022-12-21,108.84,109.12,104.35,107.35,6792700
CRWD,2022-12-22,104.75,105.67,101.87,103.97,4377800
CRWD,2022-12-23,103.0,103.28,100.95,101.99,3325200
CRWD,2022-12-27,101.07,102.32,99.31,100.66,3101900
CRWD,2022-12-28,99.6,101.68,98.7,99.96,3532000
CRWD,2022-12-29,101.43,105.51,100.47,104.57,3142800
CRWD,2022-12-30,103.5,106.19,102.99,105.29,3148900
CRWD,2023-01-03,107.5,108.46,101.72,103.28,3447500
CRWD,2023-01-04,104.77,106.89,102.54,104.36,3038200
CRWD,2023-01-05,98.0,98.01,94.51,94.89,10001700
CRWD,2023-01-06,94.39,95.96,92.26,94.72,6772300
CRWD,2023-01-09,97.04,99.8,95.8,96.57,6431700
CRWD,2023-01-10,94.72,96.03,92.25,95.67,7705000
CRWD,2023-01-11,96.92,98.5,94.88,97.0,5250100
CRWD,2023-01-12,97.06,98.05,92.71,97.98,4804800
CRWD,2023-01-13,96.43,99.93,96.13,99.53,4210300
CRWD,2023-01-17,100.4,105.76,98.13,104.43,6653500
CRWD,2023-01-18,106.67,107.4,100.9,101.0,5224100
CRWD,2023-01-19,99.31,101.79,98.2,99.85,4737500
CRWD,2023-01-20,100.32,103.76,99.57,103.41,4134700
CRWD,2023-01-23,102.07,106.35,102.0,106.3,3653800
CRWD,2023-01-24,107.15,109.01,104.14,104.6,5082200
CRWD,2023-01-25,101.72,101.94,97.26,100.82,7646200
CRWD,2023-01-26,102.63,104.55,100.88,104.47,6069500
CRWD,2023-01-27,103.61,105.84,102.52,104.35,6095700
CRWD,2023-01-30,102.98,103.58,100.88,101.37,5268100
CRWD,2023-01-31,101.0,105.92,100.74,105.9,4648300
CRWD,2023-02-01,105.9,111.64,105.1,110.5,5393700
CRWD,2023-02-02,117.59,117.59,113.91,115.93,7125800
CRWD,2023-02-03,112.46,117.41,112.22,113.56,4019100
CRWD,2023-02-06,111.39,115.12,108.82,109.42,3864700
CRWD,2023-02-07,109.74,115.08,107.76,114.59,4115300
CRWD,2023-02-08,118.33,119.19,114.39,114.48,5212100
CRWD,2023-02-09,117.04,117.79,113.12,113.42,3640900
CRWD,2023-02-10,111.9,112.62,107.6,108.96,3461500
CRWD,2023-02-13,110.23,113.29,108.64,112.17,2670700
CRWD,2023-02-14,111.94,116.66,110.41,116.31,3931000
CRWD,2023-02-15,116.71,120.56,115.25,120.52,4198500
CRWD,2023-02-16,117.86,118.73,115.06,115.12,4219100
CRWD,2023-02-17,113.93,114.29,110.46,114.25,3713300
CRWD,2023-02-21,112.02,114.75,111.51,112.43,3620800
CRWD,2023-02-22,114.42,118.31,113.12,117.63,5260100
CRWD,2023-02-23,119.69,120.55,114.84,117.44,5061100
CRWD,2023-02-24,115.78,118.8,115.3,117.28,4800600
CRWD,2023-02-27,118.64,123.24,118.3,120.65,5501900
CRWD,2023-02-28,120.2,122.68,120.09,120.69,3503800
CRWD,2023-03-01,120.23,121.05,118.61,120.21,2768300
CRWD,2023-03-02,119.0,123.93,118.71,123.64,3849000
CRWD,2023-03-03,123.3,127.12,121.7,126.04,4878300
CRWD,2023-03-06,130.0,130.19,127.32,127.59,7582900
CRWD,2023-03-07,127.0,128.6,124.51,124.93,9777400
CRWD,2023-03-08,132.88,134.96,125.0,128.92,24696900
CRWD,2023-03-09,128.11,130.09,121.52,121.68,8030600
CRWD,2023-03-10,119.88,124.51,118.15,119.72,8049500
CRWD,2023-03-13,119.11,123.6,118.23,121.41,6261700
CRWD,2023-03-14,124.88,128.16,122.87,128.01,6557300
CRWD,2023-03-15,126.56,130.19,126.53,129.32,6123700
CRWD,2023-03-16,130.3,134.09,129.55,133.52,6939900
CRWD,2023-03-17,133.75,136.47,131.86,133.12,5728900
CRWD,2023-03-20,132.31,133.29,130.22,132.74,4245700
CRWD,2023-03-21,131.75,136.9,131.27,136.02,4738000
CRWD,2023-03-22,135.7,137.88,133.25,133.26,3739100
CRWD,2023-03-23,135.96,138.33,133.13,134.54,3210800
CRWD,2023-03-24,134.4,135.0,130.79,131.54,2701400
CRWD,2023-03-27,131.92,133.24,130.29,131.39,2562900
CRWD,2023-03-28,131.0,131.64,127.56,128.64,2694500
CRWD,2023-03-29,131.08,131.4,128.68,129.6,2695800
CRWD,2023-03-30,131.13,133.5,129.95,131.72,3425800
CRWD,2023-03-31,132.52,138.24,132.11,137.26,4528400
CRWD,2023-04-03,135.5,137.59,134.17,136.55,2788000
CRWD,2023-04-04,137.5,138.67,135.73,136.86,3045800
CRWD,2023-04-05,135.37,135.61,125.7,127.8,7795800
CRWD,2023-04-06,126.0,128.14,123.7,127.82,3989200
CRWD,2023-04-10,126.72,128.18,124.55,128.1,2673600
CRWD,2023-04-11,127.54,131.72,127.27,129.86,4014700
CRWD,2023-04-12,132.5,137.16,131.16,135.0,5517800
CRWD,2023-04-13,136.6,140.21,135.72,136.1,4748400
CRWD,2023-04-14,134.45,136.7,133.86,135.77,2912500
CRWD,2023-04-17,136.66,137.95,134.64,137.37,2346500
CRWD,2023-04-18,139.05,139.89,136.12,136.38,1926900
CRWD,2023-04-19,135.0,135.69,132.01,132.83,2859200
CRWD,2023-04-20,131.03,131.92,129.07,129.89,2445800
CRWD,2023-04-21,130.58,132.74,130.15,132.25,1937600
CRWD,2023-04-24,132.49,133.73,129.02,130.4,2054400
CRWD,2023-04-25,128.19,128.47,121.81,122.15,6106600
CRWD,2023-04-26,123.82,125.92,122.87,124.12,2706700
CRWD,2023-04-27,125.19,127.5,123.56,126.05,3097300
CRWD,2023-04-28,123.2,123.97,119.42,120.05,5191100
CRWD,2023-05-01,118.56,119.94,116.89,118.79,3724400
CRWD,2023-05-02,118.9,119.15,116.04,116.74,3077400
CRWD,2023-05-03,116.46,119.03,115.67,117.67,1908600
CRWD,2023-05-04,118.39,120.16,117.45,117.88,2130200
CRWD,2023-05-05,119.23,123.23,119.02,122.45,2997700
CRWD,2023-05-08,126.0,132.88,125.4,132.41,6057700
CRWD,2023-05-09,132.41,134.17,129.16,129.94,3388900
CRWD,2023-05-10,132.35,135.96,131.03,133.8,3995600
CRWD,2023-05-11,134.4,134.81,131.27,132.15,2557800
CRWD,2023-05-12,132.76,132.94,129.25,130.23,2026400
CRWD,2023-05-15,130.89,135.92,130.41,135.55,3140600
CRWD,2023-05-16,134.0,135.61,133.3,134.01,1963500
CRWD,2023-05-17,134.84,139.09,133.61,137.23,3147600
CRWD,2023-05-18,137.44,141.96,137.23,141.85,3952100
CRWD,2023-05-19,142.74,148.34,142.39,144.72,6041000
CRWD,2023-05-22,144.26,148.56,143.82,147.41,3433400
CRWD,2023-05-23,146.11,148.63,143.79,143.9,3223100
CRWD,2023-05-24,144.05,149.48,143.15,149.2,4865800
CRWD,2023-05-25,150.65,151.13,147.19,149.61,3556400
CRWD,2023-05-26,150.29,158.18,150.0,154.12,5650100
CRWD,2023-05-30,159.54,160.78,154.91,158.59,6715700
CRWD,2023-05-31,158.83,161.79,157.01,160.13,10277600
CRWD,2023-06-01,146.72,159.79,142.49,157.55,15842100
CRWD,2023-06-02,158.66,159.4,150.53,151.32,7988800
CRWD,2023-06-05,151.05,154.76,148.24,154.08,4680700
CRWD,2023-06-06,153.78,155.77,152.4,153.04,2894400
CRWD,2023-06-07,154.75,155.9,148.4,149.23,3492100
CRWD,2023-06-08,149.12,151.69,148.51,151.3,2276600
CRWD,2023-06-09,153.53,153.83,146.84,149.53,3548600
CRWD,2023-06-12,150.24,151.86,148.91,151.11,2446200
CRWD,2023-06-13,153.06,154.27,150.57,153.11,3145800
CRWD,2023-06-14,153.15,154.0,150.68,153.96,2673700
CRWD,2023-06-15,153.23,161.19,152.22,159.81,7568000
CRWD,2023-06-16,162.1,162.25,154.81,155.14,6351900
CRWD,2023-06-20,152.6,155.72,150.26,152.08,3595400
CRWD,2023-06-21,150.58,151.38,143.27,143.85,6245200
CRWD,2023-06-22,142.56,146.94,141.5,145.8,3306400
CRWD,2023-06-23,143.43,144.95,142.21,143.65,2920400
CRWD,2023-06-26,143.04,145.18,141.35,141.81,2186100
CRWD,2023-06-27,142.49,145.07,142.07,144.28,2563100
CRWD,2023-06-28,143.89,146.02,142.44,145.09,2374800
CRWD,2023-06-29,145.77,146.49,143.17,143.99,2450100
CRWD,2023-06-30,145.09,149.32,144.87,146.87,3092700
CRWD,2023-07-03,147.18,147.55,145.01,145.96,1386400
CRWD,2023-07-05,145.56,147.27,144.88,145.08,3179100
CRWD,2023-07-06,142.75,143.71,139.37,143.61,3788800
CRWD,2023-07-07,143.51,146.8,143.48,144.05,2285000
CRWD,2023-07-10,143.8,149.98,143.5,149.95,3451900
CRWD,2023-07-11,150.75,152.74,149.27,150.79,3520700
CRWD,2023-07-12,153.19,153.93,144.34,146.13,4597300
CRWD,2023-07-13,147.98,153.54,147.53,150.75,4044700
CRWD,2023-07-14,150.45,152.24,148.93,149.4,2659900
CRWD,2023-07-17,149.07,155.56,148.43,152.73,3687600
CRWD,2023-07-18,153.0,154.23,150.74,152.95,2410700
CRWD,2023-07-19,155.0,161.5,154.9,157.61,4787500
CRWD,2023-07-20,154.93,156.14,147.5,148.07,4791900
CRWD,2023-07-21,149.93,152.38,148.88,150.9,5951300
CRWD,2023-07-24,150.97,151.79,147.15,149.74,2745100
CRWD,2023-07-25,150.62,153.41,150.54,150.94,2246200
CRWD,2023-07-26,150.28,154.95,148.45,154.63,2798600
CRWD,2023-07-27,156.95,158.08,152.2,152.85,2671000
CRWD,2023-07-28,155.5,157.04,153.5,155.6,2003100
CRWD,2023-07-31,157.89,163.41,157.66,161.66,3914800
CRWD,2023-08-01,161.0,166.99,159.02,165.96,4018400
CRWD,2023-08-02,161.51,161.6,152.56,154.73,4608600
CRWD,2023-08-03,154.0,158.5,153.23,157.55,2457200
CRWD,2023-08-04,155.23,155.99,148.62,150.49,4469100
CRWD,2023-08-07,151.26,152.05,147.8,150.97,2329800
CRWD,2023-08-08,147.17,147.71,142.89,145.88,4283600
CRWD,2023-08-09,145.11,147.11,144.25,145.46,2495200
CRWD,2023-08-10,147.35,150.99,146.63,147.86,2349800
CRWD,2023-08-11,147.22,150.08,146.86,148.22,2046100
CRWD,2023-08-14,147.35,152.55,146.58,152.37,2230200
CRWD,2023-08-15,150.52,151.68,149.06,149.63,1964800
CRWD,2023-08-16,149.0,151.34,147.76,149.0,1876200
CRWD,2023-08-17,149.0,149.0,143.91,144.38,3359000
CRWD,2023-08-18,141.66,147.3,140.52,146.8,3196700
CRWD,2023-08-21,150.76,155.12,150.51,153.9,4245800
CRWD,2023-08-22,154.34,155.0,151.61,152.33,1707600
CRWD,2023-08-23,153.48,155.44,151.57,153.81,1918500
CRWD,2023-08-24,155.55,155.55,145.29,145.45,3354300
CRWD,2023-08-25,146.0,150.44,144.7,149.58,2839100
CRWD,2023-08-28,146.02,147.99,142.36,144.03,5794000
CRWD,2023-08-29,142.93,148.41,141.97,146.7,3620200
CRWD,2023-08-30,147.0,150.17,145.38,149.18,6193900
CRWD,2023-08-31,154.11,164.41,153.58,163.03,13727100
CRWD,2023-09-01,163.12,166.25,160.31,161.23,4232500
CRWD,2023-09-05,161.03,165.59,160.1,165.43,3288200
CRWD,2023-09-06,164.99,168.23,164.05,166.23,4268600
CRWD,2023-09-07,164.4,167.95,163.2,166.64,3000900
CRWD,2023-09-08,166.48,169.23,166.0,168.09,2691500
CRWD,2023-09-11,169.5,172.64,168.67,172.29,2967700
CRWD,2023-09-12,170.44,172.35,168.27,169.68,2110000
CRWD,2023-09-13,169.52,170.78,168.33,168.47,1705500
CRWD,2023-09-14,169.35,171.8,168.57,170.73,2083400
CRWD,2023-09-15,166.12,168.21,163.44,165.45,4727600
CRWD,2023-09-18,164.98,168.6,164.0,166.97,2445300
CRWD,2023-09-19,166.95,167.62,162.89,165.5,2347700
CRWD,2023-09-20,165.5,168.57,163.88,163.89,2780100
CRWD,2023-09-21,168.19,171.0,159.36,162.53,6792100
CRWD,2023-09-22,162.64,166.59,162.01,162.57,3134400
CRWD,2023-09-25,161.9,162.0,159.25,159.92,2176700
CRWD,2023-09-26,158.11,161.0,157.59,160.48,2414100
CRWD,2023-09-27,161.03,164.69,160.67,163.04,2631100
CRWD,2023-09-28,162.29,166.14,161.43,165.25,1815900
CRWD,2023-09-29,167.53,169.51,166.97,167.38,2599700
CRWD,2023-10-02,168.0,172.01,167.07,169.54,2763000
CRWD,2023-10-03,167.31,169.0,160.86,162.03,3254100
CRWD,2023-10-04,163.62,165.04,162.19,164.05,1985700
CRWD,2023-10-05,164.07,166.11,160.92,165.29,2409800
CRWD,2023-10-06,163.51,176.95,163.0,176.69,6897000
CRWD,2023-10-09,176.5,185.25,176.1,181.82,6683500
CRWD,2023-10-10,181.52,185.2,180.76,183.85,3556200
CRWD,2023-10-11,183.85,188.66,183.3,188.22,3552600
CRWD,2023-10-12,188.22,190.36,184.88,187.56,3084500
CRWD,2023-10-13,187.56,189.32,185.39,185.72,2690100
CRWD,2023-10-16,185.53,189.58,183.35,187.67,2540400
CRWD,2023-10-17,185.99,190.28,185.2,187.14,3176200
CRWD,2023-10-18,186.22,189.38,185.97,187.79,2173400
CRWD,2023-10-19,191.75,191.99,183.96,184.52,3518100
CRWD,2023-10-20,183.0,183.6,176.3,178.76,3839800
CRWD,2023-10-23,176.0,181.17,173.29,179.08,2534200
CRWD,2023-10-24,181.0,184.16,179.05,182.82,1825900
CRWD,2023-10-25,181.19,181.98,175.12,175.38,2050200
CRWD,2023-10-26,176.12,178.45,170.17,171.64,2515000
CRWD,2023-10-27,174.22,175.7,171.22,172.82,1795100
CRWD,2023-10-30,174.6,175.73,171.68,174.61,1669400
CRWD,2023-10-31,175.16,177.59,172.58,176.77,1651000
CRWD,2023-11-01,178.12,179.63,174.81,178.35,2074700
CRWD,2023-11-02,180.89,184.67,179.71,182.8,3352200
CRWD,2023-11-03,182.67,188.74,178.35,188.24,3263000
CRWD,2023-11-06,188.98,189.5,183.6,186.78,1936600
CRWD,2023-11-07,191.15,194.83,189.45,192.36,3065800
CRWD,2023-11-08,192.52,194.78,191.21,193.83,1717600
CRWD,2023-11-09,193.44,194.18,189.12,190.76,2459100
CRWD,2023-11-10,192.37,196.95,190.2,196.31,2041500
CRWD,2023-11-13,198.0,201.55,197.17,200.96,3085900
CRWD,2023-11-14,205.0,209.07,203.5,207.97,3736500
CRWD,2023-11-15,208.71,210.09,202.67,204.29,3693500
CRWD,2023-11-16,200.33,207.11,198.86,204.27,3013500
CRWD,2023-11-17,204.27,207.91,203.04,207.09,1857500
CRWD,2023-11-20,208.0,209.03,206.07,207.73,2229600
CRWD,2023-11-21,207.74,209.32,205.85,208.98,2277100
CRWD,2023-11-22,209.9,210.65,206.55,209.61,2199900
CRWD,2023-11-24,208.86,212.86,207.68,210.66,1658000
CRWD,2023-11-27,209.62,213.14,207.57,210.07,4012500
CRWD,2023-11-28,208.93,214.71,207.22,212.35,7147600
CRWD,2023-11-29,220.0,235.63,218.83,234.44,12996500
CRWD,2023-11-30,231.19,238.48,229.19,236.99,7425800
CRWD,2023-12-01,235.72,236.65,229.8,235.03,3868900
CRWD,2023-12-04,234.08,237.85,230.91,237.39,3448500
CRWD,2023-12-05,233.96,239.07,233.33,238.97,2576400
CRWD,2023-12-06,240.0,244.64,237.79,239.42,3759700
CRWD,2023-12-07,239.63,240.71,234.24,240.17,2477500
CRWD,2023-12-08,238.34,243.49,237.63,242.55,1886700
CRWD,2023-12-11,242.63,249.28,241.39,246.97,2774100
CRWD,2023-12-12,244.64,250.29,243.27,248.55,2977200
CRWD,2023-12-13,249.75,253.3,247.18,252.04,2648300
CRWD,2023-12-14,253.82,257.37,247.87,252.68,3820100
CRWD,2023-12-15,256.6,260.77,254.02,260.08,6019700
CRWD,2023-12-18,260.17,261.81,257.34,259.8,2846800
CRWD,2023-12-19,260.12,260.77,256.24,258.33,2783000
CRWD,2023-12-20,255.9,259.57,253.63,253.95,2247800
CRWD,2023-12-21,254.25,257.71,250.61,257.32,3178000
CRWD,2023-12-22,256.97,256.97,253.76,255.63,1801700
CRWD,2023-12-26,254.83,258.24,253.58,257.87,1814400
CRWD,2023-12-27,258.27,259.54,255.73,257.32,1553000
CRWD,2023-12-28,257.41,257.42,255.11,256.13,1025600
CRWD,2023-12-29,255.83,257.18,251.88,255.32,1858900
CRWD,2024-01-02,251.47,252.29,243.03,246.89,3756800
CRWD,2024-01-03,240.32,248.83,238.61,244.36,3157600
CRWD,2024-01-04,246.0,247.61,243.64,245.65,2103000
CRWD,2024-01-05,245.0,249.48,244.65,247.46,2407500
CRWD,2024-01-08,251.9,261.64,251.56,261.28,4009200
CRWD,2024-01-09,265.7,276.56,264.99,273.77,6066900
CRWD,2024-01-10,274.87,282.32,274.87,282.04,4674000
CRWD,2024-01-11,284.0,287.76,280.35,284.52,3460700
CRWD,2024-01-12,287.0,290.33,282.51,283.35,2534400
CRWD,2024-01-16,279.39,287.2,279.06,286.29,2690800
CRWD,2024-01-17,279.54,283.23,272.8,276.27,4419700
CRWD,2024-01-18,281.67,284.46,279.17,283.11,2705900
CRWD,2024-01-19,285.0,290.85,283.8,290.54,3011200
CRWD,2024-01-22,300.48,302.0,295.37,298.66,4229400
CRWD,2024-01-23,298.17,299.7,291.7,297.27,2989300
CRWD,2024-01-24,300.58,307.55,298.54,300.28,4454200
CRWD,2024-01-25,305.61,306.3,290.79,293.46,4332900
CRWD,2024-01-26,290.49,293.75,286.75,290.31,2811500
CRWD,2024-01-29,294.0,300.7,293.75,300.67,3131500
CRWD,2024-01-30,301.0,302.61,298.4,301.35,2147400
CRWD,2024-01-31,298.0,300.11,290.89,292.5,2494100
CRWD,2024-02-01,296.14,299.9,294.17,299.37,1853600
CRWD,2024-02-02,299.75,305.21,296.71,303.57,2374500
CRWD,2024-02-05,305.0,307.77,295.57,302.49,2481300
CRWD,2024-02-06,305.37,307.77,295.31,302.11,2087600
CRWD,2024-02-07,307.73,321.07,306.71,317.78,4017400
CRWD,2024-02-08,316.71,323.93,314.03,323.04,2531100
CRWD,2024-02-09,330.0,336.99,326.43,329.34,3870000
CRWD,2024-02-12,329.7,330.67,320.63,321.29,3414100
CRWD,2024-02-13,307.54,326.34,302.0,322.44,4531400
CRWD,2024-02-14,327.76,334.9,326.56,334.55,2394900
CRWD,2024-02-15,337.5,338.45,327.11,331.38,2919900
CRWD,2024-02-16,331.79,332.37,325.13,329.24,2123900
CRWD,2024-02-20,327.0,327.0,315.07,323.71,4136700
CRWD,2024-02-21,283.03,294.6,273.16,292.36,9015100
CRWD,2024-02-22,304.93,313.66,297.0,310.91,4797900
CRWD,2024-02-23,313.78,317.0,308.58,311.49,2965200
CRWD,2024-02-26,313.16,323.31,309.49,321.03,3884900
CRWD,2024-02-27,323.4,329.09,320.71,321.21,2790400
CRWD,2024-02-28,318.86,321.69,314.55,320.94,2072600
CRWD,2024-02-29,324.91,328.98,321.07,324.15,3812100
CRWD,2024-03-01,319.25,319.72,309.12,314.6,5837400
CRWD,2024-03-04,317.33,317.99,311.29,313.81,4796600
CRWD,2024-03-05,307.53,308.5,289.8,297.56,13249300
CRWD,2024-03-06,360.05,365.0,324.01,329.57,23050900
CRWD,2024-03-07,329.75,331.85,315.21,329.68,9729500
CRWD,2024-03-08,331.0,341.74,322.41,322.85,6021300
CRWD,2024-03-11,319.15,323.5,316.0,317.37,3292000
CRWD,2024-03-12,318.61,333.81,317.37,329.27,4156500
CRWD,2024-03-13,329.73,334.83,325.5,332.17,2730900
CRWD,2024-03-14,333.0,337.78,325.48,328.59,2776800
CRWD,2024-03-15,325.58,327.39,315.6,315.65,4483100
CRWD,2024-03-18,319.03,322.37,315.9,321.06,2736600
CRWD,2024-03-19,318.15,321.48,310.22,320.86,2933600
CRWD,2024-03-20,321.0,328.47,318.06,326.87,2528800
CRWD,2024-03-21,325.89,333.23,322.05,329.46,3253400
CRWD,2024-03-22,327.73,328.39,319.55,327.58,2601700
CRWD,2024-03-25,326.0,329.25,321.0,324.76,1695200
CRWD,2024-03-26,326.0,332.5,323.86,330.01,2417700
CRWD,2024-03-27,333.34,333.84,317.56,322.25,3175600
CRWD,2024-03-28,322.42,327.65,319.94,320.59,2253100
CRWD,2024-04-01,321.0,321.99,313.72,319.59,1830900
CRWD,2024-04-02,312.92,319.71,310.96,319.55,2125300
CRWD,2024-04-03,316.57,323.55,314.48,320.04,2013400
CRWD,2024-04-04,324.3,325.99,308.88,309.19,2667000
CRWD,2024-04-05,309.72,317.5,309.33,315.5,1769300
CRWD,2024-04-08,316.18,316.64,309.5,313.73,1457300
CRWD,2024-04-09,314.99,316.0,308.63,310.77,1860800
CRWD,2024-04-10,305.99,315.08,305.34,312.53,1939000
CRWD,2024-04-11,313.54,317.9,310.14,317.8,1869000
CRWD,2024-04-12,313.89,314.87,307.0,309.05,2176300
CRWD,2024-04-15,310.03,312.0,298.39,299.5,2571600
CRWD,2024-04-16,297.55,301.65,296.8,299.15,1828300
CRWD,2024-04-17,304.0,304.8,291.71,293.69,2290300
CRWD,2024-04-18,293.0,297.5,290.18,294.1,2100000
CRWD,2024-04-19,291.95,292.73,280.88,282.64,3116600
CRWD,2024-04-22,285.74,291.29,281.4,289.15,2483400
CRWD,2024-04-23,292.21,302.81,292.17,299.65,2593000
CRWD,2024-04-24,303.6,304.82,294.74,297.62,1656200
CRWD,2024-04-25,289.56,299.85,287.91,298.02,2022100
CRWD,2024-04-26,300.34,305.78,298.27,304.07,2007800
CRWD,2024-04-29,312.57,313.86,302.05,304.04,1899600
CRWD,2024-04-30,302.0,303.07,292.33,292.54,1930200
CRWD,2024-05-01,290.44,302.5,288.55,295.44,2090800
CRWD,2024-05-02,303.76,307.94,298.04,303.54,3920500
CRWD,2024-05-03,304.76,311.55,300.0,310.21,4080800
CRWD,2024-05-06,307.38,317.9,304.3,317.81,2903500
CRWD,2024-05-07,315.71,321.52,311.65,312.55,3199000
CRWD,2024-05-08,311.88,319.23,308.57,313.76,2073100
CRWD,2024-05-09,313.03,318.25,309.38,317.94,2158400
CRWD,2024-05-10,320.0,327.5,318.39,320.76,2657400
CRWD,2024-05-13,325.0,325.0,316.63,319.18,1894400
CRWD,2024-05-14,319.19,330.79,319.18,329.55,2948700
CRWD,2024-05-15,333.21,344.37,330.93,343.12,3143200
CRWD,2024-05-16,343.0,344.08,338.83,339.06,2074700
CRWD,2024-05-17,340.0,346.28,338.71,345.93,2044900
CRWD,2024-05-20,346.0,349.59,344.65,348.75,2175000
CRWD,2024-05-21,343.05,351.65,340.52,349.32,2099300
CRWD,2024-05-22,350.0,352.94,342.86,345.42,1907500
CRWD,2024-05-23,350.0,350.41,341.27,342.35,1836000
CRWD,2024-05-24,342.67,355.75,340.81,351.47,2670000
CRWD,2024-05-28,358.64,358.84,343.11,346.82,3235300
CRWD,2024-05-29,342.01,353.54,341.96,349.52,2638900
CRWD,2024-05-30,346.15,346.63,314.13,315.92,6143300
CRWD,2024-05-31,329.76,329.77,306.5,313.67,5401800
CRWD,2024-06-03,319.37,319.48,305.11,308.69,4364700
CRWD,2024-06-04,310.0,312.38,303.51,305.58,8475400
CRWD,2024-06-05,334.61,342.59,316.39,342.18,16035600
CRWD,2024-06-06,342.93,349.34,336.19,340.49,4683500
CRWD,2024-06-07,343.0,349.92,337.13,349.12,5096800
CRWD,2024-06-10,367.1,384.98,367.1,374.57,15590700
CRWD,2024-06-11,372.86,385.0,370.14,384.63,7011700
CRWD,2024-06-12,390.25,390.7,378.87,387.37,5827800
CRWD,2024-06-13,387.85,389.89,380.94,382.81,3969500
CRWD,2024-06-14,382.0,388.35,381.15,385.43,3415000
CRWD,2024-06-17,382.75,394.64,376.55,390.43,4853100
CRWD,2024-06-18,390.0,393.29,386.66,389.51,4092800
CRWD,2024-06-20,390.26,393.25,379.2,382.14,5848000
CRWD,2024-06-21,380.63,381.0,370.7,380.63,52256000
CRWD,2024-06-24,375.1,381.76,374.0,377.93,5400900
CRWD,2024-06-25,379.75,387.81,379.55,386.76,3146300
CRWD,2024-06-26,385.59,387.51,379.75,380.37,2952100
CRWD,2024-06-27,381.0,391.54,379.94,387.29,3666300
CRWD,2024-06-28,389.33,393.29,381.78,383.19,8480500
CRWD,2024-07-01,385.28,392.74,377.92,392.15,2880200
CRWD,2024-07-02,382.27,387.17,381.47,385.05,3242700
CRWD,2024-07-03,384.25,390.08,382.38,387.18,1456800
CRWD,2024-07-05,387.87,391.46,385.31,389.68,1909000
CRWD,2024-07-08,390.37,397.12,379.79,390.71,2976500
CRWD,2024-07-09,392.51,398.33,383.2,385.88,2967600
CRWD,2024-07-10,385.0,385.02,365.59,374.45,5826700
CRWD,2024-07-11,375.69,379.78,367.5,370.43,3125500
CRWD,2024-07-12,368.2,374.49,367.76,371.32,2609700
CRWD,2024-07-15,371.67,383.57,364.21,377.37,3522400
CRWD,2024-07-16,378.24,379.33,368.5,369.05,2606300
CRWD,2024-07-17,360.0,363.6,350.72,354.94,3498700
CRWD,2024-07-18,351.74,352.2,336.34,343.05,4552800
CRWD,2024-07-19,294.51,316.75,290.1,304.96,42145700
CRWD,2024-07-22,285.01,285.01,261.59,263.91,49567500
CRWD,2024-07-23,269.02,277.0,258.77,268.88,33583100
CRWD,2024-07-24,270.0,275.44,257.36,258.14,14736300
CRWD,2024-07-25,258.39,262.79,250.22,254.15,10511400
CRWD,2024-07-26,259.95,260.54,251.26,256.16,9584400
CRWD,2024-07-29,259.51,265.5,257.45,258.81,11792200
CRWD,2024-07-30,247.55,248.33,226.22,233.65,25824900
CRWD,2024-07-31,234.67,236.91,228.21,231.96,11980400
CRWD,2024-08-01,232.0,232.2,221.66,224.22,9914200
CRWD,2024-08-02,217.15,221.48,211.14,217.89,8978100
CRWD,2024-08-05,201.54,224.12,200.81,222.05,10942200
CRWD,2024-08-06,230.19,235.24,221.56,231.69,10613400
CRWD,2024-08-07,238.37,243.5,230.1,230.67,9349000
CRWD,2024-08-08,233.88,242.04,229.72,240.52,6675000
CRWD,2024-08-09,242.18,246.01,238.8,240.9,5938900
CRWD,2024-08-12,242.0,242.87,235.6,239.34,3729400
CRWD,2024-08-13,242.0,248.97,240.01,248.11,5126800
CRWD,2024-08-14,250.0,258.96,249.26,256.22,5713900
CRWD,2024-08-15,260.25,263.65,257.52,260.49,5898100
CRWD,2024-08-16,260.44,262.64,257.85,262.54,3495600
CRWD,2024-08-19,264.0,270.98,262.6,266.78,5466600
CRWD,2024-08-20,269.36,270.12,264.39,266.53,3876500
CRWD,2024-08-21,267.01,274.42,265.64,273.21,5258400
CRWD,2024-08-22,275.24,278.5,267.23,267.64,4420700
CRWD,2024-08-23,270.1,273.6,266.81,271.54,3248600
CRWD,2024-08-26,271.06,271.74,265.27,265.87,3558400
CRWD,2024-08-27,261.81,270.43,260.75,269.83,3686900
CRWD,2024-08-28,269.8,270.72,261.48,264.2,7072600
CRWD,2024-08-29,262.01,285.73,261.33,271.67,13100200
CRWD,2024-08-30,277.78,284.11,273.35,277.28,6617000
CRWD,2024-09-03,275.78,277.51,265.29,266.6,5503200
CRWD,2024-09-04,260.44,267.2,258.41,259.32,4372200
CRWD,2024-09-05,255.4,259.0,252.67,256.43,3928000
CRWD,2024-09-06,255.8,257.4,244.49,246.39,4320100
CRWD,2024-09-09,249.12,249.5,244.17,246.58,3198200
CRWD,2024-09-10,248.75,250.33,243.55,247.74,2199200
CRWD,2024-09-11,247.73,254.58,242.25,253.53,2666100
CRWD,2024-09-12,255.68,258.38,252.48,257.1,2645700
CRWD,2024-09-13,257.0,261.58,256.0,259.13,2133900
CRWD,2024-09-16,260.77,270.05,259.35,267.81,3698600
CRWD,2024-09-17,270.2,272.4,267.32,268.72,2775400
CRWD,2024-09-18,269.49,272.02,263.45,267.12,3178600
CRWD,2024-09-19,276.0,283.99,273.75,277.38,6219000
CRWD,2024-09-20,284.13,300.45,283.88,299.85,17875100
CRWD,2024-09-23,297.78,302.16,292.57,293.14,5519300
CRWD,2024-09-24,294.89,295.4,285.28,288.54,4110700
CRWD,2024-09-25,290.0,291.73,285.54,286.47,2953500
CRWD,2024-09-26,291.25,292.38,277.88,281.48,4532100
CRWD,2024-09-27,283.8,286.45,281.15,285.86,2896400
CRWD,2024-09-30,284.0,285.41,278.2,280.47,2853700
CRWD,2024-10-01,282.26,282.97,272.67,275.15,3122600
CRWD,2024-10-02,274.89,282.15,274.86,280.24,2592600
CRWD,2024-10-03,279.0,286.9,278.56,283.75,3336400
CRWD,2024-10-04,288.16,292.56,283.8,292.24,3118400
CRWD,2024-10-07,291.0,293.0,285.79,286.97,2314300
CRWD,2024-10-08,287.88,295.25,286.78,293.01,2886300
CRWD,2024-10-09,293.74,298.77,292.5,298.34,2534400
CRWD,2024-10-10,297.72,315.53,297.0,314.92,7859900
CRWD,2024-10-11,314.92,322.59,313.0,320.21,4606800
CRWD,2024-10-14,321.57,323.94,309.6,310.52,4474200
CRWD,2024-10-15,309.55,310.52,300.69,302.31,3765400
CRWD,2024-10-16,303.85,307.2,299.27,306.24,2889200
CRWD,2024-10-17,310.0,313.74,306.24,310.34,3078400
CRWD,2024-10-18,310.34,313.88,306.81,310.15,2897100
CRWD,2024-10-21,309.66,317.0,308.11,309.55,3293500
CRWD,2024-10-22,309.0,311.56,304.26,308.51,2259200
CRWD,2024-10-23,307.14,308.07,298.32,299.3,3102900
CRWD,2024-10-24,302.11,305.91,301.0,304.47,1980900
CRWD,2024-10-25,305.22,311.35,295.13,300.62,6045800
CRWD,2024-10-28,301.14,305.0,295.31,301.32,3464800
CRWD,2024-10-29,303.24,313.15,300.4,310.94,3454800
CRWD,2024-10-30,311.5,315.48,307.14,307.45,2083800
CRWD,2024-10-31,306.12,307.4,294.68,296.87,3475700
CRWD,2024-11-01,296.79,304.38,295.71,303.13,2975900
CRWD,2024-11-04,300.52,302.93,295.08,298.88,2321900
CRWD,2024-11-05,300.0,308.89,298.62,307.58,2260000
CRWD,2024-11-06,317.17,324.66,316.75,320.0,4227700
CRWD,2024-11-07,322.5,333.22,320.45,330.78,3575200
CRWD,2024-11-08,330.55,333.15,323.24,330.03,2845700
CRWD,2024-11-11,334.0,342.79,331.88,342.42,3345400
CRWD,2024-11-12,339.81,343.89,336.52,343.5,3183700
CRWD,2024-11-13,345.6,359.45,344.09,347.88,4745700
CRWD,2024-11-14,347.89,351.09,343.53,344.36,2582100
CRWD,2024-11-15,340.4,343.01,332.75,336.75,3460500
CRWD,2024-11-18,339.97,347.3,336.75,342.97,2384400
CRWD,2024-11-19,341.54,354.34,338.53,353.29,3169500
CRWD,2024-11-20,357.31,357.31,344.47,350.15,2499900
CRWD,2024-11-21,354.5,362.4,351.5,357.55,4553900
CRWD,2024-11-22,359.68,372.56,357.95,372.26,3442500
CRWD,2024-11-25,375.0,377.42,360.78,363.68,5022800
CRWD,2024-11-26,363.0,367.35,359.25,364.3,6951300
CRWD,2024-11-27,359.22,359.22,340.52,347.59,10807700
CRWD,2024-11-29,349.5,350.16,344.72,345.97,2425500
CRWD,2024-12-02,344.9,354.34,336.56,346.8,5465300
CRWD,2024-12-03,345.0,351.95,343.4,349.95,3581900
CRWD,2024-12-04,353.1,366.44,348.5,364.16,5063900
CRWD,2024-12-05,361.2,366.25,358.6,364.84,3191200
CRWD,2024-12-06,364.0,371.27,360.99,365.65,3238100
CRWD,2024-12-09,365.65,366.59,351.77,353.6,2852600
CRWD,2024-12-10,353.6,357.26,344.6,346.77,2419300
CRWD,2024-12-11,348.19,364.9,348.19,362.97,3528900
CRWD,2024-12-12,360.47,365.84,357.55,365.5,2189800
CRWD,2024-12-13,366.0,370.29,361.52,368.02,3119000
CRWD,2024-12-16,368.76,389.0,364.89,388.2,5181800
CRWD,2024-12-17,386.75,388.0,373.24,376.42,3890000
CRWD,2024-12-18,376.42,379.18,345.47,349.18,4824400
CRWD,2024-12-19,364.93,365.0,349.75,351.03,4375900
CRWD,2024-12-20,347.0,365.44,345.05,362.29,5221100
CRWD,2024-12-23,358.49,365.73,354.23,361.5,2752300
CRWD,2024-12-24,361.07,366.0,359.26,365.79,1289700
CRWD,2024-12-26,365.75,366.64,361.94,365.08,1231500
CRWD,2024-12-27,361.15,361.92,349.85,354.99,3345400
CRWD,2024-12-30,347.61,352.88,344.34,349.31,2465400
CRWD,2024-12-31,351.86,351.86,339.72,342.16,2237200
CRWD,2025-01-02,346.52,350.5,341.04,347.34,2713000
CRWD,2025-01-03,349.23,359.69,348.0,359.02,2661400
CRWD,2025-01-06,362.5,368.39,356.03,366.36,2899200
CRWD,2025-01-07,366.06,370.37,354.12,359.93,2646800
CRWD,2025-01-08,356.19,365.07,351.31,358.72,2549800
CRWD,2025-01-10,354.91,354.91,343.99,348.84,2831700
CRWD,2025-01-13,342.86,345.17,335.55,341.46,3337900
CRWD,2025-01-14,344.99,351.97,343.25,348.04,2535300
CRWD,2025-01-15,355.0,365.27,352.96,362.02,2882100
CRWD,2025-01-16,366.26,369.02,360.66,363.38,2444900
CRWD,2025-01-17,370.14,370.95,349.55,357.0,4915500
CRWD,2025-01-21,360.87,370.0,358.3,366.41,2686000
CRWD,2025-01-22,368.76,381.49,363.0,377.98,3608900
CRWD,2025-01-23,376.81,377.95,371.84,377.7,2379000
CRWD,2025-01-24,378.3,384.3,373.67,374.92,2281700
CRWD,2025-01-27,366.5,382.45,359.66,373.75,3783500
CRWD,2025-01-28,372.67,411.3,372.57,408.68,8247200
CRWD,2025-01-29,404.35,404.35,390.22,397.07,4279500
CRWD,2025-01-30,399.73,403.08,390.85,396.87,2785200
CRWD,2025-01-31,398.4,408.1,397.35,398.07,3120800
CRWD,2025-02-03,386.95,399.94,384.24,397.57,3555200
CRWD,2025-02-04,396.52,408.44,396.0,407.52,2865700
CRWD,2025-02-05,408.0,419.39,405.02,417.22,3108600
CRWD,2025-02-06,415.5,421.62,413.72,420.51,2413300
CRWD,2025-02-07,424.0,431.33,419.32,421.59,3501500
CRWD,2025-02-10,424.77,431.9,424.48,428.92,2258800
CRWD,2025-02-11,426.65,434.78,424.08,431.64,2323800
CRWD,2025-02-12,425.2,437.6,424.21,434.63,2011000
CRWD,2025-02-13,435.0,454.13,432.2,453.77,3681300
CRWD,2025-02-14,449.47,453.46,442.87,451.74,2845500
CRWD,2025-02-18,451.67,455.44,445.27,455.36,2753400
CRWD,2025-02-19,455.36,455.59,444.58,450.14,2415200
CRWD,2025-02-20,441.92,442.73,418.31,436.14,4768900
CRWD,2025-02-21,428.86,433.23,404.54,406.68,5598200
CRWD,2025-02-24,405.49,405.9,382.34,391.72,5384400
CRWD,2025-02-25,387.27,389.0,369.31,379.75,4503800
CRWD,2025-02-26,384.69,401.7,381.75,394.56,3421000
CRWD,2025-02-27,401.64,406.53,380.0,380.24,3223100
CRWD,2025-02-28,379.0,390.52,377.38,389.66,3773100
CRWD,2025-03-03,399.0,404.6,378.34,382.73,5065000
CRWD,2025-03-04,376.98,396.16,370.58,390.16,8045100
CRWD,2025-03-05,361.68,367.32,343.0,365.44,15958100
CRWD,2025-03-06,356.58,371.72,345.82,347.73,5613700
CRWD,2025-03-07,344.56,347.73,318.04,333.5,6869400
CRWD,2025-03-10,322.65,323.95,303.79,308.86,6997000
CRWD,2025-03-11,310.41,339.0,308.0,329.75,8352500
CRWD,2025-03-12,343.59,347.73,336.76,346.76,5123900
CRWD,2025-03-13,346.57,347.83,330.62,332.53,4349600
CRWD,2025-03-14,338.51,354.5,337.14,353.73,4365500
CRWD,2025-03-17,353.0,370.86,352.57,364.83,4255100
CRWD,2025-03-18,362.1,368.47,356.71,363.15,3185600
CRWD,2025-03-19,366.22,381.26,362.26,375.05,4056600
CRWD,2025-03-20,371.28,377.49,364.46,369.03,2883000
CRWD,2025-03-21,358.91,372.19,353.03,362.24,8119500
CRWD,2025-03-24,370.0,373.63,361.66,372.64,4146900
CRWD,2025-03-25,378.08,392.69,377.0,384.95,4258400
CRWD,2025-03-26,383.89,384.77,370.36,371.41,3275300
CRWD,2025-03-27,368.72,371.46,360.28,366.56,2666100
CRWD,2025-03-28,365.82,367.64,353.48,357.11,3457500
CRWD,2025-03-31,345.79,353.64,337.89,352.58,3297000
CRWD,2025-04-01,358.94,363.17,351.25,362.38,2682100
CRWD,2025-04-02,353.16,376.27,353.03,371.49,2472000
CRWD,2025-04-03,350.94,360.91,341.81,347.39,4304400
CRWD,2025-04-04,328.02,334.05,310.31,321.63,7032800
CRWD,2025-04-07,300.06,341.77,298.0,324.36,6299600
CRWD,2025-04-08,342.71,351.06,318.38,325.04,5300600
CRWD,2025-04-09,324.6,382.65,324.49,378.01,7657000
CRWD,2025-04-10,369.0,375.99,354.2,368.61,4552600
CRWD,2025-04-11,366.98,378.79,360.65,377.9,3383300
CRWD,2025-04-14,386.95,389.25,372.82,378.66,3048000
CRWD,2025-04-15,383.4,400.02,379.67,392.8,5204800
CRWD,2025-04-16,386.11,395.35,373.48,379.84,4186700
CRWD,2025-04-17,383.8,384.94,373.1,375.62,2098300
CRWD,2025-04-21,363.8,372.09,355.66,362.69,2904900
CRWD,2025-04-22,368.84,374.71,362.9,368.45,2577100
CRWD,2025-04-23,382.5,396.3,382.5,385.75,3580600
CRWD,2025-04-24,386.0,414.85,386.0,414.05,4624900
CRWD,2025-04-25,414.69,425.73,412.6,424.88,3335500
CRWD,2025-04-28,424.84,428.0,415.33,423.08,2798700
CRWD,2025-04-29,424.49,432.37,423.08,430.99,2407100
CRWD,2025-04-30,419.01,429.55,414.41,428.87,3187200
CRWD,2025-05-01,431.51,439.63,427.75,431.88,3080100
CRWD,2025-05-02,438.18,443.7,434.4,440.58,2708700
CRWD,2025-05-05,436.0,451.15,435.4,443.47,3281000
CRWD,2025-05-06,432.2,447.5,430.57,443.21,3431200
CRWD,2025-05-07,425.42,429.84,417.06,422.52,6673400
CRWD,2025-05-08,427.48,432.91,424.72,428.63,3619000
CRWD,2025-05-09,418.95,420.0,404.63,410.57,4693300
CRWD,2025-05-12,419.69,429.47,415.1,429.44,3278500
CRWD,2025-05-13,428.21,448.0,427.0,440.2,3734600
CRWD,2025-05-14,442.5,445.47,431.26,435.94,2847300
CRWD,2025-05-15,423.59,433.86,422.09,431.84,2531900
CRWD,2025-05-16,435.87,440.89,431.82,439.26,2133400
CRWD,2025-05-19,432.43,445.5,431.69,444.35,2015600
CRWD,2025-05-20,441.89,443.01,436.7,442.25,2132600
CRWD,2025-05-21,436.8,450.67,432.06,434.74,4321100
CRWD,2025-05-22,430.71,448.88,430.0,444.07,2590900
CRWD,2025-05-23,438.5,459.93,437.4,455.59,4487800
CRWD,2025-05-27,464.0,474.23,459.6,472.22,3997200
CRWD,2025-05-28,472.98,473.41,465.98,468.83,2893400
CRWD,2025-05-29,472.0,472.49,453.42,458.81,3324000
CRWD,2025-05-30,462.03,473.12,456.77,471.37,4488700
CRWD,2025-06-02,471.0,479.97,465.52,479.17,3483400
CRWD,2025-06-03,480.77,491.2,477.45,488.76,7632200
CRWD,2025-06-04,454.75,470.95,445.26,460.56,15453600
CRWD,2025-06-05,462.33,468.6,452.71,462.94,6178300
CRWD,2025-06-06,463.12,478.47,463.12,468.41,4343000
CRWD,2025-06-09,470.31,471.77,458.13,464.39,2724600
CRWD,2025-06-10,465.49,470.01,457.23,467.65,2472500
CRWD,2025-06-11,466.02,479.94,465.55,476.98,2756500
CRWD,2025-06-12,474.02,488.74,473.0,481.73,3520200
CRWD,2025-06-13,475.0,485.49,473.06,480.62,2610700
CRWD,2025-06-16,481.84,487.46,477.28,479.39,2710300
CRWD,2025-06-17,479.45,493.2,474.0,492.03,3398700
CRWD,2025-06-18,490.71,490.71,478.82,485.16,2830300
CRWD,2025-06-20,484.54,490.0,474.29,476.3,5183100
CRWD,2025-06-23,470.76,494.3,461.51,491.81,4431700
CRWD,2025-06-24,490.9,493.5,481.12,485.38,3633500
CRWD,2025-06-25,488.08,500.41,487.55,494.09,2957600
CRWD,2025-06-26,497.08,506.35,494.09,505.22,3017000
CRWD,2025-06-27,504.59,505.37,495.57,499.33,3466300
CRWD,2025-06-30,502.62,510.02,499.72,509.31,2702800
CRWD,2025-07-01,509.37,516.62,481.5,492.07,4089100
CRWD,2025-07-02,491.0,496.5,489.14,496.1,2113200
CRWD,2025-07-03,499.99,517.98,499.99,514.1,2654000
CRWD,2025-07-07,507.7,508.15,498.91,505.46,3269400
CRWD,2025-07-08,507.64,509.39,497.74,507.71,2143300
CRWD,2025-07-09,512.0,513.92,507.04,513.51,1869300
CRWD,2025-07-10,512.99,514.5,486.57,487.11,4178700
CRWD,2025-07-11,488.0,489.33,477.47,478.45,3384400
CRWD,2025-07-14,466.82,480.72,463.5,476.18,3340500
CRWD,2025-07-15,479.09,480.72,470.52,473.28,2529100
CRWD,2025-07-16,475.82,476.65,464.83,470.45,1980400
CRWD,2025-07-17,470.35,474.31,466.94,469.83,2256600
CRWD,2025-07-18,472.31,477.26,465.76,475.96,2903400
CRWD,2025-07-21,478.71,490.04,474.11,481.58,3416200
CRWD,2025-07-22,481.5,485.46,470.0,471.23,1975600
CRWD,2025-07-23,471.23,472.0,454.04,461.52,3024000
CRWD,2025-07-24,463.98,468.5,460.12,462.03,2486100
CRWD,2025-07-25,462.0,470.81,460.3,467.92,1794700
CRWD,2025-07-28,471.0,476.57,468.0,472.18,1825800
CRWD,2025-07-29,473.87,480.72,458.0,465.51,2749900
CRWD,2025-07-30,463.52,466.68,453.42,463.15,2117500
CRWD,2025-07-31,465.76,467.9,453.76,454.57,2832800
CRWD,2025-08-01,448.95,454.0,438.09,446.66,3014400
CRWD,2025-08-04,452.9,457.49,448.0,454.86,1882800
CRWD,2025-08-05,454.63,457.8,438.5,441.75,3104600
CRWD,2025-08-06,445.0,451.9,442.01,451.69,2035700
CRWD,2025-08-07,451.69,451.98,422.0,425.0,5710100
CRWD,2025-08-08,431.0,434.5,420.42,424.49,3632100
CRWD,2025-08-11,423.82,434.0,419.74,426.43,2525400
CRWD,2025-08-12,428.01,438.3,427.49,435.8,2311000
CRWD,2025-08-13,440.0,442.42,427.86,432.12,2461100
CRWD,2025-08-14,432.34,435.0,419.81,424.86,2911600
CRWD,2025-08-15,425.28,428.93,423.0,427.9,2264400
CRWD,2025-08-18,426.0,428.97,421.7,426.34,2252700
CRWD,2025-08-19,431.0,436.0,415.9,418.6,2786800
CRWD,2025-08-20,417.42,420.94,409.31,419.17,2212600
CRWD,2025-08-21,417.79,417.93,413.66,414.06,1800400
CRWD,2025-08-22,415.0,423.99,412.55,420.55,2202300
CRWD,2025-08-25,422.61,426.0,418.52,418.83,2413300
CRWD,2025-08-26,419.32,425.0,416.7,417.6,3146700
CRWD,2025-08-27,421.6,427.42,419.98,422.61,8119600
CRWD,2025-08-28,410.0,442.17,409.25,442.0,9981800
CRWD,2025-08-29,444.86,448.0,420.39,423.7,5485100
CRWD,2025-09-02,417.11,418.02,407.7,413.5,3762800
CRWD,2025-09-03,412.98,414.48,404.28,413.2,3036500
CRWD,2025-09-04,413.2,415.49,402.66,412.46,2763400
CRWD,2025-09-05,414.07,418.11,407.06,417.63,2169300
CRWD,2025-09-08,419.0,428.85,416.42,428.06,2545800
CRWD,2025-09-09,428.17,431.01,420.63,423.51,2126800
CRWD,2025-09-10,427.57,433.81,422.17,424.87,2278800
CRWD,2025-09-11,428.25,438.26,427.1,433.38,2411900
CRWD,2025-09-12,435.39,443.0,435.0,436.1,2764700
CRWD,2025-09-15,441.58,448.87,436.75,444.77,2879400
CRWD,2025-09-16,444.8,448.32,434.8,444.98,2908000
CRWD,2025-09-17,445.0,454.0,434.34,445.5,3872800
CRWD,2025-09-18,468.92,504.22,462.12,502.63,10120500
CRWD,2025-09-19,499.0,507.2,495.81,502.55,7092800
CRWD,2025-09-22,496.0,500.3,486.33,493.14,3875400
CRWD,2025-09-23,493.14,495.06,481.1,484.1,2734500
CRWD,2025-09-24,482.39,486.96,474.48,476.33,2218200
CRWD,2025-09-25,476.9,481.55,469.0,473.09,2714800
CRWD,2025-09-26,472.1,483.7,470.29,481.42,2359700
CRWD,2025-09-29,486.42,490.5,482.65,488.45,2197900
CRWD,2025-09-30,486.42,490.88,479.25,490.38,2288200
CRWD,2025-10-01,487.75,500.84,485.36,499.96,2512400
CRWD,2025-10-02,501.23,502.27,492.35,496.8,2588800
CRWD,2025-10-03,499.84,501.87,486.3,489.88,1983500
CRWD,2025-10-06,495.51,503.5,494.38,495.95,1949400
CRWD,2025-10-07,497.0,497.86,476.52,484.62,2857500
CRWD,2025-10-08,491.77,510.0,490.33,509.95,3617500
CRWD,2025-10-09,509.95,511.46,501.9,509.13,2203800
CRWD,2025-10-10,509.0,517.41,493.29,493.66,3142600
CRWD,2025-10-13,501.15,511.18,497.5,508.61,2340600
CRWD,2025-10-14,500.1,500.54,487.59,488.94,2768500
CRWD,2025-10-15,494.0,495.5,484.78,489.02,1730800
CRWD,2025-10-16,489.73,498.31,475.39,482.23,2174000
CRWD,2025-10-17,478.02,486.0,475.42,484.65,1926800
CRWD,2025-10-20,486.53,504.45,486.45,503.61,2820100
CRWD,2025-10-21,501.24,507.6,498.35,503.95,1440900
CRWD,2025-10-22,502.68,505.36,491.67,500.11,1682000
CRWD,2025-10-23,499.98,522.43,499.98,521.98,3147300
CRWD,2025-10-24,528.8,535.52,521.87,527.32,2550500
CRWD,2025-10-27,532.54,534.34,525.24,529.7,1932200
CRWD,2025-10-28,536.81,553.64,535.98,546.94,3367400
CRWD,2025-10-29,541.0,549.0,533.3,545.5,1780600
CRWD,2025-10-30,543.11,549.98,534.1,538.68,1954900
CRWD,2025-10-31,542.41,549.5,537.3,543.01,1873100
CRWD,2025-11-03,549.32,555.81,545.1,551.92,1910500
CRWD,2025-11-04,539.79,549.48,531.1,533.92,2505100
CRWD,2025-11-05,531.88,535.19,526.0,534.14,1646200
CRWD,2025-11-06,526.68,540.0,517.1,532.52,3099900
CRWD,2025-11-07,526.66,542.26,519.1,539.81,2427100
CRWD,2025-11-10,547.82,558.98,544.25,557.53,2164500
CRWD,2025-11-11,555.22,558.5,551.21,556.73,1355800
CRWD,2025-11-12,561.1,566.9,545.0,545.86,1991500
CRWD,2025-11-13,540.99,543.85,526.14,529.78,2406000
CRWD,2025-11-14,522.47,544.04,509.05,537.55,1942300
CRWD,2025-11-17,537.0,540.67,526.58,529.78,1395300
CRWD,2025-11-18,524.82,531.33,513.0,513.67,2573000
CRWD,2025-11-19,513.37,525.98,509.29,520.59,1521900
CRWD,2025-11-20,532.56,539.32,500.13,501.31,2483100
CRWD,2025-11-21,497.91,501.0,477.55,490.67,3063700
CRWD,2025-11-24,498.16,509.19,494.03,506.82,2649200
CRWD,2025-11-25,503.7,513.71,493.01,512.34,1652200
CRWD,2025-11-26,513.0,515.0,497.0,501.54,2213800
CRWD,2025-11-28,505.37,510.69,501.94,509.16,1018900
CRWD,2025-12-01,503.21,506.74,495.01,504.13,2058600
CRWD,2025-12-02,513.47,521.0,507.0,516.55,5055300
CRWD,2025-12-03,497.99,525.0,486.3,524.17,5578800
CRWD,2025-12-04,523.91,525.27,510.26,513.12,2477300
CRWD,2025-12-05,516.14,526.89,508.32,512.03,2629400
CRWD,2025-12-08,513.0,520.3,508.9,515.19,1660500
CRWD,2025-12-09,512.23,529.9,511.73,517.98,2035800
CRWD,2025-12-10,516.0,521.61,504.54,519.54,2359300
CRWD,2025-12-11,516.67,528.19,512.51,517.65,2001500
CRWD,2025-12-12,516.41,517.44,498.76,504.78,2677700
CRWD,2025-12-15,509.01,509.01,487.43,487.47,2184900
CRWD,2025-12-16,486.48,491.44,482.0,488.53,1758700
CRWD,2025-12-17,489.41,490.44,469.83,470.02,2317300
CRWD,2025-12-18,479.7,482.04,473.91,477.26,1835100
CRWD,2025-12-19,480.0,489.2,478.63,481.28,4662700
CRWD,2025-12-22,479.78,485.87,474.85,483.14,2303300
CRWD,2025-12-23,482.49,483.59,473.5,478.84,2053000
CRWD,2025-12-24,476.83,478.0,470.67,477.11,745100
CRWD,2025-12-26,477.0,482.15,475.15,481.19,1150700
CRWD,2025-12-29,478.3,483.29,474.63,475.91,1314600
CRWD,2025-12-30,476.0,478.12,472.24,475.63,1168100
CRWD,2025-12-31,475.98,476.06,468.4,468.76,1661000
CRWD,2026-01-02,474.0,474.0,449.45,453.58,3325000
CRWD,2026-01-05,458.63,466.49,455.01,456.55,2615700
CRWD,2026-01-06,457.77,460.46,451.29,458.32,2340100
CRWD,2026-01-07,462.97,486.55,462.28,478.91,3967100
CRWD,2026-01-08,478.2,479.99,460.63,463.87,2455500
CRWD,2026-01-09,472.19,475.98,466.25,470.61,2397500
CRWD,2026-01-12,460.25,468.61,459.65,466.99,1938900
CRWD,2026-01-13,467.0,476.55,460.94,468.02,2693300
CRWD,2026-01-14,465.8,477.0,451.76,460.7,3754900
CRWD,2026-01-15,463.96,472.31,450.0,455.0,2835000
CRWD,2026-01-16,456.75,459.7,443.61,453.88,3437900
CRWD,2026-01-20,443.03,450.27,440.23,442.73,3231500
CRWD,2026-01-21,445.0,456.12,439.17,445.88,2686800
CRWD,2026-01-22,454.45,454.47,446.28,453.77,1514700
CRWD,2026-01-23,454.69,458.86,449.42,452.49,1770800
CRWD,2026-01-26,453.99,469.96,452.49,468.33,1957100
CRWD,2026-01-27,478.48,487.2,473.4,476.66,2834500
CRWD,2026-01-28,479.46,487.0,468.91,469.19,2382500
CRWD,2026-01-29,460.74,461.55,431.39,444.62,5230300
CRWD,2026-01-30,440.5,448.74,438.25,441.4,2595400
CRWD,2026-02-02,440.0,447.24,434.74,438.85,2073700
CRWD,2026-02-03,435.92,436.71,415.05,421.73,3834900
CRWD,2026-02-04,411.94,421.98,401.55,415.36,4733000
CRWD,2026-02-05,414.79,416.29,374.52,377.16,6053200
CRWD,2026-02-06,384.94,396.99,378.37,395.5,4943000
CRWD,2026-02-09,396.18,410.75,386.25,408.04,2825900
CRWD,2026-02-10,401.21,418.88,400.78,413.39,3121400
CRWD,2026-02-11,413.7,416.59,404.4,415.81,2470900
CRWD,2026-02-12,418.9,420.67,402.29,411.54,3502500
CRWD,2026-02-13,416.91,432.85,412.58,429.64,3536700
CRWD,2026-02-17,423.59,425.88,400.02,414.29,4428100
CRWD,2026-02-18,409.75,421.76,402.0,415.76,2752700
CRWD,2026-02-19,417.62,424.0,409.97,422.14,2000400
CRWD,2026-02-20,419.28,431.88,387.11,388.6,8360800
CRWD,2026-02-23,384.96,385.11,342.72,350.33,15036400
CRWD,2026-02-24,349.1,360.9,345.05,350.25,7138700
CRWD,2026-02-25,349.57,365.98,346.5,363.31,5697900
CRWD,2026-02-26,367.25,385.09,364.66,381.1,6199800
CRWD,2026-02-27,369.06,373.5,359.29,371.98,5125800
CRWD,2026-03-02,375.9,387.15,373.09,384.86,3771500
CRWD,2026-03-03,369.5,394.92,367.99,391.42,7713200
CRWD,2026-03-04,384.52,408.41,380.11,407.68,8295863
CRWD,2026-03-05,407.3,429.69,407.0,426.16,5946200
CRWD,2026-03-06,425.88,433.71,420.23,428.99,4592260
CRWD,2026-03-09,425.58,438.28,425.52,434.13,3846200
CRWD,2026-03-10,445.0,447.95,428.55,436.33,3314000
CRWD,2026-03-11,442.51,452.0,436.21,442.03,2905500
CRWD,2026-03-12,441.0,450.02,438.33,441.54,2347559
CRWD,2026-03-13,444.0,450.63,434.58,441.78,2223614
CRWD,2026-03-16,443.06,443.52,423.77,423.84,3652349
CRWD,2026-03-17,424.0,439.01,419.6,433.2,2845090
CRWD,2026-03-18,428.66,442.43,428.23,435.81,2538609
CRWD,2026-03-19,439.0,440.71,423.38,428.18,2359800
CRWD,2026-03-20,423.67,424.31,403.61,409.0,9111500
CRWD,2026-03-23,410.83,417.43,407.0,413.31,3448563
CRWD,2026-03-24,409.84,410.86,390.6,392.99,3612960
CRWD,2026-03-25,398.98,400.32,383.5,385.86,3095948
CRWD,2026-03-26,384.83,395.5,381.21,392.62,2447382
CRWD,2026-03-27,370.43,374.46,361.81,369.58,6016762
CRWD,2026-03-30,379.5,390.49,376.39,380.06,4172936
CRWD,2026-03-31,381.9,392.88,379.0,390.41,2966011
CRWD,2026-04-01,396.7,396.89,386.37,393.31,2112961
CRWD,2026-04-02,391.18,400.8,386.75,399.12,1985903
CRWD,2026-04-06,405.0,405.0,392.73,398.61,1594940
CRWD,2026-04-07,399.04,423.73,395.58,423.23,4443835
CRWD,2026-04-08,439.75,449.9,423.35,426.51,4716742
CRWD,2026-04-09,426.0,427.0,390.81,394.68,5373506
CRWD,2026-04-10,396.1,398.05,364.47,379.02,8919330
CRWD,2026-04-13,380.01,403.06,378.25,402.24,4156547
CRWD,2026-04-14,405.25,411.44,393.4,398.49,3012226
CRWD,2026-04-15,408.53,411.98,402.05,411.16,3099776
CRWD,2026-04-16,421.85,425.77,411.09,418.2,2984887
CRWD,2026-04-17,429.0,431.84,420.36,423.95,2901497
CRWD,2026-04-20,422.54,433.81,417.07,433.15,2875632
CRWD,2026-04-21,439.75,459.14,436.51,449.61,3647424
CRWD,2026-04-22,455.33,467.95,452.63,466.68,2843805
CRWD,2026-04-23,453.58,454.0,436.51,445.39,2905023
CRWD,2026-04-24,447.93,451.05,435.56,448.13,2245582
CRWD,2026-04-27,452.0,457.98,442.62,454.61,2262783
CRWD,2026-04-28,457.62,463.69,450.32,454.99,1837003
CRWD,2026-04-29,450.32,453.16,443.24,452.38,1896785
CRWD,2026-04-30,447.26,450.01,432.55,445.75,2434711
CRWD,2026-05-01,454.76,457.97,445.57,455.64,1512361
CRWD,2026-05-04,458.83,471.81,455.4,469.24,2133696
CRWD,2026-05-05,474.5,480.66,466.0,476.53,2082584
CRWD,2026-05-06,467.18,475.25,457.46,468.07,2197896
CRWD,2026-05-07,487.0,506.79,486.97,505.72,5088560
CRWD,2026-05-08,499.17,528.91,492.33,527.77,4033387
CRWD,2026-05-11,523.78,542.67,522.0,542.26,2784594
CRWD,2026-05-12,542.0,552.43,533.0,546.18,3501027
CRWD,2026-05-13,540.84,568.37,538.37,562.57,2785885
CRWD,2026-05-14,559.71,583.78,555.0,579.95,2814000
CRWD,2026-05-15,573.29,598.25,560.69,594.08,3853355
CRWD,2026-05-18,589.49,621.05,587.37,618.83,4692500
CRWD,2026-05-19,619.98,634.24,613.29,616.88,4461600
CRWD,2026-05-20,614.3,651.0,614.06,650.11,4376400
CRWD,2026-05-21,650.52,659.55,642.05,648.23,2643900
CRWD,2026-05-22,650.56,674.84,649.6,663.46,2781663
CRWD,2026-05-26,665.0,677.5,648.0,671.55,2079900
CRWD,2026-05-27,641.01,660.66,633.09,645.36,3272900
CRWD,2026-05-28,649.33,677.5,641.52,671.0,2372100
CRWD,2026-05-29,677.43,731.49,674.94,731.0,4814200
CRWD,2026-06-01,735.81,785.66,734.0,782.17,4575300
CRWD,2026-06-02,764.85,778.82,745.38,768.95,4146100
CRWD,2026-06-03,765.67,767.0,742.12,747.61,5102500
CRWD,2026-06-04,674.07,720.92,671.22,719.09,7389052
CRWD,2026-06-05,696.74,706.22,670.1,671.02,5230200
CRWD,2026-06-08,673.51,684.0,652.01,658.79,3333900
CRWD,2026-06-09,658.79,664.87,617.75,644.93,3733831
CRWD,2026-06-10,639.04,662.13,635.95,647.74,2518234
CRWD,2026-06-11,645.28,696.43,641.0,691.53,3528900
CRWD,2026-06-12,690.66,702.17,678.0,682.8,2310900
CRWD,2026-06-15,692.67,697.49,668.86,692.91,2542700
CRWD,2026-06-16,693.1,700.87,665.96,679.49,2140217
CRWD,2026-06-17,680.0,690.93,670.9,682.96,2095400
CRWD,2026-06-18,686.7,695.91,660.92,684.86,5306765
CRWD,2026-06-22,685.07,712.18,673.2,675.44,3433200
CRWD,2026-06-23,669.01,690.9,662.0,680.92,2369600
CRWD,2026-06-24,680.49,687.15,669.0,673.02,1745500
CRWD,2026-06-25,680.38,692.74,670.0,678.65,3007200
CRWD,2026-06-26,686.2,704.84,673.61,701.09,3328200
CRWD,2026-06-29,709.5,755.98,704.12,742.91,4935800
CRWD,2026-06-30,734.04,765.3,732.92,763.14,3100399
FDX,2015-01-02,147.38,148.11,144.45,146.25,1249700
FDX,2015-01-05,145.72,145.81,143.62,144.0,1726100
FDX,2015-01-06,146.23,146.99,143.82,144.0,2612500
FDX,2015-01-07,145.84,146.16,144.22,145.06,1835800
FDX,2015-01-08,146.87,148.72,146.26,148.45,1819500
FDX,2015-01-09,148.0,148.61,146.17,146.43,1396200
FDX,2015-01-12,147.62,148.41,146.29,146.35,1884700
FDX,2015-01-13,147.51,148.18,144.26,145.45,1736400
FDX,2015-01-14,144.17,146.68,143.33,146.51,1928900
FDX,2015-01-15,146.96,147.96,145.94,147.44,2218200
FDX,2015-01-16,146.6,150.03,146.6,149.91,2588900
FDX,2015-01-20,151.22,152.2,150.28,151.92,2596300
FDX,2015-01-21,151.76,153.02,150.53,151.54,1615400
FDX,2015-01-22,152.26,153.92,151.22,153.84,1537400
FDX,2015-01-23,150.59,153.28,148.88,149.27,3340200
FDX,2015-01-26,149.21,150.91,148.56,149.82,1393800
FDX,2015-01-27,148.87,148.91,147.24,147.46,1388000
FDX,2015-01-28,148.78,148.94,145.15,145.4,1220700
FDX,2015-01-29,145.99,146.92,144.22,146.62,1640600
FDX,2015-01-30,145.51,147.26,143.22,143.42,2194600
FDX,2015-02-02,143.58,145.28,142.5,145.23,1474800
FDX,2015-02-03,146.73,147.56,144.81,146.69,1649500
FDX,2015-02-04,145.99,146.9,145.17,145.94,1442300
FDX,2015-02-05,146.48,147.71,146.38,147.03,1149700
FDX,2015-02-06,147.64,148.4,146.15,146.93,1056600
FDX,2015-02-09,146.12,146.89,144.99,145.56,1210500
FDX,2015-02-10,146.68,147.35,144.84,146.97,1497900
FDX,2015-02-11,147.05,148.41,146.68,147.5,1385600
FDX,2015-02-12,148.17,149.95,147.73,149.52,2116200
FDX,2015-02-13,149.14,150.52,148.92,149.66,1674100
FDX,2015-02-17,149.77,152.37,149.69,152.26,1527600
FDX,2015-02-18,152.14,152.7,151.67,152.47,1270700
FDX,2015-02-19,152.63,152.65,151.48,151.51,1697900
FDX,2015-02-20,151.0,151.7,150.05,151.38,1430200
FDX,2015-02-23,151.38,151.65,150.44,151.21,956500
FDX,2015-02-24,150.89,151.46,150.48,150.79,1136400
FDX,2015-02-25,150.97,151.01,148.67,148.96,1419400
FDX,2015-02-26,148.83,149.24,147.07,148.07,1893900
FDX,2015-02-27,150.16,151.0,149.47,150.09,2398200
FDX,2015-03-02,150.09,151.09,149.31,149.94,1535300
FDX,2015-03-03,149.69,149.7,148.26,149.39,1282200
FDX,2015-03-04,148.89,149.08,147.91,148.09,1035300
FDX,2015-03-05,148.7,148.7,147.16,148.26,932200
FDX,2015-03-06,147.59,148.59,146.72,146.88,1132300
FDX,2015-03-09,146.76,147.89,146.58,146.81,1539100
FDX,2015-03-10,145.38,146.09,144.34,144.34,1478400
FDX,2015-03-11,144.34,146.32,144.34,145.66,1351800
FDX,2015-03-12,146.01,147.42,146.01,147.38,987900
FDX,2015-03-13,147.39,148.42,146.32,147.16,1150600
FDX,2015-03-16,147.91,150.67,147.91,150.56,1796700
FDX,2015-03-17,150.19,151.64,149.19,149.19,2721100
FDX,2015-03-18,146.04,147.86,144.77,147.14,4244300
FDX,2015-03-19,147.39,148.7,146.46,147.61,2095900
FDX,2015-03-20,147.82,148.03,145.94,146.07,2701600
FDX,2015-03-23,146.18,146.28,144.88,144.88,1754200
FDX,2015-03-24,144.59,144.76,143.63,143.63,1237400
FDX,2015-03-25,144.12,144.17,140.39,140.46,1978400
FDX,2015-03-26,139.48,141.48,138.91,140.51,1752700
FDX,2015-03-27,140.14,140.62,139.68,139.75,917100
FDX,2015-03-30,140.14,142.12,140.08,141.58,1529600
FDX,2015-03-31,140.94,141.34,140.09,140.48,1568200
FDX,2015-04-01,140.11,141.37,139.48,141.15,1611200
FDX,2015-04-02,141.55,141.63,140.69,141.13,1642500
FDX,2015-04-06,140.41,142.01,140.09,141.51,1270600
FDX,2015-04-07,146.68,147.6,144.94,145.33,5488700
FDX,2015-04-08,145.26,145.94,143.75,145.9,3196100
FDX,2015-04-09,145.58,147.27,145.27,146.82,1944100
FDX,2015-04-10,147.15,148.16,146.48,148.05,2235100
FDX,2015-04-13,147.43,148.84,146.9,147.0,1397700
FDX,2015-04-14,146.05,147.0,145.27,145.61,1816200
FDX,2015-04-15,145.68,146.34,143.76,143.93,2058000
FDX,2015-04-16,143.98,144.56,143.22,143.69,1760400
FDX,2015-04-17,142.84,143.13,142.07,142.64,1642400
FDX,2015-04-20,142.89,144.34,142.89,143.54,1244000
FDX,2015-04-21,143.86,144.72,143.56,144.26,1086500
FDX,2015-04-22,144.16,145.0,143.22,144.35,1053900
FDX,2015-04-23,143.53,145.13,143.53,144.43,1050400
FDX,2015-04-24,144.11,144.55,143.5,144.3,949300
FDX,2015-04-27,144.65,144.86,143.37,143.52,1472100
FDX,2015-04-28,143.72,146.0,143.08,145.39,1521100
FDX,2015-04-29,144.2,145.14,143.25,143.98,1115300
FDX,2015-04-30,142.97,144.3,142.95,143.98,1818800
FDX,2015-05-01,144.34,145.98,144.28,145.81,1163900
FDX,2015-05-04,145.71,147.29,145.62,146.32,1041100
FDX,2015-05-05,145.61,146.32,143.92,144.18,1167000
FDX,2015-05-06,144.93,144.99,143.03,143.97,1045200
FDX,2015-05-07,144.23,146.56,143.98,145.82,1148700
FDX,2015-05-08,146.88,147.81,146.7,147.18,1236400
FDX,2015-05-11,147.74,148.57,146.68,147.91,1327500
FDX,2015-05-12,147.02,147.48,146.41,147.24,1126200
FDX,2015-05-13,146.88,147.31,145.76,145.98,1213800
FDX,2015-05-14,146.75,147.74,146.13,147.27,1478000
FDX,2015-05-15,147.91,148.83,147.31,148.7,1492200
FDX,2015-05-18,148.7,150.65,148.59,150.44,1558000
FDX,2015-05-19,150.72,151.73,150.28,151.12,1237000
FDX,2015-05-20,150.89,151.8,150.41,150.73,941300
FDX,2015-05-21,150.21,150.5,148.99,149.9,1112300
FDX,2015-05-22,149.84,150.05,148.31,148.74,775000
FDX,2015-05-26,148.59,148.62,147.55,147.83,953600
FDX,2015-05-27,148.27,150.19,147.67,149.99,808800
FDX,2015-05-28,149.53,149.56,148.2,148.67,1300300
FDX,2015-05-29,148.18,148.48,146.89,147.07,1158200
FDX,2015-06-01,147.63,149.42,146.82,148.9,1272000
FDX,2015-06-02,148.19,149.99,146.97,149.2,1001400
FDX,2015-06-03,149.86,153.08,149.2,152.76,1930900
FDX,2015-06-04,151.9,152.82,151.79,152.52,1355000
FDX,2015-06-05,152.42,155.4,151.64,154.73,1940400
FDX,2015-06-08,154.46,154.53,152.53,152.74,1617700
FDX,2015-06-09,152.79,154.19,151.98,153.14,991300
FDX,2015-06-10,153.12,156.14,152.57,154.8,1869400
FDX,2015-06-11,156.47,157.24,155.24,157.06,1918600
FDX,2015-06-12,156.27,156.92,155.17,155.91,1680000
FDX,2015-06-15,154.98,155.61,154.06,155.09,1408000
FDX,2015-06-16,154.76,156.02,152.9,154.85,2428100
FDX,2015-06-17,151.37,152.09,148.37,150.26,4032200
FDX,2015-06-18,150.12,153.2,150.12,151.67,2986600
FDX,2015-06-19,150.8,151.63,149.59,149.59,2448700
FDX,2015-06-22,150.29,151.04,149.64,149.88,1732600
FDX,2015-06-23,150.23,150.35,148.5,149.02,1532500
FDX,2015-06-24,148.79,149.45,146.6,147.45,1750000
FDX,2015-06-25,147.62,147.96,146.74,146.92,1527400
FDX,2015-06-26,147.66,148.03,147.23,147.65,1678900
FDX,2015-06-29,145.92,147.19,145.12,145.41,2335800
FDX,2015-06-30,146.51,146.95,144.5,144.88,1551800
FDX,2015-07-01,146.33,146.63,144.23,144.38,1412100
FDX,2015-07-02,144.71,145.69,144.5,145.5,1182000
FDX,2015-07-06,144.54,145.58,142.74,143.48,1945300
FDX,2015-07-07,144.0,145.16,142.63,144.83,1754300
FDX,2015-07-08,143.11,144.52,141.71,141.98,1338400
FDX,2015-07-09,143.5,144.37,142.36,142.59,1321300
FDX,2015-07-10,144.54,144.92,142.74,143.23,1490300
FDX,2015-07-13,144.27,145.59,143.82,145.36,1327400
FDX,2015-07-14,145.39,146.14,144.61,145.59,1207400
FDX,2015-07-15,145.59,146.22,143.71,143.8,1389600
FDX,2015-07-16,144.76,144.97,144.06,144.1,1043300
FDX,2015-07-17,144.1,145.23,143.96,144.73,1394000
FDX,2015-07-20,145.05,145.05,144.11,144.72,1016600
FDX,2015-07-21,144.88,146.21,144.5,145.01,933600
FDX,2015-07-22,145.14,145.39,142.49,143.26,1311700
FDX,2015-07-23,143.56,143.59,141.62,141.87,1076600
FDX,2015-07-24,141.95,142.47,138.81,139.53,1579700
FDX,2015-07-27,138.37,140.39,138.06,140.07,2177100
FDX,2015-07-28,141.51,144.24,141.3,144.05,1854200
FDX,2015-07-29,143.94,146.75,143.81,146.14,1261800
FDX,2015-07-30,144.97,146.01,144.67,145.62,928000
FDX,2015-07-31,143.7,146.63,142.34,145.75,1199700
FDX,2015-08-03,145.78,146.2,144.16,145.23,793000
FDX,2015-08-04,145.36,146.13,144.41,144.61,912700
FDX,2015-08-05,145.2,147.09,145.2,145.63,848700
FDX,2015-08-06,146.36,146.4,144.1,144.2,1000800
FDX,2015-08-07,143.78,144.0,141.16,141.98,1410600
FDX,2015-08-10,143.16,144.53,143.06,144.03,1059400
FDX,2015-08-11,143.03,145.46,142.58,143.2,1538900
FDX,2015-08-12,142.67,142.67,139.6,140.55,2306500
FDX,2015-08-13,140.82,141.21,139.06,139.1,1924100
FDX,2015-08-14,139.75,140.63,139.01,140.13,2733700
FDX,2015-08-17,139.6,140.46,138.27,140.26,1512100
FDX,2015-08-18,140.29,142.25,140.08,140.85,1473300
FDX,2015-08-19,140.18,140.68,138.91,140.24,1499300
FDX,2015-08-20,139.17,139.44,136.15,136.42,1962500
FDX,2015-08-21,135.19,136.21,132.49,132.66,2502600
FDX,2015-08-24,124.57,129.09,110.64,126.15,4013500
FDX,2015-08-25,129.88,130.13,123.28,123.33,2917500
FDX,2015-08-26,125.83,126.98,123.07,126.2,3003500
FDX,2015-08-27,128.22,130.54,127.33,130.12,1962900
FDX,2015-08-28,129.84,130.72,129.02,129.66,1302600
FDX,2015-08-31,129.19,129.23,127.7,128.05,1625700
FDX,2015-09-01,125.82,128.38,125.42,125.86,2839000
FDX,2015-09-02,127.53,128.28,125.9,128.23,1745300
FDX,2015-09-03,129.24,130.32,128.09,128.56,1781300
FDX,2015-09-04,127.1,127.45,125.25,126.35,1480200
FDX,2015-09-08,128.61,130.75,128.14,130.55,1708000
FDX,2015-09-09,131.73,132.01,128.83,129.08,1891900
FDX,2015-09-10,128.74,129.3,127.1,127.38,2362900
FDX,2015-09-11,126.9,128.88,125.69,128.67,2380600
FDX,2015-09-14,128.38,128.54,127.08,127.94,2595200
FDX,2015-09-15,128.56,132.54,128.29,131.16,3237300
FDX,2015-09-16,128.95,129.61,124.9,127.43,6205400
FDX,2015-09-17,127.14,129.34,126.34,127.31,2879000
FDX,2015-09-18,125.87,126.24,123.39,123.75,3603700
FDX,2015-09-21,124.16,125.03,123.15,124.35,2444600
FDX,2015-09-22,122.79,123.08,121.32,122.61,2425600
FDX,2015-09-23,122.78,123.34,121.8,122.34,1651800
FDX,2015-09-24,121.13,121.68,120.17,121.31,2097400
FDX,2015-09-25,122.23,124.15,121.67,123.02,1731400
FDX,2015-09-28,121.79,122.33,119.73,119.86,1765200
FDX,2015-09-29,119.86,121.11,119.24,120.88,1444200
FDX,2015-09-30,122.24,123.15,121.72,122.62,1711100
FDX,2015-10-01,122.54,123.85,122.32,123.24,1639200
FDX,2015-10-02,121.23,123.98,120.7,123.93,1308200
FDX,2015-10-05,124.39,128.11,124.39,127.68,1727100
FDX,2015-10-06,128.64,129.38,127.55,129.03,2198000
FDX,2015-10-07,129.51,131.67,129.19,130.28,2394000
FDX,2015-10-08,129.97,132.85,129.74,132.48,1738600
FDX,2015-10-09,132.63,133.88,132.2,132.29,1803500
FDX,2015-10-12,132.14,132.3,130.81,131.51,1245300
FDX,2015-10-13,130.77,130.83,128.91,129.01,1456900
FDX,2015-10-14,128.91,129.55,127.67,128.37,1131800
FDX,2015-10-15,129.23,129.77,127.54,129.55,1004900
FDX,2015-10-16,130.32,131.17,128.76,129.86,1008700
FDX,2015-10-19,129.11,130.14,129.03,129.78,624600
FDX,2015-10-20,129.47,131.25,129.03,131.16,1386900
FDX,2015-10-21,131.7,134.18,131.63,132.84,1592100
FDX,2015-10-22,133.25,136.27,132.89,136.03,2034700
FDX,2015-10-23,137.12,137.71,135.02,135.86,2263200
FDX,2015-10-26,136.32,136.61,134.31,134.45,1686300
FDX,2015-10-27,132.43,134.48,131.78,132.83,1974200
FDX,2015-10-28,133.43,133.81,131.04,132.24,1639100
FDX,2015-10-29,132.01,133.53,131.79,133.19,1145300
FDX,2015-10-30,133.22,133.34,131.61,132.9,2580700
FDX,2015-11-02,133.11,135.54,133.11,135.37,1617200
FDX,2015-11-03,134.85,136.21,134.73,135.52,1352800
FDX,2015-11-04,136.19,136.27,135.06,135.41,1291000
FDX,2015-11-05,136.03,137.04,135.14,136.49,1659700
FDX,2015-11-06,135.49,138.39,135.49,138.29,1835400
FDX,2015-11-09,137.54,138.22,135.69,136.73,2059700
FDX,2015-11-10,136.86,138.36,136.04,137.54,1627900
FDX,2015-11-11,136.27,138.15,135.41,137.14,1881100
FDX,2015-11-12,136.46,136.78,134.99,135.23,1543800
FDX,2015-11-13,134.72,136.26,134.04,134.66,1758100
FDX,2015-11-16,134.55,137.69,134.55,137.35,1835400
FDX,2015-11-17,134.55,139.0,134.55,137.47,1129700
FDX,2015-11-18,136.78,138.91,136.78,138.66,1416700
FDX,2015-11-19,138.82,139.94,138.12,139.12,1066700
FDX,2015-11-20,139.74,140.47,139.19,139.79,1252800
FDX,2015-11-23,139.79,140.32,138.73,139.19,878000
FDX,2015-11-24,137.99,139.52,137.68,138.98,1085200
FDX,2015-11-25,138.98,139.24,137.77,138.31,1053300
FDX,2015-11-27,139.16,139.91,138.55,139.75,561700
FDX,2015-11-30,139.33,140.08,134.93,135.02,2925800
FDX,2015-12-01,135.76,136.84,134.17,136.65,2406900
FDX,2015-12-02,135.81,136.3,134.18,134.45,1611800
FDX,2015-12-03,134.56,134.88,130.55,130.84,2588300
FDX,2015-12-04,131.64,132.63,130.58,132.41,2250800
FDX,2015-12-07,131.04,131.44,129.03,129.94,1845700
FDX,2015-12-08,129.09,129.55,126.02,126.38,2155000
FDX,2015-12-09,125.59,127.64,124.7,125.24,2049900
FDX,2015-12-10,125.24,127.71,125.22,126.68,1638900
FDX,2015-12-11,124.89,125.82,123.0,123.07,2696000
FDX,2015-12-14,121.99,122.67,120.19,122.58,3089800
FDX,2015-12-15,123.01,125.82,122.9,123.44,2933100
FDX,2015-12-16,124.46,127.65,124.34,126.97,3032800
FDX,2015-12-17,133.81,134.37,129.27,129.54,5865000
FDX,2015-12-18,128.26,128.47,125.16,125.53,5141500
FDX,2015-12-21,125.88,126.72,123.47,124.34,2065000
FDX,2015-12-22,124.94,126.93,124.57,126.61,2202500
FDX,2015-12-23,126.97,129.02,126.73,128.58,1794900
FDX,2015-12-24,128.15,128.73,126.87,127.67,1148600
FDX,2015-12-28,127.11,127.62,125.42,126.61,1805200
FDX,2015-12-29,127.37,127.74,126.39,127.32,1055600
FDX,2015-12-30,126.98,128.09,126.27,127.27,1217700
FDX,2015-12-31,126.49,128.26,126.35,127.1,1461500
FDX,2016-01-04,124.9,125.41,121.82,122.36,3331500
FDX,2016-01-05,122.47,123.47,121.47,123.4,1698500
FDX,2016-01-06,121.63,122.16,119.67,120.09,1931500
FDX,2016-01-07,117.73,118.37,114.56,114.82,3371200
FDX,2016-01-08,115.68,117.07,114.66,114.92,2386700
FDX,2016-01-11,115.05,115.21,111.95,113.44,2490100
FDX,2016-01-12,114.27,115.39,113.06,114.92,1484100
FDX,2016-01-13,115.43,116.3,110.57,111.15,2268900
FDX,2016-01-14,111.54,113.33,109.54,112.35,2144400
FDX,2016-01-15,109.25,109.99,106.5,108.28,4239300
FDX,2016-01-19,110.23,110.69,106.88,108.52,2956200
FDX,2016-01-20,106.21,107.04,102.13,105.09,3764500
FDX,2016-01-21,105.15,106.72,104.08,105.42,2639000
FDX,2016-01-22,107.66,109.27,107.2,108.82,2393200
FDX,2016-01-25,108.34,109.24,107.24,107.53,2737600
FDX,2016-01-26,107.81,108.98,107.32,108.58,1854400
FDX,2016-01-27,111.03,112.35,108.95,109.41,2323400
FDX,2016-01-28,109.82,110.73,108.73,109.39,1576800
FDX,2016-01-29,109.88,113.5,109.88,113.36,2958100
FDX,2016-02-01,112.28,113.27,110.91,112.87,1857100
FDX,2016-02-02,112.24,112.82,110.84,111.03,2173000
FDX,2016-02-03,111.66,112.22,108.71,111.74,1953600
FDX,2016-02-04,111.49,116.1,111.49,114.5,2542000
FDX,2016-02-05,113.68,114.78,112.29,112.53,1606200
FDX,2016-02-08,111.14,111.75,109.24,111.19,1752400
FDX,2016-02-09,110.26,111.89,109.25,110.71,1936200
FDX,2016-02-10,111.46,112.41,108.65,108.89,2128700
FDX,2016-02-11,107.1,108.34,104.74,106.14,2664100
FDX,2016-02-12,107.11,109.81,106.97,109.71,1726500
FDX,2016-02-16,111.28,113.24,110.16,112.7,1746900
FDX,2016-02-17,113.94,114.89,113.06,113.54,2068200
FDX,2016-02-18,113.34,113.98,110.88,112.04,2125800
FDX,2016-02-19,111.16,111.53,109.26,110.7,2689200
FDX,2016-02-22,110.7,116.42,110.7,115.5,2664700
FDX,2016-02-23,114.67,115.05,112.94,114.15,2357800
FDX,2016-02-24,113.05,114.34,112.12,113.88,1311800
FDX,2016-02-25,114.67,116.07,113.58,116.01,1361400
FDX,2016-02-26,116.59,118.94,116.53,117.2,2005500
FDX,2016-02-29,117.11,119.03,116.59,116.77,2032100
FDX,2016-03-01,117.87,121.06,117.13,120.61,2014700
FDX,2016-03-02,120.21,122.05,120.16,121.37,1798500
FDX,2016-03-03,120.96,123.01,120.76,122.73,1821300
FDX,2016-03-04,122.41,124.79,122.41,122.77,1821000
FDX,2016-03-07,122.21,123.98,121.36,123.77,1548600
FDX,2016-03-08,122.85,123.56,121.47,121.59,1281000
FDX,2016-03-09,121.06,121.59,119.34,121.12,1483800
FDX,2016-03-10,121.39,122.42,119.29,121.02,1168000
FDX,2016-03-11,122.51,123.56,121.85,123.42,1145800
FDX,2016-03-14,123.15,123.91,122.42,122.93,1657300
FDX,2016-03-15,122.2,122.48,121.1,122.27,1769600
FDX,2016-03-16,121.78,123.7,120.66,123.29,2573200
FDX,2016-03-17,132.66,138.19,131.68,137.88,8891700
FDX,2016-03-18,137.29,140.05,137.05,139.91,4538100
FDX,2016-03-21,139.79,140.87,139.22,140.62,2154800
FDX,2016-03-22,139.77,140.07,138.72,139.66,1647700
FDX,2016-03-23,139.66,139.93,138.76,138.99,1247500
FDX,2016-03-24,137.85,139.13,137.2,139.0,1100000
FDX,2016-03-28,138.93,139.21,137.07,138.61,1527300
FDX,2016-03-29,138.47,139.38,137.31,139.29,1508800
FDX,2016-03-30,139.3,139.7,137.99,138.08,1399600
FDX,2016-03-31,138.06,139.25,137.29,139.06,1984300
FDX,2016-04-01,138.71,140.15,137.68,139.87,1504900
FDX,2016-04-04,140.05,141.45,139.46,139.99,1643600
FDX,2016-04-05,138.58,139.31,138.15,138.4,1147500
FDX,2016-04-06,138.45,139.42,137.36,139.11,1123800
FDX,2016-04-07,137.74,138.92,137.42,137.83,1362500
FDX,2016-04-08,138.52,141.43,138.38,139.66,1597500
FDX,2016-04-11,139.69,141.1,139.33,139.34,1452800
FDX,2016-04-12,139.78,141.68,139.34,141.1,1667700
FDX,2016-04-13,141.63,143.1,141.61,142.91,1603000
FDX,2016-04-14,142.85,143.19,141.56,141.61,1039500
FDX,2016-04-15,141.61,142.22,140.86,141.78,863700
FDX,2016-04-18,141.29,143.04,140.85,142.83,833800
FDX,2016-04-19,143.4,144.69,142.42,143.81,1056000
FDX,2016-04-20,143.9,144.39,143.02,143.06,815100
FDX,2016-04-21,142.48,143.24,141.15,141.5,1178400
FDX,2016-04-22,142.1,142.66,141.06,142.14,1359100
FDX,2016-04-25,141.57,142.92,140.18,141.49,1033100
FDX,2016-04-26,141.71,143.23,141.36,142.81,1034200
FDX,2016-04-27,142.78,143.75,142.05,143.2,847600
FDX,2016-04-28,142.63,143.71,141.4,141.57,1118900
FDX,2016-04-29,140.88,141.52,139.93,141.1,1228900
FDX,2016-05-02,141.52,143.73,141.44,143.22,1393100
FDX,2016-05-03,141.66,142.05,139.45,140.83,1284200
FDX,2016-05-04,141.53,142.81,140.61,141.22,1416500
FDX,2016-05-05,141.37,141.87,136.8,137.05,2584600
FDX,2016-05-06,137.12,138.05,134.76,137.62,1758400
FDX,2016-05-09,137.93,139.22,137.71,138.69,1056800
FDX,2016-05-10,138.81,140.1,138.36,139.52,1451800
FDX,2016-05-11,139.3,140.11,137.47,137.84,1287100
FDX,2016-05-12,138.79,138.84,135.22,136.2,1634300
FDX,2016-05-13,135.52,136.22,134.11,134.82,1322200
FDX,2016-05-16,134.65,136.06,134.1,135.53,1080900
FDX,2016-05-17,135.52,137.32,134.9,135.62,1433500
FDX,2016-05-18,135.03,137.28,135.03,136.3,1292300
FDX,2016-05-19,135.42,136.93,134.89,135.98,1101600
FDX,2016-05-20,137.03,138.84,136.34,138.13,1369900
FDX,2016-05-23,138.15,139.11,137.68,138.48,1190100
FDX,2016-05-24,139.28,140.99,138.44,140.48,1205900
FDX,2016-05-25,141.01,141.84,140.18,140.34,1013900
FDX,2016-05-26,140.34,140.57,139.15,139.64,1045100
FDX,2016-05-27,139.85,140.62,139.46,140.56,919600
FDX,2016-05-31,141.38,142.72,140.57,140.99,1338700
FDX,2016-06-01,140.07,140.85,138.76,140.75,928900
FDX,2016-06-02,140.7,141.1,139.9,140.84,684200
FDX,2016-06-03,138.75,140.21,137.59,140.0,1429700
FDX,2016-06-06,139.46,140.14,138.16,139.53,1473800
FDX,2016-06-07,140.65,141.28,139.99,140.87,1502800
FDX,2016-06-08,140.8,141.78,140.58,140.8,934100
FDX,2016-06-09,139.85,140.52,139.2,140.25,1043900
FDX,2016-06-10,139.1,139.55,137.01,137.48,1599400
FDX,2016-06-13,137.01,138.42,136.99,137.11,1447600
FDX,2016-06-14,137.25,138.32,135.77,136.87,1299600
FDX,2016-06-15,137.11,138.22,136.66,136.79,1202500
FDX,2016-06-16,136.18,139.04,134.95,138.68,1896300
FDX,2016-06-17,138.72,139.43,138.17,139.01,2247000
FDX,2016-06-20,140.75,142.65,139.86,140.91,2018200
FDX,2016-06-21,140.98,141.17,139.83,140.46,1933300
FDX,2016-06-22,138.85,139.2,134.0,134.09,4839100
FDX,2016-06-23,134.94,135.93,134.3,135.27,2269700
FDX,2016-06-24,130.18,132.0,128.08,129.0,5853500
FDX,2016-06-27,127.74,128.01,124.23,125.2,2933400
FDX,2016-06-28,127.24,127.86,125.25,126.88,1936800
FDX,2016-06-29,128.28,129.0,127.53,128.73,2192100
FDX,2016-06-30,128.73,130.05,127.66,130.04,1716200
FDX,2016-07-01,132.34,133.6,131.14,131.8,2048800
FDX,2016-07-05,130.63,131.13,128.81,130.37,1917300
FDX,2016-07-06,129.87,130.31,128.51,129.75,1876500
FDX,2016-07-07,130.17,131.5,129.64,130.74,1511000
FDX,2016-07-08,131.94,134.41,131.9,133.84,1743800
FDX,2016-07-11,134.6,135.9,134.01,134.6,1895700
FDX,2016-07-12,135.19,137.21,134.86,137.04,1718300
FDX,2016-07-13,137.19,138.15,136.53,137.44,1448300
FDX,2016-07-14,138.61,140.2,138.31,138.36,1556300
FDX,2016-07-15,138.94,138.99,137.42,137.59,1257100
FDX,2016-07-18,137.73,138.08,136.76,137.73,870300
FDX,2016-07-19,137.04,137.71,136.45,136.81,773200
FDX,2016-07-20,137.16,137.94,136.28,137.14,683400
FDX,2016-07-21,136.66,137.53,135.39,135.72,870700
FDX,2016-07-22,135.41,137.78,135.41,137.74,1233200
FDX,2016-07-25,137.33,137.77,136.57,137.28,1344200
FDX,2016-07-26,137.49,138.64,137.22,138.36,1146600
FDX,2016-07-27,138.24,138.78,137.08,137.86,1020300
FDX,2016-07-28,137.25,138.6,136.57,138.32,872200
FDX,2016-07-29,137.61,138.97,136.52,138.71,1016400
FDX,2016-08-01,138.79,139.55,138.0,138.5,820700
FDX,2016-08-02,137.94,138.65,135.9,136.38,854600
FDX,2016-08-03,136.57,137.77,136.52,137.6,589800
FDX,2016-08-04,137.71,137.8,136.09,136.93,876800
FDX,2016-08-05,137.61,139.62,137.27,139.57,1044900
FDX,2016-08-08,139.94,141.74,139.75,140.25,972500
FDX,2016-08-09,140.09,141.65,139.78,140.79,730800
FDX,2016-08-10,140.4,141.23,140.3,141.06,823100
FDX,2016-08-11,141.31,142.37,140.86,142.04,1046100
FDX,2016-08-12,141.47,142.22,141.06,141.79,1048300
FDX,2016-08-15,141.96,143.08,141.96,142.56,1118400
FDX,2016-08-16,142.13,143.19,141.87,142.85,913400
FDX,2016-08-17,143.07,143.23,142.07,142.61,1101200
FDX,2016-08-18,142.74,143.64,142.39,143.24,1104000
FDX,2016-08-19,142.9,145.17,142.77,144.47,1365900
FDX,2016-08-22,144.78,145.28,143.27,143.84,946500
FDX,2016-08-23,144.79,145.17,144.12,144.44,850600
FDX,2016-08-24,144.4,145.02,143.74,144.13,859700
FDX,2016-08-25,143.3,143.57,141.49,141.82,1319300
FDX,2016-08-26,142.26,143.15,140.82,141.32,1102000
FDX,2016-08-29,141.73,142.13,141.05,141.51,1185200
FDX,2016-08-30,141.81,142.16,140.83,141.3,1004100
FDX,2016-08-31,140.91,141.41,140.07,141.3,1228800
FDX,2016-09-01,141.79,142.43,140.38,141.91,1181900
FDX,2016-09-02,142.41,143.15,141.77,141.78,1599500
FDX,2016-09-06,143.16,143.16,140.28,141.22,1169000
FDX,2016-09-07,140.92,141.72,140.46,141.53,897300
FDX,2016-09-08,140.77,142.45,140.71,142.05,831400
FDX,2016-09-09,140.93,141.87,138.12,138.14,1487500
FDX,2016-09-12,137.58,140.91,137.46,140.21,1325400
FDX,2016-09-13,138.81,139.11,136.8,137.71,1317400
FDX,2016-09-14,137.46,137.98,136.6,136.94,1030300
FDX,2016-09-15,136.55,138.02,136.14,137.47,1397600
FDX,2016-09-16,136.84,137.47,135.87,136.46,2534400
FDX,2016-09-19,137.47,139.33,137.03,138.49,1814400
FDX,2016-09-20,138.92,140.96,138.83,139.69,2689200
FDX,2016-09-21,146.52,149.71,146.52,149.32,5308100
FDX,2016-09-22,149.77,150.62,148.41,149.14,3176300
FDX,2016-09-23,148.31,150.37,148.26,149.77,2472500
FDX,2016-09-26,149.44,151.29,148.67,150.59,2420800
FDX,2016-09-27,150.28,152.32,149.84,152.27,2133200
FDX,2016-09-28,151.9,152.23,149.88,150.68,2280200
FDX,2016-09-29,150.68,151.13,149.38,150.4,1947400
FDX,2016-09-30,150.75,151.24,149.75,150.02,1939300
FDX,2016-10-03,149.32,150.05,148.82,149.69,1453600
FDX,2016-10-04,150.05,150.4,148.46,149.09,1492700
FDX,2016-10-05,150.2,150.52,149.3,149.66,1202600
FDX,2016-10-06,149.72,149.72,148.07,148.65,1260400
FDX,2016-10-07,148.25,148.78,147.48,148.59,1418200
FDX,2016-10-10,148.87,149.94,148.7,149.62,1221600
FDX,2016-10-11,149.26,149.51,148.62,149.5,1462100
FDX,2016-10-12,149.54,149.86,148.64,149.04,1253300
FDX,2016-10-13,147.82,147.89,145.71,146.82,1432800
FDX,2016-10-14,147.97,148.48,146.75,146.84,803600
FDX,2016-10-17,146.81,147.18,146.19,146.72,1051500
FDX,2016-10-18,147.8,148.14,146.44,146.64,900300
FDX,2016-10-19,146.88,147.01,145.64,146.4,1086800
FDX,2016-10-20,146.35,146.53,145.55,145.74,836000
FDX,2016-10-21,144.45,146.22,144.28,146.17,924700
FDX,2016-10-24,147.13,148.14,146.26,147.79,1848300
FDX,2016-10-25,147.15,148.1,147.08,147.66,1132700
FDX,2016-10-26,146.83,149.64,146.44,149.08,1772700
FDX,2016-10-27,150.03,150.48,148.35,149.78,1499700
FDX,2016-10-28,149.93,151.45,148.92,149.65,1502700
FDX,2016-10-31,150.42,151.26,149.64,149.71,992900
FDX,2016-11-01,149.65,149.72,146.14,147.31,1955600
FDX,2016-11-02,147.72,148.98,147.37,148.04,1457300
FDX,2016-11-03,148.33,149.19,147.81,149.14,1265000
FDX,2016-11-04,148.92,150.92,148.46,150.12,1558800
FDX,2016-11-07,151.88,155.18,151.88,154.61,2451900
FDX,2016-11-08,153.97,156.98,153.59,155.71,2012400
FDX,2016-11-09,153.34,156.65,151.53,155.59,2874200
FDX,2016-11-10,156.31,158.88,155.65,157.65,2298000
FDX,2016-11-11,157.17,158.79,156.4,157.76,1560400
FDX,2016-11-14,158.45,160.2,157.56,159.88,2168100
FDX,2016-11-15,159.54,159.6,157.15,159.22,1447000
FDX,2016-11-16,158.79,159.74,156.95,157.87,1262200
FDX,2016-11-17,158.14,159.18,157.56,158.95,931800
FDX,2016-11-18,158.63,160.88,158.01,160.85,1334400
FDX,2016-11-21,160.88,161.67,160.38,161.59,1295300
FDX,2016-11-22,161.89,161.89,161.07,161.53,1162000
FDX,2016-11-23,162.1,163.43,161.5,163.28,880800
FDX,2016-11-25,163.71,164.76,163.69,164.49,653200
FDX,2016-11-28,163.68,164.16,162.74,163.2,1746600
FDX,2016-11-29,163.18,164.34,163.18,163.45,1077700
FDX,2016-11-30,164.47,165.39,163.85,164.61,1533600
FDX,2016-12-01,164.89,166.51,164.89,165.06,1767600
FDX,2016-12-02,164.98,166.31,164.98,165.58,1542900
FDX,2016-12-05,166.35,167.43,165.75,167.04,1409800
FDX,2016-12-06,166.92,167.01,164.55,166.04,1238300
FDX,2016-12-07,166.03,168.95,165.14,168.78,1886100
FDX,2016-12-08,169.32,169.79,166.61,169.59,2951600
FDX,2016-12-09,168.92,169.53,167.92,169.19,1957400
FDX,2016-12-12,168.56,170.6,168.42,170.08,1442700
FDX,2016-12-13,170.96,173.47,169.96,172.99,2237900
FDX,2016-12-14,172.79,172.98,170.06,170.33,2533200
FDX,2016-12-15,170.16,171.92,169.77,170.33,1216300
FDX,2016-12-16,171.1,171.57,168.2,169.09,3589600
FDX,2016-12-19,169.25,170.45,168.46,170.07,1498100
FDX,2016-12-20,171.19,171.68,169.15,171.03,3068000
FDX,2016-12-21,167.38,168.65,165.27,165.33,6406000
FDX,2016-12-22,165.44,165.63,164.18,164.28,2030100
FDX,2016-12-23,164.78,166.11,164.21,165.11,1677400
FDX,2016-12-27,165.21,165.69,163.95,163.98,966500
FDX,2016-12-28,164.22,164.86,161.81,162.18,1555400
FDX,2016-12-29,162.52,163.2,160.43,160.89,1293100
FDX,2016-12-30,161.62,161.75,159.79,160.24,1323200
FDX,2017-01-03,160.56,163.23,160.56,161.53,1708400
FDX,2017-01-04,162.22,162.99,161.24,162.4,1290300
FDX,2017-01-05,162.4,163.83,161.75,162.14,1207800
FDX,2017-01-06,161.88,165.01,161.7,163.73,1658400
FDX,2017-01-09,163.15,163.97,162.66,163.24,1279200
FDX,2017-01-10,162.7,163.42,162.09,162.15,1358100
FDX,2017-01-11,162.0,163.03,161.79,162.86,1045300
FDX,2017-01-12,162.36,162.54,160.36,161.26,1177900
FDX,2017-01-13,161.61,162.39,160.65,160.94,1140600
FDX,2017-01-17,160.17,160.7,158.73,160.11,1343800
FDX,2017-01-18,160.45,161.77,159.85,161.13,903000
FDX,2017-01-19,161.16,161.87,159.79,160.21,1061300
FDX,2017-01-20,160.08,160.93,158.66,159.84,2192900
FDX,2017-01-23,159.9,160.68,158.6,159.6,1070500
FDX,2017-01-24,159.65,165.22,159.65,164.9,2138500
FDX,2017-01-25,164.89,166.97,164.03,166.05,1807000
FDX,2017-01-26,165.5,166.04,164.49,165.73,1067600
FDX,2017-01-27,165.89,169.03,165.06,168.6,1991400
FDX,2017-01-30,168.23,168.23,164.53,166.31,2304100
FDX,2017-01-31,163.75,163.92,160.21,162.74,2952300
FDX,2017-02-01,162.89,162.91,158.96,160.3,2076100
FDX,2017-02-02,160.17,160.86,158.23,158.87,1461900
FDX,2017-02-03,160.15,162.6,159.54,161.97,1356300
FDX,2017-02-06,163.88,164.16,161.56,161.96,1352500
FDX,2017-02-07,161.96,162.37,161.09,161.81,1158500
FDX,2017-02-08,161.57,162.03,160.76,161.75,955600
FDX,2017-02-09,161.75,163.61,161.64,162.28,1347800
FDX,2017-02-10,162.46,164.37,162.06,164.25,1188300
FDX,2017-02-13,164.41,166.22,164.05,165.72,1068300
FDX,2017-02-14,165.31,166.15,164.65,165.63,945300
FDX,2017-02-15,165.89,167.63,165.42,167.53,1308700
FDX,2017-02-16,167.28,167.57,165.37,166.39,1143800
FDX,2017-02-17,165.92,166.69,165.49,166.69,808100
FDX,2017-02-21,167.27,168.3,166.75,168.12,1269600
FDX,2017-02-22,167.31,167.38,165.76,166.81,2126100
FDX,2017-02-23,166.95,167.38,164.12,164.53,1806500
FDX,2017-02-24,164.15,166.19,163.61,166.19,2209900
FDX,2017-02-27,166.07,167.32,165.03,167.27,1777000
FDX,2017-02-28,167.36,168.16,166.01,166.07,1788200
FDX,2017-03-01,167.72,170.91,167.72,169.9,2212700
FDX,2017-03-02,169.52,169.53,167.15,167.56,1786400
FDX,2017-03-03,167.42,168.06,166.92,167.25,819900
FDX,2017-03-06,166.95,168.18,166.38,166.91,925100
FDX,2017-03-07,166.82,167.47,165.55,166.01,1217600
FDX,2017-03-08,166.19,166.81,165.27,166.02,1206800
FDX,2017-03-09,166.18,166.35,163.76,164.98,1406200
FDX,2017-03-10,165.96,166.75,164.19,165.7,1226600
FDX,2017-03-13,165.46,166.64,165.05,166.54,1283000
FDX,2017-03-14,166.35,166.46,164.69,165.04,1352200
FDX,2017-03-15,165.53,167.52,165.14,166.66,1412100
FDX,2017-03-16,166.77,167.3,165.95,166.53,1244000
FDX,2017-03-17,167.2,169.1,165.9,167.81,2390700
FDX,2017-03-20,168.2,168.6,165.73,165.81,2189300
FDX,2017-03-21,166.51,167.18,165.3,165.44,3352300
FDX,2017-03-22,168.74,170.3,166.01,168.95,6132700
FDX,2017-03-23,168.16,168.28,163.07,163.15,3489800
FDX,2017-03-24,163.28,164.12,161.46,162.23,2862300
FDX,2017-03-27,161.08,161.8,158.93,161.3,2405900
FDX,2017-03-28,161.26,164.27,161.26,163.75,1675600
FDX,2017-03-29,163.37,165.28,163.12,164.64,1648300
FDX,2017-03-30,166.01,167.59,165.3,167.45,1890800
FDX,2017-03-31,167.26,169.22,166.63,168.29,2175500
FDX,2017-04-03,168.9,170.06,167.64,168.47,1796500
FDX,2017-04-04,168.21,169.52,167.86,169.26,1866400
FDX,2017-04-05,169.89,171.76,168.59,168.89,1651300
FDX,2017-04-06,169.02,170.11,168.71,169.02,1410500
FDX,2017-04-07,168.63,169.78,168.48,168.72,1612000
FDX,2017-04-10,169.14,170.08,168.36,168.82,1152400
FDX,2017-04-11,168.2,168.27,166.16,166.43,2393500
FDX,2017-04-12,166.54,166.64,160.53,160.67,3427400
FDX,2017-04-13,160.82,161.09,158.43,158.44,2691600
FDX,2017-04-17,158.99,160.31,157.87,160.0,2372600
FDX,2017-04-18,159.42,160.21,158.29,158.34,1525900
FDX,2017-04-19,159.66,160.46,157.72,158.3,1567300
FDX,2017-04-20,159.23,161.22,158.49,160.81,1672200
FDX,2017-04-21,161.25,161.82,159.71,159.78,1725000
FDX,2017-04-24,161.69,162.69,161.53,162.61,1533400
FDX,2017-04-25,163.16,164.36,162.64,162.96,1472600
FDX,2017-04-26,163.04,164.76,162.67,163.49,1598000
FDX,2017-04-27,163.85,165.89,162.76,165.32,2119500
FDX,2017-04-28,165.65,165.85,162.79,163.59,1377500
FDX,2017-05-01,163.77,164.1,162.26,162.32,1349700
FDX,2017-05-02,162.69,163.63,162.33,163.01,1159500
FDX,2017-05-03,163.02,163.95,162.51,163.78,805000
FDX,2017-05-04,164.17,164.91,163.75,164.88,1361500
FDX,2017-05-05,165.15,166.26,164.48,165.94,1116500
FDX,2017-05-08,165.68,165.68,164.56,164.81,1054700
FDX,2017-05-09,165.02,165.25,163.54,164.53,1129500
FDX,2017-05-10,164.32,164.71,163.0,163.63,971000
FDX,2017-05-11,163.11,164.85,162.07,164.57,1328700
FDX,2017-05-12,163.66,165.63,163.66,165.28,1352300
FDX,2017-05-15,165.47,168.97,164.94,167.95,2088500
FDX,2017-05-16,168.02,168.38,167.33,167.42,1069200
FDX,2017-05-17,167.42,167.42,161.32,161.69,2284400
FDX,2017-05-18,162.56,164.49,160.4,162.75,1604700
FDX,2017-05-19,163.25,164.88,162.77,163.31,1308100
FDX,2017-05-22,164.19,165.49,163.37,165.27,1083800
FDX,2017-05-23,165.3,166.7,164.65,166.49,907000
FDX,2017-05-24,166.81,167.21,166.09,166.67,715800
FDX,2017-05-25,167.04,168.11,166.38,168.0,1357600
FDX,2017-05-26,167.1,168.11,166.94,167.52,758000
FDX,2017-05-30,167.14,168.14,166.16,167.2,1083500
FDX,2017-05-31,167.54,167.56,165.51,167.16,1303100
FDX,2017-06-01,167.8,171.4,167.25,171.06,1420100
FDX,2017-06-02,171.65,176.69,171.48,175.16,3027100
FDX,2017-06-05,174.78,176.27,174.25,174.41,1721000
FDX,2017-06-06,173.59,176.71,173.2,175.21,2120100
FDX,2017-06-07,175.32,177.91,174.56,177.78,2175700
FDX,2017-06-08,177.78,178.45,176.18,177.51,1975200
FDX,2017-06-09,177.55,178.6,176.74,177.99,1511100
FDX,2017-06-12,177.77,180.54,177.01,180.34,1841300
FDX,2017-06-13,181.01,181.66,179.76,180.6,1210800
FDX,2017-06-14,181.2,181.2,179.1,180.15,1110300
FDX,2017-06-15,179.23,181.8,179.17,181.49,1281100
FDX,2017-06-16,181.83,182.72,180.73,181.53,1842200
FDX,2017-06-19,182.16,182.32,179.89,181.92,2318000
FDX,2017-06-20,181.91,182.39,180.62,180.62,2344600
FDX,2017-06-21,179.8,184.86,177.64,183.52,3534300
FDX,2017-06-22,181.35,183.84,180.33,182.94,2027300
FDX,2017-06-23,182.73,187.54,182.62,186.15,2547200
FDX,2017-06-26,187.05,187.83,185.85,186.16,1246600
FDX,2017-06-27,185.88,186.83,185.24,185.27,1541500
FDX,2017-06-28,186.88,187.86,186.1,187.71,1463300
FDX,2017-06-29,187.58,187.58,185.85,186.05,1574000
FDX,2017-06-30,187.13,188.75,186.77,187.86,1412800
FDX,2017-07-03,188.87,189.55,187.91,187.91,991600
FDX,2017-07-05,187.92,189.62,187.6,188.71,1169200
FDX,2017-07-06,187.84,188.44,185.54,185.88,1501100
FDX,2017-07-07,186.95,189.3,186.19,188.88,1069200
FDX,2017-07-10,188.44,190.16,188.19,189.19,1018200
FDX,2017-07-11,189.38,189.53,187.02,188.04,1164900
FDX,2017-07-12,189.19,189.52,188.33,188.72,1031600
FDX,2017-07-13,188.75,188.91,187.76,188.42,977800
FDX,2017-07-14,187.79,189.7,187.48,189.36,1000100
FDX,2017-07-17,186.07,187.12,182.85,186.26,2838900
FDX,2017-07-18,185.99,185.99,182.35,182.43,2231000
FDX,2017-07-19,182.5,184.08,181.61,184.02,2616200
FDX,2017-07-20,184.29,184.53,182.69,183.15,1975900
FDX,2017-07-21,182.22,183.78,181.28,183.7,1235700
FDX,2017-07-24,183.33,184.47,182.94,183.84,1035900
FDX,2017-07-25,184.79,186.36,184.68,185.3,898300
FDX,2017-07-26,185.69,185.72,184.52,184.67,669200
FDX,2017-07-27,184.34,184.79,178.26,179.4,2374100
FDX,2017-07-28,179.5,180.62,178.67,179.83,1076400
FDX,2017-07-31,180.12,180.51,179.55,179.82,828900
FDX,2017-08-01,180.63,181.02,177.99,178.68,1176900
FDX,2017-08-02,178.93,181.25,178.33,181.1,1359900
FDX,2017-08-03,180.78,181.29,180.04,180.97,1091000
FDX,2017-08-04,180.85,181.94,178.43,180.94,1450000
FDX,2017-08-07,180.66,180.66,179.44,180.12,988400
FDX,2017-08-08,180.27,181.05,178.69,178.93,1255300
FDX,2017-08-09,178.57,178.63,176.9,178.23,1018700
FDX,2017-08-10,177.9,178.07,175.93,175.95,1110200
FDX,2017-08-11,175.81,178.77,175.59,177.09,1136600
FDX,2017-08-14,178.03,179.82,178.03,179.68,1105200
FDX,2017-08-15,180.24,181.75,179.82,180.72,723000
FDX,2017-08-16,181.03,182.38,180.96,181.21,709700
FDX,2017-08-17,180.66,181.04,177.53,177.53,1028600
FDX,2017-08-18,177.4,179.43,176.94,178.07,930400
FDX,2017-08-21,178.07,178.59,177.09,178.35,980800
FDX,2017-08-22,178.93,181.18,178.77,180.9,701500
FDX,2017-08-23,180.08,180.52,178.07,178.99,1015800
FDX,2017-08-24,179.82,179.85,177.76,178.65,598200
FDX,2017-08-25,179.57,180.67,179.1,179.59,614200
FDX,2017-08-28,180.17,180.87,179.65,180.52,640100
FDX,2017-08-29,179.33,182.95,179.12,182.65,824300
FDX,2017-08-30,183.41,185.41,182.88,184.79,1010700
FDX,2017-08-31,185.63,185.98,184.44,185.31,1088500
FDX,2017-09-01,185.95,187.33,185.42,185.89,825600
FDX,2017-09-05,185.16,185.78,183.6,184.35,992000
FDX,2017-09-06,184.99,185.62,183.18,183.18,1134800
FDX,2017-09-07,183.86,184.98,183.35,184.69,881600
FDX,2017-09-08,184.28,184.28,181.67,182.37,1601000
FDX,2017-09-11,183.78,184.55,182.83,184.03,1491900
FDX,2017-09-12,184.82,188.28,184.65,186.75,1580700
FDX,2017-09-13,186.39,186.74,185.08,186.29,800900
FDX,2017-09-14,185.56,187.32,185.44,185.87,967900
FDX,2017-09-15,184.44,188.02,183.46,186.14,1811600
FDX,2017-09-18,186.29,187.45,185.51,186.35,1125800
FDX,2017-09-19,186.4,187.97,186.29,187.15,2127000
FDX,2017-09-20,187.47,192.97,186.78,191.05,4275900
FDX,2017-09-21,190.62,191.29,188.88,189.6,2092300
FDX,2017-09-22,189.62,191.44,188.75,190.62,1607600
FDX,2017-09-25,190.73,191.41,188.54,189.92,1277500
FDX,2017-09-26,189.53,190.89,189.35,190.45,1404700
FDX,2017-09-27,191.29,191.47,190.62,190.62,1262300
FDX,2017-09-28,190.29,194.52,189.86,194.31,1467900
FDX,2017-09-29,194.31,196.11,193.64,195.45,1290200
FDX,2017-10-02,195.39,196.68,194.6,196.1,1168800
FDX,2017-10-03,195.98,196.6,192.85,193.22,1291300
FDX,2017-10-04,193.1,193.62,191.67,191.76,1004800
FDX,2017-10-05,189.22,192.06,188.69,192.01,2072800
FDX,2017-10-06,191.93,192.56,190.81,191.31,783000
FDX,2017-10-09,191.58,192.15,190.65,191.17,1024600
FDX,2017-10-10,191.79,192.54,191.18,191.29,710200
FDX,2017-10-11,191.88,193.22,191.7,192.94,1318600
FDX,2017-10-12,192.84,195.67,192.62,195.0,1172400
FDX,2017-10-13,195.37,195.89,192.35,192.54,1088200
FDX,2017-10-16,192.97,193.11,190.86,191.79,762800
FDX,2017-10-17,191.49,191.93,190.45,190.7,1034000
FDX,2017-10-18,191.02,193.45,190.8,192.61,851300
FDX,2017-10-19,191.9,194.08,191.15,194.06,1487000
FDX,2017-10-20,194.9,195.69,194.08,195.01,1297900
FDX,2017-10-23,195.82,196.32,194.68,195.24,1192400
FDX,2017-10-24,195.59,196.44,195.16,195.68,1107100
FDX,2017-10-25,195.29,196.17,194.97,195.38,1108600
FDX,2017-10-26,196.09,199.35,195.73,198.45,1430400
FDX,2017-10-27,198.41,200.45,198.08,199.69,1241400
FDX,2017-10-30,199.34,199.67,196.83,197.31,742800
FDX,2017-10-31,197.65,197.82,195.63,195.65,949200
FDX,2017-11-01,196.68,197.01,194.66,195.35,1149900
FDX,2017-11-02,195.56,196.25,193.1,195.21,1318400
FDX,2017-11-03,195.09,195.75,193.86,194.29,810600
FDX,2017-11-06,193.76,194.2,191.07,191.44,1103700
FDX,2017-11-07,191.97,193.08,191.31,191.62,855600
FDX,2017-11-08,190.99,192.27,190.47,191.05,972900
FDX,2017-11-09,190.1,190.4,186.69,188.4,1003400
FDX,2017-11-10,187.92,189.27,187.39,189.01,936300
FDX,2017-11-13,190.18,192.15,189.45,191.86,1209500
FDX,2017-11-14,191.32,191.47,190.2,190.57,805000
FDX,2017-11-15,189.72,190.51,185.57,185.81,1323400
FDX,2017-11-16,186.56,189.47,186.12,188.81,1520300
FDX,2017-11-17,188.07,189.13,187.03,187.15,1446800
FDX,2017-11-20,187.68,189.18,187.2,188.23,991200
FDX,2017-11-21,188.78,188.86,187.87,188.3,1226000
FDX,2017-11-22,188.91,189.25,187.61,188.74,1331900
FDX,2017-11-24,189.75,189.84,187.46,188.02,703600
FDX,2017-11-27,188.11,189.2,187.46,188.77,1244700
FDX,2017-11-28,189.6,189.68,187.77,189.33,1647700
FDX,2017-11-29,189.68,196.23,189.55,195.76,1881800
FDX,2017-11-30,196.97,202.65,196.97,200.55,2789100
FDX,2017-12-01,200.77,201.87,195.96,200.01,1809900
FDX,2017-12-04,203.41,210.6,202.57,207.12,3049700
FDX,2017-12-05,206.47,207.52,203.67,203.96,1592100
FDX,2017-12-06,203.31,206.01,202.46,204.82,1523400
FDX,2017-12-07,204.84,208.19,204.26,207.34,1232200
FDX,2017-12-08,208.62,209.25,207.35,209.02,1196600
FDX,2017-12-11,208.1,209.35,206.0,207.17,1423000
FDX,2017-12-12,207.21,209.57,206.66,207.95,1731100
FDX,2017-12-13,208.72,211.4,207.95,210.14,1204800
FDX,2017-12-14,210.32,210.83,206.91,207.08,1537000
FDX,2017-12-15,208.82,209.89,208.0,208.43,2227000
FDX,2017-12-18,210.99,211.64,209.34,210.04,1977900
FDX,2017-12-19,210.21,211.44,208.69,210.59,2330000
FDX,2017-12-20,219.32,219.88,214.11,217.99,5898100
FDX,2017-12-21,220.4,221.5,215.99,217.21,3257100
FDX,2017-12-22,217.55,218.41,216.34,217.08,1341200
FDX,2017-12-26,217.41,218.15,216.38,216.75,755900
FDX,2017-12-27,217.29,217.37,216.03,217.09,890200
FDX,2017-12-28,217.06,217.6,214.69,215.61,1003400
FDX,2017-12-29,216.2,217.67,215.83,216.66,1162200
FDX,2018-01-02,217.79,223.66,217.06,223.66,2461300
FDX,2018-01-03,223.37,227.11,222.28,226.46,2149600
FDX,2018-01-04,227.74,231.15,227.48,229.98,2600400
FDX,2018-01-05,231.17,235.64,228.89,230.89,2863900
FDX,2018-01-08,233.47,234.58,231.73,233.27,1956000
FDX,2018-01-09,234.43,235.3,231.82,232.48,1648300
FDX,2018-01-10,230.35,233.32,228.89,232.7,1644400
FDX,2018-01-11,233.13,235.47,232.37,235.46,1652100
FDX,2018-01-12,235.51,236.08,234.05,236.04,1342900
FDX,2018-01-16,236.4,237.17,232.01,234.06,1668600
FDX,2018-01-17,234.99,236.08,232.74,235.72,1378100
FDX,2018-01-18,236.4,238.48,234.99,236.32,1903100
FDX,2018-01-19,236.84,238.23,234.27,238.18,1420400
FDX,2018-01-22,237.08,237.99,235.56,237.81,1006300
FDX,2018-01-23,237.86,237.86,235.58,236.18,1182800
FDX,2018-01-24,236.55,236.93,233.4,234.79,1421700
FDX,2018-01-25,235.38,235.38,231.63,232.73,1603500
FDX,2018-01-26,233.14,233.56,230.69,233.43,1522200
FDX,2018-01-29,232.26,234.91,232.06,232.42,1153300
FDX,2018-01-30,231.43,231.69,225.32,227.01,2455400
FDX,2018-01-31,228.96,231.97,227.19,227.9,1764600
FDX,2018-02-01,224.14,230.67,223.43,227.34,2318100
FDX,2018-02-02,226.25,226.82,222.03,222.16,1655000
FDX,2018-02-05,219.22,224.99,215.64,215.76,2315400
FDX,2018-02-06,212.24,220.64,210.56,217.22,3366200
FDX,2018-02-07,216.16,220.95,215.77,218.06,1520100
FDX,2018-02-08,218.5,218.5,207.64,207.75,2735400
FDX,2018-02-09,204.65,207.51,196.4,204.32,5153300
FDX,2018-02-12,205.61,209.58,204.39,208.32,2667200
FDX,2018-02-13,207.29,209.71,205.53,208.66,1537700
FDX,2018-02-14,208.16,210.4,207.38,209.09,1817100
FDX,2018-02-15,210.05,212.84,207.23,212.75,1707700
FDX,2018-02-16,211.85,215.08,210.64,212.02,1476800
FDX,2018-02-20,211.3,212.12,208.6,209.23,1125400
FDX,2018-02-21,209.25,215.11,209.25,211.25,1281300
FDX,2018-02-22,211.99,215.49,211.9,213.1,1383500
FDX,2018-02-23,215.52,219.01,214.89,218.99,1806900
FDX,2018-02-26,219.67,221.54,217.06,220.98,1534300
FDX,2018-02-27,221.08,222.2,215.86,215.97,1393700
FDX,2018-02-28,216.68,218.45,213.82,213.95,1739400
FDX,2018-03-01,213.9,217.47,210.54,211.59,1967800
FDX,2018-03-02,209.75,210.83,206.65,209.52,1729900
FDX,2018-03-05,207.86,211.08,205.95,210.07,1064200
FDX,2018-03-06,211.48,212.39,209.75,211.02,1434900
FDX,2018-03-07,208.38,211.34,207.95,209.84,1648200
FDX,2018-03-08,210.12,210.13,205.07,208.79,1837500
FDX,2018-03-09,210.93,215.25,209.63,215.01,1644700
FDX,2018-03-12,214.98,216.21,213.73,214.51,1277100
FDX,2018-03-13,215.41,219.9,214.72,218.19,1950400
FDX,2018-03-14,219.47,219.69,214.53,214.83,1539300
FDX,2018-03-15,215.38,218.93,215.1,215.25,1732100
FDX,2018-03-16,216.2,221.1,215.79,219.28,2167000
FDX,2018-03-19,218.58,219.95,214.3,217.18,1984000
FDX,2018-03-20,218.0,221.01,216.98,219.25,3398100
FDX,2018-03-21,219.47,224.48,216.66,216.66,4843700
FDX,2018-03-22,214.04,214.04,204.8,205.57,4249800
FDX,2018-03-23,206.26,207.72,199.16,199.66,2666300
FDX,2018-03-26,203.38,208.89,201.44,208.69,2659400
FDX,2018-03-27,209.09,209.92,202.88,204.15,1907100
FDX,2018-03-28,204.15,206.21,202.23,204.29,1882000
FDX,2018-03-29,206.15,211.06,206.03,208.91,1923500
FDX,2018-04-02,208.11,210.45,204.64,207.51,2063900
FDX,2018-04-03,208.14,209.94,206.28,209.72,1540100
FDX,2018-04-04,205.78,208.03,202.32,207.74,2027400
FDX,2018-04-05,208.22,210.5,206.37,209.75,1153600
FDX,2018-04-06,208.19,208.49,201.6,203.85,1447000
FDX,2018-04-09,205.07,207.41,203.65,203.87,1385400
FDX,2018-04-10,207.08,209.48,206.16,207.08,1649200
FDX,2018-04-11,205.44,207.87,205.14,207.08,906000
FDX,2018-04-12,208.42,211.93,208.32,210.48,1167800
FDX,2018-04-13,211.97,214.86,211.51,212.72,1651800
FDX,2018-04-16,213.71,218.46,213.71,217.54,1417400
FDX,2018-04-17,219.01,220.26,217.85,219.26,1351800
FDX,2018-04-18,219.46,224.02,217.54,222.33,2186200
FDX,2018-04-19,221.85,221.85,217.16,218.9,1483900
FDX,2018-04-20,219.0,219.67,213.6,215.01,1512500
FDX,2018-04-23,215.2,216.98,214.62,216.49,813900
FDX,2018-04-24,217.86,220.9,211.64,213.65,1817800
FDX,2018-04-25,213.58,215.79,211.92,214.82,1316000
FDX,2018-04-26,215.08,217.99,212.81,214.85,1708400
FDX,2018-04-27,214.85,218.29,213.78,217.8,1243600
FDX,2018-04-30,218.47,220.07,214.62,215.08,1603400
FDX,2018-05-01,215.11,216.05,211.65,212.87,1599400
FDX,2018-05-02,212.1,212.22,207.72,209.34,1461900
FDX,2018-05-03,208.16,212.12,205.87,210.69,1355400
FDX,2018-05-04,209.29,214.16,207.57,213.11,989500
FDX,2018-05-07,213.77,214.66,210.83,211.53,1308600
FDX,2018-05-08,209.67,213.45,209.6,210.51,1682500
FDX,2018-05-09,211.52,212.57,209.76,212.44,1388700
FDX,2018-05-10,212.86,215.96,212.72,215.52,1232900
FDX,2018-05-11,215.97,219.43,215.75,218.3,1941200
FDX,2018-05-14,219.78,220.81,218.17,218.69,1047600
FDX,2018-05-15,217.06,217.15,214.25,215.2,1638200
FDX,2018-05-16,215.59,216.4,214.51,215.01,1101200
FDX,2018-05-17,215.51,217.72,215.15,216.18,1084000
FDX,2018-05-18,215.67,217.28,214.65,217.04,1195700
FDX,2018-05-21,218.39,221.81,218.11,221.57,1384200
FDX,2018-05-22,222.0,223.0,219.56,219.77,1011300
FDX,2018-05-23,219.27,219.27,216.32,217.93,1106800
FDX,2018-05-24,217.67,219.27,216.21,219.03,1496300
FDX,2018-05-25,218.26,220.28,218.26,218.82,841200
FDX,2018-05-29,217.72,218.79,214.31,215.44,1159700
FDX,2018-05-30,216.41,221.16,216.3,220.2,1201800
FDX,2018-05-31,220.61,220.61,216.47,216.75,1300900
FDX,2018-06-01,218.88,221.69,218.47,220.65,1174500
FDX,2018-06-04,221.61,223.17,218.94,219.15,919300
FDX,2018-06-05,218.87,219.91,217.3,219.26,953900
FDX,2018-06-06,220.94,223.38,218.83,223.22,1096300
FDX,2018-06-07,223.87,226.76,221.85,223.82,1758700
FDX,2018-06-08,223.58,226.57,223.39,226.35,1221800
FDX,2018-06-11,226.34,229.19,226.34,227.93,1424300
FDX,2018-06-12,229.34,232.02,228.99,231.03,1782400
FDX,2018-06-13,231.41,231.46,228.25,228.76,1147800
FDX,2018-06-14,229.7,229.77,227.4,229.25,1015600
FDX,2018-06-15,228.4,230.56,226.95,230.18,1363700
FDX,2018-06-18,228.91,230.26,227.59,229.41,1392400
FDX,2018-06-19,227.46,227.53,221.65,224.82,3160700
FDX,2018-06-20,223.88,223.88,218.46,218.76,3906200
FDX,2018-06-21,218.83,219.08,213.73,214.66,3665100
FDX,2018-06-22,216.26,216.47,210.68,210.91,2635600
FDX,2018-06-25,209.13,209.66,202.37,204.6,3605700
FDX,2018-06-26,205.53,207.56,203.87,206.62,1954200
FDX,2018-06-27,206.62,208.18,200.33,200.43,2596500
FDX,2018-06-28,197.3,198.95,194.05,197.74,4067900
FDX,2018-06-29,199.05,201.3,198.03,198.08,2262700
FDX,2018-07-02,196.6,200.32,196.51,200.11,1587500
FDX,2018-07-03,201.16,201.91,198.27,198.56,922000
FDX,2018-07-05,199.2,199.88,196.73,199.41,1623600
FDX,2018-07-06,199.41,200.02,196.59,199.13,1584900
FDX,2018-07-09,199.95,205.41,199.75,204.95,1733900
FDX,2018-07-10,205.35,206.92,204.41,205.58,1195700
FDX,2018-07-11,203.47,203.67,200.3,200.84,1394600
FDX,2018-07-12,202.2,203.92,200.3,202.99,1333200
FDX,2018-07-13,202.39,204.91,202.22,203.92,983400
FDX,2018-07-16,202.67,204.11,199.82,200.8,1935900
FDX,2018-07-17,200.41,201.9,200.17,201.65,1801300
FDX,2018-07-18,202.03,206.61,201.76,206.04,1888800
FDX,2018-07-19,205.11,207.06,204.13,206.36,1549800
FDX,2018-07-20,205.4,205.9,203.72,204.94,1705400
FDX,2018-07-23,204.88,206.64,204.34,206.23,1207100
FDX,2018-07-24,207.35,209.65,206.14,206.6,1928200
FDX,2018-07-25,206.91,209.85,206.26,209.58,1885300
FDX,2018-07-26,210.41,212.0,209.09,210.45,1505900
FDX,2018-07-27,211.09,212.97,209.43,210.1,1215300
FDX,2018-07-30,210.04,213.16,209.39,209.75,1212800
FDX,2018-07-31,211.57,216.89,211.5,214.49,1886200
FDX,2018-08-01,214.34,214.34,209.96,210.33,1096700
FDX,2018-08-02,209.37,211.04,208.3,210.34,1030000
FDX,2018-08-03,209.92,212.92,209.53,212.26,962300
FDX,2018-08-06,211.43,214.19,211.43,213.84,1209700
FDX,2018-08-07,214.47,217.82,213.46,216.22,1144700
FDX,2018-08-08,216.17,216.59,214.07,214.16,888600
FDX,2018-08-09,214.6,215.54,213.55,213.55,1115600
FDX,2018-08-10,213.02,213.02,209.66,210.9,1483100
FDX,2018-08-13,211.11,211.7,209.51,210.23,900100
FDX,2018-08-14,210.72,214.65,210.72,212.6,1038800
FDX,2018-08-15,212.05,212.88,209.28,212.4,915300
FDX,2018-08-16,213.75,216.92,213.29,214.82,1031200
FDX,2018-08-17,214.64,215.87,214.15,215.42,803800
FDX,2018-08-20,215.77,218.02,215.77,217.04,1031400
FDX,2018-08-21,217.04,220.09,217.04,219.06,1263800
FDX,2018-08-22,218.21,218.76,215.13,215.42,1168200
FDX,2018-08-23,215.35,216.05,212.69,213.27,1205400
FDX,2018-08-24,214.31,214.66,213.28,213.75,1066100
FDX,2018-08-27,214.9,217.95,214.9,217.13,1650900
FDX,2018-08-28,217.62,217.8,215.7,216.02,857900
FDX,2018-08-29,216.45,216.68,215.3,216.0,981700
FDX,2018-08-30,215.88,216.29,214.47,215.25,1171400
FDX,2018-08-31,214.97,215.17,212.37,212.81,1476000
FDX,2018-09-04,212.77,212.8,210.09,210.49,1891400
FDX,2018-09-05,210.29,213.9,209.7,213.52,1889200
FDX,2018-09-06,212.98,215.59,212.03,214.77,1069400
FDX,2018-09-07,214.3,217.21,213.46,215.14,1217300
FDX,2018-09-10,215.24,219.53,214.76,218.19,1229900
FDX,2018-09-11,217.7,218.79,216.31,218.11,1151500
FDX,2018-09-12,218.11,222.4,217.44,221.28,1558200
FDX,2018-09-13,222.59,225.08,221.1,221.44,1717600
FDX,2018-09-14,221.64,224.71,221.56,223.43,1253300
FDX,2018-09-17,225.03,226.76,221.88,223.68,2226500
FDX,2018-09-18,218.44,218.67,210.99,211.3,6941200
FDX,2018-09-19,211.06,212.99,208.73,212.44,3288700
FDX,2018-09-20,213.99,216.54,213.55,215.88,2379900
FDX,2018-09-21,218.0,219.5,215.9,216.32,2389800
FDX,2018-09-24,215.64,216.15,212.22,213.28,1716600
FDX,2018-09-25,213.7,213.88,208.87,209.22,2921100
FDX,2018-09-26,209.55,212.71,208.96,210.89,2270900
FDX,2018-09-27,211.18,211.83,209.27,210.53,1422300
FDX,2018-09-28,209.85,210.95,207.74,210.61,1837700
FDX,2018-10-01,212.09,213.03,209.37,209.86,1427100
FDX,2018-10-02,209.47,210.74,208.88,209.05,1223700
FDX,2018-10-03,209.34,212.86,209.34,210.74,1269000
FDX,2018-10-04,210.63,212.01,207.88,209.11,1101300
FDX,2018-10-05,209.06,209.57,203.74,206.48,1520500
FDX,2018-10-08,205.48,208.7,203.61,205.54,1527800
FDX,2018-10-09,205.02,205.33,200.43,200.96,1668700
FDX,2018-10-10,200.43,200.78,193.61,193.71,2575300
FDX,2018-10-11,192.87,196.54,189.64,190.17,2739700
FDX,2018-10-12,196.05,196.59,190.37,193.3,2869200
FDX,2018-10-15,193.24,193.88,191.64,193.32,2276300
FDX,2018-10-16,194.98,197.98,193.91,197.83,1722100
FDX,2018-10-17,197.68,197.68,194.56,195.45,1377800
FDX,2018-10-18,194.62,195.43,189.01,190.06,1906800
FDX,2018-10-19,190.37,193.08,189.78,192.25,1691000
FDX,2018-10-22,192.21,193.01,189.84,191.03,1366300
FDX,2018-10-23,188.1,191.95,185.59,191.01,1953800
FDX,2018-10-24,189.47,191.92,182.68,182.98,2168500
FDX,2018-10-25,184.84,188.5,184.17,186.99,1632700
FDX,2018-10-26,184.45,187.4,182.02,184.15,1678100
FDX,2018-10-29,186.8,188.82,181.84,184.59,1356400
FDX,2018-10-30,184.63,189.93,184.47,189.39,1302400
FDX,2018-10-31,191.62,194.93,191.62,192.73,1721800
FDX,2018-11-01,193.3,196.92,190.99,195.96,1537700
FDX,2018-11-02,198.26,199.12,192.82,193.88,1808400
FDX,2018-11-05,194.27,196.01,193.81,194.71,1257200
FDX,2018-11-06,194.65,198.7,194.11,198.35,1252700
FDX,2018-11-07,199.75,202.54,196.95,202.29,1289200
FDX,2018-11-08,201.48,202.76,199.29,200.65,1039700
FDX,2018-11-09,200.3,200.83,194.75,196.28,1695000
FDX,2018-11-12,196.44,196.97,191.35,192.1,1577800
FDX,2018-11-13,193.12,197.02,192.46,194.62,1086500
FDX,2018-11-14,196.4,198.81,195.04,196.94,1380300
FDX,2018-11-15,195.25,200.7,194.16,199.26,1285900
FDX,2018-11-16,198.45,199.57,196.44,198.28,1240900
FDX,2018-11-19,198.08,200.29,196.53,197.94,1106200
FDX,2018-11-20,194.81,196.08,192.45,193.6,1620300
FDX,2018-11-21,194.48,197.94,194.48,194.66,1019900
FDX,2018-11-23,193.67,197.68,192.92,195.4,498200
FDX,2018-11-26,197.57,197.78,195.14,196.84,1165700
FDX,2018-11-27,195.73,197.55,194.55,197.0,1122000
FDX,2018-11-28,198.17,202.79,196.92,202.79,1311500
FDX,2018-11-29,201.98,202.49,198.84,198.99,1162900
FDX,2018-11-30,198.73,200.8,197.9,200.3,1588900
FDX,2018-12-03,203.5,205.1,199.66,201.21,1465900
FDX,2018-12-04,198.55,199.03,186.13,188.51,3819600
FDX,2018-12-06,185.43,188.33,183.24,188.11,2248100
FDX,2018-12-07,188.36,190.77,175.57,176.68,3101100
FDX,2018-12-10,174.33,174.35,165.38,169.26,5887300
FDX,2018-12-11,171.4,172.39,164.09,166.38,4584600
FDX,2018-12-12,168.79,169.43,164.57,165.17,3684700
FDX,2018-12-13,165.84,166.21,161.03,164.22,4194800
FDX,2018-12-14,162.44,165.6,160.64,161.52,2558200
FDX,2018-12-17,160.65,163.33,159.04,159.84,3402000
FDX,2018-12-18,161.02,163.31,160.51,162.31,4300800
FDX,2018-12-19,148.46,150.58,142.57,142.57,15288500
FDX,2018-12-20,142.12,144.75,138.92,140.13,6552700
FDX,2018-12-21,138.63,140.19,135.69,138.62,6969400
FDX,2018-12-24,137.7,138.38,133.89,133.97,2935200
FDX,2018-12-26,135.11,140.5,132.42,140.5,3503100
FDX,2018-12-27,139.06,141.27,136.23,141.27,2880200
FDX,2018-12-28,142.35,143.7,138.89,139.48,2876700
FDX,2018-12-31,139.99,141.82,139.41,141.54,2175300
FDX,2019-01-02,139.07,143.34,138.24,143.17,2125700
FDX,2019-01-03,141.94,143.07,137.71,137.91,3033300
FDX,2019-01-04,140.55,144.74,139.93,144.26,2938600
FDX,2019-01-07,144.66,146.38,142.26,146.28,2989400
FDX,2019-01-08,148.0,148.64,145.03,146.53,2610700
FDX,2019-01-09,147.08,150.22,146.6,149.66,2750900
FDX,2019-01-10,148.33,149.69,147.33,149.25,1958500
FDX,2019-01-11,148.7,150.15,146.69,150.01,2836400
FDX,2019-01-14,149.03,151.87,148.37,150.51,2225000
FDX,2019-01-15,150.44,151.47,148.29,149.7,2165400
FDX,2019-01-16,150.19,152.86,149.97,150.34,2342800
FDX,2019-01-17,149.99,153.53,149.79,152.01,1789700
FDX,2019-01-18,153.69,157.21,153.14,155.21,3072100
FDX,2019-01-22,154.68,155.04,152.67,154.32,2105900
FDX,2019-01-23,155.15,155.36,150.27,152.37,1853100
FDX,2019-01-24,152.1,152.9,150.72,152.74,1630100
FDX,2019-01-25,154.31,155.78,152.74,153.85,1968600
FDX,2019-01-28,152.22,152.94,150.65,152.62,1355500
FDX,2019-01-29,152.65,152.92,151.36,152.29,1090200
FDX,2019-01-30,153.64,156.37,151.92,155.7,1562700
FDX,2019-01-31,156.79,156.79,154.92,155.79,1865100
FDX,2019-02-01,156.43,158.02,156.22,157.31,1812500
FDX,2019-02-04,157.21,160.32,156.43,160.31,1694700
FDX,2019-02-05,160.55,161.71,159.74,161.19,1670800
FDX,2019-02-06,160.89,162.33,160.43,161.26,1485300
FDX,2019-02-07,160.35,160.94,157.87,159.12,1853700
FDX,2019-02-08,157.95,158.08,152.45,155.5,2461400
FDX,2019-02-11,155.99,159.01,155.86,158.87,1644700
FDX,2019-02-12,160.23,163.38,159.63,162.7,1819500
FDX,2019-02-13,163.27,164.1,162.41,162.85,1364400
FDX,2019-02-14,161.9,162.5,160.52,161.36,1556900
FDX,2019-02-15,157.04,157.48,155.25,157.3,4730700
FDX,2019-02-19,157.18,159.5,156.98,158.14,1836400
FDX,2019-02-20,158.78,160.57,158.15,159.59,1414700
FDX,2019-02-21,159.48,160.95,159.16,159.92,1033800
FDX,2019-02-22,159.73,159.92,154.5,158.35,2023300
FDX,2019-02-25,159.62,161.12,158.52,158.86,1652900
FDX,2019-02-26,158.65,161.39,158.37,159.42,1612600
FDX,2019-02-27,158.86,159.88,157.83,159.51,966200
FDX,2019-02-28,159.2,159.36,158.1,158.8,1260600
FDX,2019-03-01,159.69,161.81,159.67,160.38,1473300
FDX,2019-03-04,161.49,162.58,157.83,158.92,1694800
FDX,2019-03-05,158.3,158.93,156.65,157.93,1474500
FDX,2019-03-06,158.44,158.59,155.59,156.32,1441900
FDX,2019-03-07,154.58,154.95,150.97,151.65,3743900
FDX,2019-03-08,149.58,152.02,147.6,151.28,2059100
FDX,2019-03-11,151.55,155.54,151.35,155.39,1683200
FDX,2019-03-12,155.87,156.93,154.61,156.02,1506100
FDX,2019-03-13,157.0,158.6,156.27,158.1,1222900
FDX,2019-03-14,157.85,158.1,156.31,157.7,1217000
FDX,2019-03-15,158.06,160.14,156.39,156.74,2481500
FDX,2019-03-18,156.87,160.65,156.87,160.63,2230300
FDX,2019-03-19,161.88,162.92,159.11,159.76,4277000
FDX,2019-03-20,152.13,154.79,149.41,154.17,9287800
FDX,2019-03-21,153.63,157.93,151.9,157.63,3156100
FDX,2019-03-22,156.36,156.87,153.09,153.22,2439500
FDX,2019-03-25,153.16,154.0,150.91,151.53,1851000
FDX,2019-03-26,152.57,154.32,151.88,154.24,1430500
FDX,2019-03-27,154.22,155.42,153.75,155.07,1571900
FDX,2019-03-28,153.98,156.98,153.98,156.67,2031500
FDX,2019-03-29,157.65,160.36,157.55,159.76,2171500
FDX,2019-04-01,160.51,164.68,160.47,164.19,2340900
FDX,2019-04-02,164.25,164.38,161.76,162.06,1553000
FDX,2019-04-03,163.44,165.56,162.28,163.09,1263900
FDX,2019-04-04,162.74,165.34,162.74,165.27,1303100
FDX,2019-04-05,165.5,167.65,164.91,167.23,2301400
FDX,2019-04-08,166.56,168.69,165.91,168.54,1595000
FDX,2019-04-09,167.23,167.7,166.31,167.28,1435500
FDX,2019-04-10,167.32,168.86,166.88,168.2,1069400
FDX,2019-04-11,168.51,169.96,168.17,168.97,1541100
FDX,2019-04-12,170.84,173.47,170.12,173.44,1651200
FDX,2019-04-15,173.49,174.33,172.21,172.76,1829500
FDX,2019-04-16,172.83,174.87,172.49,173.69,1457900
FDX,2019-04-17,174.79,175.53,173.42,174.42,1116700
FDX,2019-04-18,174.78,175.53,174.21,174.5,1391700
FDX,2019-04-22,173.56,173.93,171.9,172.59,1529600
FDX,2019-04-23,172.18,172.68,171.41,171.84,1727400
FDX,2019-04-24,171.81,174.64,171.33,174.24,1511700
FDX,2019-04-25,172.39,172.53,166.11,166.33,3086600
FDX,2019-04-26,163.13,164.27,161.06,162.07,3638100
FDX,2019-04-29,162.49,164.96,161.3,164.35,1471400
FDX,2019-04-30,164.63,167.89,163.41,166.85,1562800
FDX,2019-05-01,167.08,167.18,163.46,163.46,1432900
FDX,2019-05-02,163.23,165.63,160.99,164.71,1477300
FDX,2019-05-03,166.19,167.83,165.34,165.61,1229200
FDX,2019-05-06,161.34,164.0,159.93,163.45,1290300
FDX,2019-05-07,161.39,161.57,156.85,159.1,2152300
FDX,2019-05-08,158.57,159.47,157.02,158.01,2029000
FDX,2019-05-09,156.21,158.22,154.94,158.13,1601400
FDX,2019-05-10,157.42,158.11,153.94,156.75,1475700
FDX,2019-05-13,152.18,153.02,150.4,151.73,1781400
FDX,2019-05-14,152.0,153.54,150.36,151.35,2248700
FDX,2019-05-15,149.82,152.6,147.47,151.95,2314900
FDX,2019-05-16,152.39,158.01,152.24,154.79,2676900
FDX,2019-05-17,151.43,153.42,149.4,149.64,2235100
FDX,2019-05-20,148.15,149.58,147.35,148.13,1672800
FDX,2019-05-21,149.27,149.62,147.47,147.94,1889500
FDX,2019-05-22,146.86,146.98,142.6,142.66,3021800
FDX,2019-05-23,140.99,141.83,139.29,141.42,2498200
FDX,2019-05-24,142.44,142.67,139.74,140.84,1348600
FDX,2019-05-28,140.0,141.08,138.09,139.54,2528400
FDX,2019-05-29,138.87,141.54,137.57,140.52,2045900
FDX,2019-05-30,140.71,142.41,138.26,139.15,1670400
FDX,2019-05-31,136.41,138.04,135.43,135.86,1912400
FDX,2019-06-03,133.12,136.86,132.69,134.16,3918600
FDX,2019-06-04,135.64,140.81,135.36,140.54,2854500
FDX,2019-06-05,141.78,142.22,138.94,139.66,2241000
FDX,2019-06-06,139.4,139.67,137.03,138.13,1585300
FDX,2019-06-07,138.46,140.41,137.6,139.16,2129500
FDX,2019-06-10,140.71,144.42,140.64,142.52,2054500
FDX,2019-06-11,143.95,144.34,139.89,140.41,1857100
FDX,2019-06-12,139.78,142.67,139.21,142.11,1412600
FDX,2019-06-13,143.54,146.08,143.43,145.9,2239600
FDX,2019-06-14,145.48,145.73,142.89,144.91,1590200
FDX,2019-06-17,144.84,145.31,143.6,144.18,1313400
FDX,2019-06-18,145.31,148.93,145.05,146.49,2184300
FDX,2019-06-19,146.78,147.46,145.9,146.68,1608500
FDX,2019-06-20,148.29,149.3,146.88,148.39,2087400
FDX,2019-06-21,148.28,148.57,145.98,146.18,2527500
FDX,2019-06-24,144.98,145.85,141.96,142.24,3563700
FDX,2019-06-25,141.42,141.45,137.89,137.89,4793100
FDX,2019-06-26,138.31,142.56,135.71,141.38,6247600
FDX,2019-06-27,141.8,145.29,141.48,144.37,3460900
FDX,2019-06-28,145.19,147.1,144.98,145.15,5311700
FDX,2019-07-01,148.54,148.54,142.83,144.07,2346800
FDX,2019-07-02,144.16,144.3,141.01,141.26,1860200
FDX,2019-07-03,141.79,142.8,140.86,142.7,1180600
FDX,2019-07-05,142.4,143.59,141.02,143.19,1125300
FDX,2019-07-08,141.68,142.97,140.6,142.17,1586300
FDX,2019-07-09,140.93,141.39,140.29,140.73,1218000
FDX,2019-07-10,143.37,143.94,141.24,141.44,2077600
FDX,2019-07-11,141.54,144.42,141.24,143.75,2499000
FDX,2019-07-12,145.54,148.91,145.26,148.05,3310800
FDX,2019-07-15,148.09,149.27,146.99,148.43,2021800
FDX,2019-07-16,149.24,152.9,149.24,150.1,2744100
FDX,2019-07-17,149.91,150.09,145.64,145.91,3074900
FDX,2019-07-18,145.55,147.19,144.77,146.2,1681600
FDX,2019-07-19,146.9,149.29,146.88,147.75,2067200
FDX,2019-07-22,149.0,151.29,148.73,149.89,2130700
FDX,2019-07-23,151.17,153.78,151.17,153.62,2866400
FDX,2019-07-24,154.52,157.8,154.2,155.6,2679100
FDX,2019-07-25,155.24,156.26,154.38,155.48,1985700
FDX,2019-07-26,155.42,155.52,153.65,154.66,2003200
FDX,2019-07-29,154.29,154.74,151.79,152.59,1389100
FDX,2019-07-30,151.65,152.89,149.93,152.4,1226300
FDX,2019-07-31,152.45,153.82,149.03,150.76,1485400
FDX,2019-08-01,150.43,151.59,143.83,144.37,3039200
FDX,2019-08-02,143.91,145.69,142.62,144.75,1959100
FDX,2019-08-05,141.53,141.59,137.05,139.03,3200700
FDX,2019-08-06,140.71,144.09,140.17,142.5,2802100
FDX,2019-08-07,139.52,142.22,137.23,142.03,2398700
FDX,2019-08-08,143.3,146.04,142.78,145.19,1793300
FDX,2019-08-09,144.74,144.93,141.82,143.33,1270200
FDX,2019-08-12,142.36,142.53,140.04,140.4,912200
FDX,2019-08-13,141.13,144.63,139.08,141.91,1835000
FDX,2019-08-14,139.49,139.71,136.43,137.08,1688400
FDX,2019-08-15,137.39,137.46,133.91,135.1,1874000
FDX,2019-08-16,136.3,138.72,136.13,137.91,1560400
FDX,2019-08-19,140.1,140.78,139.24,139.95,1458300
FDX,2019-08-20,139.29,139.65,137.3,137.77,1089100
FDX,2019-08-21,139.48,140.39,138.81,139.84,1044400
FDX,2019-08-22,139.91,140.55,137.7,139.77,1156300
FDX,2019-08-23,138.36,138.96,133.6,134.35,2806500
FDX,2019-08-26,135.45,136.79,134.07,134.81,1270800
FDX,2019-08-27,135.29,136.24,131.55,132.19,1809600
FDX,2019-08-28,131.85,136.54,130.68,135.42,2064900
FDX,2019-08-29,137.03,140.11,136.92,139.19,1684600
FDX,2019-08-30,140.11,141.72,139.82,140.22,1151500
FDX,2019-09-03,137.73,139.02,136.06,137.35,1270600
FDX,2019-09-04,139.27,141.08,138.99,140.62,1260400
FDX,2019-09-05,142.38,146.19,142.08,145.32,2119200
FDX,2019-09-06,145.56,146.29,143.45,143.67,1413400
FDX,2019-09-09,144.76,148.78,144.63,148.59,2271600
FDX,2019-09-10,148.51,153.1,148.12,152.89,2407300
FDX,2019-09-11,153.37,154.4,150.61,154.4,1642700
FDX,2019-09-12,154.51,155.04,152.14,154.0,1520500
FDX,2019-09-13,155.23,156.43,153.56,154.52,1456400
FDX,2019-09-16,153.0,155.28,151.78,154.05,1546400
FDX,2019-09-17,152.99,154.83,151.9,153.81,4053400
FDX,2019-09-18,136.06,137.19,131.8,133.94,22812400
FDX,2019-09-19,133.33,135.44,132.69,135.31,5557800
FDX,2019-09-20,136.12,136.12,131.76,132.05,5606500
FDX,2019-09-23,130.95,132.33,129.1,129.29,4084500
FDX,2019-09-24,129.52,131.02,126.47,127.14,5502600
FDX,2019-09-25,127.05,131.2,127.05,130.51,3551200
FDX,2019-09-26,130.71,130.9,128.23,128.84,2033200
FDX,2019-09-27,129.29,130.31,127.73,128.66,1967700
FDX,2019-09-30,128.97,130.03,128.66,129.2,1693400
FDX,2019-10-01,129.22,130.33,124.81,125.71,3434800
FDX,2019-10-02,124.4,125.94,123.46,124.95,2740800
FDX,2019-10-03,124.7,125.94,123.01,125.78,2300900
FDX,2019-10-04,125.85,126.97,124.87,126.92,2166100
FDX,2019-10-07,125.89,128.01,125.26,126.11,1778800
FDX,2019-10-08,124.97,125.09,122.82,122.83,2382600
FDX,2019-10-09,123.22,124.05,122.29,123.59,2212800
FDX,2019-10-10,123.85,125.7,123.5,125.47,1751500
FDX,2019-10-11,127.07,130.52,127.07,129.18,3947900
FDX,2019-10-14,128.79,131.09,128.15,130.28,2388200
FDX,2019-10-15,131.0,133.25,130.63,133.1,3187300
FDX,2019-10-16,133.16,135.23,132.91,133.82,3425100
FDX,2019-10-17,134.36,135.28,133.56,133.75,2585400
FDX,2019-10-18,133.56,134.13,132.41,133.05,2789600
FDX,2019-10-21,133.74,136.8,133.21,134.94,3459700
FDX,2019-10-22,134.31,137.3,133.0,137.24,2975000
FDX,2019-10-23,137.03,139.11,136.41,138.44,2174800
FDX,2019-10-24,138.73,139.33,135.83,136.73,1712600
FDX,2019-10-25,136.51,140.45,136.25,140.31,2080600
FDX,2019-10-28,141.03,142.36,139.5,140.59,2597100
FDX,2019-10-29,141.06,141.06,139.17,140.24,1464100
FDX,2019-10-30,140.01,140.02,136.7,138.32,1576200
FDX,2019-10-31,137.57,138.32,134.57,135.49,2110500
FDX,2019-11-01,136.83,139.44,136.65,138.92,2129400
FDX,2019-11-04,141.88,146.47,141.57,146.3,4303600
FDX,2019-11-05,146.09,148.75,144.68,146.31,2510200
FDX,2019-11-06,146.06,146.11,143.7,144.82,1767400
FDX,2019-11-07,146.86,148.07,145.09,145.49,1978200
FDX,2019-11-08,145.38,145.56,143.43,144.87,1152500
FDX,2019-11-11,143.75,144.69,143.19,143.94,1063400
FDX,2019-11-12,144.09,145.42,142.68,143.09,1279900
FDX,2019-11-13,142.01,142.02,138.59,138.66,2211900
FDX,2019-11-14,138.3,140.23,138.0,139.06,1826200
FDX,2019-11-15,139.59,140.69,138.77,140.53,1596800
FDX,2019-11-18,139.46,139.99,137.13,139.83,1794200
FDX,2019-11-19,140.42,140.44,137.72,138.03,1524300
FDX,2019-11-20,137.57,137.65,134.51,135.15,2476200
FDX,2019-11-21,135.35,136.48,134.69,134.98,1595400
FDX,2019-11-22,135.18,139.16,135.14,138.95,2226800
FDX,2019-11-25,139.71,142.31,138.81,141.6,2505800
FDX,2019-11-26,141.75,144.46,140.79,143.34,2769200
FDX,2019-11-27,143.56,143.85,142.2,143.35,1645900
FDX,2019-11-29,142.99,143.3,141.86,142.05,789400
FDX,2019-12-02,142.42,145.29,140.26,140.26,2704500
FDX,2019-12-03,136.88,137.1,134.04,134.15,3766100
FDX,2019-12-04,135.48,138.18,135.24,136.57,2300800
FDX,2019-12-05,137.43,137.47,135.21,136.63,1628200
FDX,2019-12-06,138.15,140.2,138.07,139.59,2436200
FDX,2019-12-09,139.22,140.37,139.06,139.5,1728200
FDX,2019-12-10,139.49,140.95,138.62,139.94,1633600
FDX,2019-12-11,140.16,142.18,139.39,141.79,1676000
FDX,2019-12-12,142.0,147.8,141.5,146.97,2987300
FDX,2019-12-13,147.64,149.63,146.1,147.67,2897200
FDX,2019-12-16,148.79,150.07,143.95,146.27,5052100
FDX,2019-12-17,143.95,146.87,143.52,145.49,5926900
FDX,2019-12-18,134.96,136.17,130.39,130.9,21540900
FDX,2019-12-19,131.09,132.65,130.35,131.04,5826300
FDX,2019-12-20,132.24,132.41,130.73,132.02,5260300
FDX,2019-12-23,133.31,136.16,132.36,135.2,4367700
FDX,2019-12-24,134.65,135.82,134.07,134.39,1797200
FDX,2019-12-26,134.5,136.18,134.15,135.92,2651300
FDX,2019-12-27,136.43,137.36,135.58,135.95,2693000
FDX,2019-12-30,136.46,136.64,133.64,133.82,2612600
FDX,2019-12-31,133.0,135.1,132.58,134.78,2153400
FDX,2020-01-02,135.86,138.24,135.12,138.24,3027600
FDX,2020-01-03,135.93,136.68,135.34,136.53,2216500
FDX,2020-01-06,134.81,136.86,133.85,136.64,2389700
FDX,2020-01-07,136.69,138.35,135.78,137.98,2140100
FDX,2020-01-08,137.77,140.61,137.2,140.05,3053200
FDX,2020-01-09,140.78,141.11,139.57,140.87,2240200
FDX,2020-01-10,140.89,141.21,139.17,139.61,2449600
FDX,2020-01-13,139.69,142.19,139.68,141.97,1985300
FDX,2020-01-14,141.85,146.62,141.38,144.51,5076600
FDX,2020-01-15,145.3,145.3,141.43,141.85,2971800
FDX,2020-01-16,143.14,143.92,141.58,142.2,2343700
FDX,2020-01-17,142.07,143.66,141.33,142.59,1846100
FDX,2020-01-21,141.81,141.86,139.77,140.41,2460400
FDX,2020-01-22,140.37,141.59,138.57,138.64,1911100
FDX,2020-01-23,138.15,138.46,136.13,138.05,2059100
FDX,2020-01-24,138.73,138.73,135.76,137.33,1973600
FDX,2020-01-27,133.8,133.86,131.48,132.35,3368400
FDX,2020-01-28,133.48,133.65,131.12,132.27,2190000
FDX,2020-01-29,132.95,133.76,131.84,131.97,2521600
FDX,2020-01-30,130.13,132.27,127.78,132.15,3380200
FDX,2020-01-31,131.11,131.28,127.98,128.92,3286200
FDX,2020-02-03,129.69,131.38,127.99,128.21,1988400
FDX,2020-02-04,130.46,132.13,130.13,131.48,2573700
FDX,2020-02-05,133.25,134.46,132.65,133.65,2013700
FDX,2020-02-06,134.93,134.93,132.35,132.48,1706800
FDX,2020-02-07,131.29,140.33,130.51,138.74,6532600
FDX,2020-02-10,141.54,142.87,139.22,139.74,3948600
FDX,2020-02-11,141.07,142.22,139.82,140.83,2016800
FDX,2020-02-12,141.9,142.44,140.14,141.28,1607500
FDX,2020-02-13,140.64,144.24,139.47,143.92,2624400
FDX,2020-02-14,143.02,143.76,140.83,141.38,1679000
FDX,2020-02-18,142.0,143.42,139.39,141.34,1924000
FDX,2020-02-19,141.72,144.12,141.57,143.63,1699300
FDX,2020-02-20,143.57,147.29,142.17,146.99,2602500
FDX,2020-02-21,145.52,146.3,144.12,145.51,1645300
FDX,2020-02-24,139.28,140.58,136.03,138.02,3116300
FDX,2020-02-25,138.74,138.87,129.07,129.78,4223800
FDX,2020-02-26,131.4,133.15,127.96,128.82,2766300
FDX,2020-02-27,125.46,129.68,121.65,123.68,3535000
FDX,2020-02-28,120.33,125.85,119.49,125.83,4391200
FDX,2020-03-02,126.73,127.03,120.58,124.56,4418600
FDX,2020-03-03,124.78,126.72,118.15,118.63,4373300
FDX,2020-03-04,120.38,121.63,117.81,121.59,2854700
FDX,2020-03-05,117.66,118.67,114.76,115.81,3150000
FDX,2020-03-06,112.65,117.04,110.89,114.38,3886300
FDX,2020-03-09,107.85,108.91,101.99,103.64,4048100
FDX,2020-03-10,107.62,109.06,102.01,108.1,3564900
FDX,2020-03-11,105.16,105.97,97.22,99.44,4746400
FDX,2020-03-12,92.45,94.22,86.18,86.89,5156500
FDX,2020-03-13,91.78,95.56,86.0,95.52,4275000
FDX,2020-03-16,82.41,89.46,81.06,81.06,4417400
FDX,2020-03-17,83.22,89.71,79.45,85.07,5548700
FDX,2020-03-18,80.97,90.21,80.44,89.29,6997700
FDX,2020-03-19,88.55,104.06,87.22,100.04,4646900
FDX,2020-03-20,102.01,106.33,95.48,99.49,4479200
FDX,2020-03-23,99.38,103.06,96.07,100.11,3933900
FDX,2020-03-24,105.7,109.11,103.4,107.53,3014400
FDX,2020-03-25,108.71,113.71,102.95,105.98,4133200
FDX,2020-03-26,106.92,113.77,106.61,112.51,2713900
FDX,2020-03-27,107.54,111.39,103.91,108.02,2619400
FDX,2020-03-30,109.63,112.52,106.82,111.36,2281000
FDX,2020-03-31,109.74,111.84,106.83,108.62,2643800
FDX,2020-04-01,103.92,106.38,100.6,101.66,2569600
FDX,2020-04-02,100.8,105.08,99.96,104.49,2336100
FDX,2020-04-03,103.23,103.91,96.47,97.84,3205200
FDX,2020-04-06,101.26,107.33,101.23,106.62,3512600
FDX,2020-04-07,111.89,112.41,103.69,103.87,3189300
FDX,2020-04-08,110.18,113.97,107.42,112.46,5576500
FDX,2020-04-09,116.1,116.45,107.64,109.55,4745600
FDX,2020-04-13,112.15,112.15,109.05,110.66,2821800
FDX,2020-04-14,112.64,113.75,109.33,112.05,3084200
FDX,2020-04-15,109.01,109.01,105.84,107.41,2945000
FDX,2020-04-16,107.25,108.39,104.92,106.67,2238700
FDX,2020-04-17,108.39,111.94,108.15,111.84,2464000
FDX,2020-04-20,109.76,112.58,109.14,109.86,2242000
FDX,2020-04-21,108.06,109.45,107.16,107.93,1605600
FDX,2020-04-22,109.75,110.16,106.11,106.19,2082500
FDX,2020-04-23,106.28,109.66,106.15,108.28,2021100
FDX,2020-04-24,108.76,110.35,107.03,110.24,2111000
FDX,2020-04-27,111.22,115.11,109.57,114.03,2395900
FDX,2020-04-28,116.28,116.36,112.12,114.43,2738700
FDX,2020-04-29,116.45,118.07,115.07,115.99,2172500
FDX,2020-04-30,114.6,114.6,112.65,113.56,1970400
FDX,2020-05-01,111.55,111.58,105.26,105.88,3141800
FDX,2020-05-04,104.92,105.31,102.67,103.78,2410400
FDX,2020-05-05,105.55,107.6,104.93,105.41,1703100
FDX,2020-05-06,106.5,106.98,103.09,103.12,1917100
FDX,2020-05-07,104.76,106.48,104.05,104.58,1842100
FDX,2020-05-08,105.93,108.29,105.87,107.89,1770900
FDX,2020-05-11,106.05,106.93,104.16,105.31,1863500
FDX,2020-05-12,105.7,105.8,101.3,101.35,1979400
FDX,2020-05-13,101.3,101.36,96.97,97.95,2905900
FDX,2020-05-14,96.17,97.8,92.63,97.74,3254700
FDX,2020-05-15,96.33,97.61,95.18,96.32,2940000
FDX,2020-05-18,101.66,107.5,101.04,106.77,3602300
FDX,2020-05-19,106.6,106.96,102.7,102.83,2484600
FDX,2020-05-20,104.63,107.03,103.76,104.82,2604100
FDX,2020-05-21,104.43,106.09,103.49,103.71,1740300
FDX,2020-05-22,103.69,105.31,102.95,104.81,2245900
FDX,2020-05-26,110.17,113.53,109.3,111.81,3823000
FDX,2020-05-27,114.66,117.15,112.42,116.84,3203000
FDX,2020-05-28,117.35,119.96,115.83,117.48,3238000
FDX,2020-05-29,116.62,117.25,113.27,116.96,3409400
FDX,2020-06-01,115.6,116.87,114.18,116.19,1990300
FDX,2020-06-02,117.2,120.57,117.09,120.22,2522000
FDX,2020-06-03,122.72,125.3,122.3,123.69,2728800
FDX,2020-06-04,122.99,124.74,121.52,124.7,2001300
FDX,2020-06-05,128.1,130.58,127.2,127.39,3583900
FDX,2020-06-08,129.84,134.36,129.12,133.81,2709900
FDX,2020-06-09,130.68,130.72,127.29,129.61,2253100
FDX,2020-06-10,129.0,129.36,125.7,125.77,2079600
FDX,2020-06-11,119.99,120.46,114.49,115.39,4389300
FDX,2020-06-12,120.57,120.93,115.68,118.89,2272900
FDX,2020-06-15,115.04,120.6,114.03,119.75,1835300
FDX,2020-06-16,123.76,124.85,119.14,121.42,1651800
FDX,2020-06-17,122.47,123.08,120.82,121.52,1214400
FDX,2020-06-18,120.86,124.82,120.49,123.97,2416200
FDX,2020-06-19,126.09,126.2,121.49,123.29,2828500
FDX,2020-06-22,122.32,123.4,121.11,123.07,1448100
FDX,2020-06-23,124.11,125.27,123.07,124.58,1385200
FDX,2020-06-24,123.31,123.62,120.15,121.01,2357300
FDX,2020-06-25,119.79,122.08,118.45,121.93,2310900
FDX,2020-06-26,121.69,121.86,116.37,117.09,3282000
FDX,2020-06-29,118.18,121.27,117.12,121.11,2336200
FDX,2020-06-30,122.61,126.69,121.44,126.21,6473300
FDX,2020-07-01,142.98,147.3,140.2,141.01,17967500
FDX,2020-07-02,142.76,143.76,139.77,139.95,4046900
FDX,2020-07-06,142.13,142.58,138.31,140.66,3015800
FDX,2020-07-07,138.86,143.97,138.73,142.7,2582800
FDX,2020-07-08,142.32,143.46,140.66,142.72,2110700
FDX,2020-07-09,142.22,142.89,139.8,140.18,2238300
FDX,2020-07-10,140.6,143.13,140.39,142.75,1746200
FDX,2020-07-13,144.02,144.21,140.11,140.62,1735900
FDX,2020-07-14,140.62,143.04,139.99,142.67,1641100
FDX,2020-07-15,144.39,146.29,143.15,145.14,3332800
FDX,2020-07-16,145.61,150.41,144.44,149.51,4100000
FDX,2020-07-17,150.57,151.32,148.44,149.4,2047900
FDX,2020-07-20,148.42,149.01,146.55,147.73,1593300
FDX,2020-07-21,148.61,150.82,147.99,148.97,1731700
FDX,2020-07-22,148.19,149.36,147.11,148.64,1231800
FDX,2020-07-23,148.89,150.67,148.2,149.41,1387200
FDX,2020-07-24,148.24,150.21,147.79,148.55,1545900
FDX,2020-07-27,148.52,153.67,147.49,153.59,2926400
FDX,2020-07-28,152.5,153.31,150.06,150.25,2374500
FDX,2020-07-29,150.41,154.25,150.33,152.61,4623800
FDX,2020-07-30,156.75,157.07,152.89,155.46,5407300
FDX,2020-07-31,154.82,155.46,151.21,151.58,2488000
FDX,2020-08-03,152.61,153.55,151.69,152.32,1503400
FDX,2020-08-04,152.32,154.35,152.3,153.61,1264000
FDX,2020-08-05,154.68,155.2,153.23,154.55,1309000
FDX,2020-08-06,154.82,156.15,154.21,155.03,1364900
FDX,2020-08-07,155.24,165.51,155.24,165.2,6311100
FDX,2020-08-10,169.36,180.43,168.62,180.0,10815100
FDX,2020-08-11,180.01,183.25,175.65,176.82,5998200
FDX,2020-08-12,180.02,185.64,179.14,181.78,6238400
FDX,2020-08-13,180.63,184.33,179.67,183.49,3663800
FDX,2020-08-14,181.88,188.7,181.69,187.76,4633000
FDX,2020-08-17,189.02,190.43,185.46,186.0,2662000
FDX,2020-08-18,185.75,187.61,183.78,186.29,3040400
FDX,2020-08-19,186.18,189.87,186.18,187.11,2218000
FDX,2020-08-20,185.63,188.3,184.57,187.96,1532800
FDX,2020-08-21,188.27,191.67,187.67,189.46,2034100
FDX,2020-08-24,191.69,196.18,190.81,195.68,3393700
FDX,2020-08-25,197.28,197.64,191.92,192.9,2160200
FDX,2020-08-26,194.18,195.43,192.69,194.21,1518200
FDX,2020-08-27,194.51,197.01,193.59,196.41,2014900
FDX,2020-08-28,196.43,201.32,196.23,199.73,2996100
FDX,2020-08-31,199.64,201.8,197.84,197.88,1839300
FDX,2020-09-01,198.01,203.92,197.25,202.94,1901800
FDX,2020-09-02,204.43,206.12,200.79,205.14,1680700
FDX,2020-09-03,205.93,209.04,197.32,199.46,4003800
FDX,2020-09-04,200.81,206.03,196.24,204.11,2879800
FDX,2020-09-08,202.01,203.78,198.34,199.54,2121100
FDX,2020-09-09,204.0,206.58,202.31,203.78,3222700
FDX,2020-09-10,207.15,207.15,201.2,202.6,2443300
FDX,2020-09-11,204.4,210.93,203.53,210.13,4865200
FDX,2020-09-14,217.54,217.54,209.94,213.34,6583700
FDX,2020-09-15,212.12,216.51,208.08,213.64,9847300
FDX,2020-09-16,228.4,231.25,222.33,225.94,17073300
FDX,2020-09-17,219.02,225.49,218.55,220.32,4254300
FDX,2020-09-18,219.32,224.04,218.4,219.15,4348700
FDX,2020-09-21,214.79,215.91,207.86,215.5,4109500
FDX,2020-09-22,216.2,220.05,212.7,219.73,2651700
FDX,2020-09-23,221.15,226.13,217.58,217.92,3083000
FDX,2020-09-24,220.26,223.14,216.19,220.45,3048300
FDX,2020-09-25,218.16,227.38,217.97,225.82,3212400
FDX,2020-09-28,230.43,234.65,229.35,229.68,3309800
FDX,2020-09-29,230.17,233.07,224.87,228.83,2195400
FDX,2020-09-30,228.8,232.45,225.22,227.04,2506000
FDX,2020-10-01,230.42,232.7,228.27,229.35,2862300
FDX,2020-10-02,226.17,233.39,225.67,230.36,3015300
FDX,2020-10-05,233.61,235.56,232.65,233.98,2427800
FDX,2020-10-06,234.8,239.19,233.05,234.04,3152200
FDX,2020-10-07,238.17,244.32,237.85,242.15,2986500
FDX,2020-10-08,243.48,246.0,240.43,244.68,1993000
FDX,2020-10-09,247.69,248.24,243.31,245.12,2172000
FDX,2020-10-12,245.76,247.52,244.91,246.88,2063600
FDX,2020-10-13,245.82,248.45,245.39,246.2,1657100
FDX,2020-10-14,248.01,251.81,247.13,249.35,2079400
FDX,2020-10-15,246.51,254.68,245.3,254.65,2254700
FDX,2020-10-16,256.36,259.21,254.55,256.24,2990300
FDX,2020-10-19,257.09,262.88,252.35,254.53,3453100
FDX,2020-10-20,256.36,264.2,255.56,259.43,3924900
FDX,2020-10-21,261.02,264.75,254.79,254.81,3219200
FDX,2020-10-22,255.98,257.84,247.35,249.09,2962900
FDX,2020-10-23,251.21,256.24,249.91,255.96,2498300
FDX,2020-10-26,252.74,253.2,246.79,250.6,2321400
FDX,2020-10-27,252.69,253.06,247.69,247.7,1912300
FDX,2020-10-28,237.16,240.94,232.89,234.69,4039200
FDX,2020-10-29,234.89,243.49,234.75,241.03,2680700
FDX,2020-10-30,238.85,240.1,230.69,234.22,2706900
FDX,2020-11-02,237.13,241.46,233.8,241.0,2042900
FDX,2020-11-03,245.48,249.97,242.03,247.77,2630800
FDX,2020-11-04,249.78,251.67,242.4,242.91,2810600
FDX,2020-11-05,246.43,254.8,246.43,251.91,2234600
FDX,2020-11-06,251.41,256.63,250.15,252.54,1894800
FDX,2020-11-09,247.55,247.78,231.4,238.2,5907200
FDX,2020-11-10,238.65,242.61,232.89,241.26,2874000
FDX,2020-11-11,244.78,244.9,240.11,241.75,1937700
FDX,2020-11-12,243.03,244.53,238.3,241.16,1924000
FDX,2020-11-13,241.91,247.08,241.91,245.45,1593700
FDX,2020-11-16,246.9,253.54,244.1,252.6,2474800
FDX,2020-11-17,254.44,258.35,249.95,257.31,2816700
FDX,2020-11-18,257.89,261.56,255.0,255.01,2874800
FDX,2020-11-19,256.15,257.26,249.93,252.61,2375000
FDX,2020-11-20,253.62,254.25,249.76,249.76,1885500
FDX,2020-11-23,252.94,258.53,252.93,258.48,2431600
FDX,2020-11-24,261.41,267.26,257.53,263.29,3711400
FDX,2020-11-25,263.41,264.29,258.67,260.24,2299600
FDX,2020-11-27,262.5,262.86,257.58,259.44,1248000
FDX,2020-11-30,259.96,262.59,253.24,258.69,3189000
FDX,2020-12-01,264.99,268.69,259.61,259.75,3051100
FDX,2020-12-02,259.27,265.24,257.29,263.33,2518000
FDX,2020-12-03,263.33,267.5,261.58,264.21,1955800
FDX,2020-12-04,265.71,269.88,264.59,266.18,1847700
FDX,2020-12-07,268.0,268.13,264.66,268.13,1483400
FDX,2020-12-08,269.0,274.1,268.74,272.11,2889100
FDX,2020-12-09,273.96,275.91,264.9,266.58,2644900
FDX,2020-12-10,262.91,265.73,260.52,262.59,2961000
FDX,2020-12-11,262.16,264.06,258.92,261.88,2354500
FDX,2020-12-14,267.79,268.11,258.21,258.33,2933900
FDX,2020-12-15,258.75,261.87,256.13,258.51,3018100
FDX,2020-12-16,259.99,263.13,259.3,261.29,2611800
FDX,2020-12-17,261.83,265.89,258.94,264.41,6006900
FDX,2020-12-18,256.48,257.4,248.76,249.31,15457100
FDX,2020-12-21,245.77,247.43,242.92,246.02,4989500
FDX,2020-12-22,246.53,247.29,242.71,247.24,3553600
FDX,2020-12-23,247.56,250.28,244.83,244.91,2350800
FDX,2020-12-24,245.5,246.1,241.73,243.2,1649400
FDX,2020-12-28,244.12,244.36,236.86,237.88,3633100
FDX,2020-12-29,238.79,240.15,234.92,236.63,2676600
FDX,2020-12-30,237.21,237.65,233.74,235.2,2694100
FDX,2020-12-31,234.86,235.64,232.97,234.88,2607800
FDX,2021-01-04,235.58,235.67,226.99,229.06,3797100
FDX,2021-01-05,227.53,230.49,226.22,229.05,3271100
FDX,2021-01-06,226.59,234.3,226.52,229.39,3605300
FDX,2021-01-07,229.87,231.79,222.06,222.58,5657300
FDX,2021-01-08,223.03,223.79,219.32,221.61,4583900
FDX,2021-01-11,219.84,222.97,219.59,221.93,3413200
FDX,2021-01-12,222.63,225.83,219.84,225.31,4376400
FDX,2021-01-13,226.63,229.68,224.55,228.18,3012800
FDX,2021-01-14,230.03,233.72,229.25,231.85,2867100
FDX,2021-01-15,231.39,231.39,227.06,228.49,2805100
FDX,2021-01-19,229.73,231.96,225.18,225.74,2357600
FDX,2021-01-20,227.25,228.3,224.02,227.95,2157300
FDX,2021-01-21,229.58,232.76,228.32,229.74,1948800
FDX,2021-01-22,227.98,231.1,226.18,229.87,1690700
FDX,2021-01-25,228.39,230.5,224.63,229.32,2009700
FDX,2021-01-26,229.97,230.55,225.58,225.88,1836100
FDX,2021-01-27,222.2,222.92,217.68,219.69,2698500
FDX,2021-01-28,222.56,222.82,219.5,219.65,2179000
FDX,2021-01-29,219.81,220.19,212.41,212.91,3241300
FDX,2021-02-01,214.76,216.9,212.89,216.44,2731200
FDX,2021-02-02,222.91,223.09,217.88,219.39,2859600
FDX,2021-02-03,219.48,220.38,216.54,218.29,2160500
FDX,2021-02-04,218.38,224.53,217.91,224.47,2898900
FDX,2021-02-05,227.08,231.06,225.27,230.71,2816600
FDX,2021-02-08,232.29,234.66,231.21,232.91,2135400
FDX,2021-02-09,232.75,235.67,229.79,234.43,1758100
FDX,2021-02-10,236.78,236.89,231.83,232.92,1969600
FDX,2021-02-11,233.41,233.48,227.59,230.12,1741700
FDX,2021-02-12,230.78,238.05,229.8,237.94,2674000
FDX,2021-02-16,238.84,240.16,236.23,236.88,1747600
FDX,2021-02-17,235.1,235.66,231.07,234.4,1433600
FDX,2021-02-18,231.16,233.85,228.89,231.27,1681200
FDX,2021-02-19,233.44,234.66,229.59,230.37,1594800
FDX,2021-02-22,229.11,232.87,228.98,230.4,1822000
FDX,2021-02-23,229.34,230.91,221.99,230.36,1753600
FDX,2021-02-24,230.12,236.39,229.8,235.28,1690200
FDX,2021-02-25,235.28,237.91,229.14,229.99,1629400
FDX,2021-02-26,230.63,232.92,226.63,230.25,1738900
FDX,2021-03-01,234.05,240.02,233.68,237.11,2013500
FDX,2021-03-02,237.69,238.52,234.75,234.86,1400500
FDX,2021-03-03,234.3,237.66,231.11,234.11,1565000
FDX,2021-03-04,232.11,233.8,223.54,226.45,2371600
FDX,2021-03-05,228.75,234.21,222.73,233.38,1932900
FDX,2021-03-08,235.83,237.05,227.68,227.98,2242400
FDX,2021-03-09,229.66,237.75,228.8,233.95,2352000
FDX,2021-03-10,235.04,237.48,234.07,236.21,1600600
FDX,2021-03-11,239.04,245.05,237.93,243.53,3794400
FDX,2021-03-12,242.42,245.98,240.6,245.09,2137300
FDX,2021-03-15,245.81,247.49,239.27,242.07,3211500
FDX,2021-03-16,242.18,242.21,236.11,236.56,2131100
FDX,2021-03-17,234.93,241.44,233.19,241.13,1861400
FDX,2021-03-18,242.93,244.24,238.46,239.02,4536100
FDX,2021-03-19,253.11,256.63,249.7,253.59,12938800
FDX,2021-03-22,253.59,253.79,246.43,248.55,3276400
FDX,2021-03-23,246.18,251.21,240.87,242.01,2277100
FDX,2021-03-24,244.0,248.78,242.55,243.35,2122700
FDX,2021-03-25,241.46,249.46,239.41,248.7,2285400
FDX,2021-03-26,251.89,255.33,249.08,255.19,2066600
FDX,2021-03-29,252.16,255.74,250.93,253.27,1517200
FDX,2021-03-30,253.4,261.37,252.44,259.34,2724700
FDX,2021-03-31,259.42,261.12,256.54,257.64,2026000
FDX,2021-04-01,257.19,258.51,255.6,257.19,1443500
FDX,2021-04-05,259.42,259.97,254.49,255.4,1727200
FDX,2021-04-06,255.48,258.0,254.61,255.94,1407200
FDX,2021-04-07,255.33,256.19,250.97,253.17,1469200
FDX,2021-04-08,256.61,258.0,253.75,258.0,2276000
FDX,2021-04-09,256.6,260.32,255.59,259.94,2039400
FDX,2021-04-12,259.08,265.85,258.64,263.76,1773300
FDX,2021-04-13,267.34,267.36,262.24,263.85,1713700
FDX,2021-04-14,262.6,264.09,260.84,261.06,1099900
FDX,2021-04-15,261.98,265.22,260.02,264.13,1389800
FDX,2021-04-16,265.68,265.77,260.44,260.86,1413000
FDX,2021-04-19,259.47,260.02,255.87,256.92,1677000
FDX,2021-04-20,256.17,257.42,251.56,254.28,1425300
FDX,2021-04-21,253.11,254.95,251.34,252.4,1861400
FDX,2021-04-22,251.55,254.95,250.69,250.84,1444800
FDX,2021-04-23,252.63,253.24,251.23,251.92,1312800
FDX,2021-04-26,253.35,253.86,248.71,250.13,1747000
FDX,2021-04-27,259.92,265.04,257.9,260.79,4961900
FDX,2021-04-28,260.01,262.27,258.89,260.68,1783900
FDX,2021-04-29,263.05,268.76,262.35,268.54,2472200
FDX,2021-04-30,266.24,268.12,262.14,263.33,1821900
FDX,2021-05-03,267.48,277.01,266.85,276.24,4580300
FDX,2021-05-04,274.56,276.83,271.5,276.0,2470500
FDX,2021-05-05,277.46,281.18,274.16,278.04,2530100
FDX,2021-05-06,276.91,282.96,275.27,282.06,2561400
FDX,2021-05-07,279.37,285.81,279.37,285.44,1826100
FDX,2021-05-10,285.43,287.54,280.52,280.52,1733600
FDX,2021-05-11,276.29,279.26,272.63,277.23,2170500
FDX,2021-05-12,274.09,276.43,267.39,268.5,1949200
FDX,2021-05-13,269.45,276.94,268.93,275.2,1444300
FDX,2021-05-14,276.86,281.64,276.86,280.67,1455200
FDX,2021-05-17,281.19,282.6,278.17,280.51,940700
FDX,2021-05-18,280.9,281.44,277.6,277.6,1046100
FDX,2021-05-19,275.74,279.76,272.03,279.31,1734700
FDX,2021-05-20,280.41,282.95,278.25,280.32,1278100
FDX,2021-05-21,281.58,285.98,280.63,280.82,1753600
FDX,2021-05-24,284.38,284.38,280.51,282.86,1807900
FDX,2021-05-25,283.91,284.25,279.11,279.91,1631800
FDX,2021-05-26,281.84,283.75,279.39,281.87,1695100
FDX,2021-05-27,283.46,290.17,282.87,286.26,2657300
FDX,2021-05-28,286.63,287.31,283.92,285.55,1022700
FDX,2021-06-01,288.69,288.93,281.26,281.96,1282400
FDX,2021-06-02,283.91,283.91,275.59,278.07,2088400
FDX,2021-06-03,277.0,279.17,274.09,277.84,1316300
FDX,2021-06-04,278.27,279.37,271.81,274.04,2111200
FDX,2021-06-07,274.84,275.93,271.4,275.15,1960400
FDX,2021-06-08,274.66,275.27,270.86,274.46,1499000
FDX,2021-06-09,274.46,274.49,263.46,265.87,4358600
FDX,2021-06-10,266.3,268.12,264.14,265.62,1811800
FDX,2021-06-11,266.0,268.64,266.0,268.57,1628900
FDX,2021-06-14,269.14,269.55,264.9,265.76,1275600
FDX,2021-06-15,267.57,272.01,266.58,271.48,1834000
FDX,2021-06-16,270.73,271.56,265.29,267.29,1686100
FDX,2021-06-17,267.12,267.34,259.04,260.84,2369400
FDX,2021-06-18,257.74,262.62,255.8,258.8,2553800
FDX,2021-06-21,261.19,267.61,261.05,265.91,1922000
FDX,2021-06-22,267.51,271.32,266.54,270.02,2250100
FDX,2021-06-23,272.12,272.71,268.63,269.73,2157400
FDX,2021-06-24,273.66,276.28,271.19,275.46,5016400
FDX,2021-06-25,266.19,268.02,260.53,265.47,11622000
FDX,2021-06-28,266.42,267.92,263.19,267.32,3537100
FDX,2021-06-29,269.15,272.33,268.11,270.87,3594500
FDX,2021-06-30,269.18,271.53,268.24,271.27,1810900
FDX,2021-07-01,272.74,272.88,269.9,271.99,1749500
FDX,2021-07-02,272.7,272.7,270.4,272.23,1335800
FDX,2021-07-06,272.23,272.45,266.06,267.89,2282500
FDX,2021-07-07,267.33,268.38,264.82,266.92,2293200
FDX,2021-07-08,261.11,267.9,259.92,266.64,1971400
FDX,2021-07-09,268.98,271.15,266.59,269.52,2317500
FDX,2021-07-12,270.32,274.83,267.88,272.49,1905400
FDX,2021-07-13,271.87,275.2,271.6,271.95,1747700
FDX,2021-07-14,271.56,273.57,267.88,269.02,1431800
FDX,2021-07-15,267.33,271.64,267.03,269.22,1166000
FDX,2021-07-16,269.79,270.06,265.6,265.96,1975800
FDX,2021-07-19,261.45,268.55,260.35,268.08,2853300
FDX,2021-07-20,268.62,271.92,267.74,270.99,1656400
FDX,2021-07-21,270.53,274.56,270.36,271.29,1339000
FDX,2021-07-22,270.56,271.74,269.21,269.72,981800
FDX,2021-07-23,270.79,271.57,269.23,270.13,1000600
FDX,2021-07-26,269.23,271.43,268.83,270.52,1205500
FDX,2021-07-27,261.42,262.22,253.8,256.99,4837200
FDX,2021-07-28,258.43,258.51,254.86,256.27,2732100
FDX,2021-07-29,256.27,258.83,255.69,256.35,1820800
FDX,2021-07-30,254.6,256.42,252.59,254.56,2337200
FDX,2021-08-02,255.32,256.98,250.41,251.11,2490400
FDX,2021-08-03,251.22,256.16,249.37,255.34,2151100
FDX,2021-08-04,253.99,254.87,250.13,250.17,1978800
FDX,2021-08-05,250.88,252.58,249.76,250.78,2089700
FDX,2021-08-06,251.58,253.19,250.08,251.21,1701800
FDX,2021-08-09,250.1,250.95,247.84,247.94,1847600
FDX,2021-08-10,247.78,249.48,246.38,246.66,2144700
FDX,2021-08-11,247.71,252.02,246.66,251.21,2017800
FDX,2021-08-12,251.42,253.34,248.87,251.06,1211200
FDX,2021-08-13,250.27,253.47,249.84,252.04,1946200
FDX,2021-08-16,251.69,257.22,250.2,256.11,2757900
FDX,2021-08-17,253.88,255.06,249.87,252.66,2939900
FDX,2021-08-18,251.02,252.45,247.71,248.02,2136600
FDX,2021-08-19,245.51,246.17,241.0,243.29,3101100
FDX,2021-08-20,242.24,244.15,240.12,242.37,2404600
FDX,2021-08-23,243.69,244.73,242.48,242.69,2041400
FDX,2021-08-24,242.58,244.67,242.15,243.52,2111700
FDX,2021-08-25,243.69,247.19,243.06,245.85,2116200
FDX,2021-08-26,245.46,245.46,242.59,243.2,1312100
FDX,2021-08-27,243.19,244.83,242.7,243.6,1551700
FDX,2021-08-30,244.37,244.46,241.36,241.45,1761600
FDX,2021-08-31,241.93,242.72,240.67,241.59,1637600
FDX,2021-09-01,241.96,243.18,239.64,241.81,1760600
FDX,2021-09-02,242.84,245.27,242.79,243.55,1311300
FDX,2021-09-03,243.06,244.91,241.55,242.59,1524800
FDX,2021-09-07,242.84,243.81,239.79,240.41,1634500
FDX,2021-09-08,240.05,240.09,236.03,238.02,1963200
FDX,2021-09-09,236.29,239.58,234.61,236.37,2132800
FDX,2021-09-10,238.49,239.11,234.57,234.85,1717500
FDX,2021-09-13,236.59,238.82,235.03,238.78,1848000
FDX,2021-09-14,239.1,239.79,232.26,232.71,2583500
FDX,2021-09-15,233.72,236.77,232.42,233.98,2285900
FDX,2021-09-16,235.23,236.55,233.48,235.61,1711900
FDX,2021-09-17,232.89,235.0,231.7,232.73,3082400
FDX,2021-09-20,229.89,231.6,226.29,228.7,3474500
FDX,2021-09-21,230.7,231.51,226.85,229.85,4481100
FDX,2021-09-22,213.54,214.27,208.8,208.89,17792400
FDX,2021-09-23,208.88,210.91,207.98,208.75,7092700
FDX,2021-09-24,207.91,208.82,206.63,206.67,4973400
FDX,2021-09-27,206.08,209.05,205.79,206.55,4335500
FDX,2021-09-28,205.92,207.95,202.22,202.8,4717700
FDX,2021-09-29,203.35,204.48,201.34,201.61,3737200
FDX,2021-09-30,202.06,203.5,199.73,199.96,3858600
FDX,2021-10-01,200.62,204.35,198.95,202.92,4033100
FDX,2021-10-04,201.74,204.26,198.11,198.67,3924100
FDX,2021-10-05,198.33,206.5,197.27,204.5,5326900
FDX,2021-10-06,202.51,205.12,200.46,204.44,3652900
FDX,2021-10-07,206.99,207.6,202.87,203.3,3954100
FDX,2021-10-08,202.8,204.2,201.91,203.75,2365000
FDX,2021-10-11,204.29,204.79,200.03,200.45,2884700
FDX,2021-10-12,200.45,202.51,200.32,201.81,2541500
FDX,2021-10-13,202.45,205.56,200.16,204.01,4595300
FDX,2021-10-14,206.45,208.43,205.87,207.4,2841400
FDX,2021-10-15,208.23,209.27,207.3,208.93,4177900
FDX,2021-10-18,207.92,209.5,206.7,207.89,2676800
FDX,2021-10-19,208.95,210.09,207.61,209.11,2088100
FDX,2021-10-20,210.03,211.52,208.96,210.92,2516900
FDX,2021-10-21,210.92,212.79,210.3,212.32,3833400
FDX,2021-10-22,212.35,214.02,211.88,212.45,2577400
FDX,2021-10-25,212.78,215.46,212.01,214.65,2545800
FDX,2021-10-26,217.93,220.02,216.02,216.87,3065400
FDX,2021-10-27,217.48,218.85,214.36,214.55,2677000
FDX,2021-10-28,214.8,215.33,212.6,215.16,1718700
FDX,2021-10-29,213.3,217.36,212.97,214.77,1999900
FDX,2021-11-01,216.37,216.49,214.01,214.87,1431700
FDX,2021-11-02,215.63,216.46,214.29,214.99,1489400
FDX,2021-11-03,214.67,219.29,213.94,218.87,2029600
FDX,2021-11-04,220.44,223.91,219.46,223.42,2889600
FDX,2021-11-05,224.83,225.03,220.16,221.37,1984600
FDX,2021-11-08,223.24,227.64,223.06,226.63,2612200
FDX,2021-11-09,227.97,228.41,224.41,227.49,1832100
FDX,2021-11-10,225.88,228.61,224.86,226.62,1859900
FDX,2021-11-11,227.44,230.89,226.81,228.87,2050400
FDX,2021-11-12,229.74,232.42,228.84,231.51,2115500
FDX,2021-11-15,232.07,232.75,228.2,230.06,1993200
FDX,2021-11-16,229.79,232.8,229.5,230.87,1608900
FDX,2021-11-17,230.35,230.99,225.39,225.55,2104900
FDX,2021-11-18,226.09,227.04,219.98,223.15,2335700
FDX,2021-11-19,223.39,224.5,221.16,221.3,2029900
FDX,2021-11-22,221.3,228.97,220.71,226.13,2185700
FDX,2021-11-23,225.23,225.87,222.84,224.71,1422600
FDX,2021-11-24,223.41,225.13,222.09,222.1,1646000
FDX,2021-11-26,216.4,218.31,214.75,217.16,1775800
FDX,2021-11-29,218.85,220.3,216.19,219.37,1695300
FDX,2021-11-30,217.21,217.95,209.65,210.07,3366000
FDX,2021-12-01,214.29,217.2,207.55,207.71,2337300
FDX,2021-12-02,207.71,216.32,207.36,214.56,2143100
FDX,2021-12-03,215.78,220.09,215.55,219.61,2438300
FDX,2021-12-06,221.58,225.21,220.87,223.45,1829500
FDX,2021-12-07,225.35,227.05,224.5,225.29,1694800
FDX,2021-12-08,225.73,225.73,222.3,223.18,1295500
FDX,2021-12-09,222.04,225.57,221.68,223.64,1279000
FDX,2021-12-10,224.82,227.11,223.64,225.26,1275300
FDX,2021-12-13,223.84,224.53,219.98,220.34,1690800
FDX,2021-12-14,219.52,223.98,218.93,219.56,1687800
FDX,2021-12-15,219.56,221.57,218.61,220.23,1699800
FDX,2021-12-16,221.87,223.86,218.07,218.17,4465900
FDX,2021-12-17,232.09,238.27,226.89,228.96,10117300
FDX,2021-12-20,228.94,231.3,224.5,224.6,2759100
FDX,2021-12-21,227.09,231.19,226.67,230.45,2528100
FDX,2021-12-22,230.82,231.17,228.03,228.63,2324300
FDX,2021-12-23,229.46,234.37,229.26,232.16,2099300
FDX,2021-12-27,233.23,235.25,232.65,234.38,1478600
FDX,2021-12-28,234.17,236.31,233.68,234.56,1342400
FDX,2021-12-29,234.59,236.45,234.37,235.52,1467400
FDX,2021-12-30,235.88,238.01,235.53,236.5,1785300
FDX,2021-12-31,235.59,238.03,235.01,236.57,1272300
FDX,2022-01-03,238.59,240.33,235.99,237.45,1752400
FDX,2022-01-04,238.46,244.23,238.14,243.29,2586600
FDX,2022-01-05,243.37,245.01,240.49,240.73,2437600
FDX,2022-01-06,240.6,243.38,238.9,241.71,1857800
FDX,2022-01-07,241.25,244.85,240.65,242.44,1646000
FDX,2022-01-10,241.18,241.18,231.9,235.61,4553800
FDX,2022-01-11,235.61,236.38,231.56,234.68,2018300
FDX,2022-01-12,235.18,237.87,233.98,235.3,1413500
FDX,2022-01-13,236.22,238.88,235.38,236.64,1658500
FDX,2022-01-14,233.81,235.71,232.59,235.31,1393600
FDX,2022-01-18,232.04,233.49,229.82,232.65,1918700
FDX,2022-01-19,232.65,234.93,231.6,231.6,1302800
FDX,2022-01-20,233.01,235.1,230.18,230.27,1671600
FDX,2022-01-21,229.25,229.58,224.03,224.92,3063600
FDX,2022-01-24,220.01,225.87,217.52,225.66,3051500
FDX,2022-01-25,222.01,226.6,219.5,224.12,2032200
FDX,2022-01-26,225.75,227.99,221.53,223.31,2010800
FDX,2022-01-27,225.23,227.43,220.12,222.18,1865700
FDX,2022-01-28,221.46,224.92,219.61,224.8,2287600
FDX,2022-01-31,224.11,226.07,221.33,225.79,3395900
FDX,2022-02-01,233.98,235.55,230.79,231.43,4598800
FDX,2022-02-02,232.75,232.81,228.54,231.27,1746900
FDX,2022-02-03,229.48,230.86,226.89,227.13,1803300
FDX,2022-02-04,226.14,226.9,222.28,224.18,2142000
FDX,2022-02-07,224.91,225.5,222.82,223.84,1622600
FDX,2022-02-08,224.76,226.21,223.17,223.95,1983100
FDX,2022-02-09,225.73,228.31,223.73,224.3,1729200
FDX,2022-02-10,222.6,223.92,219.99,220.79,2614000
FDX,2022-02-11,220.46,220.87,212.36,213.26,4681000
FDX,2022-02-14,212.45,213.27,208.44,209.81,2510300
FDX,2022-02-15,212.81,215.06,211.24,211.59,2617000
FDX,2022-02-16,210.31,211.58,206.1,210.32,2443600
FDX,2022-02-17,208.87,209.26,205.81,206.06,1415900
FDX,2022-02-18,205.38,206.7,202.79,204.09,1658500
FDX,2022-02-22,202.18,203.56,198.67,200.01,2521400
FDX,2022-02-23,200.83,202.08,197.22,197.3,2253300
FDX,2022-02-24,191.02,198.89,189.47,198.3,3002400
FDX,2022-02-25,198.86,204.47,198.52,202.7,1963900
FDX,2022-02-28,199.45,204.47,198.1,204.13,2477700
FDX,2022-03-01,203.0,203.83,195.28,197.37,2081800
FDX,2022-03-02,198.77,204.41,196.81,201.35,2270600
FDX,2022-03-03,204.46,206.59,202.23,203.25,2467700
FDX,2022-03-04,200.89,201.81,195.63,197.7,2457300
FDX,2022-03-07,195.36,196.62,184.89,185.3,3471100
FDX,2022-03-08,186.68,192.93,183.41,187.98,2928200
FDX,2022-03-09,192.59,201.26,192.59,199.71,3192400
FDX,2022-03-10,196.09,202.47,195.68,202.07,2535300
FDX,2022-03-11,202.73,203.11,196.03,196.44,2346300
FDX,2022-03-14,195.83,198.05,192.42,194.56,2180700
FDX,2022-03-15,197.93,200.5,195.29,199.26,1858400
FDX,2022-03-16,201.73,208.28,201.58,208.19,3088000
FDX,2022-03-17,204.32,211.41,203.09,210.08,5701400
FDX,2022-03-18,202.73,202.9,196.21,201.73,9268400
FDX,2022-03-21,200.63,205.68,200.4,204.72,3434400
FDX,2022-03-22,205.58,210.75,205.02,208.78,2627700
FDX,2022-03-23,207.1,208.32,203.71,204.08,1733600
FDX,2022-03-24,205.2,207.75,203.29,207.45,2006600
FDX,2022-03-25,208.25,209.23,206.38,208.77,1452900
FDX,2022-03-28,209.03,212.09,207.91,211.99,1728100
FDX,2022-03-29,218.16,222.61,217.52,219.84,4055800
FDX,2022-03-30,218.63,219.49,215.77,216.78,2111300
FDX,2022-03-31,215.0,217.32,213.12,213.23,1778600
FDX,2022-04-01,213.23,213.49,203.65,203.88,3435700
FDX,2022-04-04,201.25,203.52,199.73,200.88,3479800
FDX,2022-04-05,198.43,201.66,194.13,194.46,3124100
FDX,2022-04-06,193.05,193.05,187.57,187.99,3492800
FDX,2022-04-07,187.73,188.94,183.57,187.77,3223300
FDX,2022-04-08,186.23,187.69,183.92,185.7,2321200
FDX,2022-04-11,183.94,191.35,183.94,188.1,2081000
FDX,2022-04-12,188.11,190.91,186.45,188.34,2031800
FDX,2022-04-13,188.35,191.26,187.15,190.11,1365500
FDX,2022-04-14,190.8,192.13,188.86,189.59,1922300
FDX,2022-04-18,189.39,190.73,186.11,187.3,1510100
FDX,2022-04-19,188.49,193.6,188.23,192.42,1761400
FDX,2022-04-20,194.01,197.27,192.67,192.77,1824900
FDX,2022-04-21,193.5,194.21,189.37,190.62,2099500
FDX,2022-04-22,189.48,191.59,188.23,189.1,2114800
FDX,2022-04-25,188.03,189.64,182.18,189.28,2162600
FDX,2022-04-26,188.42,189.17,182.67,184.3,1927500
FDX,2022-04-27,182.66,185.74,180.75,183.62,1613700
FDX,2022-04-28,185.98,190.81,184.84,190.61,2261400
FDX,2022-04-29,189.22,192.47,182.46,183.14,2338600
FDX,2022-05-02,183.32,184.74,177.68,181.54,2225600
FDX,2022-05-03,181.77,184.85,180.24,183.78,1957800
FDX,2022-05-04,184.85,193.54,183.5,193.04,2454400
FDX,2022-05-05,190.75,194.02,188.84,190.97,2646500
FDX,2022-05-06,190.22,195.76,187.29,193.71,2357600
FDX,2022-05-09,191.04,195.89,189.53,191.92,2320600
FDX,2022-05-10,193.77,194.94,186.97,191.73,2278600
FDX,2022-05-11,191.4,195.51,190.22,190.93,2807900
FDX,2022-05-12,189.2,191.98,186.43,191.86,2345500
FDX,2022-05-13,192.31,198.18,192.24,194.7,2077100
FDX,2022-05-16,193.95,195.3,191.99,193.26,1301600
FDX,2022-05-17,197.63,205.05,197.14,204.11,2927500
FDX,2022-05-18,200.17,201.39,186.7,187.59,3721100
FDX,2022-05-19,185.3,187.22,180.19,183.42,2598700
FDX,2022-05-20,186.11,186.11,180.09,185.13,2253900
FDX,2022-05-23,186.32,190.72,184.89,188.62,1696200
FDX,2022-05-24,186.74,189.83,181.79,189.14,1929700
FDX,2022-05-25,186.82,189.32,183.21,188.27,2197300
FDX,2022-05-26,190.99,196.83,190.57,195.62,1764200
FDX,2022-05-27,196.18,202.82,196.18,202.43,2146600
FDX,2022-05-31,200.68,208.18,198.28,206.95,3063800
FDX,2022-06-01,207.34,208.56,199.28,201.5,1987300
FDX,2022-06-02,201.43,206.79,201.12,204.13,1642100
FDX,2022-06-03,202.63,203.9,200.65,201.53,1379600
FDX,2022-06-06,203.65,207.48,202.68,205.36,1562900
FDX,2022-06-07,201.74,204.54,199.59,203.99,1115100
FDX,2022-06-08,200.78,203.22,198.79,200.12,1556300
FDX,2022-06-09,200.15,203.98,198.49,199.96,1846500
FDX,2022-06-10,197.33,198.23,190.41,190.54,2263300
FDX,2022-06-13,185.68,188.95,182.84,185.2,1983000
FDX,2022-06-14,203.1,214.05,202.34,211.9,13008700
FDX,2022-06-15,212.64,220.43,211.35,214.51,5035800
FDX,2022-06-16,208.59,209.57,205.87,207.62,3063700
FDX,2022-06-17,206.51,213.26,205.36,211.85,5287600
FDX,2022-06-21,215.77,217.93,210.89,212.42,2342200
FDX,2022-06-22,209.32,213.56,209.31,211.04,2033600
FDX,2022-06-23,211.48,212.17,206.75,210.22,4305100
FDX,2022-06-24,219.52,230.39,218.89,225.28,8395200
FDX,2022-06-27,228.71,229.62,222.47,222.72,2536800
FDX,2022-06-28,225.98,229.83,221.93,222.36,2587800
FDX,2022-06-29,223.21,224.13,209.96,216.55,3736800
FDX,2022-06-30,212.68,213.86,206.52,209.97,3676800
FDX,2022-07-01,206.16,208.01,201.64,207.1,2591700
FDX,2022-07-05,204.31,213.92,202.57,212.66,2862700
FDX,2022-07-06,211.11,213.18,208.4,210.91,1674200
FDX,2022-07-07,213.19,214.74,209.07,214.27,1626000
FDX,2022-07-08,215.07,215.73,211.17,213.47,1092600
FDX,2022-07-11,211.77,214.18,207.31,207.64,1717700
FDX,2022-07-12,206.84,210.72,205.42,206.52,2058700
FDX,2022-07-13,204.37,204.61,199.01,200.17,1992500
FDX,2022-07-14,196.17,198.63,194.87,198.47,1533600
FDX,2022-07-15,201.23,202.57,199.14,201.75,1260600
FDX,2022-07-18,202.93,205.38,201.07,201.89,1513700
FDX,2022-07-19,203.37,209.43,202.67,208.79,1378600
FDX,2022-07-20,209.24,211.68,207.68,210.85,1351500
FDX,2022-07-21,209.73,211.53,209.05,210.85,1006500
FDX,2022-07-22,211.91,213.31,208.75,210.52,1445800
FDX,2022-07-25,212.54,213.56,210.07,211.32,974800
FDX,2022-07-26,206.54,209.92,204.78,208.27,1559900
FDX,2022-07-27,208.95,211.94,205.3,210.82,1221800
FDX,2022-07-28,211.18,213.31,210.52,212.84,1396200
FDX,2022-07-29,212.2,216.7,209.19,215.88,2013700
FDX,2022-08-01,214.93,222.04,214.87,220.15,1905900
FDX,2022-08-02,218.46,219.17,214.44,216.05,1428500
FDX,2022-08-03,217.51,218.66,214.62,215.97,1039700
FDX,2022-08-04,216.53,218.86,216.12,218.67,1082900
FDX,2022-08-05,217.33,221.23,216.26,217.55,1507300
FDX,2022-08-08,218.58,218.72,211.67,212.11,1860200
FDX,2022-08-09,211.09,211.09,206.41,208.36,1934200
FDX,2022-08-10,212.85,217.23,212.1,215.29,2185900
FDX,2022-08-11,216.25,216.72,211.63,212.31,2041600
FDX,2022-08-12,213.08,213.7,211.04,213.65,1680700
FDX,2022-08-15,212.13,216.89,212.05,215.99,1575900
FDX,2022-08-16,215.93,223.11,215.48,220.63,2189400
FDX,2022-08-17,218.04,219.33,215.65,216.19,1190600
FDX,2022-08-18,216.02,218.02,214.87,217.53,993900
FDX,2022-08-19,216.88,217.22,213.24,214.62,1259200
FDX,2022-08-22,210.59,211.07,206.44,207.06,1867300
FDX,2022-08-23,206.85,209.63,206.49,208.63,1021200
FDX,2022-08-24,208.28,210.62,206.44,209.37,1104200
FDX,2022-08-25,210.07,212.06,208.4,211.19,1163900
FDX,2022-08-26,211.52,212.46,201.92,202.05,1547900
FDX,2022-08-29,200.24,202.31,198.88,200.73,1213000
FDX,2022-08-30,202.22,202.82,196.91,197.72,1420400
FDX,2022-08-31,198.6,199.12,194.88,195.25,1718200
FDX,2022-09-01,195.05,197.52,192.74,197.29,1582400
FDX,2022-09-02,199.47,199.67,192.98,194.37,1422700
FDX,2022-09-06,190.9,192.67,188.42,190.13,2359200
FDX,2022-09-07,187.55,188.46,183.35,187.76,3098800
FDX,2022-09-08,186.88,189.05,183.98,188.92,2474700
FDX,2022-09-09,190.72,195.16,190.48,194.7,1739400
FDX,2022-09-12,195.8,200.99,195.8,199.14,2278900
FDX,2022-09-13,194.53,195.81,190.07,191.22,1589800
FDX,2022-09-14,190.64,191.33,187.1,190.91,1510700
FDX,2022-09-15,190.53,191.99,189.25,190.78,3080200
FDX,2022-09-16,148.36,150.71,144.34,149.95,34201900
FDX,2022-09-19,149.0,153.98,148.53,151.7,9425000
FDX,2022-09-20,150.09,150.11,146.25,146.58,5372100
FDX,2022-09-21,146.36,148.2,142.71,142.71,5491600
FDX,2022-09-22,142.13,149.61,140.0,143.91,10265500
FDX,2022-09-23,139.47,142.42,136.57,139.06,7195500
FDX,2022-09-26,138.26,140.47,132.61,133.08,5698200
FDX,2022-09-27,133.63,135.58,132.16,134.98,4466400
FDX,2022-09-28,135.7,140.72,134.79,139.68,4959200
FDX,2022-09-29,137.73,142.12,137.06,141.84,5199200
FDX,2022-09-30,140.57,142.83,138.14,138.26,3642600
FDX,2022-10-03,139.8,142.16,137.81,141.05,2701200
FDX,2022-10-04,144.52,148.64,143.83,148.18,10089400
FDX,2022-10-05,144.57,148.01,143.91,146.08,7169300
FDX,2022-10-06,145.65,147.14,144.18,144.52,4254600
FDX,2022-10-07,142.02,143.97,138.72,143.79,7783500
FDX,2022-10-10,145.17,145.69,141.69,142.68,5310500
FDX,2022-10-11,141.11,143.96,140.69,141.62,6045600
FDX,2022-10-12,141.61,144.38,141.22,142.38,2468100
FDX,2022-10-13,140.1,147.17,138.69,145.51,2993400
FDX,2022-10-14,146.09,147.52,144.26,146.17,2269800
FDX,2022-10-17,147.4,148.88,144.72,146.19,3187000
FDX,2022-10-18,149.64,150.32,144.4,145.55,3136200
FDX,2022-10-19,145.01,145.93,141.14,142.44,3433700
FDX,2022-10-20,142.43,144.72,139.57,139.82,3652100
FDX,2022-10-21,139.86,143.28,139.35,142.69,6074900
FDX,2022-10-24,141.73,145.73,141.02,144.12,2857600
FDX,2022-10-25,145.17,146.51,144.2,145.09,3077700
FDX,2022-10-26,145.63,148.23,144.88,147.1,3733800
FDX,2022-10-27,148.01,149.28,145.86,146.12,1646700
FDX,2022-10-28,146.71,149.49,145.06,149.34,2568600
FDX,2022-10-31,148.09,151.08,147.71,149.26,1911000
FDX,2022-11-01,150.82,151.37,145.94,147.31,2199500
FDX,2022-11-02,146.0,149.19,143.71,143.93,2281900
FDX,2022-11-03,142.48,145.46,140.93,144.27,6053200
FDX,2022-11-04,146.41,147.98,143.51,145.89,1473800
FDX,2022-11-07,147.04,148.7,146.24,148.29,1711900
FDX,2022-11-08,149.0,152.06,146.51,148.57,3602700
FDX,2022-11-09,147.14,150.05,146.78,147.17,2257200
FDX,2022-11-10,151.51,156.02,151.51,154.59,3783100
FDX,2022-11-11,155.42,164.74,154.81,163.54,4436500
FDX,2022-11-14,162.52,166.59,162.52,162.74,2999100
FDX,2022-11-15,164.47,167.17,161.71,164.14,5216900
FDX,2022-11-16,162.04,163.55,157.9,159.03,2388400
FDX,2022-11-17,157.38,159.84,155.7,159.75,1641100
FDX,2022-11-18,162.04,163.1,160.28,162.71,1845900
FDX,2022-11-21,161.97,163.12,160.98,161.7,1385200
FDX,2022-11-22,162.88,164.7,162.55,163.59,1457300
FDX,2022-11-23,163.72,164.73,163.22,164.23,1758000
FDX,2022-11-25,165.06,165.55,163.91,164.55,445300
FDX,2022-11-28,163.67,164.12,160.07,161.3,2656900
FDX,2022-11-29,162.73,166.18,162.33,165.59,1662900
FDX,2022-11-30,164.85,170.47,164.6,169.69,5014500
FDX,2022-12-01,169.49,170.93,167.5,168.04,1562500
FDX,2022-12-02,165.91,169.92,164.91,168.94,2060300
FDX,2022-12-05,167.21,167.55,164.19,164.46,1560700
FDX,2022-12-06,164.31,164.43,159.33,161.15,2064100
FDX,2022-12-07,160.43,162.31,159.89,160.44,1500200
FDX,2022-12-08,159.51,162.65,158.79,160.09,2229500
FDX,2022-12-09,159.52,163.91,159.52,161.56,1475000
FDX,2022-12-12,161.33,167.09,161.33,166.29,2461600
FDX,2022-12-13,172.21,172.87,164.62,165.83,2754300
FDX,2022-12-14,165.35,169.63,164.83,166.94,1611700
FDX,2022-12-15,164.18,165.28,161.04,162.35,1802600
FDX,2022-12-16,161.64,162.84,158.99,160.99,3383700
FDX,2022-12-19,159.65,160.98,156.59,158.23,2783800
FDX,2022-12-20,157.43,157.98,152.45,154.08,5451400
FDX,2022-12-21,163.63,163.86,157.65,159.37,7904800
FDX,2022-12-22,157.55,164.79,157.16,164.71,5122100
FDX,2022-12-23,164.73,167.87,164.54,164.94,3035900
FDX,2022-12-27,164.74,166.87,164.16,165.99,1936600
FDX,2022-12-28,166.07,166.51,162.21,162.24,1705200
FDX,2022-12-29,162.98,165.82,162.76,164.58,1362900
FDX,2022-12-30,163.06,164.22,160.83,162.38,1558300
FDX,2023-01-03,164.04,166.49,163.63,166.19,2193900
FDX,2023-01-04,167.82,171.61,167.79,170.11,2286000
FDX,2023-01-05,168.43,170.52,167.2,169.95,2441600
FDX,2023-01-06,170.98,174.81,169.58,174.16,2039400
FDX,2023-01-09,174.17,180.13,174.09,177.88,2894300
FDX,2023-01-10,176.85,178.05,174.85,176.95,1694400
FDX,2023-01-11,178.12,181.79,178.12,180.19,1913000
FDX,2023-01-12,180.13,181.07,178.55,179.9,1560600
FDX,2023-01-13,178.55,179.07,176.45,176.84,1343800
FDX,2023-01-17,176.22,176.72,174.43,176.38,1853500
FDX,2023-01-18,176.46,179.73,175.8,175.94,1337800
FDX,2023-01-19,174.32,175.18,172.17,172.72,1321200
FDX,2023-01-20,173.61,175.3,172.71,175.2,1595900
FDX,2023-01-23,175.5,180.28,174.67,179.21,1642200
FDX,2023-01-24,177.17,180.14,176.98,177.43,1238900
FDX,2023-01-25,175.04,176.55,174.24,176.08,1020400
FDX,2023-01-26,177.1,178.42,175.13,178.26,1045800
FDX,2023-01-27,177.93,181.1,177.76,178.65,1435900
FDX,2023-01-30,176.3,176.77,172.12,172.58,2091600
FDX,2023-01-31,172.97,181.83,172.87,181.75,2423200
FDX,2023-02-01,181.03,191.31,180.53,189.48,5262100
FDX,2023-02-02,196.2,203.81,196.2,201.1,3836500
FDX,2023-02-03,198.98,202.45,198.21,201.26,2255100
FDX,2023-02-06,199.69,201.07,196.12,197.43,1890000
FDX,2023-02-07,196.61,197.48,193.07,196.79,1822300
FDX,2023-02-08,196.17,197.78,195.24,196.39,1425900
FDX,2023-02-09,196.97,197.82,194.88,195.59,1245400
FDX,2023-02-10,193.49,197.19,193.23,196.29,1286700
FDX,2023-02-13,194.64,198.67,194.3,198.44,1159500
FDX,2023-02-14,197.2,199.71,195.57,199.38,1101900
FDX,2023-02-15,198.18,199.81,196.88,199.73,953100
FDX,2023-02-16,196.43,199.47,195.94,198.44,1278500
FDX,2023-02-17,197.24,198.61,196.17,197.16,993300
FDX,2023-02-21,193.77,194.99,190.41,192.8,1715900
FDX,2023-02-22,192.8,194.23,187.12,190.16,2388900
FDX,2023-02-23,192.02,192.73,189.9,192.36,1345000
FDX,2023-02-24,190.54,191.38,188.1,190.58,1387600
FDX,2023-02-27,193.17,195.1,191.02,191.31,1324200
FDX,2023-02-28,191.29,193.82,190.39,190.52,1464100
FDX,2023-03-01,190.55,193.66,189.92,191.56,1179800
FDX,2023-03-02,190.62,194.65,189.92,194.0,1092500
FDX,2023-03-03,195.44,196.97,194.19,196.02,1612300
FDX,2023-03-06,196.5,198.65,196.27,197.0,2148000
FDX,2023-03-07,196.62,196.62,193.28,193.43,1526900
FDX,2023-03-08,193.03,196.85,192.56,196.45,1073900
FDX,2023-03-09,197.89,199.98,194.35,194.84,1954600
FDX,2023-03-10,195.33,195.33,187.13,189.67,2537900
FDX,2023-03-13,185.69,187.95,182.94,186.09,2267900
FDX,2023-03-14,188.55,190.38,184.34,186.56,2582700
FDX,2023-03-15,182.89,184.13,179.9,184.12,2674300
FDX,2023-03-16,185.05,193.35,184.15,192.37,5068500
FDX,2023-03-17,213.11,213.11,206.01,207.69,12660500
FDX,2023-03-20,207.39,208.61,203.14,203.86,3336400
FDX,2023-03-21,205.72,209.36,205.58,207.24,2006800
FDX,2023-03-22,207.8,210.8,204.62,204.63,2191000
FDX,2023-03-23,205.41,209.89,203.68,204.5,2583700
FDX,2023-03-24,204.46,205.71,202.38,205.14,1772600
FDX,2023-03-27,204.88,208.68,204.71,207.23,1869900
FDX,2023-03-28,207.29,210.14,207.02,207.82,1357900
FDX,2023-03-29,209.07,211.02,209.07,210.84,1674900
FDX,2023-03-30,211.87,212.73,210.15,211.55,1647100
FDX,2023-03-31,212.11,215.75,211.95,215.41,1654500
FDX,2023-04-03,214.3,215.76,213.5,215.74,1980900
FDX,2023-04-04,215.46,216.3,210.64,213.52,1753500
FDX,2023-04-05,218.81,222.17,214.75,216.76,6601300
FDX,2023-04-06,217.78,222.31,217.74,218.81,3675700
FDX,2023-04-10,216.23,220.02,215.52,218.34,1880900
FDX,2023-04-11,218.39,219.75,217.81,218.27,1971600
FDX,2023-04-12,218.49,219.03,216.17,216.33,2507500
FDX,2023-04-13,216.83,218.41,214.69,217.84,1797900
FDX,2023-04-14,217.88,219.29,216.25,217.48,1525700
FDX,2023-04-17,217.54,218.3,215.65,216.18,1535400
FDX,2023-04-18,217.08,218.51,215.27,216.08,1282700
FDX,2023-04-19,214.36,216.41,214.17,216.35,1340900
FDX,2023-04-20,215.65,218.2,215.07,216.24,1314900
FDX,2023-04-21,216.62,219.19,215.63,217.24,2180100
FDX,2023-04-24,217.77,219.32,216.75,218.87,1374300
FDX,2023-04-25,215.04,216.78,211.5,212.56,2201400
FDX,2023-04-26,211.59,213.43,209.0,210.01,1813500
FDX,2023-04-27,211.3,213.38,210.24,213.0,1535200
FDX,2023-04-28,210.81,215.52,210.81,214.74,1608300
FDX,2023-05-01,215.37,217.95,215.25,217.38,1122100
FDX,2023-05-02,216.05,216.81,213.56,215.32,1102100
FDX,2023-05-03,215.0,218.42,214.01,215.43,1356500
FDX,2023-05-04,215.06,215.73,212.12,213.41,955100
FDX,2023-05-05,214.13,217.74,213.6,216.17,1157900
FDX,2023-05-08,215.93,218.38,215.93,217.52,1058100
FDX,2023-05-09,216.63,217.85,215.28,215.54,969500
FDX,2023-05-10,216.52,217.02,211.1,213.37,1480800
FDX,2023-05-11,213.54,213.54,210.59,211.96,1286100
FDX,2023-05-12,212.34,213.04,207.65,210.16,1641800
FDX,2023-05-15,209.08,210.66,208.52,209.68,1863900
FDX,2023-05-16,208.68,210.57,206.77,208.6,1529700
FDX,2023-05-17,208.8,213.09,208.47,212.95,2702400
FDX,2023-05-18,215.98,220.74,215.31,217.23,2560600
FDX,2023-05-19,218.02,218.25,214.86,215.96,1584100
FDX,2023-05-22,215.91,217.24,214.39,215.58,1024400
FDX,2023-05-23,214.25,216.39,212.87,213.66,898000
FDX,2023-05-24,212.12,212.98,209.79,210.75,1031900
FDX,2023-05-25,211.74,213.39,211.05,212.19,1015400
FDX,2023-05-26,212.85,213.86,211.08,211.31,1217900
FDX,2023-05-30,212.65,214.36,210.8,213.19,2073700
FDX,2023-05-31,210.9,211.09,205.35,205.5,3001600
FDX,2023-06-01,205.05,205.48,201.57,204.85,2170600
FDX,2023-06-02,206.02,209.91,205.82,209.04,1541600
FDX,2023-06-05,209.25,210.43,207.73,208.42,1187900
FDX,2023-06-06,207.4,208.05,206.03,206.93,1474700
FDX,2023-06-07,207.83,211.95,207.42,211.74,2141500
FDX,2023-06-08,212.18,213.44,209.39,212.12,1631500
FDX,2023-06-09,212.78,212.81,209.71,212.13,1654200
FDX,2023-06-12,212.77,213.4,211.14,212.88,1437000
FDX,2023-06-13,212.55,217.09,210.48,216.98,2341800
FDX,2023-06-14,217.82,220.38,216.22,217.74,2091200
FDX,2023-06-15,217.83,224.57,217.83,224.16,2321600
FDX,2023-06-16,225.02,225.63,221.24,221.33,3293600
FDX,2023-06-20,222.4,222.54,218.01,219.61,5215800
FDX,2023-06-21,212.17,220.29,211.64,214.11,7126000
FDX,2023-06-22,213.32,222.59,212.74,220.83,3592100
FDX,2023-06-23,218.67,221.64,218.19,220.27,3028000
FDX,2023-06-26,220.77,224.73,220.51,222.72,2205800
FDX,2023-06-27,223.82,234.06,223.75,233.94,4162000
FDX,2023-06-28,233.22,236.82,232.36,235.53,2980800
FDX,2023-06-29,235.78,237.0,235.26,236.99,2314400
FDX,2023-06-30,237.01,237.09,232.89,235.02,2604200
FDX,2023-07-03,234.27,235.47,233.39,234.69,1281600
FDX,2023-07-05,233.42,237.36,233.4,235.42,1613300
FDX,2023-07-06,233.83,236.38,233.83,234.8,1712900
FDX,2023-07-07,233.94,239.98,233.94,238.2,2423500
FDX,2023-07-10,237.45,239.41,236.37,238.61,1573000
FDX,2023-07-11,238.91,245.43,238.89,244.97,3039400
FDX,2023-07-12,246.42,248.98,245.93,248.02,2068300
FDX,2023-07-13,248.47,249.21,243.66,245.03,1747600
FDX,2023-07-14,244.78,246.24,242.85,244.07,1044400
FDX,2023-07-17,243.07,243.55,240.7,241.5,1494400
FDX,2023-07-18,248.39,251.8,246.48,248.36,2766700
FDX,2023-07-19,247.91,248.19,244.51,246.74,2655500
FDX,2023-07-20,245.78,250.78,245.54,249.85,2138600
FDX,2023-07-21,246.91,248.83,245.79,246.18,1786800
FDX,2023-07-24,241.75,247.27,241.22,245.33,2010400
FDX,2023-07-25,244.83,248.15,241.41,246.17,2363700
FDX,2023-07-26,247.41,255.33,247.36,254.2,2751300
FDX,2023-07-27,254.79,256.23,251.2,251.58,1945100
FDX,2023-07-28,253.36,255.86,252.36,254.88,1058500
FDX,2023-07-31,254.88,256.87,254.2,255.92,1055600
FDX,2023-08-01,255.29,256.52,251.84,254.23,1251900
FDX,2023-08-02,253.13,254.39,251.31,251.66,1227400
FDX,2023-08-03,250.86,252.36,248.74,249.83,1810800
FDX,2023-08-04,251.23,253.38,248.93,249.34,1593400
FDX,2023-08-07,250.05,252.9,248.61,250.62,1494900
FDX,2023-08-08,249.81,255.89,249.61,254.32,2050800
FDX,2023-08-09,253.62,254.36,251.2,251.69,1266300
FDX,2023-08-10,252.79,254.18,251.22,252.68,1039000
FDX,2023-08-11,251.64,252.68,250.28,251.96,1204500
FDX,2023-08-14,252.22,253.52,251.1,253.07,2207800
FDX,2023-08-15,252.87,253.28,251.16,251.75,1391100
FDX,2023-08-16,250.56,254.47,250.56,251.3,1475100
FDX,2023-08-17,251.37,253.01,249.81,251.15,2194700
FDX,2023-08-18,249.09,251.02,247.79,249.0,1972800
FDX,2023-08-21,248.22,249.71,245.45,246.43,1628600
FDX,2023-08-22,246.43,247.76,243.69,245.52,1473200
FDX,2023-08-23,245.32,247.93,243.9,246.92,1653700
FDX,2023-08-24,245.23,247.9,244.37,245.33,1795700
FDX,2023-08-25,245.89,246.53,241.28,245.29,1415000
FDX,2023-08-28,246.28,249.3,243.88,244.93,1059800
FDX,2023-08-29,244.0,247.09,243.81,247.04,1793700
FDX,2023-08-30,248.07,251.06,246.38,250.18,1524400
FDX,2023-08-31,249.97,250.88,247.06,247.46,1524300
FDX,2023-09-01,249.1,249.91,246.05,247.41,1436500
FDX,2023-09-05,246.66,246.8,243.08,243.29,1224900
FDX,2023-09-06,244.07,245.33,242.21,244.09,1099900
FDX,2023-09-07,244.02,244.06,241.31,242.85,1209100
FDX,2023-09-08,242.46,243.15,239.89,241.34,1179700
FDX,2023-09-11,243.05,243.73,241.34,242.66,1263700
FDX,2023-09-12,241.69,242.6,238.86,239.58,1133800
FDX,2023-09-13,239.06,242.66,238.1,240.24,1524600
FDX,2023-09-14,241.99,245.98,241.74,244.88,1568100
FDX,2023-09-15,246.39,246.39,240.68,242.07,2075300
FDX,2023-09-18,241.79,242.65,237.29,237.52,1780500
FDX,2023-09-19,237.23,239.32,234.42,238.17,2217600
FDX,2023-09-20,239.75,242.16,238.34,238.68,4014600
FDX,2023-09-21,249.62,255.69,246.98,249.47,7079500
FDX,2023-09-22,249.64,252.24,246.82,248.75,2826700
FDX,2023-09-25,247.99,255.74,247.92,253.84,2355900
FDX,2023-09-26,252.61,253.76,247.74,249.03,2368300
FDX,2023-09-27,249.52,250.64,247.76,250.29,1885800
FDX,2023-09-28,249.67,255.49,248.66,253.85,2038500
FDX,2023-09-29,256.66,257.68,251.19,252.4,2374200
FDX,2023-10-02,253.43,254.11,251.1,252.58,1913000
FDX,2023-10-03,251.84,252.95,247.04,247.89,2090300
FDX,2023-10-04,247.86,249.14,243.58,247.76,2152600
FDX,2023-10-05,246.47,247.79,245.32,246.91,1460100
FDX,2023-10-06,246.94,248.12,245.17,245.71,1580600
FDX,2023-10-09,242.95,244.73,240.93,243.63,1725900
FDX,2023-10-10,243.53,246.96,243.29,244.65,1501000
FDX,2023-10-11,244.38,244.78,240.64,243.38,2149200
FDX,2023-10-12,243.1,243.9,238.26,240.13,2514800
FDX,2023-10-13,239.78,241.8,229.65,231.36,2919200
FDX,2023-10-16,232.71,239.19,231.66,235.86,2025800
FDX,2023-10-17,233.76,237.66,233.21,236.31,1462500
FDX,2023-10-18,233.51,234.44,230.48,232.09,1842400
FDX,2023-10-19,232.61,235.58,230.88,231.79,1388400
FDX,2023-10-20,232.83,234.19,227.34,229.25,1680200
FDX,2023-10-23,228.37,230.43,225.75,226.72,1342900
FDX,2023-10-24,228.0,231.58,227.78,230.26,1469500
FDX,2023-10-25,229.33,229.97,223.25,224.09,1612400
FDX,2023-10-26,223.34,224.58,214.07,217.16,2987800
FDX,2023-10-27,217.66,222.17,216.36,218.02,2004500
FDX,2023-10-30,218.68,226.4,218.24,225.63,2081700
FDX,2023-10-31,226.92,229.3,225.51,228.75,1550400
FDX,2023-11-01,229.19,233.72,228.36,231.73,2079300
FDX,2023-11-02,233.63,237.45,233.63,235.56,1490200
FDX,2023-11-03,237.43,238.18,235.23,235.46,1409500
FDX,2023-11-06,235.67,235.99,230.47,233.73,1018000
FDX,2023-11-07,231.48,234.03,230.87,232.66,948600
FDX,2023-11-08,233.41,233.95,231.39,233.77,1104800
FDX,2023-11-09,234.9,235.32,229.37,229.79,944100
FDX,2023-11-10,230.72,235.12,229.37,234.4,1239500
FDX,2023-11-13,233.31,234.41,230.85,233.79,946200
FDX,2023-11-14,237.18,243.8,236.52,242.16,1899100
FDX,2023-11-15,241.93,249.54,241.93,245.25,2121900
FDX,2023-11-16,244.74,245.56,239.64,242.89,1496100
FDX,2023-11-17,244.71,245.4,241.64,243.85,1231400
FDX,2023-11-20,243.29,244.47,240.45,243.46,1201600
FDX,2023-11-21,243.0,244.45,241.3,243.77,851700
FDX,2023-11-22,245.39,245.39,243.06,244.34,954700
FDX,2023-11-24,245.07,246.96,244.34,245.43,452200
FDX,2023-11-27,243.74,244.7,239.76,241.61,1787400
FDX,2023-11-28,242.05,244.18,240.24,241.43,1141900
FDX,2023-11-29,243.51,245.1,241.45,241.93,1012100
FDX,2023-11-30,241.83,246.94,240.25,246.6,1806600
FDX,2023-12-01,246.9,252.76,246.31,251.92,1994900
FDX,2023-12-04,250.22,255.14,249.51,253.05,1420300
FDX,2023-12-05,251.73,254.65,250.1,253.5,1176200
FDX,2023-12-06,254.79,256.32,253.8,254.58,1649300
FDX,2023-12-07,255.33,256.27,252.97,254.98,1401400
FDX,2023-12-08,255.98,262.05,255.95,260.57,2046400
FDX,2023-12-11,260.33,262.19,259.5,259.77,1295500
FDX,2023-12-12,261.79,264.44,260.5,261.34,1539900
FDX,2023-12-13,260.41,263.12,257.08,262.12,1500000
FDX,2023-12-14,265.63,270.17,264.17,267.51,2889700
FDX,2023-12-15,265.97,272.35,265.05,269.26,2767800
FDX,2023-12-18,271.14,273.32,268.64,269.86,2469100
FDX,2023-12-19,269.05,271.45,266.59,268.03,6880300
FDX,2023-12-20,235.96,241.87,235.41,235.72,18816500
FDX,2023-12-21,237.5,238.11,234.17,236.78,5851700
FDX,2023-12-22,236.65,238.75,235.34,237.42,3347400
FDX,2023-12-26,239.31,242.46,238.54,241.21,3594500
FDX,2023-12-27,241.95,243.76,240.0,240.21,3134400
FDX,2023-12-28,240.06,243.12,239.88,242.74,2246900
FDX,2023-12-29,243.21,244.7,241.1,242.15,1949000
FDX,2024-01-02,240.75,242.12,239.53,241.45,2488000
FDX,2024-01-03,239.57,239.57,235.29,237.05,2949900
FDX,2024-01-04,236.68,237.15,234.6,234.8,2911800
FDX,2024-01-05,234.56,238.19,234.05,236.26,2268200
FDX,2024-01-08,237.65,239.16,235.59,237.96,2226700
FDX,2024-01-09,236.53,238.07,236.09,236.68,1514100
FDX,2024-01-10,236.24,240.35,235.51,240.08,1968700
FDX,2024-01-11,239.44,240.97,237.77,240.12,2020400
FDX,2024-01-12,239.57,240.77,237.01,237.94,1604000
FDX,2024-01-16,236.68,236.68,233.24,234.56,2805000
FDX,2024-01-17,231.65,234.32,231.17,232.89,1904200
FDX,2024-01-18,234.45,234.45,231.65,233.63,1995300
FDX,2024-01-19,234.32,236.1,231.67,235.99,2430500
FDX,2024-01-22,236.82,240.97,236.82,239.97,2300000
FDX,2024-01-23,240.44,241.07,238.64,240.12,1633700
FDX,2024-01-24,241.39,242.68,238.15,239.05,2466500
FDX,2024-01-25,241.08,243.95,240.71,242.31,1714500
FDX,2024-01-26,242.58,243.56,240.06,240.79,1755800
FDX,2024-01-29,240.13,240.28,235.49,237.42,2612200
FDX,2024-01-30,232.91,236.49,231.03,233.35,3961500
FDX,2024-01-31,233.0,234.0,230.25,230.97,2990600
FDX,2024-02-01,231.07,232.22,228.95,231.6,2417100
FDX,2024-02-02,231.17,233.39,229.1,232.0,1999200
FDX,2024-02-05,230.49,231.27,227.77,228.12,2624900
FDX,2024-02-06,228.68,233.36,228.5,231.0,2625000
FDX,2024-02-07,231.67,232.88,230.05,231.78,2155500
FDX,2024-02-08,231.56,232.93,230.13,231.41,1847300
FDX,2024-02-09,231.71,232.44,229.86,232.24,1786300
FDX,2024-02-12,232.33,234.14,231.52,233.99,1773200
FDX,2024-02-13,230.45,230.54,225.0,226.28,2513600
FDX,2024-02-14,227.27,227.54,225.25,226.7,1454000
FDX,2024-02-15,226.17,228.13,225.66,226.41,1520400
FDX,2024-02-16,225.73,228.0,224.42,227.43,2112800
FDX,2024-02-20,226.41,229.41,225.26,229.3,1671600
FDX,2024-02-21,229.47,231.21,228.02,231.09,1496000
FDX,2024-02-22,231.79,233.85,231.25,233.72,1344900
FDX,2024-02-23,233.79,234.48,232.15,233.05,1128800
FDX,2024-02-26,231.29,233.46,230.23,230.81,1294700
FDX,2024-02-27,231.0,232.23,230.6,231.08,1029900
FDX,2024-02-28,229.1,234.06,228.85,233.92,1442600
FDX,2024-02-29,235.27,238.79,234.72,238.32,2789200
FDX,2024-03-01,237.43,238.52,235.07,236.05,1682600
FDX,2024-03-04,234.56,237.49,234.07,236.22,1594600
FDX,2024-03-05,235.08,238.15,234.68,238.08,1381000
FDX,2024-03-06,239.13,240.89,236.85,237.78,1649900
FDX,2024-03-07,239.03,240.43,238.34,239.54,1536600
FDX,2024-03-08,240.59,240.8,238.11,238.29,1117000
FDX,2024-03-11,238.44,243.79,238.44,243.12,1475000
FDX,2024-03-12,243.65,248.42,243.59,244.58,1912300
FDX,2024-03-13,245.86,248.39,245.48,245.54,1492300
FDX,2024-03-14,245.01,246.64,243.94,245.84,1333900
FDX,2024-03-15,243.28,246.11,242.76,243.69,3296700
FDX,2024-03-18,243.71,245.27,242.14,243.58,1558600
FDX,2024-03-19,243.34,247.51,242.93,246.89,1444300
FDX,2024-03-20,246.89,250.31,245.34,250.13,1890200
FDX,2024-03-21,249.71,255.46,249.7,254.81,4879400
FDX,2024-03-22,275.16,280.23,270.73,273.54,8186600
FDX,2024-03-25,270.13,272.29,267.03,271.86,3028400
FDX,2024-03-26,272.39,279.84,272.13,278.03,4527600
FDX,2024-03-27,278.82,278.82,273.52,276.96,1786500
FDX,2024-03-28,276.39,279.43,275.6,278.75,1650700
FDX,2024-04-01,273.46,276.2,268.78,269.51,2784000
FDX,2024-04-02,266.02,267.39,263.46,264.85,2516400
FDX,2024-04-03,266.19,269.04,264.57,267.93,1805800
FDX,2024-04-04,269.8,270.53,263.99,265.06,1836500
FDX,2024-04-05,264.57,265.49,261.84,263.15,1568900
FDX,2024-04-08,264.55,266.03,263.86,265.12,2048700
FDX,2024-04-09,264.6,266.06,263.23,265.89,1223800
FDX,2024-04-10,261.91,263.49,257.61,260.05,2603100
FDX,2024-04-11,260.14,262.71,259.47,261.86,1031900
FDX,2024-04-12,260.83,261.42,255.82,257.65,1176500
FDX,2024-04-15,260.55,261.31,256.06,256.63,998900
FDX,2024-04-16,256.47,256.73,253.18,254.89,1421100
FDX,2024-04-17,254.37,255.85,252.28,253.09,1371800
FDX,2024-04-18,254.1,255.14,252.14,253.38,1063600
FDX,2024-04-19,254.22,258.9,253.47,256.87,1894300
FDX,2024-04-22,258.48,261.63,256.89,259.91,1246600
FDX,2024-04-23,260.17,263.52,259.76,261.45,1187000
FDX,2024-04-24,260.25,261.04,253.59,255.98,1696600
FDX,2024-04-25,253.93,255.72,252.74,255.45,876100
FDX,2024-04-26,254.11,257.31,253.33,255.76,958900
FDX,2024-04-29,256.42,258.07,253.95,255.78,786800
FDX,2024-04-30,254.8,254.92,251.74,251.85,853900
FDX,2024-05-01,251.73,253.06,249.93,250.84,901000
FDX,2024-05-02,253.31,253.87,250.15,252.09,1311600
FDX,2024-05-03,253.51,255.5,250.0,250.77,1085100
FDX,2024-05-06,252.87,253.03,250.3,250.42,929600
FDX,2024-05-07,251.32,252.1,248.69,249.63,1356100
FDX,2024-05-08,248.01,249.18,246.11,248.23,1453900
FDX,2024-05-09,248.39,252.56,248.39,252.12,923700
FDX,2024-05-10,252.12,255.87,252.12,255.65,1092400
FDX,2024-05-13,255.94,258.16,254.98,256.77,2036200
FDX,2024-05-14,257.09,257.48,248.55,249.22,2534000
FDX,2024-05-15,250.14,250.84,248.4,249.49,1145600
FDX,2024-05-16,248.76,251.09,247.65,248.97,1136300
FDX,2024-05-17,250.22,250.22,246.56,247.5,1419700
FDX,2024-05-20,247.25,247.65,244.44,245.05,899400
FDX,2024-05-21,244.37,245.14,241.41,242.76,1027200
FDX,2024-05-22,242.44,243.08,240.32,242.51,1766000
FDX,2024-05-23,242.01,242.59,237.54,239.84,1446500
FDX,2024-05-24,240.52,241.38,236.97,238.2,1096600
FDX,2024-05-28,237.83,239.97,237.35,238.63,1229800
FDX,2024-05-29,236.52,237.66,235.05,235.82,1108000
FDX,2024-05-30,236.82,240.23,236.2,240.12,1084300
FDX,2024-05-31,240.52,244.69,238.71,244.33,1746900
FDX,2024-06-03,243.77,244.36,237.35,239.19,1409800
FDX,2024-06-04,238.6,238.91,235.0,236.62,1253600
FDX,2024-06-05,238.5,238.92,235.2,238.64,930200
FDX,2024-06-06,238.64,241.76,237.93,240.78,1171200
FDX,2024-06-07,238.56,241.84,237.78,238.34,1281900
FDX,2024-06-10,237.63,244.57,236.59,244.1,1475300
FDX,2024-06-11,242.6,243.01,240.42,242.86,1176900
FDX,2024-06-12,243.77,244.66,238.72,239.17,1555900
FDX,2024-06-13,239.69,240.04,235.0,239.17,1015600
FDX,2024-06-14,237.2,238.51,233.71,237.09,1245800
FDX,2024-06-17,236.23,240.97,235.57,240.58,1252200
FDX,2024-06-18,240.71,242.84,238.21,238.68,1506100
FDX,2024-06-20,239.33,243.74,239.05,242.94,1488600
FDX,2024-06-21,243.39,246.19,242.07,244.04,3142500
FDX,2024-06-24,245.69,248.91,244.87,248.13,1897200
FDX,2024-06-25,247.78,248.41,244.35,248.01,5586700
FDX,2024-06-26,279.01,287.17,274.73,286.52,11126100
FDX,2024-06-27,283.55,286.19,278.99,285.82,3989200
FDX,2024-06-28,284.3,292.53,283.86,290.05,4278900
FDX,2024-07-01,288.38,291.44,287.5,288.93,2469100
FDX,2024-07-02,286.81,291.37,286.81,288.48,1834400
FDX,2024-07-03,289.47,289.72,283.09,284.12,1274300
FDX,2024-07-05,284.12,285.34,282.53,284.4,1480200
FDX,2024-07-08,284.89,288.16,284.03,285.88,1533000
FDX,2024-07-09,286.33,287.15,282.97,283.17,1252100
FDX,2024-07-10,283.17,284.07,280.01,283.69,1466600
FDX,2024-07-11,285.36,291.11,285.06,289.76,1860000
FDX,2024-07-12,288.81,291.18,287.96,289.26,1445700
FDX,2024-07-15,290.65,295.61,289.29,295.06,2068700
FDX,2024-07-16,295.85,303.59,295.78,303.28,2812600
FDX,2024-07-17,300.29,303.43,298.04,300.29,1588100
FDX,2024-07-18,298.89,302.93,295.66,296.61,1603000
FDX,2024-07-19,296.61,298.65,294.09,296.31,1294600
FDX,2024-07-22,296.97,297.69,291.56,297.39,1414200
FDX,2024-07-23,289.24,294.16,288.03,290.98,2268400
FDX,2024-07-24,290.99,290.99,286.89,288.54,1541100
FDX,2024-07-25,288.55,293.39,288.28,288.84,1262600
FDX,2024-07-26,290.06,292.31,287.76,290.34,1200800
FDX,2024-07-29,290.51,292.11,288.33,289.46,864900
FDX,2024-07-30,290.16,293.11,289.54,291.05,1038500
FDX,2024-07-31,291.22,295.63,291.05,292.38,947400
FDX,2024-08-01,293.32,295.88,286.61,288.1,1532600
FDX,2024-08-02,283.41,284.92,278.33,282.75,2252700
FDX,2024-08-05,275.32,279.74,270.47,273.85,2684000
FDX,2024-08-06,275.5,280.24,273.34,276.4,1424500
FDX,2024-08-07,279.56,279.56,268.01,269.05,1791000
FDX,2024-08-08,270.0,272.6,267.43,269.52,1573400
FDX,2024-08-09,268.38,268.89,265.2,268.35,1256100
FDX,2024-08-12,270.09,272.22,268.43,270.03,1247200
FDX,2024-08-13,271.08,274.14,270.08,273.85,1232000
FDX,2024-08-14,274.06,275.72,273.58,274.08,768200
FDX,2024-08-15,277.92,282.17,273.41,274.9,1292900
FDX,2024-08-16,274.73,276.22,270.03,276.08,1318300
FDX,2024-08-19,276.54,279.44,276.2,279.0,804100
FDX,2024-08-20,278.59,279.56,277.11,279.02,591700
FDX,2024-08-21,281.26,283.07,279.84,282.0,787200
FDX,2024-08-22,283.04,285.01,281.18,284.67,980000
FDX,2024-08-23,286.25,288.82,285.21,287.48,865600
FDX,2024-08-26,288.82,289.54,286.09,287.53,771600
FDX,2024-08-27,287.52,287.92,283.17,285.27,828600
FDX,2024-08-28,285.28,287.86,284.59,286.46,712200
FDX,2024-08-29,288.03,289.42,285.81,286.58,730000
FDX,2024-08-30,287.39,289.33,285.09,289.01,1096900
FDX,2024-09-03,286.39,287.46,282.04,283.9,1138800
FDX,2024-09-04,284.31,285.71,282.46,283.28,719000
FDX,2024-09-05,283.88,284.35,274.48,275.99,1318000
FDX,2024-09-06,276.06,278.6,273.42,273.8,1117400
FDX,2024-09-09,275.59,278.19,275.03,275.39,880000
FDX,2024-09-10,275.99,276.87,272.26,275.93,940100
FDX,2024-09-11,274.77,277.4,270.13,276.91,937700
FDX,2024-09-12,277.69,280.26,276.39,278.02,858000
FDX,2024-09-13,279.54,279.54,273.03,278.39,1142600
FDX,2024-09-16,281.65,285.61,280.3,284.46,1141500
FDX,2024-09-17,287.74,292.06,286.47,289.04,1331300
FDX,2024-09-18,287.27,292.61,287.27,289.85,1373500
FDX,2024-09-19,295.64,299.4,289.55,292.0,4220500
FDX,2024-09-20,253.49,255.23,246.42,247.53,17455500
FDX,2024-09-23,248.38,253.45,248.37,251.57,3730600
FDX,2024-09-24,251.89,260.84,251.89,259.67,4109000
FDX,2024-09-25,258.58,260.29,255.51,256.41,2593700
FDX,2024-09-26,259.63,263.42,257.81,258.89,1862400
FDX,2024-09-27,259.64,262.93,259.06,260.08,1819200
FDX,2024-09-30,262.09,269.02,261.55,266.04,2906100
FDX,2024-10-01,266.21,267.63,260.52,262.03,1703800
FDX,2024-10-02,261.42,262.0,258.92,259.48,1406400
FDX,2024-10-03,258.57,258.81,254.07,254.76,1733100
FDX,2024-10-04,257.41,257.63,252.03,253.56,1637300
FDX,2024-10-07,252.14,253.92,250.89,253.23,1342300
FDX,2024-10-08,253.66,254.98,252.12,254.1,1073100
FDX,2024-10-09,256.17,259.63,255.41,257.25,1308300
FDX,2024-10-10,256.0,258.55,255.85,256.89,872800
FDX,2024-10-11,257.94,259.72,256.8,256.98,965700
FDX,2024-10-14,256.96,260.42,256.58,259.98,922300
FDX,2024-10-15,260.29,261.56,258.22,258.5,1363200
FDX,2024-10-16,261.49,265.28,260.92,264.21,1713700
FDX,2024-10-17,264.13,267.86,262.62,266.6,1603000
FDX,2024-10-18,268.41,268.41,264.9,266.74,1216900
FDX,2024-10-21,265.13,265.69,260.28,261.31,1443000
FDX,2024-10-22,260.51,263.53,260.25,262.26,972000
FDX,2024-10-23,261.68,262.89,259.38,260.57,1152900
FDX,2024-10-24,270.16,270.91,263.24,265.25,1635800
FDX,2024-10-25,266.61,267.98,264.29,264.52,835200
FDX,2024-10-28,265.01,268.15,264.52,267.76,1179800
FDX,2024-10-29,266.0,269.38,265.38,267.36,1190100
FDX,2024-10-30,266.43,270.76,266.26,266.43,1196800
FDX,2024-10-31,265.75,268.99,265.39,266.2,1099500
FDX,2024-11-01,266.14,269.73,265.54,266.69,1370400
FDX,2024-11-04,266.35,267.3,263.13,263.61,1020000
FDX,2024-11-05,263.57,267.76,262.0,267.73,948600
FDX,2024-11-06,268.29,273.35,264.04,272.24,2639800
FDX,2024-11-07,274.07,277.53,272.18,275.3,1317200
FDX,2024-11-08,275.86,281.03,274.96,278.29,1734300
FDX,2024-11-11,280.64,285.26,280.64,281.7,1593900
FDX,2024-11-12,281.62,283.14,277.45,279.25,1235500
FDX,2024-11-13,279.36,285.79,279.36,283.74,1896900
FDX,2024-11-14,284.89,287.0,283.58,284.13,1248300
FDX,2024-11-15,282.83,287.61,282.83,286.24,1505800
FDX,2024-11-18,285.41,289.27,285.22,286.97,1460000
FDX,2024-11-19,283.45,287.0,282.87,284.88,1474600
FDX,2024-11-20,285.7,286.21,277.29,279.99,1392800
FDX,2024-11-21,280.01,287.29,280.01,286.92,1596900
FDX,2024-11-22,287.92,293.94,286.93,291.6,1845800
FDX,2024-11-25,293.22,299.92,292.2,296.63,2415600
FDX,2024-11-26,294.6,295.51,291.25,294.52,1669300
FDX,2024-11-27,295.26,296.27,293.15,294.92,919400
FDX,2024-11-29,294.58,296.25,293.44,294.22,665500
FDX,2024-12-02,293.17,293.59,285.62,288.41,1578700
FDX,2024-12-03,286.28,286.28,274.81,274.95,2629000
FDX,2024-12-04,273.85,277.92,272.2,275.52,1840100
FDX,2024-12-05,276.26,277.8,271.42,271.62,1512400
FDX,2024-12-06,273.53,274.56,270.0,272.84,2079000
FDX,2024-12-09,274.4,276.28,272.55,273.07,1365800
FDX,2024-12-10,273.34,274.47,271.11,272.86,902800
FDX,2024-12-11,273.23,275.68,272.32,274.66,1207000
FDX,2024-12-12,275.0,277.92,272.91,277.13,1084900
FDX,2024-12-13,276.78,277.54,275.34,276.87,964700
FDX,2024-12-16,276.83,279.66,276.22,276.89,1587100
FDX,2024-12-17,274.5,275.91,268.4,271.02,2426300
FDX,2024-12-18,271.3,274.81,266.54,266.85,1907500
FDX,2024-12-19,268.17,272.04,266.88,269.5,4203500
FDX,2024-12-20,287.2,288.42,264.64,269.36,8126800
FDX,2024-12-23,268.64,268.75,258.96,262.79,3500700
FDX,2024-12-24,262.78,266.23,261.41,265.56,1013100
FDX,2024-12-26,264.1,273.82,264.05,272.22,1777300
FDX,2024-12-27,270.92,275.09,270.15,273.88,1553200
FDX,2024-12-30,270.41,275.88,269.13,274.07,1587400
FDX,2024-12-31,275.01,277.56,274.09,274.83,1296800
FDX,2025-01-02,275.03,275.46,266.75,267.94,1278200
FDX,2025-01-03,268.25,269.52,265.52,268.07,1181100
FDX,2025-01-06,269.5,272.26,266.07,267.64,1651000
FDX,2025-01-07,267.72,271.57,267.11,268.64,1517900
FDX,2025-01-08,268.66,270.52,267.74,268.55,1965600
FDX,2025-01-10,268.16,268.16,264.2,264.47,1475600
FDX,2025-01-13,262.29,268.85,262.02,268.24,1367700
FDX,2025-01-14,268.64,271.54,267.93,271.2,1360900
FDX,2025-01-15,274.02,274.58,269.89,270.2,1848000
FDX,2025-01-16,270.21,271.54,267.39,270.96,1417600
FDX,2025-01-17,270.45,271.05,268.35,268.74,1581800
FDX,2025-01-21,269.12,271.87,266.55,269.2,1465200
FDX,2025-01-22,267.93,268.47,263.18,264.18,1958300
FDX,2025-01-23,264.35,265.06,261.88,263.79,1758700
FDX,2025-01-24,263.76,267.18,263.3,266.97,1544500
FDX,2025-01-27,267.51,275.38,267.51,275.02,1552900
FDX,2025-01-28,274.49,274.57,271.64,272.21,1043200
FDX,2025-01-29,272.21,272.92,268.65,268.7,1078400
FDX,2025-01-30,258.87,264.84,257.21,263.02,2827400
FDX,2025-01-31,263.86,264.73,257.69,258.75,2341200
FDX,2025-02-03,251.59,252.81,241.02,241.62,3774700
FDX,2025-02-04,243.26,245.46,241.27,245.15,2185700
FDX,2025-02-05,244.7,246.95,242.76,246.58,1535000
FDX,2025-02-06,247.62,253.7,247.14,252.79,2539700
FDX,2025-02-07,252.95,253.26,248.98,250.16,1392900
FDX,2025-02-10,251.18,252.77,248.21,252.26,1216300
FDX,2025-02-11,252.62,256.05,251.08,255.22,1414800
FDX,2025-02-12,252.1,257.38,251.93,256.58,1952700
FDX,2025-02-13,256.2,258.95,255.98,257.04,1303500
FDX,2025-02-14,258.28,262.27,258.28,261.58,1265000
FDX,2025-02-18,262.73,263.21,259.32,261.27,927600
FDX,2025-02-19,260.17,262.33,258.24,260.7,957200
FDX,2025-02-20,260.33,262.64,258.96,262.25,707100
FDX,2025-02-21,261.87,261.87,238.8,248.31,4331300
FDX,2025-02-24,248.62,250.0,245.8,247.68,1451600
FDX,2025-02-25,248.78,250.76,247.7,250.55,1330300
FDX,2025-02-26,250.92,252.9,247.41,250.2,1096200
FDX,2025-02-27,251.24,255.51,249.62,252.56,1174400
FDX,2025-02-28,253.74,258.35,252.21,256.82,1963300
FDX,2025-03-03,257.53,258.87,251.21,252.79,1225400
FDX,2025-03-04,249.5,249.84,241.12,242.01,2334500
FDX,2025-03-05,242.36,246.43,241.79,244.62,1370600
FDX,2025-03-06,242.77,244.1,239.34,244.02,1902700
FDX,2025-03-07,243.88,248.07,242.12,248.05,1569300
FDX,2025-03-10,246.46,247.75,238.81,242.13,1657900
FDX,2025-03-11,241.48,242.72,237.48,238.64,1966000
FDX,2025-03-12,239.19,239.95,235.24,239.18,1703100
FDX,2025-03-13,239.42,241.83,235.44,236.7,1565400
FDX,2025-03-14,237.7,238.6,235.43,237.89,1431800
FDX,2025-03-17,238.95,242.4,237.38,240.94,1269700
FDX,2025-03-18,240.92,242.79,239.26,241.43,1587600
FDX,2025-03-19,241.45,244.79,240.64,242.73,1491400
FDX,2025-03-20,240.54,245.75,238.69,241.83,3180100
FDX,2025-03-21,215.9,227.75,213.36,226.24,9418200
FDX,2025-03-24,230.82,240.06,230.57,238.01,3999000
FDX,2025-03-25,237.93,240.78,235.25,236.78,2668900
FDX,2025-03-26,237.7,240.77,235.73,239.34,2190900
FDX,2025-03-27,239.35,240.57,237.97,239.58,1674200
FDX,2025-03-28,238.78,240.42,236.36,237.41,1679800
FDX,2025-03-31,235.55,241.08,235.0,239.45,2080700
FDX,2025-04-01,239.66,240.09,234.98,237.68,1369600
FDX,2025-04-02,236.27,241.35,236.06,240.81,990900
FDX,2025-04-03,226.09,228.75,209.87,212.02,5066500
FDX,2025-04-04,208.23,210.2,200.28,206.38,3618500
FDX,2025-04-07,200.09,211.91,196.05,201.58,3023800
FDX,2025-04-08,205.09,207.59,192.05,194.55,2407600
FDX,2025-04-09,190.89,217.27,190.85,214.07,3529100
FDX,2025-04-10,208.67,209.7,197.81,202.73,2807500
FDX,2025-04-11,201.15,205.28,196.3,204.08,2198000
FDX,2025-04-14,208.0,210.37,205.58,206.71,1507200
FDX,2025-04-15,206.21,207.0,202.66,203.66,1081300
FDX,2025-04-16,201.85,203.32,197.46,199.94,1272400
FDX,2025-04-17,201.42,206.12,201.11,203.86,1107000
FDX,2025-04-21,202.63,202.63,197.53,201.47,1182100
FDX,2025-04-22,203.12,205.39,200.48,202.9,1369500
FDX,2025-04-23,208.43,214.61,206.39,207.29,1365800
FDX,2025-04-24,206.27,212.17,205.18,211.86,1132800
FDX,2025-04-25,209.39,209.82,204.33,207.8,1328900
FDX,2025-04-28,209.19,210.25,205.83,207.74,1360800
FDX,2025-04-29,204.52,207.31,204.12,206.12,1647300
FDX,2025-04-30,203.81,206.87,200.7,206.59,1278900
FDX,2025-05-01,206.58,208.12,204.15,206.33,1368400
FDX,2025-05-02,210.7,217.66,208.12,215.81,2180500
FDX,2025-05-05,213.4,215.86,212.58,213.13,1261700
FDX,2025-05-06,210.08,211.9,208.86,209.62,1104100
FDX,2025-05-07,210.34,213.02,209.76,211.73,1227700
FDX,2025-05-08,214.64,218.36,212.67,215.31,1334400
FDX,2025-05-09,214.69,216.48,213.23,213.96,1167900
FDX,2025-05-12,225.63,234.17,225.63,228.81,3390900
FDX,2025-05-13,230.82,230.87,226.32,227.04,2250800
FDX,2025-05-14,227.18,228.12,225.07,227.68,2238700
FDX,2025-05-15,228.02,229.84,226.67,227.0,2624500
FDX,2025-05-16,227.39,228.36,222.62,225.43,2272000
FDX,2025-05-19,221.79,223.06,220.81,222.1,1852500
FDX,2025-05-20,219.13,220.68,216.1,217.21,2437600
FDX,2025-05-21,215.81,216.46,212.45,212.96,1684400
FDX,2025-05-22,213.0,216.29,211.88,214.92,1512700
FDX,2025-05-23,210.61,214.15,210.54,212.76,1496300
FDX,2025-05-27,214.16,217.48,213.88,215.85,1917000
FDX,2025-05-28,215.86,215.86,212.65,213.29,1247400
FDX,2025-05-29,214.0,217.07,213.54,216.34,1461700
FDX,2025-05-30,215.57,215.57,212.09,214.22,2339100
FDX,2025-06-02,213.71,214.54,211.0,214.02,1374400
FDX,2025-06-03,212.78,216.54,211.38,215.87,2351900
FDX,2025-06-04,217.14,217.46,214.88,215.0,1437000
FDX,2025-06-05,214.77,214.96,212.27,212.88,1961300
FDX,2025-06-06,215.55,217.07,215.22,215.71,1684200
FDX,2025-06-09,217.78,219.8,216.63,218.23,2146100
FDX,2025-06-10,219.72,224.17,219.41,223.91,2034000
FDX,2025-06-11,224.81,225.77,219.26,220.02,1927100
FDX,2025-06-12,220.0,221.81,218.34,221.0,1860500
FDX,2025-06-13,218.15,220.93,218.15,220.39,1888400
FDX,2025-06-16,221.91,224.65,221.3,222.74,1902400
FDX,2025-06-17,221.12,222.51,217.74,218.57,1778900
FDX,2025-06-18,218.54,221.98,218.34,219.33,1518200
FDX,2025-06-20,221.43,222.96,220.2,222.02,2248200
FDX,2025-06-23,221.24,226.67,221.18,226.61,2045000
FDX,2025-06-24,229.74,230.03,225.92,226.89,4670600
FDX,2025-06-25,216.08,223.39,213.69,219.46,8103700
FDX,2025-06-26,221.36,223.73,217.29,218.54,4787100
FDX,2025-06-27,220.12,226.81,219.65,226.29,4052900
FDX,2025-06-30,226.13,228.02,224.47,224.71,2599800
FDX,2025-07-01,223.81,234.59,223.61,231.65,2720600
FDX,2025-07-02,232.9,236.74,231.82,236.41,2495800
FDX,2025-07-03,240.96,242.95,237.37,238.47,2410400
FDX,2025-07-07,237.75,239.53,231.82,232.4,2609700
FDX,2025-07-08,233.13,237.16,232.31,235.98,1960300
FDX,2025-07-09,236.15,236.47,233.46,233.81,1938400
FDX,2025-07-10,234.17,237.61,233.91,236.0,1940400
FDX,2025-07-11,234.42,234.8,231.89,233.36,1667400
FDX,2025-07-14,232.53,232.91,228.99,231.3,1433000
FDX,2025-07-15,231.31,232.09,228.02,228.02,1719900
FDX,2025-07-16,228.95,230.05,224.13,226.13,1906500
FDX,2025-07-17,226.38,227.57,223.81,225.76,1328900
FDX,2025-07-18,226.78,227.1,222.16,224.03,1776800
FDX,2025-07-21,224.78,226.07,223.09,223.15,1149400
FDX,2025-07-22,223.94,229.5,223.64,229.05,1833600
FDX,2025-07-23,230.53,236.98,228.83,235.18,2255100
FDX,2025-07-24,234.78,236.65,233.62,233.81,2079800
FDX,2025-07-25,235.48,240.85,234.82,240.42,1812800
FDX,2025-07-28,237.62,241.61,236.71,239.64,1624500
FDX,2025-07-29,237.53,238.89,231.57,231.86,2068900
FDX,2025-07-30,230.77,231.32,219.74,221.3,3617300
FDX,2025-07-31,220.11,222.5,218.45,220.93,2296200
FDX,2025-08-01,219.29,219.3,213.67,214.62,2213900
FDX,2025-08-04,215.51,216.0,213.63,215.0,1819900
FDX,2025-08-05,215.13,220.6,214.22,219.87,1972800
FDX,2025-08-06,220.87,225.24,219.12,223.86,2130700
FDX,2025-08-07,226.13,227.37,221.55,222.09,1454600
FDX,2025-08-08,223.44,226.06,219.88,225.44,1324800
FDX,2025-08-11,225.93,228.75,219.67,222.04,1522400
FDX,2025-08-12,224.41,230.9,223.47,227.79,1921000
FDX,2025-08-13,227.37,228.09,217.48,227.86,3386600
FDX,2025-08-14,225.81,230.68,224.45,228.43,1616800
FDX,2025-08-15,228.79,229.46,224.5,224.66,1798700
FDX,2025-08-18,222.7,225.85,221.19,225.12,1318000
FDX,2025-08-19,226.74,231.92,226.09,230.46,1409800
FDX,2025-08-20,229.47,230.76,224.53,224.61,1285100
FDX,2025-08-21,223.72,224.7,222.12,222.7,1431800
FDX,2025-08-22,224.19,235.37,224.19,234.09,1750400
FDX,2025-08-25,233.22,234.29,228.94,230.34,1470300
FDX,2025-08-26,229.84,230.17,227.33,228.46,1743800
FDX,2025-08-27,228.19,230.2,227.58,229.55,1083900
FDX,2025-08-28,230.33,230.33,225.42,228.63,1400500
FDX,2025-08-29,228.89,230.49,227.34,228.43,1485500
FDX,2025-09-02,223.41,224.6,220.29,221.62,2077300
FDX,2025-09-03,222.43,223.51,220.95,222.76,1723900
FDX,2025-09-04,223.11,223.11,218.78,222.7,1773800
FDX,2025-09-05,221.89,227.03,221.79,225.12,1665400
FDX,2025-09-08,225.83,225.83,220.93,223.85,2092700
FDX,2025-09-09,223.32,225.45,222.86,224.6,1192900
FDX,2025-09-10,224.5,226.84,223.39,224.54,1446200
FDX,2025-09-11,221.19,229.14,221.19,227.64,1931400
FDX,2025-09-12,226.1,229.77,225.83,228.38,1688800
FDX,2025-09-15,230.54,231.4,224.51,224.54,2151500
FDX,2025-09-16,227.62,228.83,224.69,226.54,1833700
FDX,2025-09-17,224.37,231.68,223.23,224.63,3123300
FDX,2025-09-18,226.72,227.93,223.63,225.34,6374100
FDX,2025-09-19,227.14,234.12,224.09,230.57,8388400
FDX,2025-09-22,228.84,229.82,224.3,228.95,3850600
FDX,2025-09-23,229.48,234.63,229.23,232.51,2879700
FDX,2025-09-24,232.06,234.68,232.04,232.56,1687000
FDX,2025-09-25,232.16,235.51,231.31,235.21,1768800
FDX,2025-09-26,235.79,240.77,233.43,236.61,2298200
FDX,2025-09-29,237.82,238.2,233.15,235.37,1304500
FDX,2025-09-30,233.83,234.72,230.72,234.61,1444100
FDX,2025-10-01,233.81,239.02,233.11,238.33,1432400
FDX,2025-10-02,238.61,244.13,237.78,241.08,1761300
FDX,2025-10-03,241.84,244.41,241.52,243.36,1739400
FDX,2025-10-06,243.5,248.81,242.37,245.77,2034400
FDX,2025-10-07,246.42,247.6,240.98,241.09,1377300
FDX,2025-10-08,236.98,241.12,235.79,238.71,1636700
FDX,2025-10-09,240.28,241.36,234.52,235.79,1254700
FDX,2025-10-10,237.29,237.43,223.46,223.48,2436200
FDX,2025-10-13,226.0,229.56,224.98,228.48,1351200
FDX,2025-10-14,226.84,233.9,225.85,233.47,1227700
FDX,2025-10-15,234.29,236.26,230.14,234.6,1453500
FDX,2025-10-16,235.79,237.78,231.81,235.7,1414600
FDX,2025-10-17,235.7,238.68,234.86,236.59,1592000
FDX,2025-10-20,236.97,240.37,236.56,238.59,893300
FDX,2025-10-21,237.68,244.97,237.15,241.6,1142200
FDX,2025-10-22,242.43,243.95,237.98,238.19,1092400
FDX,2025-10-23,238.95,240.18,233.33,236.96,1311500
FDX,2025-10-24,238.47,240.99,237.22,239.92,1105300
FDX,2025-10-27,243.52,247.2,243.05,246.08,1586200
FDX,2025-10-28,249.72,252.7,248.13,248.28,1792100
FDX,2025-10-29,247.78,251.33,246.74,248.37,1488500
FDX,2025-10-30,247.79,251.4,246.84,247.66,1767600
FDX,2025-10-31,246.69,254.23,246.25,252.53,1642600
FDX,2025-11-03,251.51,253.35,248.56,251.7,1591900
FDX,2025-11-04,249.72,253.99,249.72,250.6,1602600
FDX,2025-11-05,250.37,257.87,248.97,254.79,1682200
FDX,2025-11-06,254.77,259.98,254.64,257.54,2224400
FDX,2025-11-07,257.52,262.17,256.95,260.75,1648800
FDX,2025-11-10,260.66,261.12,252.4,252.6,2020800
FDX,2025-11-11,253.28,268.94,252.7,266.35,3520100
FDX,2025-11-12,266.77,270.58,266.04,267.3,1751100
FDX,2025-11-13,268.48,269.82,265.21,265.98,1308100
FDX,2025-11-14,264.15,268.31,263.04,266.2,1576800
FDX,2025-11-17,264.65,267.33,261.66,263.38,1770000
FDX,2025-11-18,261.09,263.6,258.47,261.74,1550000
FDX,2025-11-19,261.74,264.24,259.52,261.23,1035300
FDX,2025-11-20,264.15,269.39,261.65,261.76,1572500
FDX,2025-11-21,262.09,270.21,261.78,268.06,1723400
FDX,2025-11-24,267.44,269.05,264.52,265.62,1920400
FDX,2025-11-25,267.58,273.6,266.66,272.47,1270400
FDX,2025-11-26,272.9,275.19,271.21,274.42,1024400
FDX,2025-11-28,273.84,275.46,273.0,274.27,506700
FDX,2025-12-01,273.67,274.49,271.33,271.95,1227100
FDX,2025-12-02,271.61,272.05,265.91,268.99,1615300
FDX,2025-12-03,269.51,272.81,267.34,269.07,1707800
FDX,2025-12-04,270.36,274.42,264.64,272.65,2046600
FDX,2025-12-05,272.59,275.19,271.61,272.89,1034000
FDX,2025-12-08,276.07,278.1,274.64,275.23,1310500
FDX,2025-12-09,275.09,276.79,273.58,273.73,866200
FDX,2025-12-10,274.11,284.03,273.9,282.86,1310000
FDX,2025-12-11,283.21,286.97,282.9,283.33,1357600
FDX,2025-12-12,284.54,286.07,281.76,282.89,1224300
FDX,2025-12-15,282.3,283.0,278.7,281.23,2001000
FDX,2025-12-16,282.01,284.09,280.85,282.46,1630700
FDX,2025-12-17,282.45,285.0,281.37,282.21,1559700
FDX,2025-12-18,283.14,288.05,281.6,287.12,4062500
FDX,2025-12-19,272.06,290.56,270.8,288.78,5704800
FDX,2025-12-22,287.49,292.88,286.47,292.78,2401700
FDX,2025-12-23,293.0,295.44,290.83,295.21,1725200
FDX,2025-12-24,294.37,296.1,292.72,295.9,644000
FDX,2025-12-26,295.33,296.64,294.21,296.33,700400
FDX,2025-12-29,296.0,297.0,291.11,292.89,1356800
FDX,2025-12-30,292.58,294.65,290.77,291.06,927600
FDX,2025-12-31,291.12,291.48,288.8,288.86,802200
FDX,2026-01-02,288.93,293.4,287.75,293.13,1299800
FDX,2026-01-05,292.04,298.0,291.38,297.46,1682000
FDX,2026-01-06,297.13,308.1,297.13,307.93,3027000
FDX,2026-01-07,305.9,310.64,304.41,307.33,1970100
FDX,2026-01-08,306.28,315.4,304.55,309.01,2495200
FDX,2026-01-09,314.02,318.83,309.01,312.36,2241900
FDX,2026-01-12,310.47,313.45,308.51,311.92,1354500
FDX,2026-01-13,310.6,312.12,308.03,309.66,1425800
FDX,2026-01-14,309.12,313.68,308.49,313.55,1674200
FDX,2026-01-15,316.0,318.0,312.52,313.16,1893800
FDX,2026-01-16,313.0,314.91,307.48,308.18,2018400
FDX,2026-01-20,305.17,309.99,300.11,301.03,2842100
FDX,2026-01-21,301.85,309.72,299.25,306.95,1924200
FDX,2026-01-22,308.24,311.47,307.19,309.81,1414500
FDX,2026-01-23,308.75,309.81,302.42,304.21,1741600
FDX,2026-01-26,305.22,306.08,300.94,304.47,1513100
FDX,2026-01-27,305.0,314.13,303.85,312.42,2121300
FDX,2026-01-28,311.73,317.49,311.7,314.65,1393500
FDX,2026-01-29,317.24,319.93,314.45,319.93,1641400
FDX,2026-01-30,315.55,322.75,315.55,322.25,2588600
FDX,2026-02-02,321.85,335.61,321.5,335.3,2604300
FDX,2026-02-03,343.34,355.15,342.3,353.43,3995500
FDX,2026-02-04,356.12,365.35,355.56,362.54,2531500
FDX,2026-02-05,362.0,366.46,357.25,363.96,2339500
FDX,2026-02-06,364.08,370.86,362.32,369.23,2196400
FDX,2026-02-09,367.95,369.68,363.14,364.6,1484500
FDX,2026-02-10,364.2,368.99,362.24,367.95,1478500
FDX,2026-02-11,370.0,374.8,366.93,367.16,1849000
FDX,2026-02-12,366.12,380.86,362.41,369.46,3682000
FDX,2026-02-13,370.0,378.52,364.63,374.72,1846800
FDX,2026-02-17,377.96,381.99,373.99,375.3,1165300
FDX,2026-02-18,375.02,383.59,375.02,383.08,1510300
FDX,2026-02-19,381.0,384.4,379.68,383.14,1198700
FDX,2026-02-20,381.76,391.27,380.99,388.48,1512800
FDX,2026-02-23,387.75,391.65,380.29,383.71,1619100
FDX,2026-02-24,383.71,389.58,382.63,386.56,898500
FDX,2026-02-25,388.16,390.0,381.78,382.59,1372100
FDX,2026-02-26,385.0,391.99,384.99,387.68,1787000
FDX,2026-02-27,386.41,392.86,385.53,387.0,2749200
FDX,2026-03-02,384.36,387.48,381.56,387.25,1447800
FDX,2026-03-03,375.72,384.94,373.81,382.53,1664700
FDX,2026-03-04,383.81,387.0,379.26,384.09,1913006
FDX,2026-03-05,382.66,384.28,371.31,373.35,1885600
FDX,2026-03-06,364.97,364.97,353.87,359.1,2832700
FDX,2026-03-09,351.61,361.99,346.01,361.1,1912800
FDX,2026-03-10,363.3,368.45,358.41,359.47,1522700
FDX,2026-03-11,359.78,362.06,355.9,361.39,1024900
FDX,2026-03-12,355.69,359.61,352.32,353.13,1211256
FDX,2026-03-13,354.7,356.6,348.94,351.68,1704325
FDX,2026-03-16,355.3,357.52,352.31,352.35,1022263
FDX,2026-03-17,357.64,357.64,350.51,354.66,1488670
FDX,2026-03-18,354.65,355.99,348.8,349.74,1223084
FDX,2026-03-19,345.56,356.67,344.15,356.11,4849900
FDX,2026-03-20,380.82,383.18,356.54,358.85,6967900
FDX,2026-03-23,365.0,369.87,355.55,355.78,2518131
FDX,2026-03-24,353.06,360.3,350.95,359.96,2100886
FDX,2026-03-25,361.15,361.92,352.76,357.52,1881196
FDX,2026-03-26,355.27,355.33,349.39,349.55,1588209
FDX,2026-03-27,348.62,349.01,342.29,343.97,1596019
FDX,2026-03-30,347.87,347.9,341.25,341.76,944341
FDX,2026-03-31,346.14,356.78,344.38,356.18,1533587
FDX,2026-04-01,358.89,365.89,357.8,359.31,1905070
FDX,2026-04-02,354.0,364.56,353.53,361.63,1134013
FDX,2026-04-06,359.21,360.89,356.74,358.84,1275877
FDX,2026-04-07,357.92,360.16,354.86,357.0,861362
FDX,2026-04-08,364.0,373.46,364.0,373.43,1874401
FDX,2026-04-09,372.87,380.14,371.71,377.0,1614288
FDX,2026-04-10,377.56,378.78,373.04,374.08,864215
FDX,2026-04-13,370.27,373.95,368.38,371.89,1226302
FDX,2026-04-14,362.95,371.67,362.14,370.14,1524516
FDX,2026-04-15,367.89,370.0,360.62,364.92,1651207
FDX,2026-04-16,364.48,380.88,363.31,380.88,1354623
FDX,2026-04-17,383.37,392.85,382.48,392.38,2325669
FDX,2026-04-20,390.14,395.89,389.0,393.76,1159733
FDX,2026-04-21,395.48,399.67,391.75,394.59,1484202
FDX,2026-04-22,395.95,396.02,385.35,385.95,967076
FDX,2026-04-23,391.85,396.0,388.45,392.69,1462951
FDX,2026-04-24,392.39,392.39,386.21,387.98,689020
FDX,2026-04-27,387.86,392.35,384.63,387.89,627057
FDX,2026-04-28,388.46,392.15,382.27,390.21,1049501
FDX,2026-04-29,390.78,395.22,383.02,388.59,1316419
FDX,2026-04-30,390.68,404.03,387.49,403.31,1941000
FDX,2026-05-01,403.0,403.85,393.27,393.67,1070896
FDX,2026-05-04,379.5,379.58,354.14,357.8,5012666
FDX,2026-05-05,357.0,365.55,357.0,362.75,1839731
FDX,2026-05-06,364.5,378.25,366.09,377.19,2274107
FDX,2026-05-07,379.99,381.0,373.46,375.93,952264
FDX,2026-05-08,378.21,383.31,376.2,378.58,1364158
FDX,2026-05-11,380.77,384.18,376.42,378.9,721522
FDX,2026-05-12,379.76,379.76,372.25,376.42,994400
FDX,2026-05-13,378.31,379.9,367.1,369.7,1362429
FDX,2026-05-14,371.0,380.08,368.54,379.98,1448800
FDX,2026-05-15,376.75,377.45,372.62,375.78,1162480
FDX,2026-05-18,374.51,375.5,367.11,369.72,1417900
FDX,2026-05-19,368.79,376.29,361.11,374.97,1571300
FDX,2026-05-20,376.85,388.94,375.51,386.84,1419400
FDX,2026-05-21,387.24,392.28,380.51,388.91,939000
FDX,2026-05-22,393.92,398.77,392.0,394.2,1082273
FDX,2026-05-26,397.23,403.03,397.21,400.0,1243500
FDX,2026-05-27,409.02,413.7,407.35,411.78,1853600
FDX,2026-05-28,410.0,412.63,403.52,411.4,1940400
FDX,2026-05-29,411.43,413.87,409.12,411.75,2198800
MNST,2015-01-02,18.23,18.32,17.8,18.03,3922800
MNST,2015-01-05,18.03,18.3,18.02,18.24,6514800
MNST,2015-01-06,18.24,19.0,18.21,18.71,11548800
MNST,2015-01-07,18.74,19.33,18.74,19.33,9118800
MNST,2015-01-08,19.56,19.78,19.41,19.62,9048000
MNST,2015-01-09,19.69,19.71,19.38,19.51,6218400
MNST,2015-01-12,19.46,19.59,18.65,18.66,15354000
MNST,2015-01-13,18.75,19.38,18.67,18.85,10528800
MNST,2015-01-14,18.93,19.68,18.92,19.62,9355200
MNST,2015-01-15,19.76,19.8,19.28,19.38,6389400
MNST,2015-01-16,19.32,19.83,19.32,19.82,5693400
MNST,2015-01-20,19.83,19.86,19.49,19.57,6142800
MNST,2015-01-21,19.6,19.83,19.38,19.76,4536600
MNST,2015-01-22,19.83,20.02,19.48,20.0,5451000
MNST,2015-01-23,20.04,20.14,19.84,19.89,5211000
MNST,2015-01-26,19.93,20.0,19.67,19.99,4935600
MNST,2015-01-27,19.83,19.95,19.61,19.8,5079000
MNST,2015-01-28,19.9,20.38,19.84,19.87,7147200
MNST,2015-01-29,19.95,20.14,19.82,20.13,4636800
MNST,2015-01-30,19.92,19.98,19.43,19.49,6132000
MNST,2015-02-02,19.47,19.6,19.12,19.59,5386800
MNST,2015-02-03,19.4,19.73,19.27,19.44,6208200
MNST,2015-02-04,19.39,19.92,19.35,19.79,5444400
MNST,2015-02-05,19.83,20.0,19.62,19.73,3992400
MNST,2015-02-06,19.71,19.77,19.4,19.52,3076800
MNST,2015-02-09,19.43,19.52,19.21,19.32,3982800
MNST,2015-02-10,19.35,19.81,19.34,19.75,3066000
MNST,2015-02-11,19.75,19.9,19.68,19.83,3967800
MNST,2015-02-12,19.81,19.96,19.67,19.92,3546600
MNST,2015-02-13,19.93,19.93,19.39,19.62,4822200
MNST,2015-02-17,19.51,19.86,19.42,19.78,3090000
MNST,2015-02-18,19.76,20.1,19.67,20.05,3396600
MNST,2015-02-19,20.04,20.32,19.98,20.19,3517200
MNST,2015-02-20,20.2,20.24,19.9,20.21,3333600
MNST,2015-02-23,20.27,20.4,20.12,20.35,4612800
MNST,2015-02-24,20.55,20.93,20.53,20.8,6629400
MNST,2015-02-25,20.88,21.0,20.41,20.63,5451600
MNST,2015-02-26,20.68,20.83,20.38,20.79,12888600
MNST,2015-02-27,23.19,23.98,22.95,23.52,37314600
MNST,2015-03-02,23.7,23.83,23.28,23.54,13733400
MNST,2015-03-03,23.34,23.62,23.33,23.45,10271400
MNST,2015-03-04,23.33,23.42,23.12,23.26,7867200
MNST,2015-03-05,23.02,23.45,23.0,23.34,4818600
MNST,2015-03-06,23.23,23.28,22.64,22.77,7333200
MNST,2015-03-09,22.83,23.17,22.78,22.87,4890000
MNST,2015-03-10,22.71,22.77,22.53,22.65,4812000
MNST,2015-03-11,22.63,22.81,22.51,22.66,5713800
MNST,2015-03-12,22.89,23.16,22.8,22.98,3825000
MNST,2015-03-13,22.9,22.98,22.47,22.58,5719800
MNST,2015-03-16,22.77,23.08,22.71,23.01,5737200
MNST,2015-03-17,22.85,22.98,22.62,22.72,4197600
MNST,2015-03-18,22.73,22.88,22.32,22.78,7380000
MNST,2015-03-19,22.79,23.3,22.65,23.05,5788200
MNST,2015-03-20,23.29,23.43,22.9,22.92,13235400
MNST,2015-03-23,23.04,23.14,22.88,22.99,5393400
MNST,2015-03-24,23.2,23.55,23.11,23.12,5038200
MNST,2015-03-25,23.19,23.31,22.64,22.67,4863000
MNST,2015-03-26,22.51,22.89,22.43,22.76,3832200
MNST,2015-03-27,22.69,23.21,22.58,23.0,5513400
MNST,2015-03-30,23.03,23.42,22.78,23.41,5070000
MNST,2015-03-31,23.31,23.39,23.06,23.07,6868800
MNST,2015-04-01,23.12,23.12,22.44,22.77,7467600
MNST,2015-04-02,22.76,22.89,22.52,22.61,5610000
MNST,2015-04-06,22.46,23.16,22.33,22.95,8382600
MNST,2015-04-07,23.01,23.37,22.91,22.92,5550000
MNST,2015-04-08,22.93,23.1,22.8,22.97,4970400
MNST,2015-04-09,23.01,23.1,22.69,22.93,4200600
MNST,2015-04-10,22.87,23.17,22.78,23.06,3636600
MNST,2015-04-13,23.04,23.11,22.91,22.96,3521400
MNST,2015-04-14,22.83,23.07,22.56,22.63,4622400
MNST,2015-04-15,22.74,23.05,22.71,22.95,3979800
MNST,2015-04-16,22.9,23.08,22.8,23.0,4073400
MNST,2015-04-17,22.81,22.97,22.68,22.82,5268600
MNST,2015-04-20,23.11,23.47,23.0,23.26,5077800
MNST,2015-04-21,23.38,23.58,23.18,23.31,6671400
MNST,2015-04-22,23.34,23.36,23.15,23.32,5149800
MNST,2015-04-23,23.33,23.45,23.17,23.39,4900200
MNST,2015-04-24,23.46,23.75,23.27,23.63,5481000
MNST,2015-04-27,23.78,24.11,23.76,23.91,8337000
MNST,2015-04-28,23.71,23.75,23.2,23.46,7182600
MNST,2015-04-29,23.34,23.5,22.92,23.19,8272200
MNST,2015-04-30,23.02,23.23,22.73,22.85,15025800
MNST,2015-05-01,22.87,23.64,22.75,23.52,9115800
MNST,2015-05-04,23.45,24.0,23.26,23.64,8927400
MNST,2015-05-05,23.55,23.69,23.17,23.44,8790600
MNST,2015-05-06,23.5,23.67,23.2,23.41,7015800
MNST,2015-05-07,23.49,24.06,23.42,23.92,11772000
MNST,2015-05-08,22.43,22.75,21.27,21.41,60458400
MNST,2015-05-11,21.54,23.17,21.5,22.33,27756600
MNST,2015-05-12,22.18,22.31,21.85,21.99,14061000
MNST,2015-05-13,21.93,22.17,21.59,21.66,13165200
MNST,2015-05-14,21.85,22.13,21.73,22.11,13213200
MNST,2015-05-15,22.16,22.26,21.95,22.05,5739000
MNST,2015-05-18,21.94,22.11,21.8,21.88,5407800
MNST,2015-05-19,21.95,22.14,21.64,21.72,6137400
MNST,2015-05-20,21.73,21.73,21.43,21.54,6942000
MNST,2015-05-21,21.55,21.75,21.5,21.7,6304800
MNST,2015-05-22,21.58,21.7,21.51,21.57,6723000
MNST,2015-05-26,21.45,21.56,21.06,21.28,7732200
MNST,2015-05-27,21.26,21.81,21.26,21.67,11659800
MNST,2015-05-28,21.61,21.71,21.47,21.53,4970400
MNST,2015-05-29,21.46,21.59,21.17,21.21,13803600
MNST,2015-06-01,21.3,21.36,21.06,21.19,7884600
MNST,2015-06-02,21.12,21.2,20.93,21.02,8089800
MNST,2015-06-03,21.02,21.11,20.87,21.0,7683000
MNST,2015-06-04,20.88,21.33,20.88,21.2,8263800
MNST,2015-06-05,21.15,21.15,20.9,20.92,5744400
MNST,2015-06-08,20.91,20.99,20.75,20.92,7738200
MNST,2015-06-09,20.88,20.97,20.7,20.81,5061000
MNST,2015-06-10,20.91,21.25,20.8,21.17,8757600
MNST,2015-06-11,21.15,21.32,20.99,21.19,7946400
MNST,2015-06-12,21.45,21.65,21.37,21.4,8491800
MNST,2015-06-15,21.33,21.4,21.06,21.15,5334000
MNST,2015-06-16,21.38,22.23,21.38,22.03,8272200
MNST,2015-06-17,22.08,22.12,21.85,22.04,5707200
MNST,2015-06-18,22.1,22.42,22.08,22.31,6239400
MNST,2015-06-19,22.31,22.55,22.1,22.29,9167400
MNST,2015-06-22,22.47,22.55,22.23,22.25,4398600
MNST,2015-06-23,22.48,22.48,22.01,22.23,4882200
MNST,2015-06-24,22.24,22.24,22.03,22.16,5055000
MNST,2015-06-25,22.24,22.87,22.0,22.8,8917800
MNST,2015-06-26,23.0,23.27,22.84,23.24,15103800
MNST,2015-06-29,23.03,23.17,22.33,22.4,6196200
MNST,2015-06-30,22.62,22.65,22.25,22.34,5639400
MNST,2015-07-01,22.39,22.47,22.15,22.42,5514600
MNST,2015-07-02,22.39,22.45,22.03,22.27,4328400
MNST,2015-07-06,21.97,22.48,21.96,22.47,7471800
MNST,2015-07-07,22.54,22.79,22.28,22.72,6090600
MNST,2015-07-08,22.64,22.64,22.18,22.3,5238600
MNST,2015-07-09,22.63,22.65,22.23,22.24,3909000
MNST,2015-07-10,22.45,22.75,22.32,22.68,4582800
MNST,2015-07-13,22.91,23.26,22.83,23.23,4945800
MNST,2015-07-14,23.25,23.54,23.24,23.48,9533400
MNST,2015-07-15,23.42,23.66,23.31,23.35,4246200
MNST,2015-07-16,23.41,23.48,23.11,23.28,4759200
MNST,2015-07-17,23.36,23.36,23.03,23.34,3623400
MNST,2015-07-20,23.36,23.86,23.36,23.79,4363200
MNST,2015-07-21,23.81,24.07,23.68,24.01,6081600
MNST,2015-07-22,24.14,24.82,24.1,24.64,6819600
MNST,2015-07-23,24.59,24.96,24.42,24.75,5383800
MNST,2015-07-24,24.57,24.88,24.55,24.82,5293200
MNST,2015-07-27,24.79,24.92,24.54,24.79,5866200
MNST,2015-07-28,24.82,25.1,24.58,25.0,5142000
MNST,2015-07-29,24.99,25.31,24.87,25.22,4989600
MNST,2015-07-30,25.16,25.42,24.93,25.36,3868800
MNST,2015-07-31,25.53,25.68,25.41,25.59,4735200
MNST,2015-08-03,25.77,25.97,25.59,25.97,7077600
MNST,2015-08-04,25.92,25.92,25.27,25.29,10789800
MNST,2015-08-05,25.33,25.76,25.25,25.67,10146000
MNST,2015-08-06,25.65,25.65,24.05,24.15,20566800
MNST,2015-08-07,24.85,25.46,24.34,24.86,15690000
MNST,2015-08-10,25.06,25.11,24.03,24.12,10861200
MNST,2015-08-11,23.88,24.12,23.6,23.8,7279800
MNST,2015-08-12,23.5,23.72,23.1,23.69,7482000
MNST,2015-08-13,23.97,25.08,23.96,24.84,11965800
MNST,2015-08-14,24.73,25.11,24.66,25.07,7005000
MNST,2015-08-17,24.93,25.16,24.9,25.12,4817400
MNST,2015-08-18,25.27,25.28,25.0,25.09,4777800
MNST,2015-08-19,24.92,25.11,24.54,24.54,7497600
MNST,2015-08-20,24.27,24.55,24.1,24.1,6123000
MNST,2015-08-21,23.76,23.87,23.15,23.15,10126800
MNST,2015-08-24,21.42,22.97,19.27,22.58,15472800
MNST,2015-08-25,23.04,23.16,22.39,22.39,11046600
MNST,2015-08-26,22.81,23.12,22.39,23.1,9274800
MNST,2015-08-27,23.27,23.64,22.89,23.33,7391400
MNST,2015-08-28,23.1,23.42,22.98,23.41,7214400
MNST,2015-08-31,23.34,23.63,22.75,23.08,9925200
MNST,2015-09-01,22.63,22.89,22.41,22.5,7141200
MNST,2015-09-02,22.73,22.78,22.35,22.73,8524200
MNST,2015-09-03,22.81,22.93,22.5,22.61,6377400
MNST,2015-09-04,22.28,22.65,22.12,22.37,6964800
MNST,2015-09-08,22.68,23.03,22.43,22.82,10115400
MNST,2015-09-09,23.03,23.09,21.08,22.07,7265400
MNST,2015-09-10,21.99,22.31,21.86,22.04,4752600
MNST,2015-09-11,22.04,22.24,21.93,22.13,4528800
MNST,2015-09-14,22.23,22.25,21.79,22.03,6488400
MNST,2015-09-15,21.9,22.25,21.75,22.08,4781400
MNST,2015-09-16,21.74,22.41,21.71,22.32,6987600
MNST,2015-09-17,22.4,22.8,22.32,22.45,5544600
MNST,2015-09-18,22.17,22.77,22.17,22.43,24766800
MNST,2015-09-21,22.48,22.64,22.37,22.54,5678400
MNST,2015-09-22,22.28,22.63,22.14,22.42,7942200
MNST,2015-09-23,22.39,22.54,22.17,22.39,4181400
MNST,2015-09-24,22.68,23.03,22.38,22.86,8846400
MNST,2015-09-25,23.09,23.16,22.58,22.7,5089200
MNST,2015-09-28,22.7,22.86,22.17,22.35,6861600
MNST,2015-09-29,22.39,22.54,22.22,22.42,6716400
MNST,2015-09-30,22.67,22.98,22.37,22.52,6358200
MNST,2015-10-01,22.41,22.55,22.01,22.37,5769600
MNST,2015-10-02,22.14,22.34,21.83,22.32,6340800
MNST,2015-10-05,22.49,22.9,22.35,22.52,7992600
MNST,2015-10-06,22.52,22.67,22.26,22.32,4378200
MNST,2015-10-07,22.42,22.65,22.19,22.44,5470800
MNST,2015-10-08,22.42,22.73,22.22,22.69,4830600
MNST,2015-10-09,22.65,23.12,22.47,22.91,5506200
MNST,2015-10-12,22.92,23.1,22.82,22.91,2921400
MNST,2015-10-13,22.9,22.93,21.89,21.95,6663000
MNST,2015-10-14,21.8,21.93,21.23,21.43,8157600
MNST,2015-10-15,21.54,21.81,21.22,21.76,6033600
MNST,2015-10-16,21.97,22.27,21.84,22.04,5037000
MNST,2015-10-19,22.01,22.15,21.9,22.12,3750000
MNST,2015-10-20,22.33,23.75,22.22,23.27,15825000
MNST,2015-10-21,23.43,23.62,22.97,23.15,6801600
MNST,2015-10-22,23.22,23.92,23.17,23.75,6538200
MNST,2015-10-23,23.84,23.84,23.25,23.6,4015800
MNST,2015-10-26,23.58,23.92,23.42,23.58,6329400
MNST,2015-10-27,23.52,23.82,23.3,23.43,3744600
MNST,2015-10-28,23.47,23.57,23.12,23.56,2994000
MNST,2015-10-29,23.35,23.35,22.33,22.77,9877800
MNST,2015-10-30,22.79,23.01,22.67,22.72,6519000
MNST,2015-11-02,22.66,22.73,22.23,22.5,4735200
MNST,2015-11-03,22.35,22.75,22.09,22.45,6708600
MNST,2015-11-04,22.42,22.49,21.87,22.14,9372600
MNST,2015-11-05,22.25,22.3,21.81,22.04,10179000
MNST,2015-11-06,23.83,25.48,23.83,25.04,24976200
MNST,2015-11-09,24.96,25.0,24.46,24.84,9148200
MNST,2015-11-10,24.85,25.42,24.58,25.32,8848800
MNST,2015-11-11,25.53,25.65,25.02,25.34,9574800
MNST,2015-11-12,25.32,25.32,24.52,24.74,6197400
MNST,2015-11-13,24.67,25.0,24.36,24.45,5422800
MNST,2015-11-16,24.52,24.59,24.17,24.58,4428000
MNST,2015-11-17,24.58,24.86,24.14,24.27,4903200
MNST,2015-11-18,24.26,24.89,24.24,24.85,4574400
MNST,2015-11-19,24.82,24.99,24.66,24.89,4489200
MNST,2015-11-20,25.07,25.07,24.57,24.68,8910600
MNST,2015-11-23,24.77,25.39,24.75,25.07,7596600
MNST,2015-11-24,25.1,25.48,24.85,25.38,6134400
MNST,2015-11-25,25.36,26.17,25.26,26.07,7011000
MNST,2015-11-27,26.07,26.28,25.93,26.09,2488800
MNST,2015-11-30,26.12,26.39,25.73,25.77,7265400
MNST,2015-12-01,25.92,26.38,25.83,26.2,5870400
MNST,2015-12-02,26.17,26.3,25.75,25.8,5345400
MNST,2015-12-03,25.73,26.34,25.35,25.51,6564000
MNST,2015-12-04,25.51,26.38,25.51,26.12,6901200
MNST,2015-12-07,26.7,26.75,25.73,25.93,9575400
MNST,2015-12-08,25.79,26.27,25.58,26.08,7033800
MNST,2015-12-09,25.91,26.07,25.1,25.33,8058600
MNST,2015-12-10,25.22,25.59,25.17,25.31,4487400
MNST,2015-12-11,25.0,25.31,24.86,24.96,5557200
MNST,2015-12-14,24.98,25.36,24.87,25.32,5052000
MNST,2015-12-15,25.44,25.64,25.15,25.43,5559600
MNST,2015-12-16,25.53,25.7,25.13,25.55,4778400
MNST,2015-12-17,25.74,25.74,24.94,25.05,6187200
MNST,2015-12-18,24.84,25.0,24.26,24.31,24424200
MNST,2015-12-21,24.53,24.86,24.33,24.58,5638200
MNST,2015-12-22,24.68,24.72,24.27,24.58,4532400
MNST,2015-12-23,24.79,24.98,24.55,24.58,4464000
MNST,2015-12-24,24.64,24.95,24.59,24.8,2010000
MNST,2015-12-28,24.77,24.88,24.52,24.69,2631000
MNST,2015-12-29,24.85,25.18,24.75,25.03,3394800
MNST,2015-12-30,24.98,25.18,24.8,25.04,3543600
MNST,2015-12-31,24.91,25.15,24.72,24.83,4329000
MNST,2016-01-04,24.42,24.6,23.68,24.06,7978200
MNST,2016-01-05,24.06,24.4,24.05,24.34,5533200
MNST,2016-01-06,23.99,24.45,23.77,24.38,8913600
MNST,2016-01-07,23.94,24.39,23.86,24.2,7417200
MNST,2016-01-08,24.22,24.34,23.99,24.04,5028600
MNST,2016-01-11,24.3,24.62,24.04,24.34,6405000
MNST,2016-01-12,24.47,24.89,24.37,24.55,7569600
MNST,2016-01-13,24.35,24.9,23.9,23.94,7819200
MNST,2016-01-14,24.04,24.14,23.43,23.74,6921600
MNST,2016-01-15,23.15,23.68,23.07,23.52,8896200
MNST,2016-01-19,23.85,24.33,23.76,24.13,7282200
MNST,2016-01-20,23.88,23.91,22.58,23.34,11182800
MNST,2016-01-21,23.59,23.67,22.81,23.0,10315800
MNST,2016-01-22,23.26,24.07,22.97,24.03,9926400
MNST,2016-01-25,23.88,23.98,23.32,23.35,5963400
MNST,2016-01-26,23.37,23.57,23.05,23.17,4789800
MNST,2016-01-27,23.24,23.25,22.85,23.0,5162400
MNST,2016-01-28,23.13,23.18,22.67,22.87,7368600
MNST,2016-01-29,22.84,22.84,21.42,22.5,45826200
MNST,2016-02-01,22.88,23.08,22.54,22.91,11701200
MNST,2016-02-02,22.75,23.08,22.47,22.69,7822200
MNST,2016-02-03,22.81,23.05,22.2,22.49,8707800
MNST,2016-02-04,22.44,22.46,21.28,21.41,13587000
MNST,2016-02-05,21.21,21.36,20.53,20.62,18536400
MNST,2016-02-08,20.27,20.34,19.29,19.62,17149200
MNST,2016-02-09,19.43,20.12,19.34,19.82,10315200
MNST,2016-02-10,20.11,20.23,19.29,19.47,7582800
MNST,2016-02-11,19.15,19.98,18.85,19.82,12100800
MNST,2016-02-12,20.31,20.6,19.86,20.4,8918400
MNST,2016-02-16,20.56,20.91,20.36,20.72,10368600
MNST,2016-02-17,20.72,21.16,20.62,20.91,9014400
MNST,2016-02-18,20.93,21.23,20.84,21.01,7153200
MNST,2016-02-19,20.97,21.57,20.77,21.26,9888600
MNST,2016-02-22,21.43,21.72,21.34,21.64,7806000
MNST,2016-02-23,21.51,21.8,21.34,21.47,7444200
MNST,2016-02-24,21.34,22.19,21.03,22.07,10782600
MNST,2016-02-25,22.0,22.23,21.77,22.18,12858000
MNST,2016-02-26,21.29,22.28,21.11,21.8,30015000
MNST,2016-02-29,21.74,21.74,20.92,20.92,13415400
MNST,2016-03-01,21.01,21.65,20.88,21.62,13306800
MNST,2016-03-02,21.52,21.58,21.17,21.29,7044600
MNST,2016-03-03,21.24,21.43,21.03,21.41,5765400
MNST,2016-03-04,21.47,21.55,21.24,21.48,5493000
MNST,2016-03-07,21.32,21.47,21.08,21.33,9629400
MNST,2016-03-08,21.24,21.86,21.15,21.56,7684800
MNST,2016-03-09,21.49,21.78,21.46,21.68,3947400
MNST,2016-03-10,21.83,22.08,21.64,21.94,7530600
MNST,2016-03-11,22.11,22.41,21.95,22.31,6370200
MNST,2016-03-14,22.21,22.31,21.83,21.99,5763600
MNST,2016-03-15,21.89,22.12,21.72,22.0,5560200
MNST,2016-03-16,22.22,22.74,22.17,22.7,7810800
MNST,2016-03-17,22.64,22.77,22.47,22.7,6399000
MNST,2016-03-18,22.75,22.94,22.6,22.75,10923600
MNST,2016-03-21,22.62,22.66,22.38,22.42,7109400
MNST,2016-03-22,22.32,22.57,22.17,22.43,6504000
MNST,2016-03-23,22.28,22.58,22.13,22.14,5368200
MNST,2016-03-24,22.09,22.09,21.54,21.88,6715200
MNST,2016-03-28,21.99,22.42,21.97,22.21,4738200
MNST,2016-03-29,22.1,22.37,22.1,22.27,4081200
MNST,2016-03-30,22.46,22.61,22.22,22.48,4322400
MNST,2016-03-31,22.44,22.49,22.18,22.23,4774800
MNST,2016-04-01,22.22,22.6,22.01,22.47,5995800
MNST,2016-04-04,22.47,22.57,22.2,22.46,5032800
MNST,2016-04-05,22.36,22.63,22.22,22.44,9963000
MNST,2016-04-06,22.43,22.47,22.11,22.36,5310000
MNST,2016-04-07,22.25,22.35,21.77,21.99,6718200
MNST,2016-04-08,22.15,22.25,21.98,22.1,4831800
MNST,2016-04-11,22.06,22.19,21.73,21.77,4482600
MNST,2016-04-12,21.77,21.86,21.48,21.7,5772000
MNST,2016-04-13,21.78,21.8,21.3,21.48,6436200
MNST,2016-04-14,21.45,21.72,21.05,21.41,20524200
MNST,2016-04-15,21.45,21.6,20.97,21.39,11040000
MNST,2016-04-18,21.4,21.48,21.24,21.27,5049000
MNST,2016-04-19,21.31,21.7,21.0,21.55,18754800
MNST,2016-04-20,21.53,21.62,21.09,21.11,6239400
MNST,2016-04-21,21.01,21.11,20.72,20.76,9981600
MNST,2016-04-22,20.66,20.74,20.26,20.5,15226800
MNST,2016-04-25,20.39,20.94,20.25,20.82,7610400
MNST,2016-04-26,20.8,20.88,20.59,20.63,6574800
MNST,2016-04-27,20.61,20.68,20.15,20.57,11568000
MNST,2016-04-28,20.63,21.38,20.6,21.31,19525200
MNST,2016-04-29,23.94,24.31,23.33,24.04,30988800
MNST,2016-05-02,24.07,25.12,24.06,24.66,21988800
MNST,2016-05-03,24.51,24.62,24.25,24.39,7446000
MNST,2016-05-04,24.18,24.55,24.05,24.39,6563400
MNST,2016-05-05,24.53,24.64,24.2,24.33,5065200
MNST,2016-05-06,24.28,24.77,24.18,24.69,8442000
MNST,2016-05-09,24.75,24.93,24.6,24.8,6279600
MNST,2016-05-10,25.17,25.66,25.17,25.52,22467000
MNST,2016-05-11,25.38,25.56,24.92,25.07,9999000
MNST,2016-05-12,25.14,25.23,24.85,25.03,8700000
MNST,2016-05-13,24.92,25.03,24.63,24.77,5508000
MNST,2016-05-16,24.75,25.17,24.75,25.12,5100600
MNST,2016-05-17,25.0,25.11,24.79,24.88,8172600
MNST,2016-05-18,24.82,25.12,24.73,24.8,11004600
MNST,2016-05-19,24.62,24.88,24.58,24.74,4782600
MNST,2016-05-20,24.76,24.9,24.59,24.65,5606400
MNST,2016-05-23,24.69,24.84,24.62,24.72,5968800
MNST,2016-05-24,24.87,25.09,24.78,25.02,7110000
MNST,2016-05-25,24.96,25.17,24.83,24.92,7850400
MNST,2016-05-26,24.96,25.14,24.96,25.0,4773000
MNST,2016-05-27,25.05,25.17,24.97,25.08,3966600
MNST,2016-05-31,25.08,25.21,24.85,25.0,8605800
MNST,2016-06-01,25.02,25.35,24.92,25.23,8548200
MNST,2016-06-02,25.17,25.42,25.12,25.41,4648200
MNST,2016-06-03,25.39,25.58,25.26,25.48,6135600
MNST,2016-06-06,25.44,25.86,25.42,25.73,21280200
MNST,2016-06-07,25.85,25.89,25.52,25.64,13523400
MNST,2016-06-08,25.58,26.16,25.5,25.86,22063800
MNST,2016-06-09,25.93,26.45,25.51,25.83,26581200
MNST,2016-06-10,25.66,25.83,25.48,25.59,6997800
MNST,2016-06-13,25.59,25.6,25.12,25.13,9679800
MNST,2016-06-14,25.12,25.58,24.89,25.5,13250400
MNST,2016-06-15,25.63,25.92,25.59,25.6,10231800
MNST,2016-06-16,25.48,26.08,25.35,25.97,10057200
MNST,2016-06-17,25.92,26.11,25.69,26.0,15051600
MNST,2016-06-20,26.1,26.21,26.0,26.03,11839800
MNST,2016-06-21,26.09,26.39,25.99,26.31,7384200
MNST,2016-06-22,26.23,26.28,26.09,26.16,6246600
MNST,2016-06-23,26.42,26.43,25.99,26.24,5900400
MNST,2016-06-24,25.36,25.92,25.36,25.57,23425800
MNST,2016-06-27,25.51,25.88,25.23,25.8,10080600
MNST,2016-06-28,25.77,25.91,25.5,25.74,6025800
MNST,2016-06-29,25.82,26.31,25.78,26.31,5884800
MNST,2016-06-30,26.36,26.81,26.12,26.78,8913000
MNST,2016-07-01,26.82,26.99,26.58,26.62,4071600
MNST,2016-07-05,26.58,27.0,26.5,26.82,4153800
MNST,2016-07-06,26.78,26.95,26.67,26.88,7361400
MNST,2016-07-07,26.96,27.06,26.68,26.85,4660800
MNST,2016-07-08,26.99,27.03,26.83,26.92,4815600
MNST,2016-07-11,26.92,27.09,26.73,26.83,4233000
MNST,2016-07-12,26.85,26.94,26.67,26.8,5033400
MNST,2016-07-13,26.9,27.13,26.72,26.96,4153200
MNST,2016-07-14,27.01,27.03,26.78,27.02,3069600
MNST,2016-07-15,27.09,27.11,26.65,26.93,3884400
MNST,2016-07-18,26.48,26.58,25.46,25.92,12131400
MNST,2016-07-19,25.83,26.31,25.77,26.23,5109600
MNST,2016-07-20,26.27,26.4,26.15,26.35,3516000
MNST,2016-07-21,26.35,26.53,26.25,26.34,3055800
MNST,2016-07-22,26.55,26.82,26.46,26.76,3093600
MNST,2016-07-25,26.72,26.76,26.54,26.68,2431800
MNST,2016-07-26,26.65,26.68,26.31,26.44,3411000
MNST,2016-07-27,26.35,26.48,25.98,26.25,3976800
MNST,2016-07-28,26.25,26.7,26.14,26.57,3056400
MNST,2016-07-29,26.63,26.83,26.52,26.77,3452400
MNST,2016-08-01,26.72,27.03,26.7,26.85,3756000
MNST,2016-08-02,26.78,26.82,26.27,26.55,4854000
MNST,2016-08-03,26.59,26.59,26.2,26.3,5111400
MNST,2016-08-04,26.34,26.58,26.08,26.43,7792800
MNST,2016-08-05,27.08,27.75,26.97,27.09,14800200
MNST,2016-08-08,27.01,27.07,26.38,26.49,5414400
MNST,2016-08-09,26.46,26.88,26.44,26.52,7630800
MNST,2016-08-10,26.53,26.9,26.5,26.82,4944000
MNST,2016-08-11,26.96,27.1,26.82,26.95,4197000
MNST,2016-08-12,26.85,26.98,26.75,26.86,2640600
MNST,2016-08-15,26.85,26.96,26.76,26.91,2482200
MNST,2016-08-16,26.9,26.94,26.59,26.6,2721000
MNST,2016-08-17,26.56,26.8,26.31,26.62,2929800
MNST,2016-08-18,26.7,26.83,26.65,26.74,3655200
MNST,2016-08-19,26.79,26.94,26.54,26.58,4529400
MNST,2016-08-22,26.61,26.65,26.43,26.53,2655000
MNST,2016-08-23,26.44,26.53,26.22,26.23,3410400
MNST,2016-08-24,26.18,26.36,26.07,26.15,3602400
MNST,2016-08-25,26.11,26.44,26.11,26.24,4116600
MNST,2016-08-26,26.29,26.41,26.1,26.17,3210600
MNST,2016-08-29,26.09,26.18,25.86,25.99,4269000
MNST,2016-08-30,25.98,26.02,25.52,25.64,5248200
MNST,2016-08-31,25.66,25.75,25.49,25.65,6022800
MNST,2016-09-01,25.72,25.86,25.48,25.72,4079400
MNST,2016-09-02,25.79,25.92,25.52,25.64,3489000
MNST,2016-09-06,25.6,25.65,25.29,25.65,8449800
MNST,2016-09-07,25.64,25.7,25.31,25.36,3820200
MNST,2016-09-08,25.34,25.42,25.17,25.35,5379000
MNST,2016-09-09,25.09,25.35,24.59,24.59,7888200
MNST,2016-09-12,24.53,24.86,24.39,24.72,6745800
MNST,2016-09-13,24.52,24.54,23.91,23.99,9349200
MNST,2016-09-14,23.95,24.19,23.72,23.82,5682000
MNST,2016-09-15,23.86,24.53,23.77,24.39,11277000
MNST,2016-09-16,24.32,24.48,24.14,24.39,13794600
MNST,2016-09-19,24.47,24.64,24.3,24.57,5796000
MNST,2016-09-20,24.64,24.72,24.46,24.52,4489800
MNST,2016-09-21,24.5,24.6,24.25,24.52,5172000
MNST,2016-09-22,24.67,24.91,24.63,24.82,3766200
MNST,2016-09-23,24.88,24.94,24.72,24.75,3256200
MNST,2016-09-26,24.64,24.74,24.42,24.6,2916600
MNST,2016-09-27,24.57,24.76,24.54,24.63,3381000
MNST,2016-09-28,24.73,24.79,24.4,24.47,2845800
MNST,2016-09-29,24.46,24.46,24.14,24.23,3885000
MNST,2016-09-30,24.36,24.58,24.23,24.47,4328400
MNST,2016-10-03,24.34,24.37,24.18,24.3,2682600
MNST,2016-10-04,24.43,24.48,24.17,24.22,3397800
MNST,2016-10-05,24.31,24.4,24.15,24.21,6526800
MNST,2016-10-06,24.17,24.59,24.17,24.46,3106800
MNST,2016-10-07,24.52,24.52,24.1,24.31,3878400
MNST,2016-10-10,24.33,24.48,24.3,24.37,2413200
MNST,2016-10-11,24.36,24.36,23.79,23.85,5042400
MNST,2016-10-12,23.87,24.21,23.76,24.19,3522000
MNST,2016-10-13,24.1,24.4,24.0,24.33,3970800
MNST,2016-10-14,23.97,24.53,23.46,24.18,7814400
MNST,2016-10-17,24.17,24.17,23.84,24.05,3718800
MNST,2016-10-18,24.22,24.77,24.22,24.45,4827600
MNST,2016-10-19,24.5,24.68,24.37,24.58,3218400
MNST,2016-10-20,24.65,24.71,24.35,24.43,3459000
MNST,2016-10-21,24.47,24.56,24.23,24.54,3381000
MNST,2016-10-24,24.69,25.32,24.68,25.02,6842400
MNST,2016-10-25,25.05,25.17,24.92,24.97,3376800
MNST,2016-10-26,24.98,24.98,24.34,24.35,3849600
MNST,2016-10-27,24.41,24.42,23.83,23.88,5599200
MNST,2016-10-28,23.88,24.13,23.88,23.99,5484600
MNST,2016-10-31,24.01,24.18,23.87,24.06,4535400
MNST,2016-11-01,24.36,24.43,23.82,23.94,4614600
MNST,2016-11-02,23.99,24.37,23.99,24.05,4927800
MNST,2016-11-03,24.14,24.17,23.32,23.37,9057000
MNST,2016-11-04,21.75,23.15,21.08,22.54,36476400
MNST,2016-11-07,22.76,22.78,22.27,22.69,8246400
MNST,2016-11-08,22.71,22.83,22.41,22.67,5959800
MNST,2016-11-09,21.92,22.5,21.67,22.1,10206600
MNST,2016-11-10,22.39,22.43,21.15,21.17,7230600
MNST,2016-11-11,21.19,21.33,20.72,20.96,5676400
MNST,2016-11-14,20.9,21.15,20.32,20.43,8057000
MNST,2016-11-15,20.51,20.92,20.43,20.81,9331800
MNST,2016-11-16,20.76,21.27,20.74,21.03,7788200
MNST,2016-11-17,21.01,21.17,20.75,20.99,7280000
MNST,2016-11-18,20.87,21.0,20.81,20.84,5534600
MNST,2016-11-21,20.82,21.85,20.77,21.8,18131200
MNST,2016-11-22,21.86,22.83,21.8,22.63,13816600
MNST,2016-11-23,22.51,22.82,22.31,22.37,5981800
MNST,2016-11-25,22.36,22.51,22.32,22.42,2658200
MNST,2016-11-28,22.39,22.74,22.34,22.65,7403800
MNST,2016-11-29,22.64,22.87,22.54,22.64,7970600
MNST,2016-11-30,22.61,22.65,22.27,22.38,7934600
MNST,2016-12-01,22.25,22.4,21.76,21.82,8284400
MNST,2016-12-02,22.5,22.5,21.72,22.22,6165600
MNST,2016-12-05,22.74,22.74,22.22,22.44,5219000
MNST,2016-12-06,22.44,22.49,21.92,22.18,5570600
MNST,2016-12-07,22.18,22.38,22.12,22.24,5542400
MNST,2016-12-08,22.18,22.26,21.5,21.52,5759200
MNST,2016-12-09,21.53,22.11,21.53,22.02,5057200
MNST,2016-12-12,21.92,22.25,21.92,22.14,3965400
MNST,2016-12-13,22.08,22.6,21.94,22.5,5259000
MNST,2016-12-14,22.5,22.55,21.9,22.01,4069600
MNST,2016-12-15,21.91,22.28,21.88,22.15,3121200
MNST,2016-12-16,22.14,22.38,21.95,22.25,7848800
MNST,2016-12-19,22.2,22.25,21.84,21.93,4398600
MNST,2016-12-20,21.95,22.0,21.73,21.77,5104000
MNST,2016-12-21,22.64,22.89,22.18,22.68,8610200
MNST,2016-12-22,22.75,22.8,22.25,22.65,4580200
MNST,2016-12-23,22.52,23.01,22.51,22.78,4020800
MNST,2016-12-27,22.8,23.05,22.57,22.76,3449000
MNST,2016-12-28,22.82,22.82,22.35,22.45,3342200
MNST,2016-12-29,22.45,22.62,22.34,22.51,3966400
MNST,2016-12-30,22.55,22.59,22.06,22.17,5059000
MNST,2017-01-03,22.33,22.77,22.28,22.77,6885200
MNST,2017-01-04,22.85,23.07,22.77,23.01,4619200
MNST,2017-01-05,23.0,23.15,22.82,23.09,5490000
MNST,2017-01-06,23.08,23.15,22.67,22.81,5317200
MNST,2017-01-09,22.73,22.78,22.1,22.2,5761400
MNST,2017-01-10,22.12,22.25,21.69,21.75,7106600
MNST,2017-01-11,21.77,22.24,21.75,22.0,4021800
MNST,2017-01-12,22.0,22.0,21.49,21.56,6666600
MNST,2017-01-13,22.62,22.62,21.98,22.25,9049400
MNST,2017-01-17,22.25,22.35,21.92,21.97,4766800
MNST,2017-01-18,21.98,22.08,21.57,21.73,6364400
MNST,2017-01-19,21.66,21.89,21.58,21.67,3951400
MNST,2017-01-20,21.78,21.92,21.58,21.75,4792400
MNST,2017-01-23,21.73,21.88,21.65,21.76,3348600
MNST,2017-01-24,21.85,21.89,21.42,21.85,4093400
MNST,2017-01-25,21.95,22.12,21.54,21.57,6653600
MNST,2017-01-26,21.56,21.73,21.13,21.33,5809600
MNST,2017-01-27,21.41,21.43,21.01,21.15,3092600
MNST,2017-01-30,21.13,21.24,20.98,21.22,4153000
MNST,2017-01-31,21.25,21.41,21.15,21.3,3762400
MNST,2017-02-01,21.26,21.26,20.83,20.91,3856800
MNST,2017-02-02,20.92,21.1,20.89,20.91,4051200
MNST,2017-02-03,21.08,21.56,20.89,21.32,4881600
MNST,2017-02-06,21.29,21.46,21.18,21.36,3777800
MNST,2017-02-07,21.38,21.6,21.33,21.54,2849800
MNST,2017-02-08,21.47,21.91,21.45,21.83,3641600
MNST,2017-02-09,21.82,21.99,21.63,21.89,3839000
MNST,2017-02-10,21.93,22.02,21.83,22.0,2860400
MNST,2017-02-13,22.46,22.49,21.69,21.71,4357000
MNST,2017-02-14,21.71,21.75,21.49,21.69,3648800
MNST,2017-02-15,21.67,21.8,21.57,21.67,3453200
MNST,2017-02-16,21.76,21.82,21.53,21.73,3105800
MNST,2017-02-17,21.73,21.9,21.67,21.82,6346600
MNST,2017-02-21,21.85,22.03,21.7,22.0,5298600
MNST,2017-02-22,22.02,22.24,21.95,21.97,3204600
MNST,2017-02-23,21.99,22.09,21.84,21.95,2994800
MNST,2017-02-24,22.1,22.17,21.68,21.77,4155000
MNST,2017-02-27,21.66,21.73,20.95,21.05,8515600
MNST,2017-02-28,21.0,21.12,20.51,20.72,17018600
MNST,2017-03-01,20.7,21.11,20.65,21.0,9546200
MNST,2017-03-02,23.92,24.47,23.33,23.68,26017800
MNST,2017-03-03,23.48,24.08,23.17,24.02,10891200
MNST,2017-03-06,23.87,24.0,23.49,23.49,12850800
MNST,2017-03-07,23.32,23.49,23.28,23.35,3591400
MNST,2017-03-08,23.25,23.69,23.25,23.68,5324800
MNST,2017-03-09,23.69,23.9,23.34,23.5,4073200
MNST,2017-03-10,23.61,23.62,23.24,23.41,3480400
MNST,2017-03-13,23.32,23.33,23.09,23.22,3661800
MNST,2017-03-14,23.15,23.2,22.98,23.14,3598400
MNST,2017-03-15,23.25,23.6,23.18,23.55,3982800
MNST,2017-03-16,23.18,23.58,23.18,23.44,3863400
MNST,2017-03-17,23.57,23.58,23.22,23.24,7629000
MNST,2017-03-20,23.28,23.5,23.18,23.4,3690400
MNST,2017-03-21,23.5,23.68,23.33,23.34,4587200
MNST,2017-03-22,23.36,23.61,23.21,23.57,4305800
MNST,2017-03-23,23.47,23.64,23.26,23.28,3050800
MNST,2017-03-24,23.33,23.56,23.23,23.47,3927400
MNST,2017-03-27,23.39,23.51,23.21,23.45,2630600
MNST,2017-03-28,23.48,23.65,23.28,23.5,2645800
MNST,2017-03-29,23.36,23.64,23.31,23.61,4005400
MNST,2017-03-30,23.55,23.62,23.05,23.13,3910000
MNST,2017-03-31,23.08,23.26,22.88,23.08,4142400
MNST,2017-04-03,23.11,23.21,22.78,22.88,4563600
MNST,2017-04-04,22.89,23.02,22.7,23.01,3781200
MNST,2017-04-05,22.92,23.15,22.8,22.97,3839600
MNST,2017-04-06,23.02,23.17,22.84,22.88,3238600
MNST,2017-04-07,22.87,22.95,22.67,22.92,3508400
MNST,2017-04-10,22.96,23.0,22.71,22.91,3444800
MNST,2017-04-11,22.9,22.9,22.58,22.68,3179200
MNST,2017-04-12,22.6,22.76,22.58,22.7,3695800
MNST,2017-04-13,22.75,22.82,22.42,22.45,2656600
MNST,2017-04-17,22.4,22.51,22.19,22.5,5616200
MNST,2017-04-18,22.49,22.73,22.44,22.66,3705600
MNST,2017-04-19,22.75,22.83,22.5,22.55,2705400
MNST,2017-04-20,22.5,22.97,22.47,22.87,4098200
MNST,2017-04-21,22.84,22.93,22.68,22.69,3585400
MNST,2017-04-24,22.84,22.96,22.52,22.74,4989000
MNST,2017-04-25,22.77,22.8,22.49,22.68,4415800
MNST,2017-04-26,22.66,22.75,22.52,22.56,3869200
MNST,2017-04-27,22.6,22.76,22.51,22.65,3771200
MNST,2017-04-28,22.69,22.79,22.54,22.69,5070800
MNST,2017-05-01,22.72,22.79,22.25,22.28,4617600
MNST,2017-05-02,22.3,22.44,22.17,22.34,4811800
MNST,2017-05-03,22.36,22.6,22.34,22.47,4744800
MNST,2017-05-04,22.57,23.15,22.51,22.97,7366800
MNST,2017-05-05,23.48,24.05,23.38,23.73,12103000
MNST,2017-05-08,23.75,24.34,23.74,24.24,11648000
MNST,2017-05-09,24.2,24.24,23.72,24.0,6301600
MNST,2017-05-10,23.99,24.15,23.84,23.92,5784400
MNST,2017-05-11,23.84,24.06,23.77,23.94,2958400
MNST,2017-05-12,23.94,24.02,23.75,23.81,2758800
MNST,2017-05-15,23.75,23.83,23.64,23.73,3930600
MNST,2017-05-16,23.8,23.83,23.35,23.41,4167600
MNST,2017-05-17,23.35,23.58,23.25,23.4,4335600
MNST,2017-05-18,23.82,23.82,23.33,23.41,4986800
MNST,2017-05-19,23.43,23.95,23.33,23.84,4442600
MNST,2017-05-22,23.76,24.26,23.76,24.17,4399000
MNST,2017-05-23,24.23,24.8,24.2,24.72,7457400
MNST,2017-05-24,24.8,25.0,24.62,24.94,4659400
MNST,2017-05-25,25.0,25.56,24.95,25.38,5113200
MNST,2017-05-26,25.4,25.66,25.34,25.45,3483000
MNST,2017-05-30,25.33,25.47,25.22,25.35,2466800
MNST,2017-05-31,25.42,25.56,25.24,25.28,4143600
MNST,2017-06-01,25.32,25.53,25.05,25.49,4871200
MNST,2017-06-02,25.42,25.64,25.16,25.64,4278800
MNST,2017-06-05,25.62,25.66,25.41,25.56,2512200
MNST,2017-06-06,25.47,25.62,25.28,25.38,2876000
MNST,2017-06-07,25.34,25.48,25.24,25.42,2876200
MNST,2017-06-08,25.17,25.27,24.9,25.24,3979400
MNST,2017-06-09,25.19,25.32,24.94,25.02,4484200
MNST,2017-06-12,25.0,25.33,25.0,25.32,4028800
MNST,2017-06-13,25.13,25.36,25.01,25.27,3415800
MNST,2017-06-14,25.43,25.6,25.17,25.38,3556200
MNST,2017-06-15,25.26,25.72,25.26,25.65,3921800
MNST,2017-06-16,25.44,25.93,25.06,25.16,6846200
MNST,2017-06-19,25.18,25.44,25.0,25.43,3134200
MNST,2017-06-20,25.46,25.58,25.31,25.42,4056000
MNST,2017-06-21,25.37,25.72,25.37,25.59,3757800
MNST,2017-06-22,25.55,25.72,25.33,25.42,2976600
MNST,2017-06-23,25.51,26.2,25.51,26.0,6620000
MNST,2017-06-26,26.07,26.12,25.73,25.76,3899000
MNST,2017-06-27,25.66,25.75,25.15,25.15,4958400
MNST,2017-06-28,25.24,25.62,25.08,25.52,4063000
MNST,2017-06-29,25.4,25.51,24.83,24.95,4236000
MNST,2017-06-30,25.25,25.25,24.83,24.84,5233600
MNST,2017-07-03,24.99,25.08,24.74,24.86,2077000
MNST,2017-07-05,24.92,24.98,24.51,24.75,3799200
MNST,2017-07-06,24.62,25.24,24.6,25.17,7384200
MNST,2017-07-07,25.17,25.42,25.02,25.35,5734200
MNST,2017-07-10,25.4,25.45,25.08,25.25,3613200
MNST,2017-07-11,25.28,25.29,24.91,24.99,3857200
MNST,2017-07-12,25.19,25.43,25.12,25.21,2568800
MNST,2017-07-13,25.26,25.43,25.06,25.41,3415200
MNST,2017-07-14,25.57,25.86,25.51,25.83,3165400
MNST,2017-07-17,25.87,25.87,25.69,25.77,2378400
MNST,2017-07-18,25.75,25.93,25.61,25.92,2139800
MNST,2017-07-19,25.99,26.14,25.84,26.11,3649200
MNST,2017-07-20,26.19,26.29,25.99,26.18,3182400
MNST,2017-07-21,26.08,26.32,26.08,26.29,2490200
MNST,2017-07-24,26.32,26.48,26.18,26.36,3520800
MNST,2017-07-25,26.42,26.75,26.31,26.69,4208800
MNST,2017-07-26,26.67,26.97,26.53,26.78,3210000
MNST,2017-07-27,26.71,27.03,26.62,27.01,4715800
MNST,2017-07-28,26.96,27.12,26.62,26.7,2488200
MNST,2017-07-31,26.69,26.8,26.26,26.38,3903800
MNST,2017-08-01,26.47,26.67,26.2,26.56,3620000
MNST,2017-08-02,26.4,26.57,26.12,26.52,3475800
MNST,2017-08-03,26.58,26.75,26.23,26.57,2920200
MNST,2017-08-04,26.66,26.66,26.2,26.35,2756200
MNST,2017-08-07,26.42,26.5,26.3,26.43,3722200
MNST,2017-08-08,26.34,26.69,26.27,26.32,6315200
MNST,2017-08-09,25.77,26.22,25.4,26.01,6742800
MNST,2017-08-10,25.93,26.42,25.78,26.26,5748800
MNST,2017-08-11,26.69,27.0,26.28,26.91,5489400
MNST,2017-08-14,26.97,27.28,26.93,26.98,4018800
MNST,2017-08-15,26.99,27.06,26.84,27.0,2390600
MNST,2017-08-16,27.14,27.2,27.03,27.16,2063600
MNST,2017-08-17,27.13,27.36,26.8,26.85,3370000
MNST,2017-08-18,26.74,27.18,26.72,27.02,3860600
MNST,2017-08-21,27.07,27.26,26.98,27.18,2513800
MNST,2017-08-22,27.19,27.75,27.18,27.69,4720800
MNST,2017-08-23,27.75,27.79,27.44,27.58,3174800
MNST,2017-08-24,27.55,27.62,27.39,27.49,3218800
MNST,2017-08-25,27.58,27.85,27.47,27.61,3620000
MNST,2017-08-28,27.7,27.75,27.48,27.58,3286000
MNST,2017-08-29,27.52,27.78,27.45,27.68,2918000
MNST,2017-08-30,27.67,28.07,27.64,27.98,3085000
MNST,2017-08-31,28.02,28.22,27.88,27.91,4060600
MNST,2017-09-01,27.99,28.15,27.94,28.04,3224800
MNST,2017-09-05,27.99,28.23,27.98,28.17,5255600
MNST,2017-09-06,28.48,28.62,27.98,28.17,6516800
MNST,2017-09-07,28.19,28.28,28.03,28.18,4003400
MNST,2017-09-08,28.18,28.35,28.1,28.16,2461600
MNST,2017-09-11,28.26,28.48,28.22,28.33,2729000
MNST,2017-09-12,28.24,28.45,27.92,28.04,5569600
MNST,2017-09-13,27.92,28.3,27.89,28.19,3047000
MNST,2017-09-14,28.17,28.32,27.98,28.29,4465400
MNST,2017-09-15,28.38,28.42,28.01,28.09,8690400
MNST,2017-09-18,28.08,28.4,27.98,28.33,2513400
MNST,2017-09-19,28.34,28.38,28.08,28.13,2928800
MNST,2017-09-20,28.05,28.15,27.6,27.98,3064600
MNST,2017-09-21,27.98,28.0,27.75,27.78,2333600
MNST,2017-09-22,27.81,28.02,27.74,27.91,2254600
MNST,2017-09-25,27.91,28.0,27.57,27.58,3333000
MNST,2017-09-26,27.61,27.75,27.58,27.6,3961200
MNST,2017-09-27,27.6,27.6,27.11,27.44,11633000
MNST,2017-09-28,27.32,27.86,27.21,27.74,6055000
MNST,2017-09-29,27.73,27.98,27.53,27.62,4266200
MNST,2017-10-02,27.62,27.93,27.51,27.57,2760800
MNST,2017-10-03,27.62,27.84,27.5,27.64,3055600
MNST,2017-10-04,27.68,27.72,27.4,27.61,3761400
MNST,2017-10-05,27.74,27.81,27.58,27.7,2608200
MNST,2017-10-06,27.61,27.77,27.54,27.68,2203800
MNST,2017-10-09,27.75,27.86,27.63,27.69,1501600
MNST,2017-10-10,27.73,27.86,27.6,27.68,2001200
MNST,2017-10-11,27.65,27.94,27.61,27.85,2738200
MNST,2017-10-12,27.83,28.0,27.75,27.98,2797800
MNST,2017-10-13,28.0,28.08,27.88,27.92,1941600
MNST,2017-10-16,27.94,28.14,27.94,28.11,3156200
MNST,2017-10-17,28.15,28.38,27.97,28.26,2934600
MNST,2017-10-18,28.17,28.25,27.96,28.15,2430600
MNST,2017-10-19,28.11,28.17,27.92,28.0,2359200
MNST,2017-10-20,28.09,28.26,28.03,28.23,3614600
MNST,2017-10-23,28.25,28.35,28.09,28.18,2481400
MNST,2017-10-24,28.13,28.48,28.01,28.42,2715600
MNST,2017-10-25,28.2,28.3,27.95,28.25,2547200
MNST,2017-10-26,28.37,28.51,28.25,28.38,2412600
MNST,2017-10-27,28.19,28.54,27.96,28.38,3295400
MNST,2017-10-30,28.43,28.5,28.08,28.42,3298600
MNST,2017-10-31,28.5,29.27,28.48,28.97,4810600
MNST,2017-11-01,29.17,29.22,28.8,28.9,3471000
MNST,2017-11-02,28.95,28.97,28.69,28.73,2558000
MNST,2017-11-03,28.6,28.95,28.55,28.83,2736000
MNST,2017-11-06,28.85,28.9,28.67,28.76,3230200
MNST,2017-11-07,28.75,28.96,28.68,28.96,3442000
MNST,2017-11-08,28.96,29.15,28.83,29.0,6514600
MNST,2017-11-09,28.0,29.94,28.0,29.34,9616000
MNST,2017-11-10,29.3,30.67,29.14,30.58,9176600
MNST,2017-11-13,30.49,31.21,30.42,31.1,5854400
MNST,2017-11-14,30.86,31.4,30.6,31.32,5932000
MNST,2017-11-15,31.27,31.33,30.73,30.8,6751000
MNST,2017-11-16,30.83,31.28,30.68,31.0,5459400
MNST,2017-11-17,30.99,31.32,30.87,31.08,3603400
MNST,2017-11-20,30.26,30.92,30.08,30.58,4902400
MNST,2017-11-21,30.67,30.9,30.52,30.64,5100200
MNST,2017-11-22,30.7,30.84,30.43,30.64,2300000
MNST,2017-11-24,30.53,30.91,30.53,30.88,1147200
MNST,2017-11-27,30.88,30.99,30.69,30.89,2526800
MNST,2017-11-28,31.17,31.34,30.77,31.05,5730200
MNST,2017-11-29,31.05,31.1,30.73,30.94,2922000
MNST,2017-11-30,30.91,31.38,30.8,31.33,5432000
MNST,2017-12-01,31.08,31.47,30.92,31.46,4384400
MNST,2017-12-04,31.47,31.7,31.25,31.67,4463000
MNST,2017-12-05,31.58,31.77,31.4,31.52,3971000
MNST,2017-12-06,31.52,31.65,31.31,31.64,4162600
MNST,2017-12-07,31.54,31.59,31.11,31.15,4712400
MNST,2017-12-08,31.31,31.61,31.19,31.61,3589200
MNST,2017-12-11,31.44,31.55,31.11,31.47,3194000
MNST,2017-12-12,31.48,31.75,31.24,31.45,3136400
MNST,2017-12-13,31.58,31.81,31.5,31.75,3351400
MNST,2017-12-14,31.81,32.11,31.47,31.57,3449000
MNST,2017-12-15,31.71,32.12,31.25,32.01,8232400
MNST,2017-12-18,32.22,32.4,31.95,32.01,2761200
MNST,2017-12-19,32.03,32.26,31.91,32.1,2534600
MNST,2017-12-20,32.27,32.34,31.77,32.01,2671400
MNST,2017-12-21,32.19,32.26,31.78,31.91,3377400
MNST,2017-12-22,31.95,32.03,31.75,31.89,2460800
MNST,2017-12-26,31.54,32.05,31.48,31.92,1622400
MNST,2017-12-27,31.94,32.16,31.86,32.12,3111600
MNST,2017-12-28,32.25,32.28,31.44,31.46,2882600
MNST,2017-12-29,31.37,31.85,31.35,31.65,3217600
MNST,2018-01-02,31.7,31.81,31.3,31.35,5050000
MNST,2018-01-03,31.34,31.66,31.12,31.56,5575400
MNST,2018-01-04,31.69,32.03,31.56,31.68,3779000
MNST,2018-01-05,31.75,31.92,31.59,31.75,3509400
MNST,2018-01-08,31.53,32.04,31.4,32.01,2958400
MNST,2018-01-09,32.15,32.79,31.99,32.74,6946600
MNST,2018-01-10,32.84,33.08,31.65,31.8,5427200
MNST,2018-01-11,31.86,32.06,31.72,31.98,3948000
MNST,2018-01-12,32.07,32.16,31.84,31.89,3685400
MNST,2018-01-16,32.04,32.38,31.81,32.28,5714000
MNST,2018-01-17,32.67,33.62,32.53,33.53,7812200
MNST,2018-01-18,33.51,33.61,32.85,33.24,3525000
MNST,2018-01-19,33.31,33.67,33.26,33.43,5003200
MNST,2018-01-22,33.42,33.9,33.38,33.88,3648000
MNST,2018-01-23,33.87,34.31,33.69,34.22,4999000
MNST,2018-01-24,34.34,34.38,34.07,34.14,4277800
MNST,2018-01-25,34.28,34.33,33.83,33.9,5345000
MNST,2018-01-26,33.92,34.5,33.85,34.46,3516800
MNST,2018-01-29,34.8,35.11,33.78,34.15,6183600
MNST,2018-01-30,34.12,34.51,33.9,33.95,4858000
MNST,2018-01-31,33.82,34.29,33.78,34.12,5009200
MNST,2018-02-01,33.99,34.22,33.53,33.97,3820200
MNST,2018-02-02,33.83,33.93,33.29,33.31,6236600
MNST,2018-02-05,33.29,33.43,31.92,31.92,6678400
MNST,2018-02-06,31.55,32.16,30.58,32.1,6897200
MNST,2018-02-07,31.86,32.56,31.79,32.28,5862200
MNST,2018-02-08,32.19,32.31,30.97,31.0,5910200
MNST,2018-02-09,31.14,31.71,30.59,31.44,5359600
MNST,2018-02-12,31.58,32.24,31.5,32.04,4103000
MNST,2018-02-13,31.81,31.89,31.43,31.69,4036600
MNST,2018-02-14,31.42,32.0,31.2,31.95,3467400
MNST,2018-02-15,32.04,32.83,31.9,32.81,3423000
MNST,2018-02-16,32.99,33.22,32.56,32.74,3134600
MNST,2018-02-20,32.49,32.79,32.16,32.3,3665600
MNST,2018-02-21,32.38,33.13,32.33,32.51,4479000
MNST,2018-02-22,32.55,32.88,32.36,32.47,4414800
MNST,2018-02-23,32.7,32.97,32.34,32.94,3895200
MNST,2018-02-26,33.06,33.17,32.58,32.9,3428200
MNST,2018-02-27,32.95,33.12,32.08,32.08,5610000
MNST,2018-02-28,32.38,32.42,31.65,31.68,8717000
MNST,2018-03-01,28.73,28.97,27.0,27.11,29378800
MNST,2018-03-02,26.85,27.12,26.36,27.08,13276400
MNST,2018-03-05,27.5,28.32,27.24,27.87,12898800
MNST,2018-03-06,27.95,27.95,27.22,27.83,7624000
MNST,2018-03-07,27.68,27.94,27.46,27.77,6095600
MNST,2018-03-08,27.8,28.49,27.68,28.42,5876000
MNST,2018-03-09,28.55,29.03,28.27,29.03,7862000
MNST,2018-03-12,29.0,29.67,29.0,29.22,8163800
MNST,2018-03-13,29.39,29.68,29.24,29.34,6671600
MNST,2018-03-14,29.43,29.5,28.86,29.36,6996600
MNST,2018-03-15,29.35,29.67,28.94,29.09,4597600
MNST,2018-03-16,29.1,29.45,28.84,29.32,7860800
MNST,2018-03-19,29.21,29.33,28.85,29.14,10876800
MNST,2018-03-20,29.29,29.46,29.11,29.34,5136400
MNST,2018-03-21,29.26,29.43,28.89,29.04,6143800
MNST,2018-03-22,28.87,29.01,28.35,28.39,6989600
MNST,2018-03-23,28.39,28.55,27.93,27.93,6377400
MNST,2018-03-26,28.41,28.57,27.96,28.43,5036800
MNST,2018-03-27,28.62,28.75,27.95,28.12,3674800
MNST,2018-03-28,28.18,28.49,28.02,28.12,3248000
MNST,2018-03-29,28.32,28.8,28.22,28.6,3722000
MNST,2018-04-02,28.44,28.51,27.55,27.81,5587000
MNST,2018-04-03,28.0,28.02,27.64,27.86,6917400
MNST,2018-04-04,27.65,28.51,27.5,28.39,5971600
MNST,2018-04-05,28.58,28.9,28.42,28.7,3863600
MNST,2018-04-06,28.4,28.62,27.72,27.97,6246800
MNST,2018-04-09,28.24,28.5,28.0,28.11,4122800
MNST,2018-04-10,28.33,28.41,27.87,28.16,4460600
MNST,2018-04-11,27.89,28.25,27.75,28.11,4079000
MNST,2018-04-12,28.13,28.42,28.05,28.26,3527600
MNST,2018-04-13,28.41,28.58,28.16,28.34,2962800
MNST,2018-04-16,28.59,28.67,28.33,28.49,2589000
MNST,2018-04-17,28.57,28.89,28.32,28.84,5844800
MNST,2018-04-18,28.84,28.89,28.6,28.74,3452200
MNST,2018-04-19,28.55,29.0,28.43,28.66,10829000
MNST,2018-04-20,28.47,28.58,28.08,28.25,7612600
MNST,2018-04-23,28.36,28.73,28.25,28.43,4880600
MNST,2018-04-24,28.61,28.61,27.68,27.86,5707600
MNST,2018-04-25,27.82,27.86,27.15,27.2,8590000
MNST,2018-04-26,27.19,27.79,27.0,27.55,6852000
MNST,2018-04-27,27.53,28.22,27.48,28.09,4531200
MNST,2018-04-30,28.13,28.32,27.42,27.5,6271000
MNST,2018-05-01,27.44,27.63,27.07,27.6,3904200
MNST,2018-05-02,27.5,27.54,26.31,26.36,9598400
MNST,2018-05-03,26.35,26.57,25.88,26.16,8754000
MNST,2018-05-04,26.06,26.66,26.04,26.38,10478400
MNST,2018-05-07,26.43,26.75,26.35,26.66,9709400
MNST,2018-05-08,26.67,27.16,26.52,26.54,7980800
MNST,2018-05-09,24.75,24.88,24.05,24.56,19233200
MNST,2018-05-10,24.59,25.43,24.58,25.03,7630400
MNST,2018-05-11,25.06,25.14,24.5,24.64,9277800
MNST,2018-05-14,24.67,24.81,24.38,24.47,7863600
MNST,2018-05-15,24.3,24.48,23.97,24.1,7976800
MNST,2018-05-16,24.15,24.26,23.85,24.05,6500600
MNST,2018-05-17,24.0,24.34,23.81,24.28,7068800
MNST,2018-05-18,24.33,24.91,24.15,24.74,13088000
MNST,2018-05-21,24.8,25.2,24.75,24.95,7387200
MNST,2018-05-22,24.93,25.16,24.76,24.84,7476400
MNST,2018-05-23,24.67,25.18,24.48,25.0,7174600
MNST,2018-05-24,24.98,25.15,24.61,24.81,6423600
MNST,2018-05-25,24.85,25.61,24.66,24.83,7215800
MNST,2018-05-29,24.69,24.87,24.42,24.65,5732000
MNST,2018-05-30,24.94,26.32,24.91,25.98,16054200
MNST,2018-05-31,25.92,26.08,25.42,25.58,11769600
MNST,2018-06-01,25.78,25.97,25.65,25.75,5830800
MNST,2018-06-04,25.83,25.99,25.63,25.9,5591200
MNST,2018-06-05,25.85,26.05,25.51,25.68,7067800
MNST,2018-06-06,26.16,26.76,25.86,26.6,14418000
MNST,2018-06-07,26.65,26.74,26.34,26.42,9525400
MNST,2018-06-08,27.06,28.08,27.05,27.74,13618200
MNST,2018-06-11,27.83,28.1,27.69,28.03,8982000
MNST,2018-06-12,28.08,28.22,27.96,28.09,7563800
MNST,2018-06-13,28.22,28.22,27.95,28.05,5781800
MNST,2018-06-14,28.09,28.09,27.83,28.02,4627200
MNST,2018-06-15,28.01,28.24,27.75,28.22,8280800
MNST,2018-06-18,28.06,28.15,27.9,28.05,6711200
MNST,2018-06-19,27.89,28.06,27.81,27.94,6490800
MNST,2018-06-20,28.03,28.03,27.52,27.77,3518200
MNST,2018-06-21,27.81,28.08,27.65,27.99,5834000
MNST,2018-06-22,28.04,28.51,27.98,28.43,6311600
MNST,2018-06-25,28.45,28.65,28.05,28.32,5721800
MNST,2018-06-26,28.26,28.39,28.0,28.12,3201400
MNST,2018-06-27,28.01,28.27,27.87,27.97,3898000
MNST,2018-06-28,28.0,28.46,27.9,28.39,3914200
MNST,2018-06-29,28.38,28.86,28.24,28.65,6354000
MNST,2018-07-02,28.61,29.0,28.49,28.79,4572600
MNST,2018-07-03,28.92,29.05,28.79,28.84,2320400
MNST,2018-07-05,28.92,29.09,28.36,28.82,5759600
MNST,2018-07-06,28.77,29.32,28.77,29.22,3514000
MNST,2018-07-09,29.23,29.42,29.09,29.36,2504600
MNST,2018-07-10,29.5,29.83,29.42,29.78,4499800
MNST,2018-07-11,29.56,30.25,29.5,30.12,7047400
MNST,2018-07-12,30.38,30.61,30.23,30.5,3676600
MNST,2018-07-13,30.58,30.62,30.34,30.6,2697600
MNST,2018-07-16,30.6,30.74,30.4,30.53,2921200
MNST,2018-07-17,30.44,31.16,30.44,31.08,3509000
MNST,2018-07-18,30.99,30.99,30.31,30.51,4791200
MNST,2018-07-19,30.58,30.78,30.36,30.57,3811600
MNST,2018-07-20,30.57,30.85,30.42,30.79,4456000
MNST,2018-07-23,30.68,30.83,30.41,30.5,2882800
MNST,2018-07-24,30.48,30.64,30.26,30.54,4363400
MNST,2018-07-25,30.57,31.14,30.51,31.06,4101200
MNST,2018-07-26,31.22,31.3,30.77,30.83,2821000
MNST,2018-07-27,30.84,30.97,30.14,30.32,4042800
MNST,2018-07-30,30.1,30.27,29.8,29.85,4849400
MNST,2018-07-31,29.98,30.41,29.87,30.01,8954400
MNST,2018-08-01,29.81,29.89,29.19,29.39,6398600
MNST,2018-08-02,29.22,29.81,29.22,29.67,4943400
MNST,2018-08-03,29.67,29.95,29.1,29.63,4629600
MNST,2018-08-06,29.61,30.14,29.51,29.7,5972400
MNST,2018-08-07,30.0,30.0,29.64,29.9,6053400
MNST,2018-08-08,29.91,29.95,29.5,29.7,4713800
MNST,2018-08-09,30.11,31.2,29.39,30.49,8732800
MNST,2018-08-10,30.29,30.5,29.92,30.35,4103000
MNST,2018-08-13,30.5,30.63,30.14,30.22,3229200
MNST,2018-08-14,30.24,30.91,30.02,30.89,4908000
MNST,2018-08-15,30.64,31.03,30.47,30.67,6803400
MNST,2018-08-16,30.67,30.97,30.39,30.83,2730600
MNST,2018-08-17,30.82,31.14,30.72,31.08,3512400
MNST,2018-08-20,31.25,31.32,30.91,31.05,5072600
MNST,2018-08-21,31.23,31.25,30.85,30.93,5702000
MNST,2018-08-22,30.88,30.88,30.49,30.5,2956400
MNST,2018-08-23,30.49,30.59,30.33,30.34,3509000
MNST,2018-08-24,30.42,30.56,30.25,30.33,2660800
MNST,2018-08-27,30.51,30.67,30.1,30.22,4701400
MNST,2018-08-28,30.3,30.43,30.19,30.4,3301000
MNST,2018-08-29,30.38,30.7,30.29,30.69,3044200
MNST,2018-08-30,30.54,30.93,30.27,30.41,4405000
MNST,2018-08-31,30.4,30.5,30.1,30.44,5646800
MNST,2018-09-04,30.25,30.5,30.24,30.47,2788000
MNST,2018-09-05,30.34,30.81,30.31,30.73,4392600
MNST,2018-09-06,30.69,30.74,30.43,30.67,3658000
MNST,2018-09-07,30.49,30.49,29.9,30.17,4505600
MNST,2018-09-10,30.29,30.35,29.85,29.88,4039000
MNST,2018-09-11,29.83,29.83,29.02,29.05,11009800
MNST,2018-09-12,29.08,29.29,28.88,29.15,9723000
MNST,2018-09-13,29.32,29.67,29.08,29.47,13658800
MNST,2018-09-14,29.6,29.86,29.38,29.76,6767000
MNST,2018-09-17,29.84,29.96,29.55,29.86,3885200
MNST,2018-09-18,29.87,29.94,29.21,29.69,5943000
MNST,2018-09-19,29.69,29.82,29.55,29.66,3840000
MNST,2018-09-20,29.75,30.33,29.65,30.19,6098400
MNST,2018-09-21,30.08,30.43,29.91,29.92,12427000
MNST,2018-09-24,29.74,29.77,28.8,29.15,6257600
MNST,2018-09-25,29.24,29.24,28.86,28.97,3561000
MNST,2018-09-26,29.08,29.44,28.92,29.16,4986000
MNST,2018-09-27,29.15,29.57,29.06,29.16,5120400
MNST,2018-09-28,29.15,29.39,29.06,29.14,5014400
MNST,2018-10-01,29.34,29.39,28.58,28.68,4589600
MNST,2018-10-02,28.62,28.7,28.09,28.59,9270000
MNST,2018-10-03,28.69,28.9,28.19,28.33,5472400
MNST,2018-10-04,28.23,28.41,27.79,27.99,6177800
MNST,2018-10-05,28.22,28.42,27.94,28.09,5796800
MNST,2018-10-08,28.05,28.4,28.02,28.25,4752800
MNST,2018-10-09,28.33,28.5,28.21,28.27,4941200
MNST,2018-10-10,28.14,28.14,26.89,26.95,6759000
MNST,2018-10-11,27.02,27.19,26.38,26.42,5856000
MNST,2018-10-12,26.44,26.98,26.25,26.65,5351600
MNST,2018-10-15,26.12,26.42,25.84,26.1,5374200
MNST,2018-10-16,26.22,26.62,26.05,26.55,5285400
MNST,2018-10-17,26.5,26.55,26.12,26.32,5894000
MNST,2018-10-18,26.23,26.45,25.75,25.92,7075800
MNST,2018-10-19,26.07,26.46,26.03,26.06,5640400
MNST,2018-10-22,26.08,26.32,26.0,26.05,4525800
MNST,2018-10-23,25.81,26.53,25.56,26.32,8171800
MNST,2018-10-24,26.21,26.63,25.95,26.01,8838600
MNST,2018-10-25,25.99,26.52,25.53,26.25,7487400
MNST,2018-10-26,25.83,26.01,25.35,25.52,7606000
MNST,2018-10-29,25.84,26.01,25.24,25.66,6622800
MNST,2018-10-30,25.88,26.52,25.81,26.49,6863200
MNST,2018-10-31,26.6,26.76,26.32,26.42,6312400
MNST,2018-11-01,26.5,27.3,26.43,27.23,6150600
MNST,2018-11-02,27.3,27.53,26.76,27.05,6746600
MNST,2018-11-05,27.17,27.39,26.99,27.35,5085200
MNST,2018-11-06,27.31,27.56,27.11,27.4,4035200
MNST,2018-11-07,27.63,27.96,27.35,27.95,9977400
MNST,2018-11-08,24.83,27.38,24.71,27.07,28273800
MNST,2018-11-09,27.48,28.57,27.15,28.42,10682000
MNST,2018-11-12,28.28,28.35,27.34,27.38,10021800
MNST,2018-11-13,27.39,27.98,27.26,27.89,5515800
MNST,2018-11-14,28.06,28.1,27.1,27.25,7698600
MNST,2018-11-15,27.2,27.65,27.09,27.65,5675800
MNST,2018-11-16,27.67,28.07,27.61,27.89,4404600
MNST,2018-11-19,27.94,28.61,27.92,28.52,8159800
MNST,2018-11-20,28.84,29.25,27.85,27.89,9260600
MNST,2018-11-21,27.98,28.28,27.77,28.01,7026400
MNST,2018-11-23,27.94,28.75,27.84,28.66,3565800
MNST,2018-11-26,28.75,28.94,28.38,28.41,8782800
MNST,2018-11-27,28.45,29.07,28.45,28.88,6655800
MNST,2018-11-28,28.83,29.56,28.72,29.55,6278000
MNST,2018-11-29,29.35,29.79,29.32,29.4,5355200
MNST,2018-11-30,29.5,29.98,29.45,29.84,5711800
MNST,2018-12-03,29.61,30.17,29.61,30.0,6945800
MNST,2018-12-04,29.5,30.05,28.83,28.92,11044600
MNST,2018-12-06,28.77,29.17,28.4,29.14,9234400
MNST,2018-12-07,28.94,29.52,28.7,28.7,7376200
MNST,2018-12-10,28.51,28.86,28.2,28.48,7608600
MNST,2018-12-11,28.78,29.17,28.62,28.79,7694600
MNST,2018-12-12,29.14,29.21,28.56,28.72,6113400
MNST,2018-12-13,27.82,28.09,26.53,26.72,8497800
MNST,2018-12-14,26.51,26.75,26.25,26.34,7229200
MNST,2018-12-17,26.32,26.37,25.44,25.62,6471400
MNST,2018-12-18,25.89,26.05,25.32,25.61,6459400
MNST,2018-12-19,25.64,25.85,24.59,24.72,6320800
MNST,2018-12-20,24.73,24.88,24.3,24.6,6608400
MNST,2018-12-21,24.67,25.09,24.08,24.11,11739800
MNST,2018-12-24,24.12,24.39,23.88,23.98,3997800
MNST,2018-12-26,24.06,24.56,23.87,24.55,7477000
MNST,2018-12-27,24.27,24.73,23.91,24.72,4936600
MNST,2018-12-28,24.76,24.89,24.22,24.52,5606000
MNST,2018-12-31,24.57,24.69,24.4,24.61,4523000
MNST,2019-01-02,24.28,24.43,24.08,24.38,7501600
MNST,2019-01-03,24.2,24.56,23.92,24.0,11526600
MNST,2019-01-04,24.25,24.92,24.22,24.9,8070600
MNST,2019-01-07,24.7,25.03,24.58,24.86,6652200
MNST,2019-01-08,25.87,26.52,25.7,26.42,12059400
MNST,2019-01-09,26.53,27.01,26.4,26.67,12476800
MNST,2019-01-10,26.62,26.65,25.94,26.63,12827800
MNST,2019-01-11,26.64,27.21,26.42,27.18,7941000
MNST,2019-01-14,26.91,27.22,26.73,27.08,6155200
MNST,2019-01-15,27.09,27.48,27.02,27.38,4538400
MNST,2019-01-16,27.2,27.38,26.75,26.91,6751000
MNST,2019-01-17,26.95,27.33,26.94,27.14,5129600
MNST,2019-01-18,27.42,27.9,27.26,27.79,7967600
MNST,2019-01-22,27.67,27.77,27.26,27.74,5652000
MNST,2019-01-23,27.69,27.88,27.42,27.59,5941000
MNST,2019-01-24,27.55,27.81,27.47,27.68,6017200
MNST,2019-01-25,27.89,28.12,27.84,27.92,3696400
MNST,2019-01-28,27.77,27.91,27.53,27.78,3731800
MNST,2019-01-29,27.86,27.94,27.59,27.74,3016600
MNST,2019-01-30,27.77,28.19,27.67,28.11,4000600
MNST,2019-01-31,28.12,28.67,28.06,28.62,5461600
MNST,2019-02-01,28.69,29.0,28.57,28.98,6026600
MNST,2019-02-04,29.0,29.1,28.74,29.09,8924000
MNST,2019-02-05,29.17,29.29,28.7,28.81,10100600
MNST,2019-02-06,28.72,28.83,28.64,28.68,5392600
MNST,2019-02-07,28.58,28.88,28.47,28.72,3255400
MNST,2019-02-08,28.59,28.94,28.56,28.94,3071400
MNST,2019-02-11,28.97,29.16,28.9,29.0,3033400
MNST,2019-02-12,28.99,29.56,28.99,29.44,4428200
MNST,2019-02-13,29.5,29.69,29.48,29.66,3448600
MNST,2019-02-14,29.41,29.59,29.0,29.32,5913400
MNST,2019-02-15,29.5,29.61,29.29,29.36,5226400
MNST,2019-02-19,29.25,29.33,28.97,29.11,6840600
MNST,2019-02-20,29.19,29.55,29.1,29.35,5472400
MNST,2019-02-21,29.23,29.86,29.15,29.44,5712200
MNST,2019-02-22,29.4,29.59,29.1,29.22,5120000
MNST,2019-02-25,29.54,29.57,29.14,29.27,4860000
MNST,2019-02-26,29.31,29.52,29.21,29.37,3570200
MNST,2019-02-27,29.17,29.42,28.95,29.37,10246800
MNST,2019-02-28,31.61,33.19,31.61,31.92,20948200
MNST,2019-03-01,32.19,32.49,31.62,32.37,7700600
MNST,2019-03-04,32.38,32.78,32.15,32.51,7171600
MNST,2019-03-05,32.25,32.25,31.25,31.31,10248800
MNST,2019-03-06,31.36,31.55,30.75,30.87,9506800
MNST,2019-03-07,31.0,31.3,30.61,30.8,10783800
MNST,2019-03-08,30.61,30.74,30.04,30.31,5926400
MNST,2019-03-11,30.25,30.66,30.23,30.59,8385400
MNST,2019-03-12,30.37,30.5,29.74,30.11,10997200
MNST,2019-03-13,30.06,30.29,29.69,29.89,7786000
MNST,2019-03-14,29.85,30.08,29.78,29.83,8270800
MNST,2019-03-15,30.0,30.54,29.93,30.14,12526600
MNST,2019-03-18,30.17,30.58,30.14,30.3,6111400
MNST,2019-03-19,29.44,29.5,28.76,28.96,13199400
MNST,2019-03-20,28.42,28.77,28.15,28.25,18263200
MNST,2019-03-21,28.33,28.42,27.08,27.1,23419400
MNST,2019-03-22,27.1,27.23,26.47,26.75,16682000
MNST,2019-03-25,26.76,27.41,26.7,27.27,12775800
MNST,2019-03-26,27.36,27.84,27.35,27.81,16576800
MNST,2019-03-27,27.72,27.89,27.28,27.44,7433800
MNST,2019-03-28,27.4,27.67,27.18,27.23,9046400
MNST,2019-03-29,27.27,27.42,26.87,27.29,9803000
MNST,2019-04-01,27.19,27.43,26.52,26.64,10675200
MNST,2019-04-02,26.5,27.09,26.11,26.67,14974600
MNST,2019-04-03,26.75,26.95,26.23,26.3,9953000
MNST,2019-04-04,26.38,26.56,26.21,26.43,6896800
MNST,2019-04-05,26.61,26.9,26.36,26.44,6386000
MNST,2019-04-08,26.53,26.7,26.38,26.53,6415600
MNST,2019-04-09,26.51,27.37,26.51,27.34,12463200
MNST,2019-04-10,27.35,27.58,27.09,27.49,11282800
MNST,2019-04-11,27.58,27.69,26.93,27.38,16113800
MNST,2019-04-12,27.38,27.42,26.28,26.51,12316600
MNST,2019-04-15,26.5,27.23,26.5,27.03,6061400
MNST,2019-04-16,27.05,27.6,26.9,27.1,8438200
MNST,2019-04-17,27.18,27.53,27.15,27.44,7925600
MNST,2019-04-18,27.61,27.71,27.4,27.6,8432400
MNST,2019-04-22,27.52,27.69,27.38,27.49,5183200
MNST,2019-04-23,27.5,28.13,27.5,28.11,9304200
MNST,2019-04-24,28.19,28.58,28.17,28.41,7337600
MNST,2019-04-25,28.13,29.03,27.89,28.95,9231200
MNST,2019-04-26,29.17,29.84,29.17,29.83,10826200
MNST,2019-04-29,29.73,29.78,29.34,29.34,8507000
MNST,2019-04-30,29.59,29.93,29.5,29.8,9130400
MNST,2019-05-01,29.74,29.74,28.93,28.97,7273000
MNST,2019-05-02,29.0,29.5,28.72,29.0,9689400
MNST,2019-05-03,31.45,32.06,30.63,31.56,19805400
MNST,2019-05-06,31.02,31.39,30.68,31.31,5875800
MNST,2019-05-07,31.07,31.17,30.58,30.8,7418200
MNST,2019-05-08,30.74,30.97,30.58,30.84,6518000
MNST,2019-05-09,30.58,31.14,30.37,30.96,5555800
MNST,2019-05-10,30.8,31.58,30.76,31.5,7175200
MNST,2019-05-13,31.11,31.3,30.91,31.17,6549200
MNST,2019-05-14,31.05,31.34,30.76,31.17,6071200
MNST,2019-05-15,31.12,31.61,31.03,31.53,5900800
MNST,2019-05-16,31.53,32.08,31.53,31.97,5339200
MNST,2019-05-17,31.93,32.03,31.76,31.82,3800000
MNST,2019-05-20,31.73,31.87,31.58,31.81,4226800
MNST,2019-05-21,31.93,32.01,31.64,31.87,3545000
MNST,2019-05-22,31.85,32.12,31.66,32.0,5430400
MNST,2019-05-23,31.74,31.96,31.5,31.61,4559800
MNST,2019-05-24,31.67,31.84,31.38,31.71,2823600
MNST,2019-05-28,31.67,31.91,31.11,31.14,6031000
MNST,2019-05-29,31.25,31.33,30.81,30.88,5685200
MNST,2019-05-30,31.0,31.22,30.89,31.14,3018200
MNST,2019-05-31,30.98,31.42,30.9,30.93,5246600
MNST,2019-06-03,31.02,31.53,31.02,31.41,5136400
MNST,2019-06-04,31.74,31.75,31.11,31.43,5794800
MNST,2019-06-05,31.75,32.14,31.67,32.01,7878200
MNST,2019-06-06,32.1,32.13,31.73,31.92,5198000
MNST,2019-06-07,32.17,33.18,32.13,32.96,13516000
MNST,2019-06-10,32.93,33.15,32.65,32.88,6066200
MNST,2019-06-11,33.01,33.07,32.08,32.25,7780600
MNST,2019-06-12,32.32,32.56,31.97,32.04,3984800
MNST,2019-06-13,32.04,32.19,30.28,30.3,11557000
MNST,2019-06-14,30.41,31.07,30.41,30.67,7513400
MNST,2019-06-17,30.74,31.23,30.6,30.96,7867800
MNST,2019-06-18,31.31,31.41,30.98,31.06,4476200
MNST,2019-06-19,30.99,31.25,30.61,31.18,3747800
MNST,2019-06-20,31.47,31.81,31.37,31.76,4434800
MNST,2019-06-21,31.75,31.96,31.53,31.89,7115400
MNST,2019-06-24,31.95,32.06,31.75,31.78,3586000
MNST,2019-06-25,31.97,31.97,31.61,31.67,3423000
MNST,2019-06-26,31.88,32.07,31.7,31.8,4276000
MNST,2019-06-27,31.76,31.94,31.67,31.78,5310600
MNST,2019-06-28,31.92,32.17,31.67,31.92,5810000
MNST,2019-07-01,31.55,32.42,31.52,32.38,4808600
MNST,2019-07-02,32.51,32.67,32.15,32.33,3327400
MNST,2019-07-03,32.51,33.03,32.35,32.97,5492400
MNST,2019-07-05,32.42,32.97,32.42,32.96,2188200
MNST,2019-07-08,32.94,33.08,32.69,33.0,4245800
MNST,2019-07-09,32.85,32.87,32.17,32.38,4528600
MNST,2019-07-10,32.48,32.78,32.4,32.51,4573600
MNST,2019-07-11,32.55,32.55,32.1,32.4,3298400
MNST,2019-07-12,32.44,32.62,32.19,32.5,3212800
MNST,2019-07-15,32.61,32.85,32.52,32.63,2747200
MNST,2019-07-16,32.55,32.93,32.51,32.9,4290800
MNST,2019-07-17,32.65,32.94,32.6,32.87,3381800
MNST,2019-07-18,32.94,32.97,32.45,32.49,4033400
MNST,2019-07-19,32.38,32.38,31.39,31.63,7739800
MNST,2019-07-22,31.64,32.15,31.5,31.76,3772000
MNST,2019-07-23,32.05,32.19,31.48,32.05,5057600
MNST,2019-07-24,32.14,32.53,32.05,32.37,3557600
MNST,2019-07-25,32.31,32.53,32.02,32.08,2704800
MNST,2019-07-26,32.24,32.72,32.0,32.6,3418200
MNST,2019-07-29,32.62,32.85,32.58,32.69,4384000
MNST,2019-07-30,32.58,32.84,32.53,32.76,4201200
MNST,2019-07-31,32.67,32.72,31.86,32.24,5421000
MNST,2019-08-01,32.4,32.67,31.65,31.73,5764400
MNST,2019-08-02,31.81,31.86,31.1,31.19,5866000
MNST,2019-08-05,31.57,31.57,29.42,29.48,10775200
MNST,2019-08-06,29.5,30.28,29.28,30.09,13124000
MNST,2019-08-07,29.8,30.32,29.49,30.19,10984200
MNST,2019-08-08,27.45,31.18,26.91,31.09,24494600
MNST,2019-08-09,30.86,30.9,29.56,29.61,10508800
MNST,2019-08-12,29.51,29.52,28.16,28.24,10564000
MNST,2019-08-13,28.01,29.16,28.0,29.02,6830400
MNST,2019-08-14,28.67,28.85,28.0,28.06,5229000
MNST,2019-08-15,28.32,28.66,28.06,28.48,6112600
MNST,2019-08-16,28.7,28.84,28.33,28.59,3512200
MNST,2019-08-19,28.98,29.1,28.7,28.9,4904200
MNST,2019-08-20,28.78,29.1,28.53,28.92,4162400
MNST,2019-08-21,29.17,29.24,28.91,29.01,3468000
MNST,2019-08-22,29.0,29.03,28.36,28.58,4765200
MNST,2019-08-23,28.59,28.83,27.92,28.04,5169000
MNST,2019-08-26,28.26,28.37,28.0,28.33,3365800
MNST,2019-08-27,28.43,28.57,28.02,28.28,4533600
MNST,2019-08-28,28.53,29.23,28.36,29.04,6395800
MNST,2019-08-29,29.32,29.33,28.75,28.81,4096600
MNST,2019-08-30,29.02,29.42,29.02,29.33,4427000
MNST,2019-09-03,29.06,29.11,28.68,28.82,5075800
MNST,2019-09-04,28.99,29.18,28.83,29.03,3721200
MNST,2019-09-05,29.22,29.51,29.03,29.39,4049200
MNST,2019-09-06,29.38,29.47,28.51,28.58,5908200
MNST,2019-09-09,28.51,28.88,28.16,28.61,7793800
MNST,2019-09-10,28.49,28.88,28.33,28.88,4651000
MNST,2019-09-11,28.68,28.99,28.0,28.43,7753800
MNST,2019-09-12,28.72,29.07,28.66,28.73,4019600
MNST,2019-09-13,28.68,29.78,28.68,29.43,9108800
MNST,2019-09-16,29.28,29.72,29.18,29.61,6446600
MNST,2019-09-17,29.52,29.68,28.8,29.0,8697000
MNST,2019-09-18,28.89,29.28,28.8,29.18,5528800
MNST,2019-09-19,29.27,29.53,29.26,29.4,3273200
MNST,2019-09-20,29.36,29.56,29.16,29.17,8304200
MNST,2019-09-23,29.31,29.76,29.23,29.56,4298000
MNST,2019-09-24,29.71,29.75,29.12,29.41,4659600
MNST,2019-09-25,29.15,29.49,28.46,29.18,6548400
MNST,2019-09-26,29.24,29.42,28.41,28.89,5175000
MNST,2019-09-27,29.01,29.28,28.69,28.91,4073600
MNST,2019-09-30,29.08,29.42,28.92,29.03,2944800
MNST,2019-10-01,29.05,29.24,28.02,28.21,6878400
MNST,2019-10-02,27.22,27.82,26.83,27.56,9641200
MNST,2019-10-03,27.69,28.0,27.44,27.81,7399400
MNST,2019-10-04,27.91,28.38,27.91,28.29,5434600
MNST,2019-10-07,28.08,28.24,27.79,27.86,7937000
MNST,2019-10-08,27.7,28.42,27.68,27.94,5459800
MNST,2019-10-09,28.36,28.36,27.97,28.14,2659600
MNST,2019-10-10,28.06,28.18,27.92,28.06,3099200
MNST,2019-10-11,28.24,28.42,28.0,28.15,4948600
MNST,2019-10-14,28.2,28.49,28.03,28.27,2533800
MNST,2019-10-15,28.03,28.27,27.92,28.15,4134800
MNST,2019-10-16,28.18,28.34,27.99,28.26,3651800
MNST,2019-10-17,27.92,28.64,27.92,28.28,8336400
MNST,2019-10-18,28.24,28.43,27.97,28.03,7019600
MNST,2019-10-21,28.12,28.25,28.01,28.15,3308200
MNST,2019-10-22,28.19,28.33,27.97,27.97,3706400
MNST,2019-10-23,28.0,28.25,27.92,28.1,3011800
MNST,2019-10-24,28.14,28.33,27.88,28.31,3492600
MNST,2019-10-25,28.31,28.38,28.0,28.17,3524200
MNST,2019-10-28,28.31,28.49,27.93,27.99,5471800
MNST,2019-10-29,27.87,28.31,27.77,28.08,5351400
MNST,2019-10-30,28.03,28.17,27.92,28.08,4411200
MNST,2019-10-31,28.08,28.19,27.75,28.07,4873400
MNST,2019-11-01,28.22,28.35,28.0,28.12,4767600
MNST,2019-11-04,28.29,28.29,27.84,28.05,6618600
MNST,2019-11-05,27.99,28.53,27.93,28.24,9056800
MNST,2019-11-06,28.38,28.46,27.95,28.0,11082800
MNST,2019-11-07,28.0,28.47,27.9,28.32,13799200
MNST,2019-11-08,29.75,30.75,28.91,29.08,13200600
MNST,2019-11-11,29.0,29.32,28.55,29.01,5388600
MNST,2019-11-12,28.75,29.25,28.58,29.2,7102400
MNST,2019-11-13,29.15,29.58,29.02,29.48,5065600
MNST,2019-11-14,29.58,29.58,29.34,29.47,5087800
MNST,2019-11-15,29.62,29.69,29.05,29.32,5042200
MNST,2019-11-18,29.27,29.83,29.07,29.51,5781600
MNST,2019-11-19,29.58,29.67,29.28,29.28,3424000
MNST,2019-11-20,29.33,29.49,28.96,29.0,4969600
MNST,2019-11-21,28.96,29.2,28.8,29.2,4175600
MNST,2019-11-22,29.28,29.45,28.98,29.32,2966600
MNST,2019-11-25,29.42,29.61,29.14,29.33,3174800
MNST,2019-11-26,29.4,30.0,29.24,29.82,5171000
MNST,2019-11-27,29.91,30.14,29.85,30.05,3453800
MNST,2019-11-29,29.98,30.06,29.78,29.91,2198800
MNST,2019-12-02,29.88,29.94,29.68,29.91,4364600
MNST,2019-12-03,29.62,29.89,29.23,29.5,5327800
MNST,2019-12-04,29.44,30.24,29.44,30.19,4982400
MNST,2019-12-05,30.14,30.15,29.72,29.96,5898200
MNST,2019-12-06,30.03,30.2,29.86,30.02,5233800
MNST,2019-12-09,30.05,30.33,29.78,30.25,5336800
MNST,2019-12-10,30.38,30.77,30.28,30.75,11368800
MNST,2019-12-11,30.81,31.25,30.66,31.22,6494000
MNST,2019-12-12,31.14,31.35,30.95,31.12,5731200
MNST,2019-12-13,31.05,31.24,30.9,31.1,4383000
MNST,2019-12-16,31.22,31.4,31.01,31.25,3352400
MNST,2019-12-17,31.23,31.45,30.91,31.39,3810600
MNST,2019-12-18,31.53,31.65,31.2,31.43,5466400
MNST,2019-12-19,31.38,31.79,31.33,31.74,5649600
MNST,2019-12-20,31.81,32.01,31.6,31.96,14707800
MNST,2019-12-23,32.07,32.07,31.66,31.68,4970400
MNST,2019-12-24,31.76,31.9,31.69,31.74,1320400
MNST,2019-12-26,31.88,31.97,31.73,31.94,3277000
MNST,2019-12-27,31.97,32.03,31.74,31.78,4530000
MNST,2019-12-30,31.71,31.87,31.51,31.68,3310600
MNST,2019-12-31,31.73,31.88,31.59,31.77,3341800
MNST,2020-01-02,31.98,32.01,31.66,31.85,3566000
MNST,2020-01-03,31.56,31.81,31.43,31.64,3482200
MNST,2020-01-06,31.5,31.76,31.5,31.69,4469200
MNST,2020-01-07,31.93,32.07,31.77,31.84,6735600
MNST,2020-01-08,31.85,32.03,31.68,31.91,6053600
MNST,2020-01-09,32.08,32.17,31.86,32.12,6613000
MNST,2020-01-10,32.34,33.1,32.25,32.67,8936400
MNST,2020-01-13,32.7,32.85,32.33,32.76,5419800
MNST,2020-01-14,32.77,32.94,32.65,32.79,5768800
MNST,2020-01-15,32.81,33.08,32.61,32.94,5894200
MNST,2020-01-16,33.08,33.58,32.99,33.55,5228800
MNST,2020-01-17,33.6,33.81,33.35,33.65,8846200
MNST,2020-01-21,33.65,33.71,33.2,33.41,4751000
MNST,2020-01-22,33.47,33.75,33.36,33.74,3979800
MNST,2020-01-23,33.67,33.97,33.58,33.88,4477000
MNST,2020-01-24,34.0,34.01,33.47,33.55,4698800
MNST,2020-01-27,33.28,33.53,33.17,33.3,4479000
MNST,2020-01-28,33.31,33.56,33.31,33.44,5429400
MNST,2020-01-29,33.37,33.46,33.13,33.28,3698600
MNST,2020-01-30,33.15,33.57,32.9,33.51,4988600
MNST,2020-01-31,33.42,33.74,33.1,33.3,6732600
MNST,2020-02-03,34.44,34.47,33.69,33.71,9039000
MNST,2020-02-04,33.81,34.72,33.81,34.44,11572000
MNST,2020-02-05,34.62,34.87,34.4,34.47,5838400
MNST,2020-02-06,34.71,34.77,34.4,34.72,8602000
MNST,2020-02-07,34.65,34.83,34.44,34.46,4785800
MNST,2020-02-10,34.41,34.74,34.41,34.58,6544800
MNST,2020-02-11,34.63,34.72,34.4,34.58,4321200
MNST,2020-02-12,34.6,34.8,34.31,34.62,3125800
MNST,2020-02-13,34.62,34.92,34.58,34.85,3890200
MNST,2020-02-14,34.84,34.97,34.7,34.93,5318600
MNST,2020-02-18,34.72,34.99,34.68,34.8,4773200
MNST,2020-02-19,34.86,35.26,34.8,35.04,6444800
MNST,2020-02-20,34.92,35.22,34.5,35.2,6650200
MNST,2020-02-21,35.01,35.1,34.72,34.87,5946600
MNST,2020-02-24,34.83,35.1,33.9,34.1,6622000
MNST,2020-02-25,34.19,34.26,33.22,33.31,5684600
MNST,2020-02-26,33.56,33.88,32.94,32.94,7001000
MNST,2020-02-27,32.87,32.97,31.72,31.87,14253000
MNST,2020-02-28,32.41,32.52,30.61,31.2,14429200
MNST,2020-03-02,31.06,32.42,30.64,32.38,9094400
MNST,2020-03-03,32.15,33.08,31.57,31.89,10584000
MNST,2020-03-04,32.51,34.07,32.26,34.03,13059800
MNST,2020-03-05,33.19,34.42,33.04,33.56,10910800
MNST,2020-03-06,32.42,33.22,32.17,33.1,12287600
MNST,2020-03-09,31.03,31.49,30.52,30.93,10937800
MNST,2020-03-10,31.75,33.1,31.45,33.06,16962000
MNST,2020-03-11,32.0,32.37,30.25,30.91,13025400
MNST,2020-03-12,29.0,30.4,28.32,28.69,15201000
MNST,2020-03-13,29.9,31.25,29.3,31.19,15497200
MNST,2020-03-16,28.1,30.43,27.39,28.72,12150400
MNST,2020-03-17,29.42,30.23,28.81,29.87,12112800
MNST,2020-03-18,28.82,28.82,25.25,27.94,12934000
MNST,2020-03-19,27.85,28.58,25.75,27.16,12526200
MNST,2020-03-20,27.52,27.92,25.03,26.05,11583400
MNST,2020-03-23,26.06,26.67,25.38,25.49,11411400
MNST,2020-03-24,26.76,27.24,25.69,26.86,15504600
MNST,2020-03-25,26.85,27.55,26.33,26.83,9431800
MNST,2020-03-26,27.0,29.17,26.91,28.92,10910400
MNST,2020-03-27,28.05,29.05,28.0,28.19,7995800
MNST,2020-03-30,28.08,29.16,27.8,29.0,7250400
MNST,2020-03-31,28.04,29.0,27.98,28.13,5758800
MNST,2020-04-01,27.18,27.24,26.36,26.55,7631800
MNST,2020-04-02,26.35,27.6,26.19,27.53,6176200
MNST,2020-04-03,27.26,27.47,26.83,27.11,5574200
MNST,2020-04-06,28.33,29.16,27.73,29.03,9525400
MNST,2020-04-07,29.92,30.26,29.11,29.2,8599200
MNST,2020-04-08,29.08,30.27,28.97,30.13,4396200
MNST,2020-04-09,30.24,30.67,29.92,30.25,5118400
MNST,2020-04-13,30.13,30.3,29.35,29.76,5413000
MNST,2020-04-14,30.4,32.22,30.06,32.21,9673400
MNST,2020-04-15,31.24,31.56,30.84,31.15,6982400
MNST,2020-04-16,31.51,31.57,30.61,30.93,4204600
MNST,2020-04-17,31.28,31.57,30.94,31.09,6349200
MNST,2020-04-20,30.9,31.02,30.45,30.69,5705600
MNST,2020-04-21,29.93,30.21,29.4,29.52,4214200
MNST,2020-04-22,30.05,30.29,29.58,30.06,4876800
MNST,2020-04-23,30.09,30.44,29.73,29.82,3298600
MNST,2020-04-24,29.88,30.32,29.55,29.9,5111800
MNST,2020-04-27,30.3,30.37,29.82,30.26,5847200
MNST,2020-04-28,30.64,30.75,29.65,30.07,5729400
MNST,2020-04-29,30.17,31.26,29.99,31.07,5699400
MNST,2020-04-30,31.17,31.35,30.57,30.91,7046200
MNST,2020-05-01,30.63,30.73,29.58,29.76,3565200
MNST,2020-05-04,29.62,29.79,29.36,29.6,3831600
MNST,2020-05-05,29.75,30.88,29.61,30.33,5550000
MNST,2020-05-06,30.56,30.88,30.25,30.65,3470600
MNST,2020-05-07,30.88,31.55,30.83,31.05,4421200
MNST,2020-05-08,31.69,33.38,31.69,32.89,6549400
MNST,2020-05-11,32.38,33.53,32.38,33.2,4109800
MNST,2020-05-12,33.03,33.61,33.03,33.1,6303400
MNST,2020-05-13,32.86,33.36,32.29,32.58,3903600
MNST,2020-05-14,32.35,32.6,31.95,32.49,4096200
MNST,2020-05-15,32.47,33.17,32.17,33.01,8997800
MNST,2020-05-18,33.78,33.9,33.11,33.31,4412600
MNST,2020-05-19,33.43,33.88,33.25,33.58,4241600
MNST,2020-05-20,33.86,34.78,33.86,34.71,5147200
MNST,2020-05-21,34.59,34.69,34.04,34.18,3731000
MNST,2020-05-22,33.94,34.42,33.89,34.35,3404600
MNST,2020-05-26,35.12,35.33,34.37,34.51,5809400
MNST,2020-05-27,34.69,35.33,34.49,35.3,4043800
MNST,2020-05-28,35.56,35.82,34.86,35.44,6135800
MNST,2020-05-29,35.4,36.08,34.92,35.96,6229000
MNST,2020-06-01,36.4,36.72,36.01,36.29,3539600
MNST,2020-06-02,36.31,36.5,35.74,36.04,4813400
MNST,2020-06-03,36.31,36.53,36.03,36.26,3567200
MNST,2020-06-04,36.17,36.56,35.15,35.46,5904200
MNST,2020-06-05,35.76,36.15,35.24,36.12,5504800
MNST,2020-06-08,35.71,36.06,35.08,35.2,4955000
MNST,2020-06-09,34.99,35.42,34.79,35.22,3340800
MNST,2020-06-10,35.36,35.49,35.01,35.22,2929600
MNST,2020-06-11,34.88,35.19,33.76,33.9,4785400
MNST,2020-06-12,34.38,34.65,33.9,34.15,4212000
MNST,2020-06-15,33.6,34.43,33.31,34.4,3371200
MNST,2020-06-16,35.22,35.25,34.24,34.75,3310600
MNST,2020-06-17,34.97,35.23,34.67,34.77,3109200
MNST,2020-06-18,34.76,35.05,34.6,34.85,3172800
MNST,2020-06-19,35.35,35.47,34.72,35.04,8663600
MNST,2020-06-22,34.77,35.43,34.72,35.13,3254600
MNST,2020-06-23,35.43,35.52,34.99,35.09,2900000
MNST,2020-06-24,34.78,35.06,33.94,34.03,4316400
MNST,2020-06-25,34.04,34.57,33.69,34.53,3490400
MNST,2020-06-26,34.6,34.69,33.85,33.95,4092000
MNST,2020-06-29,34.19,34.63,33.97,34.56,3238400
MNST,2020-06-30,34.54,34.76,34.29,34.66,3857400
MNST,2020-07-01,34.67,34.99,34.42,34.51,2202400
MNST,2020-07-02,34.81,34.97,34.55,34.63,2826600
MNST,2020-07-06,35.13,35.67,34.99,35.65,5204000
MNST,2020-07-07,35.4,36.47,35.33,35.85,5078600
MNST,2020-07-08,36.06,36.41,35.61,35.88,3343400
MNST,2020-07-09,35.83,36.02,35.26,35.53,3051000
MNST,2020-07-10,35.54,35.83,35.06,35.83,2373400
MNST,2020-07-13,36.24,36.24,35.12,35.28,5254600
MNST,2020-07-14,34.88,35.88,34.77,35.81,4129600
MNST,2020-07-15,35.94,36.29,35.5,36.1,4421600
MNST,2020-07-16,35.9,36.32,35.81,36.31,2986800
MNST,2020-07-17,36.65,37.31,36.22,37.11,11530400
MNST,2020-07-20,37.25,37.47,36.79,36.94,3709400
MNST,2020-07-21,37.25,37.88,37.17,37.5,5121000
MNST,2020-07-22,37.71,38.04,37.67,37.87,4240800
MNST,2020-07-23,38.08,38.25,37.4,37.47,4396800
MNST,2020-07-24,37.53,37.74,37.29,37.44,3172200
MNST,2020-07-27,37.65,38.37,37.63,38.22,4054000
MNST,2020-07-28,38.47,38.51,37.97,38.1,3482000
MNST,2020-07-29,38.11,38.76,37.9,38.65,2977800
MNST,2020-07-30,38.37,39.0,38.01,38.91,4318600
MNST,2020-07-31,38.88,39.24,38.4,39.24,4205400
MNST,2020-08-03,39.35,39.4,38.58,38.92,3146400
MNST,2020-08-04,38.74,39.12,38.6,39.01,4987800
MNST,2020-08-05,41.01,41.98,40.65,41.55,7059400
MNST,2020-08-06,41.49,41.92,41.31,41.76,4367600
MNST,2020-08-07,41.47,41.92,41.21,41.6,3649000
MNST,2020-08-10,41.6,41.68,40.79,41.0,2531400
MNST,2020-08-11,41.14,41.22,40.08,40.3,4647600
MNST,2020-08-12,40.62,41.53,40.62,41.33,4070200
MNST,2020-08-13,41.5,41.99,41.4,41.91,4395400
MNST,2020-08-14,41.74,41.94,41.44,41.66,2771600
MNST,2020-08-17,41.67,41.96,41.65,41.72,5217800
MNST,2020-08-18,41.72,41.92,41.3,41.49,2744800
MNST,2020-08-19,41.39,41.79,41.17,41.33,2463200
MNST,2020-08-20,41.1,41.59,40.96,41.51,2238600
MNST,2020-08-21,41.38,41.51,40.91,41.37,2961800
MNST,2020-08-24,41.49,41.85,41.27,41.85,2881000
MNST,2020-08-25,42.03,42.28,41.6,41.99,2635600
MNST,2020-08-26,41.85,42.04,41.51,41.99,2942800
MNST,2020-08-27,42.0,42.1,41.4,41.67,2683400
MNST,2020-08-28,41.88,42.32,41.53,42.27,3333600
MNST,2020-08-31,42.21,42.49,41.62,41.93,5575000
MNST,2020-09-01,41.89,42.43,41.74,42.42,3822600
MNST,2020-09-02,42.5,43.53,42.47,43.26,5143000
MNST,2020-09-03,43.39,43.4,40.99,41.35,5403400
MNST,2020-09-04,41.58,41.88,40.49,41.13,5602000
MNST,2020-09-08,40.9,40.99,39.83,40.05,5340000
MNST,2020-09-09,40.28,41.67,40.28,41.37,7744400
MNST,2020-09-10,41.22,41.6,40.53,40.89,4664200
MNST,2020-09-11,41.03,41.16,40.21,40.67,3007400
MNST,2020-09-14,41.06,41.66,41.06,41.44,3683200
MNST,2020-09-15,41.62,41.97,41.21,41.57,3090000
MNST,2020-09-16,41.69,42.0,40.94,40.94,2866000
MNST,2020-09-17,40.4,40.72,39.83,40.35,4069000
MNST,2020-09-18,40.4,40.47,39.06,39.49,8863600
MNST,2020-09-21,39.21,39.25,38.53,39.19,4194400
MNST,2020-09-22,39.1,39.77,38.96,39.62,2659200
MNST,2020-09-23,39.42,39.62,38.72,38.9,2850400
MNST,2020-09-24,38.72,39.51,38.44,39.0,2472400
MNST,2020-09-25,38.72,39.51,38.54,39.4,3153800
MNST,2020-09-28,39.96,40.37,39.72,40.26,4542800
MNST,2020-09-29,40.44,40.54,39.79,39.9,2938600
MNST,2020-09-30,40.17,40.53,39.82,40.1,6780600
MNST,2020-10-01,40.53,40.88,40.12,40.74,9398200
MNST,2020-10-02,40.17,40.42,39.36,39.78,4004000
MNST,2020-10-05,39.85,40.06,39.01,39.33,4563000
MNST,2020-10-06,39.31,39.69,38.67,38.81,3674600
MNST,2020-10-07,38.94,39.49,38.81,39.38,3296000
MNST,2020-10-08,39.6,39.67,39.3,39.58,2904200
MNST,2020-10-09,39.74,40.6,39.69,40.47,5007600
MNST,2020-10-12,41.01,41.69,40.78,41.39,6679600
MNST,2020-10-13,41.83,42.23,41.42,41.74,5850000
MNST,2020-10-14,41.9,42.17,41.08,41.4,3779800
MNST,2020-10-15,40.92,41.25,40.54,40.69,4388400
MNST,2020-10-16,40.87,41.32,40.35,40.38,9510000
MNST,2020-10-19,40.23,40.78,39.81,40.01,4373600
MNST,2020-10-20,40.25,40.53,39.96,40.1,3429400
MNST,2020-10-21,39.94,40.34,39.71,40.04,2382000
MNST,2020-10-22,40.21,40.39,39.67,40.28,2338800
MNST,2020-10-23,40.43,40.65,40.03,40.19,3008400
MNST,2020-10-26,39.67,40.13,39.03,39.42,3101600
MNST,2020-10-27,39.9,40.54,39.67,40.19,3812200
MNST,2020-10-28,39.35,39.57,38.62,38.69,4345200
MNST,2020-10-29,38.53,39.26,38.27,38.77,3060600
MNST,2020-10-30,38.42,38.61,37.72,38.28,6512000
MNST,2020-11-02,38.92,39.17,38.46,38.96,3053200
MNST,2020-11-03,40.17,40.26,39.03,39.76,11307600
MNST,2020-11-04,40.45,41.71,40.21,41.36,5447000
MNST,2020-11-05,42.02,42.35,41.32,41.84,5788400
MNST,2020-11-06,42.24,42.29,41.32,41.63,4282800
MNST,2020-11-09,43.9,44.21,40.45,40.67,6738200
MNST,2020-11-10,40.48,41.38,40.26,40.79,5245400
MNST,2020-11-11,40.88,42.39,40.76,42.25,4651600
MNST,2020-11-12,42.25,42.4,41.19,41.48,2897200
MNST,2020-11-13,41.72,42.06,41.44,42.01,3730600
MNST,2020-11-16,41.99,42.67,41.61,41.79,4823200
MNST,2020-11-17,42.42,42.94,41.99,42.77,4410400
MNST,2020-11-18,42.47,43.01,42.06,42.11,3784400
MNST,2020-11-19,41.69,42.1,41.42,41.87,3606000
MNST,2020-11-20,41.81,42.19,41.72,41.76,3064600
MNST,2020-11-23,41.97,42.35,41.63,42.03,4277000
MNST,2020-11-24,42.15,42.49,41.76,42.1,2869000
MNST,2020-11-25,42.28,42.47,41.92,42.04,1889000
MNST,2020-11-27,42.24,42.57,41.95,42.08,2232400
MNST,2020-11-30,42.1,42.42,41.64,42.39,5309000
MNST,2020-12-01,42.74,43.51,42.49,43.34,4998400
MNST,2020-12-02,43.92,44.23,42.91,43.13,3482400
MNST,2020-12-03,42.87,43.38,42.78,43.26,4931000
MNST,2020-12-04,43.07,43.81,43.06,43.72,3642600
MNST,2020-12-07,43.47,43.88,43.33,43.58,2626000
MNST,2020-12-08,43.93,44.44,43.4,44.1,4275600
MNST,2020-12-09,44.2,44.35,43.74,43.95,2969400
MNST,2020-12-10,44.28,44.31,43.76,44.01,2506600
MNST,2020-12-11,43.78,44.11,43.51,44.01,3817000
MNST,2020-12-14,44.14,44.74,44.05,44.21,3382600
MNST,2020-12-15,44.49,44.58,44.08,44.29,3515000
MNST,2020-12-16,44.38,44.97,44.28,44.9,2729200
MNST,2020-12-17,44.99,45.22,44.76,45.07,2740400
MNST,2020-12-18,45.35,45.35,44.54,45.06,8386600
MNST,2020-12-21,44.42,44.72,43.65,44.49,3013400
MNST,2020-12-22,44.31,44.42,43.99,44.13,3033000
MNST,2020-12-23,44.14,44.75,44.1,44.47,2832000
MNST,2020-12-24,44.5,45.01,44.49,44.9,922800
MNST,2020-12-28,45.18,45.46,45.1,45.4,1725200
MNST,2020-12-29,45.6,45.72,45.26,45.52,1764800
MNST,2020-12-30,45.53,45.84,45.53,45.73,1574200
MNST,2020-12-31,45.76,46.27,45.53,46.24,2388000
MNST,2021-01-04,46.26,46.28,44.4,45.3,6013200
MNST,2021-01-05,44.94,45.83,44.72,45.71,5060200
MNST,2021-01-06,45.53,45.7,45.04,45.35,7577800
MNST,2021-01-07,45.28,46.8,45.13,46.75,6040800
MNST,2021-01-08,46.89,47.53,46.47,47.49,6277600
MNST,2021-01-11,47.43,47.56,46.27,46.47,3017600
MNST,2021-01-12,46.63,47.22,46.31,46.99,5388400
MNST,2021-01-13,47.0,47.08,45.9,45.94,6745200
MNST,2021-01-14,45.86,46.34,45.26,45.68,4772200
MNST,2021-01-15,45.15,46.25,44.86,45.83,6141400
MNST,2021-01-19,46.17,46.49,45.01,45.04,4727000
MNST,2021-01-20,45.06,45.24,44.65,44.81,3974400
MNST,2021-01-21,44.81,44.85,44.31,44.6,2556000
MNST,2021-01-22,44.56,44.7,44.04,44.1,2393400
MNST,2021-01-25,44.28,44.7,44.06,44.23,3477600
MNST,2021-01-26,44.15,44.87,44.14,44.4,2875200
MNST,2021-01-27,44.01,44.26,42.68,42.97,7168600
MNST,2021-01-28,43.39,44.67,43.31,44.37,3769000
MNST,2021-01-29,43.76,44.33,43.38,43.42,3693800
MNST,2021-02-01,43.4,44.22,43.22,44.12,3085000
MNST,2021-02-02,44.51,45.78,44.29,45.22,3255000
MNST,2021-02-03,45.1,45.57,44.62,45.21,2592800
MNST,2021-02-04,45.13,45.8,45.1,45.74,2404600
MNST,2021-02-05,46.03,46.36,45.43,45.55,3452200
MNST,2021-02-08,45.86,46.06,45.01,45.44,3406800
MNST,2021-02-09,45.22,45.38,44.86,45.26,2069000
MNST,2021-02-10,45.58,45.6,44.68,45.22,3267800
MNST,2021-02-11,45.4,45.51,44.87,44.97,2058200
MNST,2021-02-12,44.95,45.92,44.74,45.87,3215400
MNST,2021-02-16,45.87,46.38,45.78,46.09,3672400
MNST,2021-02-17,46.0,46.19,45.73,46.08,2404200
MNST,2021-02-18,45.74,46.47,45.5,46.33,2621600
MNST,2021-02-19,46.17,46.25,44.69,44.83,4606400
MNST,2021-02-22,44.78,44.98,44.4,44.58,4382200
MNST,2021-02-23,44.76,44.78,43.22,44.16,5441000
MNST,2021-02-24,43.72,44.44,43.25,44.12,4000000
MNST,2021-02-25,43.95,44.44,42.58,42.67,6369000
MNST,2021-02-26,43.81,44.81,43.11,43.87,9418400
MNST,2021-03-01,44.06,44.49,43.2,43.78,4140800
MNST,2021-03-02,43.78,44.24,43.4,43.44,4551000
MNST,2021-03-03,43.42,43.67,42.24,42.3,4186200
MNST,2021-03-04,42.36,43.28,42.03,42.34,4667000
MNST,2021-03-05,42.64,43.4,41.48,43.21,6817000
MNST,2021-03-08,43.1,43.35,42.51,42.57,4603600
MNST,2021-03-09,43.35,44.56,42.98,44.22,4986200
MNST,2021-03-10,44.4,45.05,44.35,44.7,4209000
MNST,2021-03-11,44.53,45.03,44.4,44.67,3186800
MNST,2021-03-12,44.24,44.6,43.83,44.47,5040400
MNST,2021-03-15,44.47,44.69,43.95,44.65,3074200
MNST,2021-03-16,45.03,45.3,44.62,44.69,4415600
MNST,2021-03-17,44.31,44.62,43.65,44.3,3589800
MNST,2021-03-18,44.09,44.12,43.17,43.96,5317200
MNST,2021-03-19,43.88,44.31,43.67,43.96,6279000
MNST,2021-03-22,43.9,45.1,43.79,44.53,5004600
MNST,2021-03-23,44.94,45.42,44.49,44.81,4077000
MNST,2021-03-24,44.77,44.77,43.92,44.36,3741200
MNST,2021-03-25,44.48,44.65,43.65,44.4,2656200
MNST,2021-03-26,44.17,45.92,44.11,45.83,4230200
MNST,2021-03-29,45.88,46.18,45.34,45.96,4273800
MNST,2021-03-30,45.65,45.81,45.07,45.35,3444800
MNST,2021-03-31,45.54,45.87,45.28,45.54,4038200
MNST,2021-04-01,45.85,46.08,45.54,45.68,3623000
MNST,2021-04-05,45.76,47.06,45.72,46.72,4506600
MNST,2021-04-06,46.87,47.14,46.31,46.87,3346600
MNST,2021-04-07,46.9,47.28,46.71,47.12,3219800
MNST,2021-04-08,47.4,47.92,47.2,47.65,3320400
MNST,2021-04-09,47.51,47.74,47.42,47.65,2752200
MNST,2021-04-12,47.56,47.87,47.31,47.71,2734400
MNST,2021-04-13,47.7,48.15,47.7,47.94,4279800
MNST,2021-04-14,47.92,48.01,47.28,47.4,3646600
MNST,2021-04-15,47.66,48.1,47.5,47.97,2614800
MNST,2021-04-16,48.31,49.22,48.06,49.08,8516600
MNST,2021-04-19,49.17,49.24,48.47,48.93,3462200
MNST,2021-04-20,49.03,49.12,48.48,48.7,3343600
MNST,2021-04-21,49.1,49.24,48.65,48.99,2665200
MNST,2021-04-22,48.9,49.04,48.6,48.76,2800200
MNST,2021-04-23,48.94,49.62,48.79,49.34,3053800
MNST,2021-04-26,49.14,49.26,48.35,48.57,3654800
MNST,2021-04-27,48.65,48.65,48.25,48.51,2127000
MNST,2021-04-28,48.58,48.65,48.03,48.24,2098800
MNST,2021-04-29,48.47,49.11,48.26,48.97,2269200
MNST,2021-04-30,48.78,48.81,48.22,48.53,4192600
MNST,2021-05-03,48.96,49.57,48.69,48.81,3842000
MNST,2021-05-04,48.62,48.74,47.81,47.97,4077000
MNST,2021-05-05,48.0,48.19,47.06,47.22,4010600
MNST,2021-05-06,47.44,47.6,47.06,47.51,4296000
MNST,2021-05-07,44.5,45.84,44.17,45.62,12023800
MNST,2021-05-10,45.57,46.41,45.35,45.8,6512200
MNST,2021-05-11,44.95,46.12,44.95,45.77,4059600
MNST,2021-05-12,45.51,45.63,44.8,44.9,4526800
MNST,2021-05-13,45.12,45.32,44.64,44.74,4646400
MNST,2021-05-14,44.9,46.29,44.81,46.07,4459800
MNST,2021-05-17,45.53,45.85,45.29,45.67,2920000
MNST,2021-05-18,45.81,45.82,45.26,45.4,3107600
MNST,2021-05-19,45.17,45.4,44.92,45.37,3543600
MNST,2021-05-20,45.41,46.47,45.36,46.25,5164600
MNST,2021-05-21,46.44,46.53,45.74,46.01,3684000
MNST,2021-05-24,46.31,46.88,46.16,46.62,4328000
MNST,2021-05-25,46.86,47.12,46.26,46.51,4221600
MNST,2021-05-26,46.76,46.96,46.58,46.71,2906600
MNST,2021-05-27,46.97,47.1,46.56,46.65,4490000
MNST,2021-05-28,46.76,47.35,46.7,47.13,2767600
MNST,2021-06-01,47.19,47.42,46.65,46.79,5645600
MNST,2021-06-02,47.14,47.91,46.93,47.42,4828400
MNST,2021-06-03,47.04,47.6,46.88,47.53,3981200
MNST,2021-06-04,47.75,47.94,47.47,47.69,2685800
MNST,2021-06-07,47.69,47.69,46.85,47.15,3396600
MNST,2021-06-08,47.22,47.32,46.63,47.08,2913000
MNST,2021-06-09,47.11,47.25,46.54,46.62,2522800
MNST,2021-06-10,46.25,47.07,46.25,46.88,3455200
MNST,2021-06-11,46.99,47.0,46.52,46.75,2156600
MNST,2021-06-14,46.56,46.83,46.5,46.7,3009600
MNST,2021-06-15,46.9,46.9,46.03,46.1,3613800
MNST,2021-06-16,45.53,46.36,45.53,45.76,6313200
MNST,2021-06-17,45.76,46.42,45.67,46.28,3164000
MNST,2021-06-18,46.13,46.47,45.82,45.88,6802600
MNST,2021-06-21,46.08,46.28,45.6,46.02,3067000
MNST,2021-06-22,46.04,46.14,45.6,45.89,3198000
MNST,2021-06-23,45.91,45.97,45.15,45.15,3717200
MNST,2021-06-24,45.28,45.35,44.91,45.07,5211000
MNST,2021-06-25,45.2,47.65,44.62,46.06,8855000
MNST,2021-06-28,46.04,46.44,45.51,45.73,3954800
MNST,2021-06-29,45.77,45.88,45.43,45.78,2837200
MNST,2021-06-30,45.8,45.95,45.53,45.67,3971800
MNST,2021-07-01,45.63,45.83,45.48,45.58,3406400
MNST,2021-07-02,45.79,46.01,45.38,45.43,3086600
MNST,2021-07-06,45.43,45.58,45.15,45.31,4578400
MNST,2021-07-07,45.44,45.47,45.22,45.42,2552800
MNST,2021-07-08,45.0,45.44,44.78,44.92,3447200
MNST,2021-07-09,44.78,45.27,44.74,45.12,2788600
MNST,2021-07-12,45.19,45.65,45.1,45.58,2985800
MNST,2021-07-13,45.71,46.21,45.63,46.01,3210600
MNST,2021-07-14,46.13,46.75,46.06,46.5,4303400
MNST,2021-07-15,46.51,46.94,46.4,46.81,5191800
MNST,2021-07-16,46.85,47.03,46.51,46.53,3156600
MNST,2021-07-19,46.53,46.74,45.93,46.12,3846200
MNST,2021-07-20,46.22,47.08,46.1,46.85,3116000
MNST,2021-07-21,46.81,47.22,46.57,46.67,2539600
MNST,2021-07-22,46.71,46.78,46.31,46.69,1728000
MNST,2021-07-23,47.48,48.47,47.28,48.15,3849000
MNST,2021-07-26,48.04,48.22,47.6,48.0,3594000
MNST,2021-07-27,48.12,48.29,47.33,47.59,6477400
MNST,2021-07-28,47.58,47.74,46.87,47.03,3049600
MNST,2021-07-29,47.1,47.46,46.92,47.29,2538800
MNST,2021-07-30,47.39,47.54,47.03,47.16,3352800
MNST,2021-08-02,47.24,47.31,46.31,46.68,4080400
MNST,2021-08-03,46.83,46.98,46.12,46.52,3927600
MNST,2021-08-04,46.42,46.72,45.95,46.01,3063400
MNST,2021-08-05,46.28,46.33,45.91,45.97,4018400
MNST,2021-08-06,47.0,49.25,47.0,48.49,9913400
MNST,2021-08-09,48.68,49.45,48.6,49.24,5505400
MNST,2021-08-10,49.46,49.94,49.23,49.4,4374400
MNST,2021-08-11,49.55,49.81,49.19,49.36,2939400
MNST,2021-08-12,49.44,49.44,48.72,48.81,2373200
MNST,2021-08-13,48.79,49.12,48.61,49.06,2773000
MNST,2021-08-16,49.18,49.29,48.9,49.21,2170000
MNST,2021-08-17,48.97,49.03,48.67,48.76,2442600
MNST,2021-08-18,48.69,48.81,47.9,47.93,2100400
MNST,2021-08-19,47.57,48.65,47.45,48.59,2738400
MNST,2021-08-20,48.68,48.92,48.26,48.37,2659600
MNST,2021-08-23,48.21,48.55,48.12,48.38,2027800
MNST,2021-08-24,48.47,48.47,47.87,48.31,1992000
MNST,2021-08-25,48.32,48.65,48.08,48.56,1990000
MNST,2021-08-26,48.57,48.69,48.33,48.42,1929400
MNST,2021-08-27,48.51,48.9,48.3,48.67,1971600
MNST,2021-08-30,48.69,48.96,48.54,48.9,1742800
MNST,2021-08-31,48.99,49.0,48.58,48.78,3100600
MNST,2021-09-01,48.89,49.1,48.6,48.9,2856000
MNST,2021-09-02,48.99,49.2,48.62,48.8,2093400
MNST,2021-09-03,48.55,48.88,48.12,48.79,2285400
MNST,2021-09-07,48.68,48.68,47.53,47.59,3057800
MNST,2021-09-08,47.56,48.44,47.51,48.42,2353400
MNST,2021-09-09,48.46,48.56,48.1,48.17,1935400
MNST,2021-09-10,48.24,48.28,47.94,47.96,2229000
MNST,2021-09-13,48.27,48.47,47.6,47.69,2575200
MNST,2021-09-14,47.81,48.1,47.42,47.48,3036600
MNST,2021-09-15,47.5,47.88,47.18,47.57,3075800
MNST,2021-09-16,47.46,48.02,47.24,47.94,2151600
MNST,2021-09-17,47.33,47.94,46.9,47.32,6246800
MNST,2021-09-20,47.12,47.13,45.99,46.4,3491600
MNST,2021-09-21,46.58,46.87,45.87,45.9,2792400
MNST,2021-09-22,46.21,46.61,45.67,46.28,3049800
MNST,2021-09-23,46.3,46.78,46.24,46.54,2892600
MNST,2021-09-24,46.37,46.69,46.08,46.37,2748400
MNST,2021-09-27,46.08,46.29,45.64,45.9,3183400
MNST,2021-09-28,45.66,45.79,44.6,44.75,4337200
MNST,2021-09-29,44.75,45.02,44.61,44.67,2852800
MNST,2021-09-30,44.96,45.05,44.4,44.42,4550600
MNST,2021-10-01,44.79,45.09,44.18,44.94,3895600
MNST,2021-10-04,44.94,45.19,44.06,44.25,5636200
MNST,2021-10-05,44.38,45.02,44.26,44.78,3174800
MNST,2021-10-06,44.44,45.17,44.28,45.05,3152400
MNST,2021-10-07,45.44,45.72,44.99,45.03,3716400
MNST,2021-10-08,45.13,45.28,44.6,44.63,3210800
MNST,2021-10-11,44.51,44.62,43.97,44.03,2235400
MNST,2021-10-12,44.03,44.4,43.83,43.97,3097200
MNST,2021-10-13,42.99,43.47,42.47,42.67,5975800
MNST,2021-10-14,42.98,43.23,42.63,42.8,7239800
MNST,2021-10-15,42.9,43.17,42.58,42.79,7120000
MNST,2021-10-18,42.6,43.01,42.42,42.72,3552600
MNST,2021-10-19,42.74,42.83,42.21,42.5,6439200
MNST,2021-10-20,43.02,43.02,42.44,42.47,6481800
MNST,2021-10-21,42.51,42.76,42.3,42.62,8226000
MNST,2021-10-22,42.84,43.02,42.24,42.37,2767200
MNST,2021-10-25,42.34,42.46,42.03,42.19,4687400
MNST,2021-10-26,42.38,42.96,42.29,42.79,5747600
MNST,2021-10-27,43.0,43.0,41.85,42.44,4402000
MNST,2021-10-28,42.55,42.82,42.17,42.45,3151600
MNST,2021-10-29,42.45,42.69,42.38,42.5,5402600
MNST,2021-11-01,42.49,42.9,42.46,42.73,4594000
MNST,2021-11-02,42.92,43.29,42.69,42.94,4239400
MNST,2021-11-03,43.03,43.69,43.0,43.66,5841600
MNST,2021-11-04,43.64,44.03,43.4,43.89,3834000
MNST,2021-11-05,45.22,45.94,44.94,45.81,8898800
MNST,2021-11-08,45.61,45.9,45.25,45.42,5537400
MNST,2021-11-09,45.41,46.01,45.09,45.88,4254400
MNST,2021-11-10,45.95,46.63,45.9,45.99,4288800
MNST,2021-11-11,46.04,46.35,45.92,46.13,3367600
MNST,2021-11-12,46.22,46.33,45.49,46.03,3980000
MNST,2021-11-15,46.19,46.54,46.05,46.5,5327200
MNST,2021-11-16,46.67,46.9,46.13,46.17,4315000
MNST,2021-11-17,46.1,46.24,45.6,45.7,4110400
MNST,2021-11-18,45.58,45.6,44.31,44.69,5120400
MNST,2021-11-19,44.69,44.99,44.47,44.65,3880000
MNST,2021-11-22,46.01,46.15,44.68,45.04,6418600
MNST,2021-11-23,45.06,45.26,43.54,44.31,5654000
MNST,2021-11-24,43.94,44.62,43.94,44.54,2990400
MNST,2021-11-26,44.49,44.49,43.38,43.53,2514000
MNST,2021-11-29,43.6,43.77,43.28,43.42,3813400
MNST,2021-11-30,43.26,43.4,41.67,41.89,7082800
MNST,2021-12-01,42.28,42.42,40.46,40.53,6209200
MNST,2021-12-02,40.84,41.9,40.84,41.48,5599600
MNST,2021-12-03,41.66,41.93,41.29,41.85,4822400
MNST,2021-12-06,42.3,42.94,41.97,42.85,3120400
MNST,2021-12-07,42.97,44.4,42.97,44.19,7769400
MNST,2021-12-08,44.1,44.51,43.76,44.47,4618200
MNST,2021-12-09,44.05,44.44,44.01,44.15,2984400
MNST,2021-12-10,44.51,45.01,44.35,44.78,5296800
MNST,2021-12-13,44.75,45.15,44.42,44.89,3196800
MNST,2021-12-14,44.7,45.33,44.67,45.19,3964600
MNST,2021-12-15,45.24,45.65,44.82,45.6,5586400
MNST,2021-12-16,45.83,46.31,45.62,45.81,5437600
MNST,2021-12-17,45.51,46.56,45.25,45.81,11568800
MNST,2021-12-20,45.37,45.89,44.8,45.82,5719000
MNST,2021-12-21,45.83,46.45,45.83,46.4,3091800
MNST,2021-12-22,46.35,46.76,46.19,46.74,2308200
MNST,2021-12-23,46.86,47.15,46.68,46.92,2444400
MNST,2021-12-27,47.01,47.46,47.01,47.4,2034200
MNST,2021-12-28,47.45,47.65,47.17,47.35,2137200
MNST,2021-12-29,47.42,47.99,47.25,47.9,2588600
MNST,2021-12-30,48.14,48.21,47.62,47.69,2226600
MNST,2021-12-31,47.65,48.11,47.5,48.02,2210200
MNST,2022-01-03,47.76,48.35,47.44,48.27,3685000
MNST,2022-01-04,48.21,48.98,48.21,48.87,4181600
MNST,2022-01-05,48.75,49.37,48.0,48.03,4739000
MNST,2022-01-06,47.81,48.4,47.65,47.76,4969200
MNST,2022-01-07,47.68,47.85,47.01,47.03,3675200
MNST,2022-01-10,46.91,46.94,45.58,46.37,6309400
MNST,2022-01-11,46.07,47.37,45.78,47.29,3742400
MNST,2022-01-12,47.55,47.64,46.85,46.99,3743400
MNST,2022-01-13,47.17,47.53,46.83,47.19,4779000
MNST,2022-01-14,47.18,47.18,44.58,44.96,8029000
MNST,2022-01-18,44.17,44.43,43.28,43.35,6205400
MNST,2022-01-19,43.42,43.74,43.1,43.37,5808200
MNST,2022-01-20,43.69,44.56,43.12,43.19,3938200
MNST,2022-01-21,43.27,43.88,42.76,42.81,6160600
MNST,2022-01-24,42.76,44.15,42.1,44.07,6855800
MNST,2022-01-25,43.47,43.65,42.69,43.17,5585800
MNST,2022-01-26,43.06,43.62,42.04,42.29,5077400
MNST,2022-01-27,42.67,42.96,41.35,41.58,4749000
MNST,2022-01-28,41.46,42.65,41.0,42.65,5212400
MNST,2022-01-31,42.63,43.4,42.4,43.36,4579600
MNST,2022-02-01,43.31,43.37,42.67,43.24,6964200
MNST,2022-02-02,43.56,43.97,43.3,43.6,4176400
MNST,2022-02-03,43.21,43.49,42.91,43.04,6862200
MNST,2022-02-04,42.53,42.81,41.91,42.15,6169800
MNST,2022-02-07,42.26,42.56,42.08,42.27,3072000
MNST,2022-02-08,42.19,42.49,41.88,42.36,5139400
MNST,2022-02-09,42.87,43.29,42.67,43.15,4356200
MNST,2022-02-10,42.49,42.52,41.6,41.92,6357600
MNST,2022-02-11,41.93,42.37,41.28,41.4,4233400
MNST,2022-02-14,41.5,42.85,40.76,41.28,5872000
MNST,2022-02-15,42.5,42.56,40.96,41.39,7839800
MNST,2022-02-16,41.19,41.83,40.54,41.61,5330600
MNST,2022-02-17,41.44,41.45,40.65,41.07,4696000
MNST,2022-02-18,40.99,41.04,40.22,40.63,10591000
MNST,2022-02-22,40.42,41.1,40.26,40.83,9145600
MNST,2022-02-23,40.9,40.99,39.6,39.71,6408000
MNST,2022-02-24,39.44,40.21,38.19,40.17,9444600
MNST,2022-02-25,41.5,43.49,41.06,42.28,11672200
MNST,2022-02-28,41.49,42.47,41.43,42.2,8159000
MNST,2022-03-01,42.1,42.33,41.37,41.62,5382200
MNST,2022-03-02,41.74,42.16,41.39,41.88,3418400
MNST,2022-03-03,42.08,42.19,41.62,41.67,7623600
MNST,2022-03-04,41.47,41.47,40.44,40.66,7686200
MNST,2022-03-07,40.67,40.67,37.35,37.5,10949000
MNST,2022-03-08,37.36,37.83,35.89,36.24,8853400
MNST,2022-03-09,37.28,38.58,37.12,38.34,7075000
MNST,2022-03-10,37.68,38.25,37.03,37.69,5517200
MNST,2022-03-11,38.15,38.26,36.54,36.61,3375000
MNST,2022-03-14,36.88,37.39,36.56,36.62,3931800
MNST,2022-03-15,37.1,37.62,36.99,37.54,3991200
MNST,2022-03-16,37.97,39.03,37.64,38.6,6022000
MNST,2022-03-17,38.55,39.22,38.24,39.14,4688600
MNST,2022-03-18,39.56,40.41,39.1,40.29,9556000
MNST,2022-03-21,39.98,40.1,38.92,39.5,4685600
MNST,2022-03-22,39.72,40.88,39.72,40.65,7084600
MNST,2022-03-23,40.44,40.45,38.92,39.03,5123400
MNST,2022-03-24,39.16,39.31,38.62,39.28,4443000
MNST,2022-03-25,39.53,39.63,39.03,39.35,3413200
MNST,2022-03-28,39.58,40.04,39.27,40.01,3321600
MNST,2022-03-29,40.71,41.79,40.33,41.29,5138400
MNST,2022-03-30,40.89,41.08,39.8,40.03,3895400
MNST,2022-03-31,40.22,40.49,39.94,39.95,5368600
MNST,2022-04-01,40.14,41.12,40.04,41.08,4550200
MNST,2022-04-04,40.98,41.38,40.57,41.3,4254200
MNST,2022-04-05,41.33,41.44,40.74,40.95,3998800
MNST,2022-04-06,40.51,40.91,39.58,40.41,4929600
MNST,2022-04-07,40.32,41.16,40.09,40.89,5247400
MNST,2022-04-08,40.83,41.56,40.26,40.81,6990600
MNST,2022-04-11,40.74,41.54,40.56,41.08,5691600
MNST,2022-04-12,41.31,41.71,41.02,41.35,5973200
MNST,2022-04-13,41.24,42.28,41.24,42.01,5956800
MNST,2022-04-14,42.06,42.24,40.95,41.29,12559600
MNST,2022-04-18,41.03,41.42,40.87,41.22,4421000
MNST,2022-04-19,41.19,41.99,41.03,41.9,3784200
MNST,2022-04-20,42.24,42.78,41.97,42.67,4205200
MNST,2022-04-21,43.01,44.01,42.9,43.44,8538200
MNST,2022-04-22,43.25,43.47,42.6,42.83,7973800
MNST,2022-04-25,42.83,43.4,41.81,43.34,7005200
MNST,2022-04-26,42.92,43.52,42.87,43.13,8401200
MNST,2022-04-27,42.99,43.71,42.87,43.38,7378600
MNST,2022-04-28,43.43,43.99,42.69,43.9,5333800
MNST,2022-04-29,43.62,43.91,42.62,42.84,6645800
MNST,2022-05-02,43.07,43.29,41.57,42.38,6969200
MNST,2022-05-03,42.76,42.76,41.56,41.96,5610200
MNST,2022-05-04,41.9,43.44,41.67,43.33,7040200
MNST,2022-05-05,42.88,43.08,41.06,41.52,7849400
MNST,2022-05-06,41.28,43.79,41.28,43.33,13271400
MNST,2022-05-09,42.69,43.24,41.1,41.78,9843200
MNST,2022-05-10,42.44,42.64,41.53,42.07,5860800
MNST,2022-05-11,41.94,43.66,41.69,42.46,6959400
MNST,2022-05-12,41.85,43.26,41.85,42.84,6359600
MNST,2022-05-13,43.06,44.58,42.93,44.44,6411200
MNST,2022-05-16,44.06,45.03,44.06,44.56,5450600
MNST,2022-05-17,44.88,45.1,44.04,44.62,4668200
MNST,2022-05-18,44.72,45.12,43.12,43.31,6416000
MNST,2022-05-19,43.04,43.79,42.57,43.38,6509000
MNST,2022-05-20,43.56,43.99,42.96,43.81,7617800
MNST,2022-05-23,44.35,44.44,43.19,43.53,5906400
MNST,2022-05-24,43.48,43.83,43.29,43.74,5669800
MNST,2022-05-25,43.53,44.06,43.41,43.87,3489400
MNST,2022-05-26,43.99,44.7,43.93,44.37,3225800
MNST,2022-05-27,44.55,44.85,44.33,44.83,4247200
MNST,2022-05-31,44.78,45.0,43.89,44.56,8210000
MNST,2022-06-01,44.41,44.49,43.48,44.03,3887600
MNST,2022-06-02,44.24,45.19,43.7,45.17,5374000
MNST,2022-06-03,44.9,44.99,44.19,44.42,4682600
MNST,2022-06-06,45.0,45.92,44.9,45.68,7057400
MNST,2022-06-07,45.45,46.0,45.11,45.42,4724200
MNST,2022-06-08,45.17,45.47,44.99,45.12,3830800
MNST,2022-06-09,44.84,45.48,44.61,44.65,4228000
MNST,2022-06-10,43.85,44.06,43.43,43.52,6134200
MNST,2022-06-13,42.62,42.98,41.95,42.24,5873400
MNST,2022-06-14,42.88,44.18,42.88,44.03,9365200
MNST,2022-06-15,44.33,45.21,43.53,43.94,7452800
MNST,2022-06-16,43.38,44.28,42.65,43.94,8247800
MNST,2022-06-17,43.9,44.53,43.53,44.06,9618400
MNST,2022-06-21,44.42,45.78,44.01,45.42,5917600
MNST,2022-06-22,45.1,45.82,44.89,45.37,4964600
MNST,2022-06-23,45.78,46.35,45.5,46.09,3585800
MNST,2022-06-24,46.65,47.29,46.11,47.29,5943200
MNST,2022-06-27,47.0,47.14,46.53,47.1,4807400
MNST,2022-06-28,47.08,47.37,45.19,45.4,7031000
MNST,2022-06-29,45.6,46.68,45.42,46.67,5137800
MNST,2022-06-30,46.37,46.56,45.71,46.35,5145200
MNST,2022-07-01,46.08,47.35,45.96,47.29,3635200
MNST,2022-07-05,47.04,48.31,46.51,48.06,7244800
MNST,2022-07-06,48.12,49.26,48.12,48.69,7359200
MNST,2022-07-07,48.69,48.72,48.19,48.49,6708800
MNST,2022-07-08,48.49,49.01,47.95,48.74,6302400
MNST,2022-07-11,48.71,48.92,48.24,48.43,4199600
MNST,2022-07-12,48.56,48.93,48.22,48.38,4246800
MNST,2022-07-13,47.67,48.92,47.67,48.4,4381200
MNST,2022-07-14,48.22,48.92,47.85,48.88,5582800
MNST,2022-07-15,48.99,49.47,48.14,48.58,12850600
MNST,2022-07-18,48.74,48.77,47.45,47.51,4577000
MNST,2022-07-19,48.0,48.21,47.69,48.13,4869000
MNST,2022-07-20,48.19,48.92,48.08,48.2,5166200
MNST,2022-07-21,48.3,48.49,47.42,47.88,4547400
MNST,2022-07-22,47.96,48.05,47.08,47.53,3911200
MNST,2022-07-25,47.74,48.13,47.19,47.92,3756000
MNST,2022-07-26,47.96,48.13,47.67,47.94,3353200
MNST,2022-07-27,47.63,48.83,47.38,48.69,4548800
MNST,2022-07-28,48.75,49.54,48.47,49.46,3859800
MNST,2022-07-29,49.15,49.9,48.93,49.81,6023200
MNST,2022-08-01,49.28,49.51,48.83,49.24,6048000
MNST,2022-08-02,48.95,49.04,48.03,48.45,6194000
MNST,2022-08-03,48.33,48.58,47.94,48.03,5958600
MNST,2022-08-04,47.88,48.21,47.56,48.18,6158800
MNST,2022-08-05,45.81,46.24,44.42,45.69,13870400
MNST,2022-08-08,45.86,46.01,44.57,44.72,5368400
MNST,2022-08-09,44.39,44.49,43.68,44.4,12434000
MNST,2022-08-10,44.94,45.78,44.7,44.91,7162000
MNST,2022-08-11,44.69,45.38,44.49,44.65,4177200
MNST,2022-08-12,44.69,45.07,44.48,45.01,5929400
MNST,2022-08-15,45.08,46.09,45.0,45.9,3627600
MNST,2022-08-16,45.78,46.38,45.51,46.14,3047800
MNST,2022-08-17,45.88,46.06,45.56,45.76,2522400
MNST,2022-08-18,45.77,46.09,45.52,45.63,3331400
MNST,2022-08-19,45.38,45.69,45.14,45.29,3818000
MNST,2022-08-22,45.01,45.19,44.69,44.79,4016600
MNST,2022-08-23,44.6,45.15,44.43,45.08,4434200
MNST,2022-08-24,45.0,45.33,44.88,45.22,2705400
MNST,2022-08-25,45.21,45.65,45.12,45.59,3009000
MNST,2022-08-26,45.54,45.67,44.53,44.58,4215200
MNST,2022-08-29,44.3,44.67,43.94,44.29,3448800
MNST,2022-08-30,44.38,44.44,43.79,44.26,4759200
MNST,2022-08-31,44.54,44.83,44.19,44.42,6569200
MNST,2022-09-01,44.03,44.54,43.81,44.5,4628000
MNST,2022-09-02,44.9,45.35,43.99,44.19,6926600
MNST,2022-09-06,44.69,45.35,44.21,44.29,4912800
MNST,2022-09-07,44.44,45.33,44.44,45.22,3490600
MNST,2022-09-08,45.24,45.74,44.74,45.71,4455600
MNST,2022-09-09,45.78,46.47,45.72,46.22,4955200
MNST,2022-09-12,46.62,47.12,46.31,46.78,5499800
MNST,2022-09-13,45.97,46.24,44.62,44.76,5612200
MNST,2022-09-14,44.76,45.0,43.99,44.47,4387600
MNST,2022-09-15,44.29,44.74,43.56,43.69,4034200
MNST,2022-09-16,43.62,43.82,43.22,43.62,8566800
MNST,2022-09-19,43.53,44.08,43.33,43.92,3150200
MNST,2022-09-20,43.68,44.04,43.35,43.85,2942400
MNST,2022-09-21,44.08,44.81,43.51,43.52,4330400
MNST,2022-09-22,43.34,43.75,43.33,43.38,3894400
MNST,2022-09-23,43.24,43.58,43.08,43.54,4092000
MNST,2022-09-26,43.56,44.45,43.53,43.96,5723600
MNST,2022-09-27,44.17,44.78,43.5,43.67,5584600
MNST,2022-09-28,43.88,44.99,43.58,44.7,5678400
MNST,2022-09-29,44.58,44.97,43.54,44.01,5915200
MNST,2022-09-30,44.23,44.51,43.41,43.48,5921600
MNST,2022-10-03,43.76,44.77,43.56,44.53,4687600
MNST,2022-10-04,45.08,45.87,45.08,45.83,4767600
MNST,2022-10-05,45.57,46.31,45.28,46.09,4270200
MNST,2022-10-06,46.03,46.56,45.76,45.87,4303200
MNST,2022-10-07,45.59,45.72,44.97,45.15,5551600
MNST,2022-10-10,45.33,45.71,44.99,45.51,4285000
MNST,2022-10-11,45.3,45.51,44.69,44.73,7950800
MNST,2022-10-12,45.12,45.37,44.76,44.78,5208400
MNST,2022-10-13,43.88,45.4,42.88,45.04,8063400
MNST,2022-10-14,45.69,45.69,43.63,43.7,7404400
MNST,2022-10-17,44.16,45.05,44.15,44.69,4545000
MNST,2022-10-18,45.46,46.22,44.74,45.24,4377400
MNST,2022-10-19,45.04,45.17,44.03,44.12,4420400
MNST,2022-10-20,44.02,44.48,43.49,43.51,4407000
MNST,2022-10-21,43.24,43.92,42.81,43.79,6638800
MNST,2022-10-24,44.28,45.1,43.92,45.06,4304600
MNST,2022-10-25,45.28,45.85,45.03,45.83,3277400
MNST,2022-10-26,45.9,46.52,45.76,46.01,5018600
MNST,2022-10-27,46.12,46.29,45.78,45.87,4959200
MNST,2022-10-28,46.0,46.85,45.85,46.77,4341000
MNST,2022-10-31,46.47,47.12,46.24,46.86,5904000
MNST,2022-11-01,47.9,48.0,46.74,47.17,5388200
MNST,2022-11-02,47.19,47.44,45.83,45.85,4571600
MNST,2022-11-03,45.28,45.94,45.06,45.54,5182400
MNST,2022-11-04,48.9,50.24,47.63,48.97,12367200
MNST,2022-11-07,49.17,49.56,48.91,49.45,6082200
MNST,2022-11-08,49.25,49.67,48.51,48.93,5211400
MNST,2022-11-09,48.85,48.96,48.05,48.12,3929400
MNST,2022-11-10,49.35,49.76,48.49,49.65,6659200
MNST,2022-11-11,49.5,49.65,48.11,49.06,5388800
MNST,2022-11-14,49.26,49.29,48.38,48.46,3514600
MNST,2022-11-15,49.22,49.41,48.46,49.07,6129600
MNST,2022-11-16,49.4,49.71,49.28,49.6,4654400
MNST,2022-11-17,48.97,49.72,48.75,49.48,3583200
MNST,2022-11-18,49.7,49.94,49.14,49.85,4173600
MNST,2022-11-21,50.0,50.69,49.83,50.55,5097800
MNST,2022-11-22,50.92,51.72,50.63,51.58,5983000
MNST,2022-11-23,51.86,52.21,51.72,51.97,3952000
MNST,2022-11-25,51.94,51.97,51.65,51.69,1735200
MNST,2022-11-28,51.87,52.24,50.83,50.94,4001400
MNST,2022-11-29,50.72,50.85,49.65,49.9,4698200
MNST,2022-11-30,49.88,51.53,49.67,51.43,9048200
MNST,2022-12-01,51.38,51.66,51.03,51.62,4230800
MNST,2022-12-02,50.97,52.33,50.88,52.02,3374600
MNST,2022-12-05,51.39,51.51,50.84,51.08,3413000
MNST,2022-12-06,51.28,51.6,50.53,50.72,3129800
MNST,2022-12-07,50.8,51.03,50.37,50.62,2356600
MNST,2022-12-08,50.51,50.88,50.37,50.77,2147000
MNST,2022-12-09,50.51,50.6,49.99,50.02,2733800
MNST,2022-12-12,50.21,50.43,49.89,50.41,3051400
MNST,2022-12-13,51.33,51.35,49.9,50.22,3328000
MNST,2022-12-14,50.21,51.38,50.08,50.95,5544800
MNST,2022-12-15,50.37,50.56,49.56,49.83,3933800
MNST,2022-12-16,49.63,50.77,49.21,50.39,12225800
MNST,2022-12-19,50.5,50.85,49.96,50.21,3345000
MNST,2022-12-20,50.25,50.79,50.1,50.58,3049800
MNST,2022-12-21,50.78,51.37,50.78,50.97,2477800
MNST,2022-12-22,50.6,50.73,49.67,50.4,3077400
MNST,2022-12-23,50.73,50.76,50.24,50.63,1430600
MNST,2022-12-27,50.9,51.22,50.58,51.01,3000200
MNST,2022-12-28,51.17,51.37,50.64,50.66,2243400
MNST,2022-12-29,50.81,51.35,50.74,51.01,2208000
MNST,2022-12-30,50.91,50.91,50.35,50.76,2288600
MNST,2023-01-03,50.88,51.15,50.16,50.66,3013600
MNST,2023-01-04,51.06,51.37,50.58,51.08,3488000
MNST,2023-01-05,50.67,50.78,50.08,50.19,3698200
MNST,2023-01-06,50.6,51.58,50.51,51.22,3881400
MNST,2023-01-09,51.13,51.54,50.44,50.58,3602000
MNST,2023-01-10,50.54,51.1,50.15,50.26,4983600
MNST,2023-01-11,50.48,50.9,50.03,50.85,3955200
MNST,2023-01-12,50.81,50.81,49.9,50.02,4016600
MNST,2023-01-13,49.76,51.09,49.76,51.04,4000400
MNST,2023-01-17,51.38,51.85,51.0,51.08,5581800
MNST,2023-01-18,51.42,51.58,50.22,50.37,6184000
MNST,2023-01-19,50.62,50.68,49.78,49.93,4363600
MNST,2023-01-20,49.67,50.05,49.3,50.0,4924000
MNST,2023-01-23,50.1,50.53,49.78,50.06,4096000
MNST,2023-01-24,50.1,51.55,50.0,51.51,4125000
MNST,2023-01-25,51.0,51.82,50.81,51.76,3646200
MNST,2023-01-26,51.77,52.12,51.49,51.96,3764800
MNST,2023-01-27,51.67,51.99,51.29,51.4,3150000
MNST,2023-01-30,50.99,51.6,50.98,51.19,3319000
MNST,2023-01-31,51.38,52.1,51.24,52.04,3380600
MNST,2023-02-01,52.0,52.38,51.15,52.02,3991800
MNST,2023-02-02,52.04,52.1,50.59,51.29,4698000
MNST,2023-02-03,51.14,51.18,50.05,50.9,5191600
MNST,2023-02-06,50.9,51.63,50.88,51.41,2848600
MNST,2023-02-07,51.07,51.6,50.79,51.26,4249200
MNST,2023-02-08,51.28,51.35,50.92,51.04,3241000
MNST,2023-02-09,51.51,51.88,51.35,51.42,3070200
MNST,2023-02-10,51.43,51.59,51.1,51.4,2347000
MNST,2023-02-13,51.7,52.12,51.51,52.11,2208600
MNST,2023-02-14,52.15,52.21,51.4,52.12,3942200
MNST,2023-02-15,52.1,52.56,51.8,52.55,3826400
MNST,2023-02-16,51.97,52.72,51.69,52.02,4245800
MNST,2023-02-17,52.08,52.47,51.83,52.09,2722400
MNST,2023-02-21,51.92,51.96,51.09,51.19,3536200
MNST,2023-02-22,51.4,51.53,51.01,51.17,3713600
MNST,2023-02-23,51.3,51.53,50.77,51.35,3449400
MNST,2023-02-24,50.83,50.83,50.1,50.62,4187200
MNST,2023-02-27,50.99,51.31,50.82,51.16,3194200
MNST,2023-02-28,50.96,51.35,50.83,50.88,5956600
MNST,2023-03-01,49.1,49.95,48.62,49.6,11352400
MNST,2023-03-02,49.38,51.4,49.26,51.08,5594000
MNST,2023-03-03,51.1,51.15,50.47,51.01,3823800
MNST,2023-03-06,51.08,52.08,50.88,51.99,5485800
MNST,2023-03-07,52.02,52.22,51.4,51.61,3454800
MNST,2023-03-08,51.74,51.85,51.34,51.56,2479200
MNST,2023-03-09,51.8,52.01,50.9,51.0,2774800
MNST,2023-03-10,51.27,51.33,49.9,50.08,3277800
MNST,2023-03-13,49.97,51.14,49.76,50.16,3854800
MNST,2023-03-14,50.35,50.87,50.15,50.82,3232800
MNST,2023-03-15,50.6,51.47,50.42,51.17,5184600
MNST,2023-03-16,51.08,51.81,50.97,51.7,4101400
MNST,2023-03-17,51.67,52.04,51.28,51.49,9458600
MNST,2023-03-20,51.77,52.29,51.45,52.28,4997400
MNST,2023-03-21,52.38,52.45,51.51,51.9,3468400
MNST,2023-03-22,51.92,52.15,51.14,51.17,2801200
MNST,2023-03-23,51.31,51.67,50.99,51.19,4966600
MNST,2023-03-24,51.4,52.17,51.14,52.04,2684800
MNST,2023-03-27,52.15,52.51,51.95,52.33,2989800
MNST,2023-03-28,52.16,52.75,51.55,51.6,2917400
MNST,2023-03-29,51.71,52.35,51.41,52.15,3512600
MNST,2023-03-30,52.38,52.65,52.05,52.49,3487400
MNST,2023-03-31,52.94,54.17,52.76,54.01,5497000
MNST,2023-04-03,54.22,54.52,53.21,53.58,4845500
MNST,2023-04-04,53.54,53.75,52.85,53.16,4088900
MNST,2023-04-05,53.32,53.73,52.72,52.8,5061900
MNST,2023-04-06,52.36,53.05,51.29,52.56,5512200
MNST,2023-04-10,52.28,52.44,51.3,52.35,2823200
MNST,2023-04-11,52.4,52.41,52.06,52.28,2815100
MNST,2023-04-12,52.31,52.82,52.16,52.47,3571900
MNST,2023-04-13,52.76,52.95,52.15,52.87,3620700
MNST,2023-04-14,52.65,52.87,52.27,52.56,2578400
MNST,2023-04-17,52.74,53.03,52.52,52.88,2644200
MNST,2023-04-18,52.88,53.15,52.04,52.68,3350900
MNST,2023-04-19,52.75,52.94,52.33,52.49,1891700
MNST,2023-04-20,52.49,53.24,52.29,52.9,3337700
MNST,2023-04-21,53.05,53.27,52.63,53.07,4485000
MNST,2023-04-24,53.16,53.97,53.12,53.7,2932200
MNST,2023-04-25,53.77,54.37,53.72,54.21,3252400
MNST,2023-04-26,53.75,54.63,53.75,54.26,3195500
MNST,2023-04-27,54.27,55.34,54.22,55.28,4052600
MNST,2023-04-28,55.32,56.13,55.29,56.0,3053800
MNST,2023-05-01,55.82,56.91,55.79,56.84,3984300
MNST,2023-05-02,56.84,57.68,56.39,57.54,4375100
MNST,2023-05-03,57.78,58.8,57.55,58.36,6350300
MNST,2023-05-04,58.58,58.73,57.61,57.82,7627500
MNST,2023-05-05,59.25,60.47,59.08,59.71,8246300
MNST,2023-05-08,59.41,59.41,57.8,59.04,5761300
MNST,2023-05-09,58.97,59.62,58.45,58.69,5574000
MNST,2023-05-10,58.72,59.41,58.48,59.11,4261100
MNST,2023-05-11,59.26,59.31,58.62,59.28,3718100
MNST,2023-05-12,59.2,59.7,59.2,59.54,4105500
MNST,2023-05-15,59.33,59.87,59.08,59.72,2739700
MNST,2023-05-16,59.69,60.12,59.23,59.94,3015200
MNST,2023-05-17,59.77,59.9,59.09,59.65,4241500
MNST,2023-05-18,59.43,59.92,59.27,59.85,3532400
MNST,2023-05-19,60.24,60.25,59.31,59.68,6867200
MNST,2023-05-22,60.0,60.23,59.05,59.12,3980100
MNST,2023-05-23,59.05,59.05,57.67,57.94,5003200
MNST,2023-05-24,57.85,57.92,57.48,57.57,4350200
MNST,2023-05-25,57.21,57.59,56.81,57.33,4280100
MNST,2023-05-26,57.33,57.87,57.15,57.61,3596500
MNST,2023-05-30,57.55,57.89,57.32,57.75,3860400
MNST,2023-05-31,58.13,58.73,57.82,58.62,7211400
MNST,2023-06-01,58.57,59.56,58.56,59.36,4084700
MNST,2023-06-02,59.02,59.81,59.02,59.48,4240900
MNST,2023-06-05,59.48,59.81,59.05,59.26,3138100
MNST,2023-06-06,59.21,59.37,58.07,58.33,3153600
MNST,2023-06-07,58.0,58.32,56.88,56.9,5507200
MNST,2023-06-08,56.61,57.59,56.49,57.53,3208100
MNST,2023-06-09,57.33,57.55,57.01,57.25,4358600
MNST,2023-06-12,57.39,58.0,56.89,57.91,4068700
MNST,2023-06-13,58.16,58.31,57.86,58.18,2711300
MNST,2023-06-14,58.34,58.56,57.89,58.48,2981700
MNST,2023-06-15,58.64,58.97,58.31,58.8,3789600
MNST,2023-06-16,59.04,59.37,58.36,58.45,7692300
MNST,2023-06-20,58.6,58.98,58.23,58.36,2895000
MNST,2023-06-21,58.36,58.83,57.94,58.41,2840000
MNST,2023-06-22,58.7,59.81,58.69,59.69,2906700
MNST,2023-06-23,59.8,60.03,58.76,59.11,6838800
MNST,2023-06-26,58.91,58.98,57.67,57.71,5482900
MNST,2023-06-27,57.89,58.37,57.64,58.13,3156000
MNST,2023-06-28,57.97,58.01,57.02,57.15,4188900
MNST,2023-06-29,57.0,57.92,56.81,57.42,4356100
MNST,2023-06-30,57.88,58.0,57.23,57.44,4124600
MNST,2023-07-03,57.0,57.12,56.49,56.95,2650800
MNST,2023-07-05,57.02,57.33,56.71,56.97,4582500
MNST,2023-07-06,56.55,57.02,56.51,56.61,5591500
MNST,2023-07-07,56.6,56.67,55.8,55.87,5366100
MNST,2023-07-10,56.15,57.01,56.07,56.38,4246400
MNST,2023-07-11,56.33,56.52,55.28,55.53,5329200
MNST,2023-07-12,56.0,56.49,55.71,56.21,5525700
MNST,2023-07-13,56.24,56.85,56.24,56.74,3023500
MNST,2023-07-14,56.73,57.38,56.59,57.31,3069300
MNST,2023-07-17,57.06,57.84,57.0,57.29,4087900
MNST,2023-07-18,57.27,57.4,56.0,56.55,5031000
MNST,2023-07-19,56.56,57.47,56.55,57.25,4206300
MNST,2023-07-20,57.21,57.76,57.08,57.58,4900900
MNST,2023-07-21,57.91,58.44,57.91,58.1,12346900
MNST,2023-07-24,58.25,58.43,57.86,58.38,4062500
MNST,2023-07-25,58.28,58.78,58.05,58.08,3756300
MNST,2023-07-26,57.88,58.26,57.74,58.17,4622700
MNST,2023-07-27,58.52,58.64,57.5,57.56,3427400
MNST,2023-07-28,58.22,58.43,57.95,58.15,3069100
MNST,2023-07-31,57.88,58.03,57.05,57.49,3736000
MNST,2023-08-01,57.6,57.96,57.44,57.71,3030800
MNST,2023-08-02,57.49,57.97,57.3,57.63,4830300
MNST,2023-08-03,57.44,58.3,57.41,57.98,7113000
MNST,2023-08-04,56.9,57.09,54.99,55.11,9744400
MNST,2023-08-07,56.06,58.56,55.72,58.49,8387200
MNST,2023-08-08,58.44,58.61,56.96,57.41,4825300
MNST,2023-08-09,57.64,57.74,57.02,57.51,4687200
MNST,2023-08-10,58.0,58.82,57.84,58.1,3698500
MNST,2023-08-11,58.39,58.47,57.92,58.18,2381200
MNST,2023-08-14,58.5,59.24,58.17,59.01,3904700
MNST,2023-08-15,59.0,59.23,58.15,58.21,2949300
MNST,2023-08-16,58.54,58.99,58.24,58.3,2776100
MNST,2023-08-17,58.29,58.33,57.2,57.25,3542500
MNST,2023-08-18,57.0,57.56,56.79,57.36,3319800
MNST,2023-08-21,57.29,57.87,57.07,57.42,3318100
MNST,2023-08-22,57.42,57.54,57.07,57.35,2674900
MNST,2023-08-23,57.57,58.3,57.56,57.91,3975000
MNST,2023-08-24,58.08,58.33,56.93,57.03,5128900
MNST,2023-08-25,57.22,57.53,56.81,57.34,2654900
MNST,2023-08-28,57.74,57.95,57.4,57.71,2244900
MNST,2023-08-29,57.71,58.6,57.6,58.49,3403900
MNST,2023-08-30,58.5,58.9,58.08,58.15,3246300
MNST,2023-08-31,58.06,58.17,57.25,57.41,4962700
MNST,2023-09-01,57.7,57.76,56.49,56.55,2832900
MNST,2023-09-05,56.47,56.47,55.38,55.96,6205800
MNST,2023-09-06,56.0,56.29,55.81,56.28,4046100
MNST,2023-09-07,56.28,56.8,55.98,56.64,3873700
MNST,2023-09-08,56.53,56.67,56.15,56.37,2486000
MNST,2023-09-11,56.4,57.01,56.3,56.78,3285800
MNST,2023-09-12,56.64,56.77,56.13,56.15,3830400
MNST,2023-09-13,56.06,56.98,56.04,56.52,4684800
MNST,2023-09-14,56.59,57.02,56.35,56.87,2990100
MNST,2023-09-15,56.93,57.04,55.99,56.14,9790600
MNST,2023-09-18,56.34,56.51,55.98,56.27,3840300
MNST,2023-09-19,56.02,56.17,55.6,56.01,3798800
MNST,2023-09-20,56.3,56.33,55.69,55.76,4330400
MNST,2023-09-21,55.53,55.61,54.61,54.75,8015200
MNST,2023-09-22,54.7,55.0,54.38,54.52,7062000
MNST,2023-09-25,54.3,54.71,54.26,54.65,5082800
MNST,2023-09-26,54.5,54.61,54.22,54.29,5284900
MNST,2023-09-27,54.32,54.49,52.94,53.12,6239400
MNST,2023-09-28,53.24,53.5,53.05,53.16,4003200
MNST,2023-09-29,53.5,53.6,52.76,52.95,5133600
MNST,2023-10-02,52.83,52.96,52.29,52.54,4082900
MNST,2023-10-03,52.4,52.5,50.44,50.67,7451500
MNST,2023-10-04,50.89,52.43,50.63,52.33,6805000
MNST,2023-10-05,52.29,52.4,49.94,50.09,6769800
MNST,2023-10-06,49.6,50.11,48.51,49.97,7947000
MNST,2023-10-09,49.86,49.87,48.8,49.64,4593300
MNST,2023-10-10,50.16,50.64,49.68,50.4,7168000
MNST,2023-10-11,50.7,50.87,49.4,49.6,4923100
MNST,2023-10-12,49.59,49.62,47.23,47.54,8329900
MNST,2023-10-13,47.71,48.02,47.13,47.72,6060300
MNST,2023-10-16,48.01,48.83,47.8,48.67,5461700
MNST,2023-10-17,48.63,49.86,48.63,49.79,7497900
MNST,2023-10-18,49.73,50.38,49.62,49.84,5449200
MNST,2023-10-19,50.07,50.81,49.8,50.4,8158900
MNST,2023-10-20,50.4,50.66,49.78,49.98,7487800
MNST,2023-10-23,49.75,50.59,49.43,50.3,4386700
MNST,2023-10-24,49.23,50.83,49.2,50.05,7827600
MNST,2023-10-25,49.93,50.54,49.79,50.08,4751900
MNST,2023-10-26,50.1,50.38,49.97,50.06,5384900
MNST,2023-10-27,49.97,50.4,49.51,49.9,5087100
MNST,2023-10-30,50.41,50.84,50.35,50.68,5665500
MNST,2023-10-31,50.77,51.13,50.55,51.1,5686300
MNST,2023-11-01,51.21,51.71,51.06,51.65,6458400
MNST,2023-11-02,51.8,52.77,51.76,52.66,9394200
MNST,2023-11-03,57.24,58.86,55.33,55.56,9951800
MNST,2023-11-06,55.56,56.96,55.56,56.14,5532400
MNST,2023-11-07,56.12,56.15,55.63,55.98,5121800
MNST,2023-11-08,56.12,56.28,55.25,55.66,7613700
MNST,2023-11-09,56.0,56.02,54.91,55.08,5374500
MNST,2023-11-10,55.3,55.38,54.33,55.28,5849600
MNST,2023-11-13,55.32,55.78,55.29,55.54,3461500
MNST,2023-11-14,56.0,56.1,55.29,55.68,4625300
MNST,2023-11-15,55.81,55.9,55.25,55.42,4658000
MNST,2023-11-16,55.7,56.01,54.99,55.1,5015700
MNST,2023-11-17,54.93,55.0,54.15,54.79,7936300
MNST,2023-11-20,54.65,55.04,54.38,54.82,6964600
MNST,2023-11-21,54.97,55.12,54.6,54.8,8424500
MNST,2023-11-22,55.32,55.61,55.0,55.22,4756300
MNST,2023-11-24,55.11,55.41,55.02,55.17,1871800
MNST,2023-11-27,55.22,55.33,54.65,54.72,4535600
MNST,2023-11-28,54.7,55.42,54.68,55.28,8008500
MNST,2023-11-29,55.48,55.5,54.32,54.71,8844500
MNST,2023-11-30,54.82,55.2,54.18,55.15,8484100
MNST,2023-12-01,54.92,55.53,54.92,55.22,5526600
MNST,2023-12-04,54.97,55.58,54.67,55.17,5413200
MNST,2023-12-05,55.08,55.26,53.99,54.26,5775500
MNST,2023-12-06,54.26,54.44,53.54,54.3,5649400
MNST,2023-12-07,54.53,54.59,53.99,54.3,5129900
MNST,2023-12-08,54.16,54.35,53.7,53.92,4935800
MNST,2023-12-11,54.53,55.4,54.53,55.26,4631800
MNST,2023-12-12,55.83,55.86,55.17,55.8,4122400
MNST,2023-12-13,55.93,56.57,55.78,56.55,5780700
MNST,2023-12-14,56.68,56.68,55.3,55.56,5595300
MNST,2023-12-15,55.56,55.95,54.92,55.09,9880400
MNST,2023-12-18,55.47,55.55,54.77,55.3,4230200
MNST,2023-12-19,55.38,55.73,55.29,55.58,4203800
MNST,2023-12-20,55.28,55.54,54.36,54.36,4820400
MNST,2023-12-21,54.71,55.47,54.68,55.38,4323800
MNST,2023-12-22,55.65,56.35,55.52,56.01,3942500
MNST,2023-12-26,55.9,56.92,55.9,56.79,3469100
MNST,2023-12-27,56.84,57.37,56.72,57.34,3606200
MNST,2023-12-28,57.51,57.56,57.19,57.42,3344700
MNST,2023-12-29,57.43,57.78,57.33,57.61,4061400
MNST,2024-01-02,57.52,58.81,57.37,58.59,8150000
MNST,2024-01-03,59.07,59.08,57.27,57.48,6954500
MNST,2024-01-04,57.59,58.59,57.53,57.71,4984400
MNST,2024-01-05,57.57,58.14,57.31,57.54,3741700
MNST,2024-01-08,57.62,58.17,57.39,57.96,5764300
MNST,2024-01-09,57.62,58.76,57.4,58.74,5042900
MNST,2024-01-10,58.75,59.13,58.33,58.91,4436100
MNST,2024-01-11,58.9,58.93,58.21,58.63,4159300
MNST,2024-01-12,59.13,59.31,58.8,59.05,4024800
MNST,2024-01-16,59.4,59.4,57.95,58.17,5783100
MNST,2024-01-17,57.49,57.54,56.34,57.11,8595300
MNST,2024-01-18,56.76,57.44,56.61,57.25,4800400
MNST,2024-01-19,57.45,57.45,56.55,57.18,5450200
MNST,2024-01-22,57.29,57.33,56.25,56.32,4294200
MNST,2024-01-23,56.3,56.3,54.89,55.57,7050000
MNST,2024-01-24,55.47,55.69,54.98,55.07,9574700
MNST,2024-01-25,55.4,55.47,54.89,55.14,5711600
MNST,2024-01-26,55.16,55.58,55.0,55.44,5273100
MNST,2024-01-29,55.47,55.85,55.23,55.59,5736000
MNST,2024-01-30,55.53,55.58,55.0,55.31,4704200
MNST,2024-01-31,55.37,55.59,54.84,55.02,5908100
MNST,2024-02-01,55.15,56.04,54.82,55.94,5619500
MNST,2024-02-02,55.8,55.93,55.0,55.35,5481800
MNST,2024-02-05,55.13,55.37,54.76,55.12,4768700
MNST,2024-02-06,55.26,56.38,55.04,56.34,7407000
MNST,2024-02-07,56.71,56.91,56.22,56.46,4315100
MNST,2024-02-08,56.49,56.53,56.01,56.49,4253900
MNST,2024-02-09,56.52,56.57,55.35,55.66,3893900
MNST,2024-02-12,55.57,55.99,55.27,55.93,3497800
MNST,2024-02-13,55.96,56.46,55.42,56.16,5970700
MNST,2024-02-14,56.16,56.64,55.46,55.87,3981900
MNST,2024-02-15,56.14,56.42,55.79,56.17,5553100
MNST,2024-02-16,55.88,55.97,54.96,55.02,6077600
MNST,2024-02-20,55.3,55.68,54.86,55.4,5620400
MNST,2024-02-21,55.44,55.66,54.91,55.14,5714200
MNST,2024-02-22,55.14,55.45,54.8,55.11,6579700
MNST,2024-02-23,55.11,55.69,54.97,55.29,3308000
MNST,2024-02-26,55.29,55.93,55.05,55.72,4876700
MNST,2024-02-27,55.42,56.14,55.28,56.11,4200900
MNST,2024-02-28,56.21,56.25,55.05,55.85,6789500
MNST,2024-02-29,59.2,60.07,58.39,59.1,11115500
MNST,2024-03-01,58.8,59.13,58.36,58.79,6401900
MNST,2024-03-04,58.86,59.2,58.32,58.5,6993100
MNST,2024-03-05,58.46,58.62,57.69,57.89,5846400
MNST,2024-03-06,57.91,58.61,57.53,58.31,6487300
MNST,2024-03-07,58.46,59.53,58.25,59.38,4683300
MNST,2024-03-08,59.19,59.76,58.82,59.18,4294900
MNST,2024-03-11,58.87,59.55,58.75,59.16,3307600
MNST,2024-03-12,59.13,59.93,58.9,59.82,3761300
MNST,2024-03-13,59.92,61.23,59.77,60.85,5953700
MNST,2024-03-14,61.0,61.19,60.06,60.3,3927100
MNST,2024-03-15,60.0,60.66,59.53,60.45,8046500
MNST,2024-03-18,60.7,61.21,60.5,60.79,3923400
MNST,2024-03-19,60.94,61.03,60.38,60.54,3342100
MNST,2024-03-20,60.81,60.82,59.84,60.14,3336100
MNST,2024-03-21,60.24,60.55,59.8,59.88,3328600
MNST,2024-03-22,59.79,59.9,59.41,59.5,3034100
MNST,2024-03-25,59.57,59.83,58.97,59.09,3938400
MNST,2024-03-26,59.3,59.56,59.1,59.32,2835800
MNST,2024-03-27,59.68,60.13,59.04,59.2,3495300
MNST,2024-03-28,59.71,60.09,59.19,59.28,4469600
MNST,2024-04-01,59.56,59.56,57.65,57.74,5369100
MNST,2024-04-02,57.74,57.84,56.83,56.9,5987100
MNST,2024-04-03,56.68,57.1,55.87,55.95,4726000
MNST,2024-04-04,56.18,56.8,55.52,55.75,5565700
MNST,2024-04-05,55.92,56.35,55.55,55.9,4847700
MNST,2024-04-08,55.9,55.98,55.61,55.65,4264900
MNST,2024-04-09,55.91,56.08,55.35,55.75,3868700
MNST,2024-04-10,55.1,55.27,54.3,54.81,6271900
MNST,2024-04-11,54.93,55.1,54.46,54.73,4527700
MNST,2024-04-12,54.41,55.02,54.31,55.01,5634400
MNST,2024-04-15,55.36,55.48,53.55,54.11,8889900
MNST,2024-04-16,54.27,54.99,53.98,54.69,6219000
MNST,2024-04-17,55.08,55.11,53.94,54.25,5931300
MNST,2024-04-18,54.25,54.44,53.21,53.46,4757100
MNST,2024-04-19,53.45,53.66,52.74,53.14,10405100
MNST,2024-04-22,53.54,53.8,53.25,53.6,4430400
MNST,2024-04-23,53.44,53.85,53.19,53.73,5641800
MNST,2024-04-24,53.09,54.87,53.0,54.33,6944700
MNST,2024-04-25,52.28,54.06,51.98,53.15,7483000
MNST,2024-04-26,52.61,53.53,52.51,53.37,4204600
MNST,2024-04-29,53.34,54.14,53.34,54.13,4163700
MNST,2024-04-30,54.03,54.12,53.43,53.45,5652600
MNST,2024-05-01,53.03,54.14,52.94,53.54,7359000
MNST,2024-05-02,53.83,53.88,53.21,53.39,6294000
MNST,2024-05-03,54.67,55.41,52.95,55.0,12204600
MNST,2024-05-06,55.0,55.15,53.74,54.22,10088100
MNST,2024-05-07,54.54,54.78,54.06,54.67,8678900
MNST,2024-05-08,55.26,55.3,54.16,54.3,6912300
MNST,2024-05-09,54.42,55.33,54.42,55.2,4367700
MNST,2024-05-10,55.08,55.7,54.99,55.46,3958900
MNST,2024-05-13,55.62,55.8,54.63,54.72,4951000
MNST,2024-05-14,54.73,54.83,53.99,54.48,11345600
MNST,2024-05-15,54.65,54.65,54.12,54.24,5932100
MNST,2024-05-16,54.17,54.49,54.04,54.09,4177500
MNST,2024-05-17,53.93,54.24,53.79,54.11,5243000
MNST,2024-05-20,54.19,54.26,53.51,53.58,6300000
MNST,2024-05-21,53.75,53.8,53.08,53.38,5536400
MNST,2024-05-22,53.38,53.44,53.05,53.1,6566200
MNST,2024-05-23,53.1,53.16,52.62,52.64,6978800
MNST,2024-05-24,52.8,53.03,52.67,52.7,7137600
MNST,2024-05-28,52.5,52.5,51.42,51.65,10855700
MNST,2024-05-29,51.47,52.3,51.31,52.13,14571400
MNST,2024-05-30,52.3,52.35,50.98,51.24,15553700
MNST,2024-05-31,51.21,51.95,50.89,51.92,20482800
MNST,2024-06-03,51.81,52.09,51.4,51.89,26613800
MNST,2024-06-04,51.83,52.28,51.5,52.19,26337600
MNST,2024-06-05,52.18,52.5,51.76,52.0,36709500
MNST,2024-06-06,53.89,53.9,51.92,52.45,35094400
MNST,2024-06-07,52.24,52.73,52.02,52.69,18586500
MNST,2024-06-10,52.35,52.54,50.77,51.0,20168200
MNST,2024-06-11,50.94,51.26,50.33,51.16,16163500
MNST,2024-06-12,51.08,51.26,49.18,49.77,27290100
MNST,2024-06-13,49.38,49.49,48.55,48.72,14660700
MNST,2024-06-14,48.48,48.81,47.67,48.03,10690800
MNST,2024-06-17,47.85,49.34,47.63,49.13,8492300
MNST,2024-06-18,49.01,49.03,48.28,48.42,9376700
MNST,2024-06-20,48.44,49.07,48.34,48.68,8622000
MNST,2024-06-21,48.9,49.57,48.9,49.09,16096500
MNST,2024-06-24,49.02,49.79,48.91,49.49,9290000
MNST,2024-06-25,49.51,50.35,49.5,50.14,7468800
MNST,2024-06-26,49.65,50.89,49.55,50.46,6302700
MNST,2024-06-27,50.49,50.71,50.27,50.57,4226700
MNST,2024-06-28,50.4,50.59,49.9,49.95,11843300
MNST,2024-07-01,50.04,50.23,49.58,49.9,4963700
MNST,2024-07-02,49.97,49.97,49.13,49.34,6283100
MNST,2024-07-03,49.2,49.66,49.06,49.16,4172700
MNST,2024-07-05,49.09,49.83,48.97,49.75,6076700
MNST,2024-07-08,49.59,50.29,49.47,50.18,6863200
MNST,2024-07-09,50.19,50.2,49.65,49.8,5851600
MNST,2024-07-10,49.83,49.89,49.21,49.85,4938200
MNST,2024-07-11,49.74,50.79,49.68,50.28,6503400
MNST,2024-07-12,50.5,51.14,50.48,50.83,5274100
MNST,2024-07-15,50.51,50.69,49.69,49.86,5467400
MNST,2024-07-16,49.81,50.59,49.6,50.49,4105900
MNST,2024-07-17,50.97,51.48,50.57,50.72,5366400
MNST,2024-07-18,50.55,51.67,50.48,51.01,6396200
MNST,2024-07-19,51.09,51.18,50.48,50.89,4851000
MNST,2024-07-22,50.82,50.91,49.63,50.36,5654600
MNST,2024-07-23,50.48,50.78,50.2,50.31,6159700
MNST,2024-07-24,50.26,50.45,49.38,49.59,7109700
MNST,2024-07-25,49.83,50.34,49.46,50.1,6462500
MNST,2024-07-26,50.28,51.03,50.07,51.0,3803200
MNST,2024-07-29,51.0,51.69,50.58,51.27,4880200
MNST,2024-07-30,51.24,51.74,50.89,51.57,4024800
MNST,2024-07-31,51.82,52.23,51.33,51.45,6978200
MNST,2024-08-01,51.43,51.7,51.11,51.38,4816000
MNST,2024-08-02,52.12,52.4,50.42,51.61,6058500
MNST,2024-08-05,52.02,52.4,50.19,50.47,5729000
MNST,2024-08-06,50.59,51.79,50.33,50.8,5145800
MNST,2024-08-07,50.84,51.55,50.46,50.53,7295500
MNST,2024-08-08,44.88,45.54,43.32,45.01,27323100
MNST,2024-08-09,45.29,46.32,45.19,46.06,14618800
MNST,2024-08-12,46.02,46.57,45.86,45.89,7643900
MNST,2024-08-13,46.0,46.79,46.0,46.5,6554400
MNST,2024-08-14,46.28,46.67,45.98,46.24,7164500
MNST,2024-08-15,46.61,47.54,46.55,46.99,6680500
MNST,2024-08-16,46.92,47.14,46.33,46.74,4611400
MNST,2024-08-19,46.79,46.94,46.34,46.6,5206300
MNST,2024-08-20,46.92,47.12,46.2,46.71,7071000
MNST,2024-08-21,47.01,47.23,46.62,47.01,5239000
MNST,2024-08-22,47.23,47.23,46.39,46.48,3309100
MNST,2024-08-23,46.6,46.84,46.4,46.65,4507900
MNST,2024-08-26,47.0,47.68,46.78,47.28,3868500
MNST,2024-08-27,47.28,47.64,47.04,47.59,3836700
MNST,2024-08-28,47.61,47.7,46.8,47.05,4447400
MNST,2024-08-29,47.36,47.5,46.91,47.0,6752000
MNST,2024-08-30,47.12,47.2,46.59,47.13,5420800
MNST,2024-09-03,46.94,48.39,46.85,48.3,7422000
MNST,2024-09-04,48.22,48.74,48.04,48.38,4783800
MNST,2024-09-05,48.27,48.54,47.77,48.22,3838800
MNST,2024-09-06,48.06,48.85,48.06,48.65,5847900
MNST,2024-09-09,48.66,51.02,48.62,50.74,9188000
MNST,2024-09-10,50.83,50.83,50.0,50.33,5372600
MNST,2024-09-11,50.36,50.41,49.17,49.65,5225700
MNST,2024-09-12,49.61,49.96,48.65,49.91,4101000
MNST,2024-09-13,49.97,50.9,49.73,50.83,3816000
MNST,2024-09-16,51.13,51.31,50.46,50.75,4106900
MNST,2024-09-17,50.73,51.12,50.38,51.07,7147000
MNST,2024-09-18,51.22,52.51,51.08,52.35,7016800
MNST,2024-09-19,52.71,52.76,51.7,51.83,6642500
MNST,2024-09-20,51.7,51.7,50.99,51.18,15195600
MNST,2024-09-23,51.19,52.44,51.0,52.33,5556200
MNST,2024-09-24,52.12,52.79,51.86,52.45,5625100
MNST,2024-09-25,52.57,52.74,51.64,51.67,4151100
MNST,2024-09-26,51.82,52.1,51.26,52.01,7817600
MNST,2024-09-27,52.49,52.89,52.29,52.46,4434600
MNST,2024-09-30,52.78,52.94,52.01,52.17,5971300
MNST,2024-10-01,52.17,52.31,51.36,51.59,6838600
MNST,2024-10-02,51.53,51.53,50.74,50.94,6588900
MNST,2024-10-03,50.57,50.68,49.99,50.31,4156000
MNST,2024-10-04,50.31,51.01,50.04,50.95,5014900
MNST,2024-10-07,50.63,50.63,48.88,49.24,7559100
MNST,2024-10-08,49.24,49.68,49.09,49.49,3526200
MNST,2024-10-09,49.62,50.08,49.37,49.77,3122800
MNST,2024-10-10,50.0,50.8,49.77,50.77,3906600
MNST,2024-10-11,50.82,51.98,50.67,51.31,6945700
MNST,2024-10-14,51.59,51.74,51.12,51.68,5564200
MNST,2024-10-15,51.57,52.71,51.36,52.62,7999600
MNST,2024-10-16,52.48,53.65,52.23,53.58,6386000
MNST,2024-10-17,53.7,53.74,53.12,53.44,5872500
MNST,2024-10-18,53.44,54.21,53.2,54.05,8917600
MNST,2024-10-21,54.06,54.54,53.7,53.77,4279700
MNST,2024-10-22,53.73,53.84,53.25,53.6,2317300
MNST,2024-10-23,53.47,53.79,53.1,53.56,2549400
MNST,2024-10-24,53.43,53.58,52.54,53.44,3872700
MNST,2024-10-25,53.76,53.93,53.29,53.37,3613500
MNST,2024-10-28,53.44,53.63,52.88,53.1,3208600
MNST,2024-10-29,52.7,53.51,52.05,52.48,6924200
MNST,2024-10-30,52.25,53.13,52.06,52.6,6892100
MNST,2024-10-31,52.65,53.18,52.48,52.68,4625400
MNST,2024-11-01,52.5,53.07,52.08,52.3,6325100
MNST,2024-11-04,52.27,54.18,52.14,54.06,8702800
MNST,2024-11-05,53.98,54.54,53.76,54.11,4650100
MNST,2024-11-06,54.71,54.99,53.68,54.44,6931000
MNST,2024-11-07,54.5,55.35,54.5,54.73,11702700
MNST,2024-11-08,53.21,55.65,53.18,54.14,10426200
MNST,2024-11-11,54.43,56.47,54.4,55.74,7435400
MNST,2024-11-12,55.65,56.39,55.56,56.02,7457000
MNST,2024-11-13,55.61,56.56,55.38,56.38,4526600
MNST,2024-11-14,55.95,56.7,55.85,55.96,8941200
MNST,2024-11-15,55.44,55.5,51.98,52.0,10606100
MNST,2024-11-18,51.92,53.52,51.72,53.27,7255700
MNST,2024-11-19,52.96,53.85,52.66,53.73,3461000
MNST,2024-11-20,53.06,53.78,52.89,53.7,3833900
MNST,2024-11-21,53.6,54.02,53.0,53.98,4846300
MNST,2024-11-22,54.0,54.4,53.88,54.06,2761600
MNST,2024-11-25,54.63,55.51,54.41,54.98,6712000
MNST,2024-11-26,54.98,55.15,54.46,54.83,4411500
MNST,2024-11-27,54.94,55.4,54.84,55.14,3121000
MNST,2024-11-29,55.09,55.5,54.91,55.13,3431100
MNST,2024-12-02,55.37,56.02,54.95,54.98,5682800
MNST,2024-12-03,54.6,54.9,54.07,54.19,5378200
MNST,2024-12-04,54.07,54.33,53.64,53.75,4035800
MNST,2024-12-05,54.07,54.07,53.07,53.1,4677600
MNST,2024-12-06,53.32,53.73,52.24,52.27,3937200
MNST,2024-12-09,52.53,53.56,52.01,53.21,5994500
MNST,2024-12-10,52.91,53.64,52.34,53.01,4243600
MNST,2024-12-11,53.07,53.52,52.06,52.1,3438800
MNST,2024-12-12,52.35,52.97,52.32,52.92,4274400
MNST,2024-12-13,52.3,52.85,52.18,52.76,4695300
MNST,2024-12-16,52.71,53.58,52.1,52.25,4377800
MNST,2024-12-17,52.16,52.7,51.65,51.95,4643800
MNST,2024-12-18,51.69,52.44,51.47,51.54,4802600
MNST,2024-12-19,51.3,51.44,50.48,50.9,7188500
MNST,2024-12-20,50.73,51.9,50.62,51.72,11411300
MNST,2024-12-23,51.84,51.98,51.29,51.86,3850600
MNST,2024-12-24,51.71,52.63,51.69,52.51,2027300
MNST,2024-12-26,52.31,52.98,52.18,52.67,2921200
MNST,2024-12-27,52.53,52.89,52.3,52.55,3231200
MNST,2024-12-30,52.3,52.89,51.85,52.53,3813600
MNST,2024-12-31,52.75,52.94,52.31,52.56,3811000
MNST,2025-01-02,52.96,53.31,52.16,52.31,3846400
MNST,2025-01-03,52.68,52.86,52.18,52.39,3736700
MNST,2025-01-06,52.26,52.8,51.82,51.87,3777800
MNST,2025-01-07,51.88,52.56,51.46,51.55,4893100
MNST,2025-01-08,51.68,51.79,50.84,51.6,3166700
MNST,2025-01-10,51.24,51.4,49.68,49.74,6706100
MNST,2025-01-13,49.99,50.19,49.39,49.99,5634700
MNST,2025-01-14,49.83,50.16,49.46,50.1,3792200
MNST,2025-01-15,50.43,50.57,49.16,49.26,8703000
MNST,2025-01-16,49.22,49.86,48.39,49.65,6849900
MNST,2025-01-17,50.25,50.25,49.3,49.42,11799400
MNST,2025-01-21,49.37,49.94,48.85,49.22,9694000
MNST,2025-01-22,49.32,50.48,49.09,49.21,7881600
MNST,2025-01-23,49.12,49.23,48.03,48.11,6429800
MNST,2025-01-24,48.1,48.53,47.86,48.28,9044000
MNST,2025-01-27,48.66,50.01,48.66,49.34,10112200
MNST,2025-01-28,49.26,49.26,48.43,48.65,6380300
MNST,2025-01-29,48.67,49.31,48.43,49.1,7083600
MNST,2025-01-30,49.65,49.77,49.05,49.36,5344300
MNST,2025-01-31,49.18,49.6,48.62,48.71,4937500
MNST,2025-02-03,48.39,48.6,47.34,47.5,6175600
MNST,2025-02-04,47.61,48.03,46.52,46.61,9208200
MNST,2025-02-05,46.68,46.79,45.7,46.16,7605200
MNST,2025-02-06,46.47,46.65,46.04,46.3,4578200
MNST,2025-02-07,46.3,47.04,46.19,46.57,4634400
MNST,2025-02-10,46.62,48.11,46.57,47.81,7114400
MNST,2025-02-11,47.81,48.08,47.22,48.06,3141100
MNST,2025-02-12,47.5,48.27,47.32,48.17,2696200
MNST,2025-02-13,48.53,49.57,48.39,49.52,5722500
MNST,2025-02-14,49.83,50.34,49.22,49.25,6107100
MNST,2025-02-18,49.22,51.09,48.95,51.05,8073500
MNST,2025-02-19,51.25,51.9,51.05,51.69,6564800
MNST,2025-02-20,51.59,51.79,51.0,51.21,7028300
MNST,2025-02-21,51.58,53.36,51.31,53.0,7703000
MNST,2025-02-24,52.72,52.94,52.35,52.56,7946100
MNST,2025-02-25,52.86,53.31,51.9,52.13,7663100
MNST,2025-02-26,51.77,51.99,51.1,51.65,5024300
MNST,2025-02-27,51.17,52.17,50.93,51.92,7541100
MNST,2025-02-28,55.0,56.4,54.07,54.65,15068300
MNST,2025-03-03,54.43,55.58,53.9,55.17,8324900
MNST,2025-03-04,55.34,56.0,54.44,54.82,9137300
MNST,2025-03-05,54.82,55.4,54.7,55.35,7171800
MNST,2025-03-06,55.12,55.75,54.81,55.69,5383100
MNST,2025-03-07,55.55,55.82,54.85,55.07,6355500
MNST,2025-03-10,55.68,57.13,55.48,55.77,8910400
MNST,2025-03-11,55.5,55.75,54.69,55.23,6477700
MNST,2025-03-12,54.4,54.86,54.0,54.4,5563200
MNST,2025-03-13,54.32,54.84,54.17,54.34,3597600
MNST,2025-03-14,54.22,55.43,54.22,55.09,5064500
MNST,2025-03-17,55.0,56.37,54.87,56.21,4360900
MNST,2025-03-18,56.09,57.0,56.02,56.8,5476800
MNST,2025-03-19,56.7,57.03,56.16,56.82,4462400
MNST,2025-03-20,56.84,57.1,56.56,56.87,4953100
MNST,2025-03-21,56.36,57.56,56.28,57.31,7642800
MNST,2025-03-24,57.52,57.95,57.31,57.83,6638000
MNST,2025-03-25,57.83,58.08,57.55,57.84,4687400
MNST,2025-03-26,57.89,58.14,57.66,57.76,5211200
MNST,2025-03-27,57.84,58.71,57.73,58.58,3586200
MNST,2025-03-28,58.86,59.0,57.47,57.86,4464800
MNST,2025-03-31,57.94,58.89,57.94,58.52,5588000
MNST,2025-04-01,58.5,59.07,58.3,59.04,5035500
MNST,2025-04-02,59.05,59.42,58.61,59.36,4632800
MNST,2025-04-03,58.77,60.34,58.62,59.65,8538000
MNST,2025-04-04,59.51,60.0,57.0,57.08,10386300
MNST,2025-04-07,56.46,58.45,56.0,57.11,9891900
MNST,2025-04-08,57.67,57.83,54.84,55.01,19283900
MNST,2025-04-09,55.13,58.84,54.73,58.25,10002500
MNST,2025-04-10,57.93,58.69,56.91,57.77,5845600
MNST,2025-04-11,57.87,58.45,57.17,58.15,5655800
MNST,2025-04-14,58.2,58.79,57.87,58.58,4517100
MNST,2025-04-15,58.75,58.91,58.2,58.64,3081900
MNST,2025-04-16,58.87,59.14,57.91,57.95,5060200
MNST,2025-04-17,58.46,58.65,58.15,58.41,7138300
MNST,2025-04-21,58.36,58.42,57.01,58.01,4632500
MNST,2025-04-22,58.73,59.59,58.2,59.28,4490600
MNST,2025-04-23,59.32,59.7,58.51,59.09,4994200
MNST,2025-04-24,58.98,58.98,58.1,58.59,3619100
MNST,2025-04-25,58.59,58.82,57.86,58.67,3898300
MNST,2025-04-28,58.74,58.98,58.03,58.49,3057100
MNST,2025-04-29,58.59,59.33,58.01,59.25,3448100
MNST,2025-04-30,59.59,60.29,58.8,60.12,5228700
MNST,2025-05-01,59.86,60.03,59.3,59.52,5164900
MNST,2025-05-02,59.87,60.26,59.43,60.05,4161600
MNST,2025-05-05,60.06,61.29,59.63,60.91,4609300
MNST,2025-05-06,60.58,60.77,59.89,60.02,5258100
MNST,2025-05-07,60.26,60.85,59.98,60.56,3870900
MNST,2025-05-08,60.65,61.07,60.08,60.14,6083900
MNST,2025-05-09,58.81,61.83,58.62,61.0,8655100
MNST,2025-05-12,61.51,62.46,60.42,61.36,6288000
MNST,2025-05-13,61.23,61.26,60.15,60.23,5384200
MNST,2025-05-14,60.23,61.27,60.03,61.0,5066200
MNST,2025-05-15,61.02,62.34,61.02,62.33,6753900
MNST,2025-05-16,62.48,62.92,62.01,62.86,8603700
MNST,2025-05-19,62.85,62.96,62.47,62.9,4010000
MNST,2025-05-20,62.76,63.17,62.58,62.99,5400700
MNST,2025-05-21,62.9,63.49,62.81,63.1,6278300
MNST,2025-05-22,63.02,63.22,62.48,62.87,3812500
MNST,2025-05-23,62.68,63.47,62.42,63.36,3508900
MNST,2025-05-27,63.56,64.31,63.49,64.24,5266300
MNST,2025-05-28,64.28,64.45,63.69,63.77,3326900
MNST,2025-05-29,63.91,64.18,62.88,63.64,4145700
MNST,2025-05-30,63.74,64.14,63.25,63.95,13500800
MNST,2025-06-02,63.61,63.86,62.7,63.83,5070100
MNST,2025-06-03,63.49,64.03,63.12,63.99,6015200
MNST,2025-06-04,64.01,64.02,62.93,63.16,4908000
MNST,2025-06-05,63.21,63.27,62.6,63.0,4828200
MNST,2025-06-06,63.31,63.76,63.19,63.41,3690600
MNST,2025-06-09,63.41,63.5,62.66,63.0,4264500
MNST,2025-06-10,62.9,63.36,62.67,63.04,4630300
MNST,2025-06-11,62.96,63.1,62.3,62.59,4799200
MNST,2025-06-12,63.04,63.77,62.82,63.69,6259600
MNST,2025-06-13,63.54,63.65,62.96,63.06,6155800
MNST,2025-06-16,63.5,64.28,63.2,63.88,5233300
MNST,2025-06-17,63.71,63.84,62.64,62.78,12008000
MNST,2025-06-18,62.99,63.41,62.66,63.19,4923600
MNST,2025-06-20,63.3,63.62,62.68,63.09,12786000
MNST,2025-06-23,63.25,63.39,62.64,63.21,5739800
MNST,2025-06-24,63.33,63.83,62.84,63.57,4659100
MNST,2025-06-25,63.68,63.68,62.06,62.2,4668000
MNST,2025-06-26,62.35,62.94,61.9,62.19,6676800
MNST,2025-06-27,62.07,62.1,61.28,61.71,8486600
MNST,2025-06-30,61.71,62.79,61.63,62.64,5201600
MNST,2025-07-01,62.83,64.36,62.78,63.54,5946300
MNST,2025-07-02,63.46,63.79,62.94,63.04,5051600
MNST,2025-07-03,63.23,63.23,62.33,63.08,3783600
MNST,2025-07-07,63.08,63.34,62.65,62.85,4267500
MNST,2025-07-08,62.49,62.8,61.53,61.59,5913800
MNST,2025-07-09,61.29,61.67,59.24,59.57,9963100
MNST,2025-07-10,59.57,59.71,58.92,59.17,5482800
MNST,2025-07-11,58.93,59.14,58.3,58.83,5843800
MNST,2025-07-14,58.88,60.06,58.59,59.67,5660100
MNST,2025-07-15,59.54,59.57,58.66,58.94,6630600
MNST,2025-07-16,59.13,59.35,58.29,58.65,4454200
MNST,2025-07-17,58.8,59.16,58.42,59.09,4273100
MNST,2025-07-18,59.54,59.82,58.97,59.0,5425000
MNST,2025-07-21,58.89,59.63,58.79,59.43,3529000
MNST,2025-07-22,59.32,59.76,58.93,59.59,3997100
MNST,2025-07-23,59.52,59.74,58.85,59.19,4284000
MNST,2025-07-24,59.32,60.23,59.2,60.18,4317100
MNST,2025-07-25,60.39,60.83,60.13,60.66,3128500
MNST,2025-07-28,60.1,60.53,59.67,60.21,3602900
MNST,2025-07-29,60.5,61.53,60.22,61.39,5311400
MNST,2025-07-30,61.22,61.77,60.87,61.04,4116400
MNST,2025-07-31,60.59,60.81,58.47,58.75,10840800
MNST,2025-08-01,58.75,59.34,58.09,59.02,12248400
MNST,2025-08-04,59.11,60.47,59.03,60.35,6075100
MNST,2025-08-05,60.24,60.5,58.74,59.04,8787700
MNST,2025-08-06,59.46,59.66,58.54,59.5,11643500
MNST,2025-08-07,59.96,60.97,59.8,60.8,9030500
MNST,2025-08-08,65.5,66.75,64.35,64.69,12216100
MNST,2025-08-11,64.43,64.59,62.71,63.66,8589800
MNST,2025-08-12,63.73,64.58,63.59,64.03,7502700
MNST,2025-08-13,64.22,64.22,63.18,64.15,5729400
MNST,2025-08-14,64.15,64.49,63.76,64.2,4040100
MNST,2025-08-15,64.49,65.02,64.29,64.64,4846800
MNST,2025-08-18,64.81,64.83,63.94,64.12,4467100
MNST,2025-08-19,64.25,64.3,63.29,63.99,5572000
MNST,2025-08-20,64.29,65.24,64.06,64.39,4952200
MNST,2025-08-21,64.45,64.99,63.92,64.36,4116600
MNST,2025-08-22,64.73,65.0,62.63,62.84,4681500
MNST,2025-08-25,62.64,63.07,62.05,62.3,4935200
MNST,2025-08-26,62.16,62.52,61.84,62.12,7095800
MNST,2025-08-27,62.09,62.19,60.97,61.73,4499400
MNST,2025-08-28,61.77,62.47,61.61,62.02,4329000
MNST,2025-08-29,61.93,62.53,61.76,62.41,4164500
MNST,2025-09-02,62.45,62.89,61.9,62.67,3846300
MNST,2025-09-03,62.17,63.53,62.16,63.51,4682300
MNST,2025-09-04,63.58,63.91,63.12,63.45,5148700
MNST,2025-09-05,63.53,63.66,62.13,62.46,3338600
MNST,2025-09-08,62.32,63.03,62.07,63.02,4194200
MNST,2025-09-09,62.86,64.01,62.73,63.35,4465500
MNST,2025-09-10,63.1,64.12,62.49,62.83,4830000
MNST,2025-09-11,62.94,64.09,62.7,63.8,3617900
MNST,2025-09-12,63.8,64.78,63.64,64.69,4842600
MNST,2025-09-15,64.93,65.41,64.3,64.35,4334800
MNST,2025-09-16,64.19,66.3,64.19,66.16,8652900
MNST,2025-09-17,66.38,67.13,65.84,66.52,6551700
MNST,2025-09-18,66.03,66.57,64.61,64.64,5903500
MNST,2025-09-19,64.86,64.86,63.53,64.13,13013900
MNST,2025-09-22,63.78,64.35,63.47,63.98,4668700
MNST,2025-09-23,63.98,64.5,63.01,64.48,4189000
MNST,2025-09-24,64.4,65.14,64.24,64.93,3996800
MNST,2025-09-25,65.39,65.55,64.21,64.59,3132900
MNST,2025-09-26,64.76,65.46,64.42,65.34,3097600
MNST,2025-09-29,65.7,67.12,65.5,66.96,7321700
MNST,2025-09-30,67.13,67.44,66.71,67.31,4775200
MNST,2025-10-01,67.15,67.84,66.71,67.43,5051600
MNST,2025-10-02,66.9,67.89,66.56,67.58,4318100
MNST,2025-10-03,67.45,67.89,67.13,67.17,3095200
MNST,2025-10-06,67.11,67.23,66.33,67.09,3254000
MNST,2025-10-07,67.03,68.28,66.98,68.15,5798000
MNST,2025-10-08,68.45,69.2,67.86,68.73,7629900
MNST,2025-10-09,68.77,69.28,68.5,69.03,3797600
MNST,2025-10-10,69.34,70.06,69.2,69.62,6769400
MNST,2025-10-13,68.99,69.5,66.94,67.15,6425400
MNST,2025-10-14,67.15,68.9,67.01,68.61,6203400
MNST,2025-10-15,68.47,69.19,67.85,68.65,4414500
MNST,2025-10-16,69.06,70.51,68.77,70.16,6355800
MNST,2025-10-17,70.57,70.65,69.88,70.22,4723000
MNST,2025-10-20,70.65,70.72,69.32,69.76,4675400
MNST,2025-10-21,69.83,69.99,68.59,68.9,5866800
MNST,2025-10-22,68.69,70.46,68.69,69.72,5132300
MNST,2025-10-23,69.59,69.97,69.13,69.89,3042900
MNST,2025-10-24,70.26,70.38,69.45,69.69,2401300
MNST,2025-10-27,70.16,70.16,69.59,69.68,3936500
MNST,2025-10-28,69.16,69.54,68.47,69.32,3472100
MNST,2025-10-29,68.87,68.92,66.41,66.56,5796900
MNST,2025-10-30,66.87,67.45,66.27,66.57,8725500
MNST,2025-10-31,66.25,67.07,65.88,66.83,5003700
MNST,2025-11-03,66.82,67.07,66.29,66.51,4330100
MNST,2025-11-04,66.89,66.95,65.92,66.87,5424500
MNST,2025-11-05,66.92,67.96,66.92,67.87,5329600
MNST,2025-11-06,67.33,67.71,65.88,66.31,10132900
MNST,2025-11-07,70.42,72.62,68.51,69.73,14099800
MNST,2025-11-10,69.83,71.25,69.37,70.03,6721300
MNST,2025-11-11,70.25,72.12,70.15,71.91,7129900
MNST,2025-11-12,71.81,72.1,70.4,70.48,6270300
MNST,2025-11-13,70.39,71.88,70.06,71.08,6312800
MNST,2025-11-14,71.35,71.95,70.79,71.31,5258600
MNST,2025-11-17,71.61,73.03,71.56,71.84,4816700
MNST,2025-11-18,71.98,73.08,71.71,72.9,4469200
MNST,2025-11-19,72.55,73.01,72.21,72.3,5599200
MNST,2025-11-20,72.3,73.0,72.0,72.22,5248700
MNST,2025-11-21,72.24,72.8,71.99,72.04,5258800
MNST,2025-11-24,72.2,73.62,72.01,73.24,10334000
MNST,2025-11-25,73.44,74.95,73.41,74.82,5668300
MNST,2025-11-26,74.87,75.27,74.6,75.04,3353600
MNST,2025-11-28,75.09,75.26,74.6,74.99,2367100
MNST,2025-12-01,75.31,76.28,75.1,75.95,6334200
MNST,2025-12-02,75.72,75.94,74.25,74.71,6458900
MNST,2025-12-03,74.91,75.05,73.73,73.99,4972700
MNST,2025-12-04,73.94,74.18,73.07,73.26,4520700
MNST,2025-12-05,73.41,74.0,73.2,73.74,3510500
MNST,2025-12-08,73.76,74.48,73.35,73.94,4050600
MNST,2025-12-09,73.94,74.46,73.25,73.57,3964200
MNST,2025-12-10,73.91,74.45,73.34,73.86,7191200
MNST,2025-12-11,74.0,74.22,72.25,72.49,5639900
MNST,2025-12-12,72.94,74.32,72.76,73.97,4855300
MNST,2025-12-15,74.25,74.98,74.16,74.85,5618400
MNST,2025-12-16,74.99,75.52,74.46,75.34,5053100
MNST,2025-12-17,75.21,75.32,73.91,74.34,4388400
MNST,2025-12-18,74.1,75.58,74.06,75.46,4826100
MNST,2025-12-19,74.94,77.17,74.82,76.26,17078300
MNST,2025-12-22,76.26,77.93,75.93,77.66,5201300
MNST,2025-12-23,77.82,78.31,77.47,77.67,3775000
MNST,2025-12-24,77.8,78.02,77.01,77.42,1536000
MNST,2025-12-26,77.45,77.74,76.93,77.31,2204900
MNST,2025-12-29,77.35,78.15,77.35,77.63,3343200
MNST,2025-12-30,77.28,77.72,77.11,77.41,3156900
MNST,2025-12-31,77.29,77.35,76.56,76.67,2794200
MNST,2026-01-02,76.67,76.86,75.88,76.16,4474300
MNST,2026-01-05,76.18,76.24,75.12,75.67,4740500
MNST,2026-01-06,75.67,75.97,75.26,75.72,4395700
MNST,2026-01-07,75.46,77.03,74.87,76.15,6318600
MNST,2026-01-08,75.85,77.74,75.5,76.6,3564500
MNST,2026-01-09,76.49,77.52,76.18,77.34,3568500
MNST,2026-01-12,77.45,78.09,77.13,77.5,4974200
MNST,2026-01-13,77.48,78.81,77.28,78.43,6694800
MNST,2026-01-14,78.04,78.69,76.87,77.73,7562800
MNST,2026-01-15,78.09,79.01,77.64,77.91,5519300
MNST,2026-01-16,78.57,78.74,77.78,78.17,7605000
MNST,2026-01-20,78.39,81.62,77.53,81.47,7338700
MNST,2026-01-21,81.32,81.76,79.89,81.6,8643400
MNST,2026-01-22,81.6,81.81,80.61,80.89,5713800
MNST,2026-01-23,80.64,82.19,80.3,82.0,4393500
MNST,2026-01-26,82.7,83.24,81.08,81.16,5944000
MNST,2026-01-27,81.16,81.59,80.73,81.41,4494800
MNST,2026-01-28,81.26,81.63,80.25,80.92,4329200
MNST,2026-01-29,80.92,81.46,79.96,80.04,3942000
MNST,2026-01-30,79.98,80.84,79.53,80.76,6093700
MNST,2026-02-02,81.0,81.29,79.91,81.1,9801600
MNST,2026-02-03,81.32,82.4,81.07,81.97,11447300
MNST,2026-02-04,82.44,82.95,80.77,81.44,11262900
MNST,2026-02-05,82.25,82.68,81.51,81.75,6127600
MNST,2026-02-06,81.94,82.6,81.75,82.54,4294600
MNST,2026-02-09,82.49,82.64,80.35,80.9,6099400
MNST,2026-02-10,80.35,80.69,79.77,80.17,8347400
MNST,2026-02-11,80.27,81.17,79.93,80.79,5165300
MNST,2026-02-12,81.03,82.1,80.68,81.17,4592500
MNST,2026-02-13,80.71,82.32,80.52,81.48,5176000
MNST,2026-02-17,81.83,82.93,81.49,82.9,7758100
MNST,2026-02-18,82.81,83.91,82.36,83.18,7181300
MNST,2026-02-19,82.68,83.46,81.62,81.99,5739800
MNST,2026-02-20,82.42,83.98,81.86,83.76,6602800
MNST,2026-02-23,83.31,84.88,83.31,84.69,6208300
MNST,2026-02-24,84.58,85.59,84.26,85.54,5038000
MNST,2026-02-25,84.93,85.77,84.41,85.41,6860700
MNST,2026-02-26,85.76,86.8,85.41,86.66,9480700
MNST,2026-02-27,85.75,87.38,84.69,85.3,13561600
MNST,2026-03-02,84.64,85.1,81.01,81.06,7314700
MNST,2026-03-03,80.5,80.81,78.34,78.99,7831900
MNST,2026-03-04,79.24,79.47,78.07,78.61,6059584
MNST,2026-03-05,78.05,78.33,76.51,76.7,6934200
MNST,2026-03-06,75.9,76.37,75.3,75.61,5857800
MNST,2026-03-09,74.96,75.74,73.35,75.73,8604900
MNST,2026-03-10,75.68,77.63,75.28,76.7,5993000
MNST,2026-03-11,76.31,77.72,75.47,77.52,6217800
MNST,2026-03-12,76.7,78.26,76.35,76.99,5664160
MNST,2026-03-13,77.29,77.93,76.62,77.11,4004438
MNST,2026-03-16,77.91,78.57,76.91,77.05,4290183
MNST,2026-03-17,78.14,78.14,76.88,77.59,3835829
MNST,2026-03-18,77.36,77.43,73.78,74.09,6744403
MNST,2026-03-19,74.23,74.91,73.61,73.74,4531600
MNST,2026-03-20,73.47,74.49,73.25,73.69,10528800
MNST,2026-03-23,74.98,75.0,73.75,73.96,4328115
MNST,2026-03-24,73.78,74.55,72.88,73.0,4288930
MNST,2026-03-25,73.18,73.99,72.22,73.21,3883714
MNST,2026-03-26,73.21,73.33,71.82,71.98,4588910
MNST,2026-03-27,72.1,72.82,71.62,71.83,4018658
MNST,2026-03-30,72.05,72.17,70.97,71.32,5233334
MNST,2026-03-31,71.82,72.61,70.86,72.46,8041230
MNST,2026-04-01,72.42,73.2,71.86,72.77,4252619
MNST,2026-04-02,72.16,72.7,71.74,72.37,3007300
MNST,2026-04-06,72.13,74.23,71.82,74.16,4064251
MNST,2026-04-07,73.94,74.16,72.08,72.44,5600228
MNST,2026-04-08,74.51,75.63,74.07,75.14,5478336
MNST,2026-04-09,74.61,76.93,74.49,76.19,3786830
MNST,2026-04-10,76.17,76.67,75.4,75.72,3826588
MNST,2026-04-13,75.48,75.53,74.58,75.17,3354311
MNST,2026-04-14,74.66,76.42,74.56,75.07,5680586
MNST,2026-04-15,75.0,75.07,73.86,74.93,4860352
MNST,2026-04-16,74.55,76.31,74.55,75.36,5032629
MNST,2026-04-17,75.72,76.84,75.37,76.72,4783790
MNST,2026-04-20,76.5,77.44,76.2,77.23,5132557
MNST,2026-04-21,76.94,77.11,75.1,75.27,5480595
MNST,2026-04-22,75.78,76.68,75.54,75.95,4048748
MNST,2026-04-23,76.5,78.0,76.32,77.56,3852421
MNST,2026-04-24,77.55,78.25,77.23,78.23,4196539
MNST,2026-04-27,78.02,78.31,76.81,76.86,3397593
MNST,2026-04-28,77.86,78.37,77.06,77.19,4008692
MNST,2026-04-29,76.89,77.07,76.13,76.89,3025737
MNST,2026-04-30,77.19,77.93,76.7,77.07,4559200
MNST,2026-05-01,77.32,78.34,76.76,77.12,3219883
MNST,2026-05-04,76.14,76.55,74.6,75.2,6472583
MNST,2026-05-05,74.92,76.61,74.85,75.8,3816473
MNST,2026-05-06,76.63,77.96,76.35,77.2,4294637
MNST,2026-05-07,76.71,76.96,75.38,75.97,5896147
MNST,2026-05-08,85.61,88.77,83.15,86.29,15111082
MNST,2026-05-11,85.01,86.45,83.26,86.41,7394820
MNST,2026-05-12,86.0,86.33,84.81,85.87,6026500
MNST,2026-05-13,86.0,86.79,85.28,85.93,6515100
MNST,2026-05-14,85.75,86.04,85.2,85.82,4129400
MNST,2026-05-15,86.0,87.9,85.88,87.09,6147700
MNST,2026-05-18,87.49,88.66,86.86,88.54,4804600
MNST,2026-05-19,87.53,88.04,86.18,86.35,4724900
MNST,2026-05-20,86.35,87.63,86.01,86.88,4333900
MNST,2026-05-21,86.64,86.75,85.47,86.32,4306600
MNST,2026-05-22,86.2,87.1,85.94,86.79,3181296
MNST,2026-05-26,87.39,87.95,86.68,87.42,4812900
MNST,2026-05-27,88.0,89.85,87.94,89.24,5672800
MNST,2026-05-28,88.48,89.14,87.7,87.99,4739100
MNST,2026-05-29,87.99,89.1,87.42,88.08,9465600
MNST,2026-06-01,88.25,89.86,87.82,89.1,5806700
MNST,2026-06-02,89.17,89.27,87.23,88.24,7386000
MNST,2026-06-03,87.88,89.7,87.84,89.04,4791900
MNST,2026-06-04,90.0,90.44,88.3,88.54,4607206
MNST,2026-06-05,89.0,90.39,88.78,89.55,5676600
MNST,2026-06-08,89.29,90.22,88.35,88.47,5596400
MNST,2026-06-09,89.27,90.49,87.91,90.15,6424375
MNST,2026-06-10,91.0,91.47,90.09,91.21,6941177
MNST,2026-06-11,91.62,92.46,91.2,92.03,5127900
MNST,2026-06-12,92.63,93.08,91.6,92.83,4619600
MNST,2026-06-15,93.23,93.3,91.45,93.23,4762100
MNST,2026-06-16,93.7,93.92,92.49,92.95,4758000
MNST,2026-06-17,92.55,93.26,91.5,91.66,4331200
MNST,2026-06-18,92.21,92.33,90.97,91.34,10356963
MNST,2026-06-22,91.75,93.42,91.5,93.02,4872900
MNST,2026-06-23,94.88,94.88,92.62,93.69,5365100
MNST,2026-06-24,93.96,95.75,93.47,94.7,4366900
MNST,2026-06-25,94.36,96.06,94.23,95.83,5820200
MNST,2026-06-26,96.58,97.87,96.05,96.38,13417400
MNST,2026-06-29,96.47,97.73,96.22,97.64,5061200
MNST,2026-06-30,96.67,97.76,95.1,96.12,6186400
MNST,2026-07-01,97.06,98.31,96.63,97.35,4300600
MNST,2026-07-02,98.09,98.93,97.47,97.6,5441887
MNST,2026-07-06,97.54,98.24,96.08,97.37,4945400
MNST,2026-07-07,98.41,99.15,95.71,96.92,8493050
MNST,2026-07-08,97.4,97.4,95.1,95.15,5317311
MNST,2026-07-09,94.76,96.55,94.73,96.55,5171569
MNST,2026-07-10,95.86,97.49,95.86,97.39,3463631
MNST,2026-07-13,96.92,97.73,96.53,97.07,3477381
MNST,2026-07-14,97.68,98.4,97.09,98.0,4590976
MNST,2026-07-15,98.01,99.03,97.29,97.57,4617543
MNST,2026-07-16,97.74,99.98,97.57,99.94,7013517
MNST,2026-07-17,100.02,100.34,96.57,97.5,9139300
MNST,2026-07-20,97.33,97.97,95.36,95.45,4802594
MNST,2026-07-21,95.69,95.77,93.78,94.46,4234289
MNST,2026-07-22,94.63,95.79,94.43,95.67,4829941
MNST,2026-07-23,93.74,94.54,93.12,93.56,3867095
MNST,2026-07-24,93.46,93.99,92.95,93.49,5745064
MNST,2026-07-27,94.0,95.61,94.0,95.33,3666769
MNST,2026-07-28,97.25,99.17,97.02,97.74,6076027
MNST,2026-07-29,97.45,99.29,96.96,97.23,4213280
MNST,2026-07-30,96.54,97.73,95.83,97.65,6048909
MNST,2026-07-31,97.4,97.4,96.28,96.38,3880640
MNST,2026-08-03,97.35,97.35,92.64,93.55,6573388
MNST,2026-08-04,93.52,94.39,92.43,94.18,6064283
MNST,2026-08-05,94.91,95.17,93.86,94.46,3978615
MNST,2026-08-06,94.46,95.2,92.81,94.16,6229011
MNST,2026-08-07,93.82,93.9,89.5,90.36,8503513
MNST,2026-08-10,90.24,92.85,90.15,91.43,5362389
